root_x,root_y,root_z,root_qx,root_qy,root_qz,root_qw,PG_left_leg_pitch,PG_left_leg_roll,LL_hip_joint,LL_knee_actuator_joint,LL_Revolute67,LL_Revolute81,PG_right_leg_pitch,PG_right_leg_roll,RL_hip_joint,RL_knee_actuator_joint,RL_Revolute67,RL_Revolute81,LH_yaw,LH_pitch,LH_roll,LH_elbow_joint,LH_wrist_roll,RH_yaw,RH_pitch,RH_roll,RH_elbow_joint,RH_wrist_roll
-0.0413571,0.0697220,-0.1431296,0.0000000,0.0000000,0.0000000,1.0000000,0.0022874,-0.0198046,-0.0895275,0.2835975,-0.3679171,-0.2871757,-0.0024465,0.0198915,-0.0908642,0.2809972,-0.3714478,-0.2826507,0.0000000,0.0000000,0.0000000,0.0590804,0.0000000,0.0000000,0.0000000,0.0000000,0.0564695,0.0000000
-0.0413571,0.0697220,-0.1431296,0.0000000,0.0000000,0.0000000,1.0000000,0.0022874,-0.0198046,-0.0895275,0.2835975,-0.3679171,-0.2871757,-0.0024465,0.0198915,-0.0908642,0.2809972,-0.3714478,-0.2826507,0.0000000,0.0000000,0.0000000,0.0590804,0.0000000,0.0000000,0.0000000,0.0000000,0.0564695,0.0000000
-0.0413571,0.0697220,-0.1431296,0.0000000,0.0000000,0.0000000,1.0000000,0.0022874,-0.0198046,-0.0895275,0.2835975,-0.3679171,-0.2871757,-0.0024465,0.0198915,-0.0908642,0.2809972,-0.3714478,-0.2826507,0.0000000,0.0000000,0.0000000,0.0590804,0.0000000,0.0000000,0.0000000,0.0000000,0.0564695,0.0000000
-0.0413571,0.0697220,-0.1431296,0.0000000,0.0000000,0.0000000,1.0000000,0.0022874,-0.0198046,-0.0895275,0.2835975,-0.3679171,-0.2871757,-0.0024465,0.0198915,-0.0908642,0.2809972,-0.3714478,-0.2826507,0.0000000,0.0000000,0.0000000,0.0590804,0.0000000,0.0000000,0.0000000,0.0000000,0.0564695,0.0000000
-0.0413571,0.0697220,-0.1431296,0.0000000,0.0000000,0.0000000,1.0000000,0.0022874,-0.0198046,-0.0895275,0.2835975,-0.3679171,-0.2871757,-0.0024465,0.0198915,-0.0908642,0.2809972,-0.3714478,-0.2826507,0.0000000,0.0000000,0.0000000,0.0590804,0.0000000,0.0000000,0.0000000,0.0000000,0.0564695,0.0000000
-0.0413571,0.0697220,-0.1431296,0.0000000,0.0000000,0.0000000,1.0000000,0.0022874,-0.0198046,-0.0895275,0.2835975,-0.3679171,-0.2871757,-0.0024465,0.0198915,-0.0908642,0.2809972,-0.3714478,-0.2826507,0.0000000,0.0000000,0.0000000,0.0590804,0.0000000,0.0000000,0.0000000,0.0000000,0.0564695,0.0000000
-0.0413571,0.0697220,-0.1431296,0.0000000,0.0000000,0.0000000,1.0000000,0.0022874,-0.0198046,-0.0895275,0.2835975,-0.3679171,-0.2871757,-0.0024465,0.0198915,-0.0908642,0.2809972,-0.3714478,-0.2826507,0.0000000,0.0000000,0.0000000,0.0590804,0.0000000,0.0000000,0.0000000,0.0000000,0.0564695,0.0000000
-0.0413571,0.0697220,-0.1431296,0.0000000,0.0000000,0.0000000,1.0000000,0.0022874,-0.0198046,-0.0895275,0.2835975,-0.3679171,-0.2871757,-0.0024465,0.0198915,-0.0908642,0.2809972,-0.3714478,-0.2826507,0.0000000,0.0000000,0.0000000,0.0590804,0.0000000,0.0000000,0.0000000,0.0000000,0.0564695,0.0000000
-0.0413571,0.0697220,-0.1431296,0.0000000,0.0000000,0.0000000,1.0000000,0.0022874,-0.0198046,-0.0895275,0.2835975,-0.3679171,-0.2871757,-0.0024465,0.0198915,-0.0908642,0.2809972,-0.3714478,-0.2826507,0.0000000,0.0000000,0.0000000,0.0590804,0.0000000,0.0000000,0.0000000,0.0000000,0.0564695,0.0000000
-0.0413571,0.0697220,-0.1431296,0.0000000,0.0000000,0.0000000,1.0000000,0.0022874,-0.0198046,-0.0895275,0.2835975,-0.3679171,-0.2871757,-0.0024465,0.0198915,-0.0908642,0.2809972,-0.3714478,-0.2826507,0.0000000,0.0000000,0.0000000,0.0590804,0.0000000,0.0000000,0.0000000,0.0000000,0.0564695,0.0000000
-0.0413571,0.0697220,-0.1431296,0.0000000,0.0000000,0.0000000,1.0000000,0.0022874,-0.0198046,-0.0895275,0.2835975,-0.3679171,-0.2871757,-0.0024465,0.0198915,-0.0908642,0.2809972,-0.3714478,-0.2826507,0.0000000,0.0000000,0.0000000,0.0590804,0.0000000,0.0000000,0.0000000,0.0000000,0.0564695,0.0000000
-0.0413571,0.0697220,-0.1431296,0.0000000,0.0000000,0.0000000,1.0000000,0.0022874,-0.0198046,-0.0895275,0.2835975,-0.3679171,-0.2871757,-0.0024465,0.0198915,-0.0908642,0.2809972,-0.3714478,-0.2826507,0.0000000,0.0000000,0.0000000,0.0590804,0.0000000,0.0000000,0.0000000,0.0000000,0.0564695,0.0000000
-0.0413571,0.0697220,-0.1431296,0.0000000,0.0000000,0.0000000,1.0000000,0.0022874,-0.0198046,-0.0895275,0.2835975,-0.3679171,-0.2871757,-0.0024465,0.0198915,-0.0908642,0.2809972,-0.3714478,-0.2826507,0.0000000,0.0000000,0.0000000,0.0590804,0.0000000,0.0000000,0.0000000,0.0000000,0.0564695,0.0000000
-0.0413571,0.0697220,-0.1431296,0.0000000,0.0000000,0.0000000,1.0000000,0.0022874,-0.0198046,-0.0895275,0.2835975,-0.3679171,-0.2871757,-0.0024465,0.0198915,-0.0908642,0.2809972,-0.3714478,-0.2826507,0.0000000,0.0000000,0.0000000,0.0590804,0.0000000,0.0000000,0.0000000,0.0000000,0.0564695,0.0000000
-0.0413571,0.0697220,-0.1431296,0.0000000,0.0000000,0.0000000,1.0000000,0.0022874,-0.0198046,-0.0895275,0.2835975,-0.3679171,-0.2871757,-0.0024465,0.0198915,-0.0908642,0.2809972,-0.3714478,-0.2826507,0.0000000,0.0000000,0.0000000,0.0590804,0.0000000,0.0000000,0.0000000,0.0000000,0.0564695,0.0000000
-0.0413571,0.0697220,-0.1431296,0.0000000,0.0000000,0.0000000,1.0000000,0.0022874,-0.0198046,-0.0895275,0.2835975,-0.3679171,-0.2871757,-0.0024465,0.0198915,-0.0908642,0.2809972,-0.3714478,-0.2826507,0.0000000,0.0000000,0.0000000,0.0590804,0.0000000,0.0000000,0.0000000,0.0000000,0.0564695,0.0000000
-0.0413571,0.0697220,-0.1431296,0.0000000,0.0000000,0.0000000,1.0000000,0.0022874,-0.0198046,-0.0895275,0.2835975,-0.3679171,-0.2871757,-0.0024465,0.0198915,-0.0908642,0.2809972,-0.3714478,-0.2826507,0.0000000,0.0000000,0.0000000,0.0590804,0.0000000,0.0000000,0.0000000,0.0000000,0.0564695,0.0000000
-0.0413571,0.0697220,-0.1431296,0.0000000,0.0000000,0.0000000,1.0000000,0.0022874,-0.0198046,-0.0895275,0.2835975,-0.3679171,-0.2871757,-0.0024465,0.0198915,-0.0908642,0.2809972,-0.3714478,-0.2826507,0.0000000,0.0000000,0.0000000,0.0590804,0.0000000,0.0000000,0.0000000,0.0000000,0.0564695,0.0000000
-0.0413571,0.0697220,-0.1431296,0.0000000,0.0000000,0.0000000,1.0000000,0.0022874,-0.0198046,-0.0895275,0.2835975,-0.3679171,-0.2871757,-0.0024465,0.0198915,-0.0908642,0.2809972,-0.3714478,-0.2826507,0.0000000,0.0000000,0.0000000,0.0590804,0.0000000,0.0000000,0.0000000,0.0000000,0.0564695,0.0000000
-0.0413571,0.0697220,-0.1431296,0.0000000,0.0000000,0.0000000,1.0000000,0.0022874,-0.0198046,-0.0895275,0.2835975,-0.3679171,-0.2871757,-0.0024465,0.0198915,-0.0908642,0.2809972,-0.3714478,-0.2826507,0.0000000,0.0000000,0.0000000,0.0590804,0.0000000,0.0000000,0.0000000,0.0000000,0.0564695,0.0000000
-0.0413571,0.0697220,-0.1431296,0.0000000,0.0000000,0.0000000,1.0000000,0.0022874,-0.0198046,-0.0895275,0.2835975,-0.3679171,-0.2871757,-0.0024465,0.0198915,-0.0908642,0.2809972,-0.3714478,-0.2826507,0.0000000,0.0000000,0.0000000,0.0590804,0.0000000,0.0000000,0.0000000,0.0000000,0.0564695,0.0000000
-0.0413571,0.0697220,-0.1431296,0.0000000,0.0000000,0.0000000,1.0000000,0.0022874,-0.0198046,-0.0895275,0.2835975,-0.3679171,-0.2871757,-0.0024465,0.0198915,-0.0908642,0.2809972,-0.3714478,-0.2826507,0.0000000,0.0000000,0.0000000,0.0590804,0.0000000,0.0000000,0.0000000,0.0000000,0.0564695,0.0000000
-0.0413571,0.0697220,-0.1431296,0.0000000,0.0000000,0.0000000,1.0000000,0.0022874,-0.0198046,-0.0895275,0.2835975,-0.3679171,-0.2871757,-0.0024465,0.0198915,-0.0908642,0.2809972,-0.3714478,-0.2826507,0.0000000,0.0000000,0.0000000,0.0590804,0.0000000,0.0000000,0.0000000,0.0000000,0.0564695,0.0000000
-0.0413571,0.0697220,-0.1431296,0.0000000,0.0000000,0.0000000,1.0000000,0.0022874,-0.0198046,-0.0895275,0.2835975,-0.3679171,-0.2871757,-0.0024465,0.0198915,-0.0908642,0.2809972,-0.3714478,-0.2826507,0.0000000,0.0000000,0.0000000,0.0590804,0.0000000,0.0000000,0.0000000,0.0000000,0.0564695,0.0000000
-0.0413571,0.0697220,-0.1431296,0.0000000,0.0000000,0.0000000,1.0000000,0.0022874,-0.0198046,-0.0895275,0.2835975,-0.3679171,-0.2871757,-0.0024465,0.0198915,-0.0908642,0.2809972,-0.3714478,-0.2826507,0.0000000,0.0000000,0.0000000,0.0590804,0.0000000,0.0000000,0.0000000,0.0000000,0.0564695,0.0000000
-0.0413571,0.0697220,-0.1431296,0.0000000,0.0000000,0.0000000,1.0000000,0.0022874,-0.0198046,-0.0895275,0.2835975,-0.3679171,-0.2871757,-0.0024465,0.0198915,-0.0908642,0.2809972,-0.3714478,-0.2826507,0.0000000,0.0000000,0.0000000,0.0590804,0.0000000,0.0000000,0.0000000,0.0000000,0.0564695,0.0000000
-0.0413571,0.0697220,-0.1431296,0.0000000,0.0000000,0.0000000,1.0000000,0.0022874,-0.0198046,-0.0895275,0.2835975,-0.3679171,-0.2871757,-0.0024465,0.0198915,-0.0908642,0.2809972,-0.3714478,-0.2826507,0.0000000,0.0000000,0.0000000,0.0590804,0.0000000,0.0000000,0.0000000,0.0000000,0.0564695,0.0000000
-0.0413571,0.0697220,-0.1431296,0.0000000,0.0000000,0.0000000,1.0000000,0.0022874,-0.0198046,-0.0895275,0.2835975,-0.3679171,-0.2871757,-0.0024465,0.0198915,-0.0908642,0.2809972,-0.3714478,-0.2826507,0.0000000,0.0000000,0.0000000,0.0590804,0.0000000,0.0000000,0.0000000,0.0000000,0.0564695,0.0000000
-0.0413571,0.0697220,-0.1431296,0.0000000,0.0000000,0.0000000,1.0000000,0.0022874,-0.0198046,-0.0895275,0.2835975,-0.3679171,-0.2871757,-0.0024465,0.0198915,-0.0908642,0.2809972,-0.3714478,-0.2826507,0.0000000,0.0000000,0.0000000,0.0590804,0.0000000,0.0000000,0.0000000,0.0000000,0.0564695,0.0000000
-0.0413571,0.0697220,-0.1431296,0.0000000,0.0000000,0.0000000,1.0000000,0.0022874,-0.0198046,-0.0895275,0.2835975,-0.3679171,-0.2871757,-0.0024465,0.0198915,-0.0908642,0.2809972,-0.3714478,-0.2826507,0.0000000,0.0000000,0.0000000,0.0590804,0.0000000,0.0000000,0.0000000,0.0000000,0.0564695,0.0000000
-0.0413571,0.0697220,-0.1431296,0.0000000,0.0000000,0.0000000,1.0000000,0.0022874,-0.0198046,-0.0895275,0.2835975,-0.3679171,-0.2871757,-0.0024465,0.0198915,-0.0908642,0.2809972,-0.3714478,-0.2826507,0.0000000,0.0000000,0.0000000,0.0590804,0.0000000,0.0000000,0.0000000,0.0000000,0.0564695,0.0000000
-0.0413571,0.0697220,-0.1431296,0.0000000,0.0000000,0.0000000,1.0000000,0.0022874,-0.0198046,-0.0895275,0.2835975,-0.3679171,-0.2871757,-0.0024465,0.0198915,-0.0908642,0.2809972,-0.3714478,-0.2826507,0.0000000,0.0000000,0.0000000,0.0590804,0.0000000,0.0000000,0.0000000,0.0000000,0.0564695,0.0000000
-0.0413571,0.0697220,-0.1431296,0.0000000,0.0000000,0.0000000,1.0000000,0.0022874,-0.0198046,-0.0895275,0.2835975,-0.3679171,-0.2871757,-0.0024465,0.0198915,-0.0908642,0.2809972,-0.3714478,-0.2826507,0.0000000,0.0000000,0.0000000,0.0590804,0.0000000,0.0000000,0.0000000,0.0000000,0.0564695,0.0000000
-0.0413571,0.0697220,-0.1431296,0.0000000,0.0000000,0.0000000,1.0000000,0.0022874,-0.0198046,-0.0895275,0.2835975,-0.3679171,-0.2871757,-0.0024465,0.0198915,-0.0908642,0.2809972,-0.3714478,-0.2826507,0.0000000,0.0000000,0.0000000,0.0590804,0.0000000,0.0000000,0.0000000,0.0000000,0.0564695,0.0000000
-0.0413571,0.0697220,-0.1431296,0.0000000,0.0000000,0.0000000,1.0000000,0.0022874,-0.0198046,-0.0895275,0.2835975,-0.3679171,-0.2871757,-0.0024465,0.0198915,-0.0908642,0.2809972,-0.3714478,-0.2826507,0.0000000,0.0000000,0.0000000,0.0590804,0.0000000,0.0000000,0.0000000,0.0000000,0.0564695,0.0000000
-0.0413571,0.0697220,-0.1431296,0.0000000,0.0000000,0.0000000,1.0000000,0.0022874,-0.0198046,-0.0895275,0.2835975,-0.3679171,-0.2871757,-0.0024465,0.0198915,-0.0908642,0.2809972,-0.3714478,-0.2826507,0.0000000,0.0000000,0.0000000,0.0590804,0.0000000,0.0000000,0.0000000,0.0000000,0.0564695,0.0000000
-0.0413571,0.0697220,-0.1431296,0.0000000,0.0000000,0.0000000,1.0000000,0.0022874,-0.0198046,-0.0895275,0.2835975,-0.3679171,-0.2871757,-0.0024465,0.0198915,-0.0908642,0.2809972,-0.3714478,-0.2826507,0.0000000,0.0000000,0.0000000,0.0590804,0.0000000,0.0000000,0.0000000,0.0000000,0.0564695,0.0000000
-0.0413571,0.0697220,-0.1431296,0.0000000,0.0000000,0.0000000,1.0000000,0.0022874,-0.0198046,-0.0895275,0.2835975,-0.3679171,-0.2871757,-0.0024465,0.0198915,-0.0908642,0.2809972,-0.3714478,-0.2826507,0.0000000,0.0000000,0.0000000,0.0590804,0.0000000,0.0000000,0.0000000,0.0000000,0.0564695,0.0000000
-0.0413571,0.0697220,-0.1431296,0.0000000,0.0000000,0.0000000,1.0000000,0.0022874,-0.0198046,-0.0895275,0.2835975,-0.3679171,-0.2871757,-0.0024465,0.0198915,-0.0908642,0.2809972,-0.3714478,-0.2826507,0.0000000,0.0000000,0.0000000,0.0590804,0.0000000,0.0000000,0.0000000,0.0000000,0.0564695,0.0000000
-0.0413571,0.0697220,-0.1431296,0.0000000,0.0000000,0.0000000,1.0000000,0.0022874,-0.0198046,-0.0895275,0.2835975,-0.3679171,-0.2871757,-0.0024465,0.0198915,-0.0908642,0.2809972,-0.3714478,-0.2826507,0.0000000,0.0000000,0.0000000,0.0590804,0.0000000,0.0000000,0.0000000,0.0000000,0.0564695,0.0000000
-0.0413571,0.0697220,-0.1431296,0.0000000,0.0000000,0.0000000,1.0000000,0.0022874,-0.0198046,-0.0895275,0.2835975,-0.3679171,-0.2871757,-0.0024465,0.0198915,-0.0908642,0.2809972,-0.3714478,-0.2826507,0.0000000,0.0000000,0.0000000,0.0590804,0.0000000,0.0000000,0.0000000,0.0000000,0.0564695,0.0000000
-0.0413571,0.0697220,-0.1431296,0.0000000,0.0000000,0.0000000,1.0000000,0.0022874,-0.0198046,-0.0895275,0.2835975,-0.3679171,-0.2871757,-0.0024465,0.0198915,-0.0908642,0.2809972,-0.3714478,-0.2826507,0.0000000,0.0000000,0.0000000,0.0590804,0.0000000,0.0000000,0.0000000,0.0000000,0.0564695,0.0000000
-0.0413571,0.0697220,-0.1431296,0.0000000,0.0000000,0.0000000,1.0000000,0.0022874,-0.0198046,-0.0895275,0.2835975,-0.3679171,-0.2871757,-0.0024465,0.0198915,-0.0908642,0.2809972,-0.3714478,-0.2826507,0.0000000,0.0000000,0.0000000,0.0590804,0.0000000,0.0000000,0.0000000,0.0000000,0.0564695,0.0000000
-0.0413571,0.0697220,-0.1431296,0.0000000,0.0000000,0.0000000,1.0000000,0.0022874,-0.0198046,-0.0895275,0.2835975,-0.3679171,-0.2871757,-0.0024465,0.0198915,-0.0908642,0.2809972,-0.3714478,-0.2826507,0.0000000,0.0000000,0.0000000,0.0590804,0.0000000,0.0000000,0.0000000,0.0000000,0.0564695,0.0000000
-0.0413571,0.0697220,-0.1431296,0.0000000,0.0000000,0.0000000,1.0000000,0.0022874,-0.0198046,-0.0895275,0.2835975,-0.3679171,-0.2871757,-0.0024465,0.0198915,-0.0908642,0.2809972,-0.3714478,-0.2826507,0.0000000,0.0000000,0.0000000,0.0590804,0.0000000,0.0000000,0.0000000,0.0000000,0.0564695,0.0000000
-0.0413571,0.0697220,-0.1431296,0.0000000,0.0000000,0.0000000,1.0000000,0.0022874,-0.0198046,-0.0895275,0.2835975,-0.3679171,-0.2871757,-0.0024465,0.0198915,-0.0908642,0.2809972,-0.3714478,-0.2826507,0.0000000,0.0000000,0.0000000,0.0590804,0.0000000,0.0000000,0.0000000,0.0000000,0.0564695,0.0000000
-0.0413571,0.0697220,-0.1431296,0.0000000,0.0000000,0.0000000,1.0000000,0.0022874,-0.0198046,-0.0895275,0.2835975,-0.3679171,-0.2871757,-0.0024465,0.0198915,-0.0908642,0.2809972,-0.3714478,-0.2826507,0.0000000,0.0000000,0.0000000,0.0590804,0.0000000,0.0000000,0.0000000,0.0000000,0.0564695,0.0000000
-0.0413571,0.0697220,-0.1431296,0.0000000,0.0000000,0.0000000,1.0000000,0.0022874,-0.0198046,-0.0895275,0.2835975,-0.3679171,-0.2871757,-0.0024465,0.0198915,-0.0908642,0.2809972,-0.3714478,-0.2826507,0.0000000,0.0000000,0.0000000,0.0590804,0.0000000,0.0000000,0.0000000,0.0000000,0.0564695,0.0000000
-0.0413571,0.0697220,-0.1431296,0.0000000,0.0000000,0.0000000,1.0000000,0.0022874,-0.0198046,-0.0895275,0.2835975,-0.3679171,-0.2871757,-0.0024465,0.0198915,-0.0908642,0.2809972,-0.3714478,-0.2826507,0.0000000,0.0000000,0.0000000,0.0590804,0.0000000,0.0000000,0.0000000,0.0000000,0.0564695,0.0000000
-0.0413571,0.0697220,-0.1431296,0.0000000,0.0000000,0.0000000,1.0000000,0.0022874,-0.0198046,-0.0895275,0.2835975,-0.3679171,-0.2871757,-0.0024465,0.0198915,-0.0908642,0.2809972,-0.3714478,-0.2826507,0.0000000,0.0000000,0.0000000,0.0590804,0.0000000,0.0000000,0.0000000,0.0000000,0.0564695,0.0000000
-0.0413571,0.0697220,-0.1431296,0.0000000,0.0000000,0.0000000,1.0000000,0.0022874,-0.0198046,-0.0895275,0.2835975,-0.3679171,-0.2871757,-0.0024465,0.0198915,-0.0908642,0.2809972,-0.3714478,-0.2826507,0.0000000,0.0000000,0.0000000,0.0590804,0.0000000,0.0000000,0.0000000,0.0000000,0.0564695,0.0000000
-0.0413571,0.0697220,-0.1431296,0.0000000,0.0000000,0.0000000,1.0000000,0.0022874,-0.0198046,-0.0895275,0.2835975,-0.3679171,-0.2871757,-0.0024465,0.0198915,-0.0908642,0.2809972,-0.3714478,-0.2826507,-0.0000039,0.0000000,0.0000000,0.0590804,0.0000000,-0.0000039,0.0000000,-0.0000000,0.0564695,0.0000000
-0.0413571,0.0697220,-0.1431296,0.0000000,0.0000000,0.0000000,1.0000000,0.0022874,-0.0198046,-0.0895275,0.2835975,-0.3679171,-0.2871757,-0.0024465,0.0198915,-0.0908642,0.2809972,-0.3714478,-0.2826507,-0.0000608,0.0000000,0.0000000,0.0590804,0.0000000,-0.0000608,0.0000000,-0.0000000,0.0564695,0.0000000
-0.0413571,0.0697220,-0.1431296,0.0000000,0.0000000,0.0000000,1.0000000,0.0022874,-0.0198046,-0.0895275,0.2835975,-0.3679171,-0.2871757,-0.0024465,0.0198915,-0.0908642,0.2809972,-0.3714478,-0.2826507,-0.0002951,0.0000000,0.0000000,0.0590804,0.0000000,-0.0002951,0.0000000,-0.0000000,0.0564695,0.0000000
-0.0413571,0.0697220,-0.1431296,0.0000000,0.0000000,0.0000000,1.0000000,0.0022874,-0.0198046,-0.0895275,0.2835975,-0.3679171,-0.2871757,-0.0024465,0.0198915,-0.0908642,0.2809972,-0.3714478,-0.2826507,-0.0008901,0.0000000,0.0000000,0.0590804,0.0000000,-0.0008901,0.0000000,-0.0000000,0.0564695,0.0000000
-0.0413571,0.0697220,-0.1431296,0.0000000,0.0000000,0.0000000,1.0000000,0.0022874,-0.0198046,-0.0895275,0.2835975,-0.3679171,-0.2871757,-0.0024465,0.0198915,-0.0908642,0.2809972,-0.3714478,-0.2826507,-0.0020640,0.0000001,0.0000000,0.0590804,0.0000000,-0.0020640,0.0000001,-0.0000000,0.0564695,0.0000000
-0.0413571,0.0697220,-0.1431296,0.0000000,0.0000000,0.0000000,1.0000000,0.0022874,-0.0198046,-0.0895275,0.2835975,-0.3679171,-0.2871757,-0.0024465,0.0198915,-0.0908642,0.2809972,-0.3714478,-0.2826507,-0.0040445,0.0000002,0.0000000,0.0590804,0.0000000,-0.0040445,0.0000002,-0.0000000,0.0564695,0.0000000
-0.0413571,0.0697220,-0.1431296,0.0000000,0.0000000,0.0000000,1.0000000,0.0022874,-0.0198046,-0.0895275,0.2835975,-0.3679171,-0.2871757,-0.0024465,0.0198915,-0.0908642,0.2809972,-0.3714478,-0.2826507,-0.0070443,0.0000003,0.0000000,0.0590804,0.0000000,-0.0070443,0.0000003,-0.0000000,0.0564695,0.0000000
-0.0413571,0.0697220,-0.1431296,0.0000000,0.0000000,0.0000000,1.0000000,0.0022874,-0.0198046,-0.0895275,0.2835975,-0.3679171,-0.2871757,-0.0024465,0.0198915,-0.0908642,0.2809972,-0.3714478,-0.2826507,-0.0112372,0.0000004,0.0000000,0.0590804,0.0000000,-0.0112372,0.0000005,-0.0000000,0.0564695,0.0000000
-0.0413571,0.0697220,-0.1431296,0.0000000,0.0000000,0.0000000,1.0000000,0.0022874,-0.0198046,-0.0895275,0.2835975,-0.3679171,-0.2871757,-0.0024465,0.0198915,-0.0908642,0.2809972,-0.3714478,-0.2826507,-0.0167376,0.0000006,0.0000001,0.0590804,0.0000000,-0.0167376,0.0000007,-0.0000000,0.0564695,0.0000000
-0.0413571,0.0697220,-0.1431296,0.0000000,0.0000000,0.0000000,1.0000000,0.0022874,-0.0198046,-0.0895275,0.2835975,-0.3679171,-0.2871757,-0.0024465,0.0198915,-0.0908642,0.2809972,-0.3714478,-0.2826507,-0.0235834,0.0000009,0.0000001,0.0590804,0.0000000,-0.0235834,0.0000010,-0.0000000,0.0564695,0.0000000
-0.0413571,0.0697220,-0.1431296,0.0000000,0.0000000,0.0000000,1.0000000,0.0022874,-0.0198046,-0.0895275,0.2835975,-0.3679171,-0.2871757,-0.0024465,0.0198915,-0.0908642,0.2809972,-0.3714478,-0.2826507,-0.0317232,0.0000012,0.0000001,0.0590804,0.0000000,-0.0317232,0.0000013,-0.0000000,0.0564695,0.0000000
-0.0413571,0.0697220,-0.1431296,0.0000000,0.0000000,0.0000000,1.0000000,0.0022874,-0.0198046,-0.0895275,0.2835975,-0.3679171,-0.2871757,-0.0024465,0.0198915,-0.0908642,0.2809972,-0.3714478,-0.2826507,-0.0410091,0.0000015,0.0000002,0.0590804,0.0000000,-0.0410091,0.0000017,-0.0000000,0.0564695,0.0000000
-0.0413571,0.0697220,-0.1431296,0.0000000,0.0000000,0.0000000,1.0000000,0.0022874,-0.0198046,-0.0895275,0.2835975,-0.3679171,-0.2871757,-0.0024465,0.0198915,-0.0908642,0.2809972,-0.3714478,-0.2826507,-0.0511943,0.0000019,0.0000002,0.0590804,0.0000000,-0.0511943,0.0000021,-0.0000001,0.0564695,0.0000000
-0.0413571,0.0697220,-0.1431296,0.0000000,0.0000000,0.0000000,1.0000000,0.0022874,-0.0198046,-0.0895275,0.2835975,-0.3679171,-0.2871757,-0.0024465,0.0198915,-0.0908642,0.2809972,-0.3714478,-0.2826507,-0.0619366,0.0000023,0.0000003,0.0590804,0.0000000,-0.0619366,0.0000026,-0.0000001,0.0564695,0.0000000
-0.0413571,0.0697220,-0.1431296,0.0000000,0.0000000,0.0000000,1.0000000,0.0022874,-0.0198046,-0.0895275,0.2835975,-0.3679171,-0.2871757,-0.0024465,0.0198915,-0.0908642,0.2809972,-0.3714478,-0.2826507,-0.0728073,0.0000027,0.0000003,0.0590804,0.0000000,-0.0728073,0.0000031,-0.0000001,0.0564695,0.0000000
-0.0413571,0.0697220,-0.1431296,0.0000000,0.0000000,0.0000000,1.0000000,0.0022874,-0.0198046,-0.0895275,0.2835975,-0.3679171,-0.2871757,-0.0024465,0.0198915,-0.0908642,0.2809972,-0.3714478,-0.2826507,-0.0833046,0.0000031,0.0000004,0.0590804,0.0000000,-0.0833046,0.0000035,-0.0000002,0.0564695,0.0000000
-0.0413571,0.0697220,-0.1431296,0.0000000,0.0000000,0.0000000,1.0000000,0.0022874,-0.0198046,-0.0895275,0.2835975,-0.3679171,-0.2871757,-0.0024465,0.0198915,-0.0908642,0.2809972,-0.3714478,-0.2826507,-0.0928716,0.0000035,0.0000005,0.0590804,0.0000000,-0.0928716,0.0000039,-0.0000002,0.0564695,0.0000000
-0.0413571,0.0697220,-0.1431296,0.0000000,0.0000000,0.0000000,1.0000000,0.0022874,-0.0198046,-0.0895275,0.2835975,-0.3679171,-0.2871757,-0.0024465,0.0198915,-0.0908642,0.2809972,-0.3714478,-0.2826507,-0.1009181,0.0000038,0.0000005,0.0590804,0.0000000,-0.1009181,0.0000042,-0.0000002,0.0564695,0.0000000
-0.0413571,0.0697220,-0.1431296,0.0000000,0.0000000,0.0000000,1.0000000,0.0022874,-0.0198046,-0.0895275,0.2835975,-0.3679171,-0.2871757,-0.0024465,0.0198915,-0.0908642,0.2809972,-0.3714478,-0.2826507,-0.1068441,0.0000040,0.0000006,0.0590804,0.0000000,-0.1068441,0.0000045,-0.0000003,0.0564695,0.0000000
-0.0413571,0.0697220,-0.1431296,0.0000000,0.0000000,0.0000000,1.0000000,0.0022874,-0.0198046,-0.0895275,0.2835975,-0.3679171,-0.2871757,-0.0024465,0.0198915,-0.0908642,0.2809972,-0.3714478,-0.2826507,-0.1100663,0.0000041,0.0000006,0.0590804,0.0000000,-0.1100663,0.0000046,-0.0000003,0.0564695,0.0000000
-0.0413571,0.0697220,-0.1431296,0.0000000,0.0000000,0.0000000,1.0000000,0.0022874,-0.0198046,-0.0895275,0.2835975,-0.3679171,-0.2871757,-0.0024465,0.0198915,-0.0908642,0.2809972,-0.3714478,-0.2826507,-0.1100433,0.0000041,0.0000006,0.0590804,0.0000000,-0.1100433,0.0000046,-0.0000003,0.0564695,0.0000000
-0.0413571,0.0697220,-0.1431296,0.0000000,0.0000000,0.0000000,1.0000000,0.0022874,-0.0198046,-0.0895275,0.2835975,-0.3679171,-0.2871757,-0.0024465,0.0198915,-0.0908642,0.2809972,-0.3714478,-0.2826507,-0.1063020,0.0000040,0.0000006,0.0590804,0.0000000,-0.1063020,0.0000044,-0.0000002,0.0564695,0.0000000
-0.0413571,0.0697220,-0.1431296,0.0000000,0.0000000,0.0000000,1.0000000,0.0022874,-0.0198046,-0.0895275,0.2835975,-0.3679171,-0.2871757,-0.0024465,0.0198915,-0.0908642,0.2809972,-0.3714478,-0.2826507,-0.0984605,0.0000037,0.0000005,0.0590804,0.0000000,-0.0984605,0.0000041,-0.0000002,0.0564695,0.0000000
-0.0413571,0.0697220,-0.1431296,0.0000000,0.0000000,0.0000000,1.0000000,0.0022874,-0.0198046,-0.0895275,0.2835975,-0.3679171,-0.2871757,-0.0024465,0.0198915,-0.0908642,0.2809972,-0.3714478,-0.2826507,-0.0862494,0.0000032,0.0000004,0.0590804,0.0000000,-0.0862494,0.0000036,-0.0000002,0.0564695,0.0000000
-0.0413571,0.0697220,-0.1431296,0.0000000,0.0000000,0.0000000,1.0000000,0.0022874,-0.0198046,-0.0895275,0.2835975,-0.3679171,-0.2871757,-0.0024465,0.0198915,-0.0908642,0.2809972,-0.3714478,-0.2826507,-0.0695288,0.0000026,0.0000003,0.0590804,0.0000000,-0.0695288,0.0000029,-0.0000001,0.0564695,0.0000000
-0.0413571,0.0697220,-0.1431296,0.0000000,0.0000000,0.0000000,1.0000000,0.0022874,-0.0198046,-0.0895275,0.2835975,-0.3679171,-0.2871757,-0.0024465,0.0198915,-0.0908642,0.2809972,-0.3714478,-0.2826507,-0.0483013,0.0000018,0.0000002,0.0590804,0.0000000,-0.0483013,0.0000020,-0.0000001,0.0564695,0.0000000
-0.0413571,0.0697220,-0.1431296,0.0000000,0.0000000,0.0000000,1.0000000,0.0022874,-0.0198046,-0.0895275,0.2835975,-0.3679171,-0.2871757,-0.0024465,0.0198915,-0.0908642,0.2809972,-0.3714478,-0.2826507,-0.0227189,0.0000009,0.0000001,0.0590804,0.0000000,-0.0227189,0.0000010,-0.0000000,0.0564695,0.0000000
-0.0413571,0.0697220,-0.1431296,0.0000000,0.0000000,0.0000000,1.0000000,0.0022874,-0.0198046,-0.0895275,0.2835975,-0.3679171,-0.2871757,-0.0024465,0.0198915,-0.0908642,0.2809972,-0.3714478,-0.2826507,0.0069143,-0.0000003,-0.0000000,0.0590804,0.0000000,0.0069143,-0.0000003,-0.0000000,0.0564695,0.0000000
-0.0413571,0.0697220,-0.1431296,0.0000000,0.0000000,0.0000000,1.0000000,0.0022874,-0.0198046,-0.0895275,0.2835975,-0.3679171,-0.2871757,-0.0024465,0.0198915,-0.0908642,0.2809972,-0.3714478,-0.2826507,0.0401461,-0.0000015,-0.0000001,0.0590804,0.0000000,0.0401461,-0.0000017,-0.0000000,0.0564695,0.0000000
-0.0413571,0.0697220,-0.1431296,0.0000000,0.0000000,0.0000000,1.0000000,0.0022874,-0.0198046,-0.0895275,0.2835975,-0.3679171,-0.2871757,-0.0024465,0.0198915,-0.0908642,0.2809972,-0.3714478,-0.2826507,0.0763856,-0.0000029,-0.0000001,0.0590804,0.0000000,0.0763856,-0.0000032,-0.0000001,0.0564695,0.0000000
-0.0413571,0.0697220,-0.1431296,0.0000000,0.0000000,0.0000000,1.0000000,0.0022874,-0.0198046,-0.0895275,0.2835975,-0.3679171,-0.2871757,-0.0024465,0.0198915,-0.0908642,0.2809972,-0.3714478,-0.2826507,0.1149176,-0.0000044,-0.0000001,0.0590804,0.0000000,0.1149176,-0.0000048,-0.0000003,0.0564695,0.0000000
-0.0413571,0.0697220,-0.1431296,0.0000000,0.0000000,0.0000000,1.0000000,0.0022874,-0.0198046,-0.0895275,0.2835975,-0.3679171,-0.2871757,-0.0024465,0.0198915,-0.0908642,0.2809972,-0.3714478,-0.2826507,0.1549226,-0.0000059,-0.0000001,0.0590804,0.0000000,0.1549226,-0.0000065,-0.0000005,0.0564695,0.0000000
-0.0413571,0.0697220,-0.1431296,0.0000000,0.0000000,0.0000000,1.0000000,0.0022874,-0.0198046,-0.0895275,0.2835975,-0.3679171,-0.2871757,-0.0024465,0.0198915,-0.0908642,0.2809972,-0.3714478,-0.2826507,0.1955007,-0.0000074,0.0000001,0.0590804,0.0000000,0.1955007,-0.0000081,-0.0000008,0.0564695,0.0000000
-0.0413571,0.0697220,-0.1431296,0.0000000,0.0000000,0.0000000,1.0000000,0.0022874,-0.0198046,-0.0895275,0.2835975,-0.3679171,-0.2871757,-0.0024465,0.0198915,-0.0908642,0.2809972,-0.3714478,-0.2826507,0.2356987,-0.0000089,0.0000003,0.0590804,0.0000000,0.2356987,-0.0000098,-0.0000011,0.0564695,0.0000000
-0.0413571,0.0697220,-0.1431296,0.0000000,0.0000000,0.0000000,1.0000000,0.0022874,-0.0198046,-0.0895275,0.2835975,-0.3679171,-0.2871757,-0.0024465,0.0198915,-0.0908642,0.2809972,-0.3714478,-0.2826507,0.2745398,-0.0000104,0.0000005,0.0590804,0.0000000,0.2745398,-0.0000114,-0.0000015,0.0564695,0.0000000
-0.0413571,0.0697220,-0.1431296,0.0000000,0.0000000,0.0000000,1.0000000,0.0022874,-0.0198046,-0.0895275,0.2835975,-0.3679171,-0.2871757,-0.0024465,0.0198915,-0.0908642,0.2809972,-0.3714478,-0.2826507,0.3110549,-0.0000118,0.0000008,0.0590804,0.0000000,0.3110549,-0.0000128,-0.0000020,0.0564695,0.0000000
-0.0413571,0.0697220,-0.1431296,0.0000000,0.0000000,0.0000000,1.0000000,0.0022874,-0.0198046,-0.0895275,0.2835975,-0.3679171,-0.2871757,-0.0024465,0.0198915,-0.0908642,0.2809972,-0.3714478,-0.2826507,0.3443131,-0.0000130,0.0000011,0.0590804,0.0000000,0.3443131,-0.0000142,-0.0000024,0.0564695,0.0000000
-0.0413571,0.0697220,-0.1431296,0.0000000,0.0000000,0.0000000,1.0000000,0.0022874,-0.0198046,-0.0895275,0.2835975,-0.3679171,-0.2871757,-0.0024465,0.0198915,-0.0908642,0.2809972,-0.3714478,-0.2826507,0.3734522,-0.0000140,0.0000014,0.0590804,0.0000000,0.3734522,-0.0000153,-0.0000028,0.0564695,0.0000000
-0.0413571,0.0697220,-0.1431296,0.0000000,0.0000000,0.0000000,1.0000000,0.0022874,-0.0198046,-0.0895275,0.2835975,-0.3679171,-0.2871757,-0.0024465,0.0198915,-0.0908642,0.2809972,-0.3714478,-0.2826507,0.3977057,-0.0000149,0.0000016,0.0590804,0.0000000,0.3977057,-0.0000163,-0.0000032,0.0564695,0.0000000
-0.0413571,0.0697220,-0.1431296,0.0000000,0.0000000,0.0000000,1.0000000,0.0022874,-0.0198046,-0.0895275,0.2835975,-0.3679171,-0.2871757,-0.0024465,0.0198915,-0.0908642,0.2809972,-0.3714478,-0.2826507,0.4164269,-0.0000156,0.0000019,0.0590804,0.0000000,0.4164269,-0.0000170,-0.0000035,0.0564695,0.0000000
-0.0413571,0.0697220,-0.1431296,0.0000000,0.0000000,0.0000000,1.0000000,0.0022874,-0.0198046,-0.0895275,0.2835975,-0.3679171,-0.2871757,-0.0024465,0.0198915,-0.0908642,0.2809972,-0.3714478,-0.2826507,0.4291091,-0.0000161,0.0000020,0.0590804,0.0000000,0.4291091,-0.0000175,-0.0000038,0.0564695,0.0000000
-0.0413571,0.0697220,-0.1431296,0.0000000,0.0000000,0.0000000,1.0000000,0.0022874,-0.0198046,-0.0895275,0.2835975,-0.3679171,-0.2871757,-0.0024465,0.0198915,-0.0908642,0.2809972,-0.3714478,-0.2826507,0.4353990,-0.0000163,0.0000021,0.0590804,0.0000000,0.4353990,-0.0000177,-0.0000039,0.0564695,0.0000000
-0.0413571,0.0697220,-0.1431296,0.0000000,0.0000000,0.0000000,1.0000000,0.0022874,-0.0198046,-0.0895275,0.2835975,-0.3679171,-0.2871757,-0.0024465,0.0198915,-0.0908642,0.2809972,-0.3714478,-0.2826507,0.4351055,-0.0000163,0.0000021,0.0590804,0.0000000,0.4351055,-0.0000177,-0.0000039,0.0564695,0.0000000
-0.0413571,0.0697220,-0.1431296,0.0000000,0.0000000,0.0000000,1.0000000,0.0022874,-0.0198046,-0.0895275,0.2835975,-0.3679171,-0.2871757,-0.0024465,0.0198915,-0.0908642,0.2809972,-0.3714478,-0.2826507,0.4282013,-0.0000160,0.0000020,0.0590804,0.0000000,0.4282013,-0.0000174,-0.0000037,0.0564695,0.0000000
-0.0413571,0.0697220,-0.1431296,0.0000000,0.0000000,0.0000000,1.0000000,0.0022874,-0.0198046,-0.0895275,0.2835975,-0.3679171,-0.2871757,-0.0024465,0.0198915,-0.0908642,0.2809972,-0.3714478,-0.2826507,0.4148179,-0.0000155,0.0000018,0.0590804,0.0000000,0.4148179,-0.0000169,-0.0000035,0.0564695,0.0000000
-0.0413571,0.0697220,-0.1431296,0.0000000,0.0000000,0.0000000,1.0000000,0.0022874,-0.0198046,-0.0895275,0.2835975,-0.3679171,-0.2871757,-0.0024465,0.0198915,-0.0908642,0.2809972,-0.3714478,-0.2826507,0.3952344,-0.0000148,0.0000016,0.0590804,0.0000000,0.3952344,-0.0000162,-0.0000032,0.0564695,0.0000000
-0.0413571,0.0697220,-0.1431296,0.0000000,0.0000000,0.0000000,1.0000000,0.0022874,-0.0198046,-0.0895275,0.2835975,-0.3679171,-0.2871757,-0.0024465,0.0198915,-0.0908642,0.2809972,-0.3714478,-0.2826507,0.3698595,-0.0000139,0.0000013,0.0590804,0.0000000,0.3698595,-0.0000152,-0.0000028,0.0564695,0.0000000
-0.0413571,0.0697220,-0.1431296,0.0000000,0.0000000,0.0000000,1.0000000,0.0022874,-0.0198046,-0.0895275,0.2835975,-0.3679171,-0.2871757,-0.0024465,0.0198915,-0.0908642,0.2809972,-0.3714478,-0.2826507,0.3392087,-0.0000128,0.0000010,0.0590804,0.0000000,0.3392087,-0.0000140,-0.0000024,0.0564695,0.0000000
-0.0413571,0.0697220,-0.1431296,0.0000000,0.0000000,0.0000000,1.0000000,0.0022874,-0.0198046,-0.0895275,0.2835975,-0.3679171,-0.2871757,-0.0024465,0.0198915,-0.0908642,0.2809972,-0.3714478,-0.2826507,0.3038762,-0.0000115,0.0000007,0.0590804,0.0000000,0.3038762,-0.0000126,-0.0000019,0.0564695,0.0000000
-0.0413571,0.0697220,-0.1431296,0.0000000,0.0000000,0.0000000,1.0000000,0.0022874,-0.0198046,-0.0895275,0.2835975,-0.3679171,-0.2871757,-0.0024465,0.0198915,-0.0908642,0.2809972,-0.3714478,-0.2826507,0.2645034,-0.0000100,0.0000004,0.0590804,0.0000000,0.2645034,-0.0000110,-0.0000014,0.0564695,0.0000000
-0.0413571,0.0697220,-0.1431296,0.0000000,0.0000000,0.0000000,1.0000000,0.0022874,-0.0198046,-0.0895275,0.2835975,-0.3679171,-0.2871757,-0.0024465,0.0198915,-0.0908642,0.2809972,-0.3714478,-0.2826507,0.2217273,-0.0000084,0.0000002,0.0590804,0.0000000,0.2217273,-0.0000092,-0.0000010,0.0564695,0.0000000
-0.0413571,0.0697220,-0.1431296,0.0000000,0.0000000,0.0000000,1.0000000,0.0022874,-0.0198046,-0.0895275,0.2835975,-0.3679171,-0.2871757,-0.0024465,0.0198915,-0.0908642,0.2809972,-0.3714478,-0.2826507,0.1761182,-0.0000067,-0.0000000,0.0590804,0.0000000,0.1761182,-0.0000074,-0.0000006,0.0564695,0.0000000
-0.0413571,0.0697220,-0.1431296,0.0000000,0.0000000,0.0000000,1.0000000,0.0022874,-0.0198046,-0.0895275,0.2835975,-0.3679171,-0.2871757,-0.0024465,0.0198915,-0.0908642,0.2809972,-0.3714478,-0.2826507,0.1282587,-0.0000049,-0.0000001,0.0590804,0.0000000,0.1282587,-0.0000054,-0.0000003,0.0564695,0.0000000
-0.0413571,0.0697220,-0.1431296,0.0000000,0.0000000,0.0000000,1.0000000,0.0022874,-0.0198046,-0.0895275,0.2835975,-0.3679171,-0.2871757,-0.0024465,0.0198915,-0.0908642,0.2809972,-0.3714478,-0.2826507,0.0787604,-0.0000030,-0.0000002,0.0590804,0.0000000,0.0787604,-0.0000033,-0.0000001,0.0564695,0.0000000
-0.0413571,0.0697220,-0.1431296,0.0000000,0.0000000,0.0000000,1.0000000,0.0022874,-0.0198046,-0.0895275,0.2835975,-0.3679171,-0.2871757,-0.0024465,0.0198915,-0.0908642,0.2809972,-0.3714478,-0.2826507,0.0282557,-0.0000011,-0.0000001,0.0590804,0.0000000,0.0282557,-0.0000012,-0.0000000,0.0564695,0.0000000
-0.0413571,0.0697220,-0.1431296,0.0000000,0.0000000,0.0000000,1.0000000,0.0022874,-0.0198046,-0.0895275,0.2835975,-0.3679171,-0.2871757,-0.0024465,0.0198915,-0.0908642,0.2809972,-0.3714478,-0.2826507,-0.0226099,0.0000009,0.0000001,0.0590804,0.0000000,-0.0226099,0.0000009,-0.0000000,0.0564695,0.0000000
-0.0413571,0.0697220,-0.1431296,0.0000000,0.0000000,0.0000000,1.0000000,0.0022874,-0.0198046,-0.0895275,0.2835975,-0.3679171,-0.2871757,-0.0024465,0.0198915,-0.0908642,0.2809972,-0.3714478,-0.2826507,-0.0731867,0.0000028,0.0000003,0.0590804,0.0000000,-0.0731867,0.0000031,-0.0000001,0.0564695,0.0000000
-0.0413571,0.0697220,-0.1431296,0.0000000,0.0000000,0.0000000,1.0000000,0.0022874,-0.0198046,-0.0895275,0.2835975,-0.3679171,-0.2871757,-0.0024465,0.0198915,-0.0908642,0.2809972,-0.3714478,-0.2826507,-0.1228284,0.0000046,0.0000007,0.0590804,0.0000000,-0.1228284,0.0000051,-0.0000003,0.0564695,0.0000000
-0.0413571,0.0697220,-0.1431296,0.0000000,0.0000000,0.0000000,1.0000000,0.0022874,-0.0198046,-0.0895275,0.2835975,-0.3679171,-0.2871757,-0.0024465,0.0198915,-0.0908642,0.2809972,-0.3714478,-0.2826507,-0.1709006,0.0000064,0.0000011,0.0590804,0.0000000,-0.1709006,0.0000071,-0.0000006,0.0564695,0.0000000
-0.0413571,0.0697220,-0.1431296,0.0000000,0.0000000,0.0000000,1.0000000,0.0022874,-0.0198046,-0.0895275,0.2835975,-0.3679171,-0.2871757,-0.0024465,0.0198915,-0.0908642,0.2809972,-0.3714478,-0.2826507,-0.2167892,0.0000081,0.0000016,0.0590804,0.0000000,-0.2167892,0.0000090,-0.0000010,0.0564695,0.0000000
-0.0413571,0.0697220,-0.1431296,0.0000000,0.0000000,0.0000000,1.0000000,0.0022874,-0.0198046,-0.0895275,0.2835975,-0.3679171,-0.2871757,-0.0024465,0.0198915,-0.0908642,0.2809972,-0.3714478,-0.2826507,-0.2599077,0.0000096,0.0000021,0.0590804,0.0000000,-0.2599077,0.0000108,-0.0000014,0.0564695,0.0000000
-0.0413571,0.0697220,-0.1431296,0.0000000,0.0000000,0.0000000,1.0000000,0.0022874,-0.0198046,-0.0895275,0.2835975,-0.3679171,-0.2871757,-0.0024465,0.0198915,-0.0908642,0.2809972,-0.3714478,-0.2826507,-0.2997053,0.0000110,0.0000027,0.0590804,0.0000000,-0.2997053,0.0000124,-0.0000019,0.0564695,0.0000000
-0.0413571,0.0697220,-0.1431296,0.0000000,0.0000000,0.0000000,1.0000000,0.0022874,-0.0198046,-0.0895275,0.2835975,-0.3679171,-0.2871757,-0.0024465,0.0198915,-0.0908642,0.2809972,-0.3714478,-0.2826507,-0.3356735,0.0000123,0.0000032,0.0590804,0.0000000,-0.3356735,0.0000138,-0.0000024,0.0564695,0.0000000
-0.0413571,0.0697220,-0.1431296,0.0000000,0.0000000,0.0000000,1.0000000,0.0022874,-0.0198046,-0.0895275,0.2835975,-0.3679171,-0.2871757,-0.0024465,0.0198915,-0.0908642,0.2809972,-0.3714478,-0.2826507,-0.3673527,0.0000134,0.0000037,0.0590804,0.0000000,-0.3673527,0.0000151,-0.0000028,0.0564695,0.0000000
-0.0413571,0.0697220,-0.1431296,0.0000000,0.0000000,0.0000000,1.0000000,0.0022874,-0.0198046,-0.0895275,0.2835975,-0.3679171,-0.2871757,-0.0024465,0.0198915,-0.0908642,0.2809972,-0.3714478,-0.2826507,-0.3943380,0.0000143,0.0000042,0.0590804,0.0000000,-0.3943380,0.0000161,-0.0000033,0.0564695,0.0000000
-0.0413571,0.0697220,-0.1431296,0.0000000,0.0000000,0.0000000,1.0000000,0.0022874,-0.0198046,-0.0895275,0.2835975,-0.3679171,-0.2871757,-0.0024465,0.0198915,-0.0908642,0.2809972,-0.3714478,-0.2826507,-0.4162847,0.0000150,0.0000046,0.0590804,0.0000000,-0.4162847,0.0000169,-0.0000036,0.0564695,0.0000000
-0.0413571,0.0697220,-0.1431296,0.0000000,0.0000000,0.0000000,1.0000000,0.0022874,-0.0198046,-0.0895275,0.2835975,-0.3679171,-0.2871757,-0.0024465,0.0198915,-0.0908642,0.2809972,-0.3714478,-0.2826507,-0.4329125,0.0000156,0.0000049,0.0590804,0.0000000,-0.4329125,0.0000176,-0.0000039,0.0564695,0.0000000
-0.0413571,0.0697220,-0.1431296,0.0000000,0.0000000,0.0000000,1.0000000,0.0022874,-0.0198046,-0.0895275,0.2835975,-0.3679171,-0.2871757,-0.0024465,0.0198915,-0.0908642,0.2809972,-0.3714478,-0.2826507,-0.4440087,0.0000159,0.0000051,0.0590804,0.0000000,-0.4440087,0.0000180,-0.0000041,0.0564695,0.0000000
-0.0413571,0.0697220,-0.1431296,0.0000000,0.0000000,0.0000000,1.0000000,0.0022874,-0.0198046,-0.0895275,0.2835975,-0.3679171,-0.2871757,-0.0024465,0.0198915,-0.0908642,0.2809972,-0.3714478,-0.2826507,-0.4494316,0.0000161,0.0000052,0.0590804,0.0000000,-0.4494316,0.0000182,-0.0000042,0.0564695,0.0000000
-0.0413571,0.0697220,-0.1431296,0.0000000,0.0000000,0.0000000,1.0000000,0.0022874,-0.0198046,-0.0895275,0.2835975,-0.3679171,-0.2871757,-0.0024465,0.0198915,-0.0908642,0.2809972,-0.3714478,-0.2826507,-0.4491120,0.0000161,0.0000052,0.0590804,0.0000000,-0.4491120,0.0000182,-0.0000042,0.0564695,0.0000000
-0.0413571,0.0697220,-0.1431296,0.0000000,0.0000000,0.0000000,1.0000000,0.0022874,-0.0198046,-0.0895275,0.2835975,-0.3679171,-0.2871757,-0.0024465,0.0198915,-0.0908642,0.2809972,-0.3714478,-0.2826507,-0.4430540,0.0000159,0.0000051,0.0590804,0.0000000,-0.4430540,0.0000180,-0.0000041,0.0564695,0.0000000
-0.0413571,0.0697220,-0.1431296,0.0000000,0.0000000,0.0000000,1.0000000,0.0022874,-0.0198046,-0.0895275,0.2835975,-0.3679171,-0.2871757,-0.0024465,0.0198915,-0.0908642,0.2809972,-0.3714478,-0.2826507,-0.4313348,0.0000155,0.0000049,0.0590804,0.0000000,-0.4313348,0.0000175,-0.0000039,0.0564695,0.0000000
-0.0413571,0.0697220,-0.1431296,0.0000000,0.0000000,0.0000000,1.0000000,0.0022874,-0.0198046,-0.0895275,0.2835975,-0.3679171,-0.2871757,-0.0024465,0.0198915,-0.0908642,0.2809972,-0.3714478,-0.2826507,-0.4141043,0.0000149,0.0000046,0.0590804,0.0000000,-0.4141043,0.0000169,-0.0000036,0.0564695,0.0000000
-0.0413571,0.0697220,-0.1431296,0.0000000,0.0000000,0.0000000,1.0000000,0.0022874,-0.0198046,-0.0895275,0.2835975,-0.3679171,-0.2871757,-0.0024465,0.0198915,-0.0908642,0.2809972,-0.3714478,-0.2826507,-0.3915827,0.0000142,0.0000042,0.0590804,0.0000000,-0.3915827,0.0000160,-0.0000032,0.0564695,0.0000000
-0.0413571,0.0697220,-0.1431296,0.0000000,0.0000000,0.0000000,1.0000000,0.0022874,-0.0198046,-0.0895275,0.2835975,-0.3679171,-0.2871757,-0.0024465,0.0198915,-0.0908642,0.2809972,-0.3714478,-0.2826507,-0.3640577,0.0000133,0.0000037,0.0590804,0.0000000,-0.3640577,0.0000149,-0.0000028,0.0564695,0.0000000
-0.0413571,0.0697220,-0.1431296,0.0000000,0.0000000,0.0000000,1.0000000,0.0022874,-0.0198046,-0.0895275,0.2835975,-0.3679171,-0.2871757,-0.0024465,0.0198915,-0.0908642,0.2809972,-0.3714478,-0.2826507,-0.3318809,0.0000121,0.0000032,0.0590804,0.0000000,-0.3318809,0.0000137,-0.0000023,0.0564695,0.0000000
-0.0413571,0.0697220,-0.1431296,0.0000000,0.0000000,0.0000000,1.0000000,0.0022874,-0.0198046,-0.0895275,0.2835975,-0.3679171,-0.2871757,-0.0024465,0.0198915,-0.0908642,0.2809972,-0.3714478,-0.2826507,-0.2954636,0.0000109,0.0000026,0.0590804,0.0000000,-0.2954636,0.0000122,-0.0000019,0.0564695,0.0000000
-0.0413571,0.0697220,-0.1431296,0.0000000,0.0000000,0.0000000,1.0000000,0.0022874,-0.0198046,-0.0895275,0.2835975,-0.3679171,-0.2871757,-0.0024465,0.0198915,-0.0908642,0.2809972,-0.3714478,-0.2826507,-0.2552710,0.0000094,0.0000021,0.0590804,0.0000000,-0.2552710,0.0000106,-0.0000014,0.0564695,0.0000000
-0.0413571,0.0697220,-0.1431296,0.0000000,0.0000000,0.0000000,1.0000000,0.0022874,-0.0198046,-0.0895275,0.2835975,-0.3679171,-0.2871757,-0.0024465,0.0198915,-0.0908642,0.2809972,-0.3714478,-0.2826507,-0.2118168,0.0000079,0.0000016,0.0590804,0.0000000,-0.2118168,0.0000088,-0.0000010,0.0564695,0.0000000
-0.0413571,0.0697220,-0.1431296,0.0000000,0.0000000,0.0000000,1.0000000,0.0022874,-0.0198046,-0.0895275,0.2835975,-0.3679171,-0.2871757,-0.0024465,0.0198915,-0.0908642,0.2809972,-0.3714478,-0.2826507,-0.1656561,0.0000062,0.0000011,0.0590804,0.0000000,-0.1656561,0.0000069,-0.0000006,0.0564695,0.0000000
-0.0413571,0.0697220,-0.1431296,0.0000000,0.0000000,0.0000000,1.0000000,0.0022874,-0.0198046,-0.0895275,0.2835975,-0.3679171,-0.2871757,-0.0024465,0.0198915,-0.0908642,0.2809972,-0.3714478,-0.2826507,-0.1173787,0.0000044,0.0000007,0.0590804,0.0000000,-0.1173787,0.0000049,-0.0000003,0.0564695,0.0000000
-0.0413571,0.0697220,-0.1431296,0.0000000,0.0000000,0.0000000,1.0000000,0.0022874,-0.0198046,-0.0895275,0.2835975,-0.3679171,-0.2871757,-0.0024465,0.0198915,-0.0908642,0.2809972,-0.3714478,-0.2826507,-0.0676015,0.0000025,0.0000003,0.0590804,0.0000000,-0.0676015,0.0000028,-0.0000001,0.0564695,0.0000000
-0.0413571,0.0697220,-0.1431296,0.0000000,0.0000000,0.0000000,1.0000000,0.0022874,-0.0198046,-0.0895275,0.2835975,-0.3679171,-0.2871757,-0.0024465,0.0198915,-0.0908642,0.2809972,-0.3714478,-0.2826507,-0.0169606,0.0000006,0.0000001,0.0590804,0.0000000,-0.0169606,0.0000007,-0.0000000,0.0564695,0.0000000
-0.0413571,0.0697220,-0.1431296,0.0000000,0.0000000,0.0000000,1.0000000,0.0022874,-0.0198046,-0.0895275,0.2835975,-0.3679171,-0.2871757,-0.0024465,0.0198915,-0.0908642,0.2809972,-0.3714478,-0.2826507,0.0338971,-0.0000013,-0.0000001,0.0590804,0.0000000,0.0338971,-0.0000014,-0.0000000,0.0564695,0.0000000
-0.0413571,0.0697220,-0.1431296,0.0000000,0.0000000,0.0000000,1.0000000,0.0022874,-0.0198046,-0.0895275,0.2835975,-0.3679171,-0.2871757,-0.0024465,0.0198915,-0.0908642,0.2809972,-0.3714478,-0.2826507,0.0843216,-0.0000032,-0.0000002,0.0590804,0.0000000,0.0843216,-0.0000035,-0.0000001,0.0564695,0.0000000
-0.0413571,0.0697220,-0.1431296,0.0000000,0.0000000,0.0000000,1.0000000,0.0022874,-0.0198046,-0.0895275,0.2835975,-0.3679171,-0.2871757,-0.0024465,0.0198915,-0.0908642,0.2809972,-0.3714478,-0.2826507,0.1336687,-0.0000051,-0.0000001,0.0590804,0.0000000,0.1336687,-0.0000056,-0.0000004,0.0564695,0.0000000
-0.0413571,0.0697220,-0.1431296,0.0000000,0.0000000,0.0000000,1.0000000,0.0022874,-0.0198046,-0.0895275,0.2835975,-0.3679171,-0.2871757,-0.0024465,0.0198915,-0.0908642,0.2809972,-0.3714478,-0.2826507,0.1813079,-0.0000069,0.0000000,0.0590804,0.0000000,0.1813079,-0.0000076,-0.0000007,0.0564695,0.0000000
-0.0413571,0.0697220,-0.1431296,0.0000000,0.0000000,0.0000000,1.0000000,0.0022874,-0.0198046,-0.0895275,0.2835975,-0.3679171,-0.2871757,-0.0024465,0.0198915,-0.0908642,0.2809972,-0.3714478,-0.2826507,0.2266304,-0.0000086,0.0000002,0.0590804,0.0000000,0.2266304,-0.0000094,-0.0000010,0.0564695,0.0000000
-0.0413571,0.0697220,-0.1431296,0.0000000,0.0000000,0.0000000,1.0000000,0.0022874,-0.0198046,-0.0895275,0.2835975,-0.3679171,-0.2871757,-0.0024465,0.0198915,-0.0908642,0.2809972,-0.3714478,-0.2826507,0.2690572,-0.0000102,0.0000005,0.0590804,0.0000000,0.2690572,-0.0000112,-0.0000015,0.0564695,0.0000000
-0.0413571,0.0697220,-0.1431296,0.0000000,0.0000000,0.0000000,1.0000000,0.0022874,-0.0198046,-0.0895275,0.2835975,-0.3679171,-0.2871757,-0.0024465,0.0198915,-0.0908642,0.2809972,-0.3714478,-0.2826507,0.3080462,-0.0000116,0.0000008,0.0590804,0.0000000,0.3080462,-0.0000127,-0.0000019,0.0564695,0.0000000
-0.0413571,0.0697220,-0.1431296,0.0000000,0.0000000,0.0000000,1.0000000,0.0022874,-0.0198046,-0.0895275,0.2835975,-0.3679171,-0.2871757,-0.0024465,0.0198915,-0.0908642,0.2809972,-0.3714478,-0.2826507,0.3430991,-0.0000129,0.0000011,0.0590804,0.0000000,0.3430991,-0.0000141,-0.0000024,0.0564695,0.0000000
-0.0413571,0.0697220,-0.1431296,0.0000000,0.0000000,0.0000000,1.0000000,0.0022874,-0.0198046,-0.0895275,0.2835975,-0.3679171,-0.2871757,-0.0024465,0.0198915,-0.0908642,0.2809972,-0.3714478,-0.2826507,0.3737682,-0.0000141,0.0000014,0.0590804,0.0000000,0.3737682,-0.0000153,-0.0000029,0.0564695,0.0000000
-0.0413571,0.0697220,-0.1431296,0.0000000,0.0000000,0.0000000,1.0000000,0.0022874,-0.0198046,-0.0895275,0.2835975,-0.3679171,-0.2871757,-0.0024465,0.0198915,-0.0908642,0.2809972,-0.3714478,-0.2826507,0.3996614,-0.0000150,0.0000017,0.0590804,0.0000000,0.3996614,-0.0000163,-0.0000033,0.0564695,0.0000000
-0.0413571,0.0697220,-0.1431296,0.0000000,0.0000000,0.0000000,1.0000000,0.0022874,-0.0198046,-0.0895275,0.2835975,-0.3679171,-0.2871757,-0.0024465,0.0198915,-0.0908642,0.2809972,-0.3714478,-0.2826507,0.4204480,-0.0000157,0.0000019,0.0590804,0.0000000,0.4204480,-0.0000171,-0.0000036,0.0564695,0.0000000
-0.0413571,0.0697220,-0.1431296,0.0000000,0.0000000,0.0000000,1.0000000,0.0022874,-0.0198046,-0.0895275,0.2835975,-0.3679171,-0.2871757,-0.0024465,0.0198915,-0.0908642,0.2809972,-0.3714478,-0.2826507,0.4358624,-0.0000163,0.0000021,0.0590804,0.0000000,0.4358624,-0.0000177,-0.0000039,0.0564695,0.0000000
-0.0413571,0.0697220,-0.1431296,0.0000000,0.0000000,0.0000000,1.0000000,0.0022874,-0.0198046,-0.0895275,0.2835975,-0.3679171,-0.2871757,-0.0024465,0.0198915,-0.0908642,0.2809972,-0.3714478,-0.2826507,0.4457076,-0.0000167,0.0000022,0.0590804,0.0000000,0.4457076,-0.0000181,-0.0000040,0.0564695,0.0000000
-0.0413571,0.0697220,-0.1431296,0.0000000,0.0000000,0.0000000,1.0000000,0.0022874,-0.0198046,-0.0895275,0.2835975,-0.3679171,-0.2871757,-0.0024465,0.0198915,-0.0908642,0.2809972,-0.3714478,-0.2826507,0.4498579,-0.0000168,0.0000023,0.0590804,0.0000000,0.4498579,-0.0000182,-0.0000041,0.0564695,0.0000000
-0.0413571,0.0697220,-0.1431296,0.0000000,0.0000000,0.0000000,1.0000000,0.0022874,-0.0198046,-0.0895275,0.2835975,-0.3679171,-0.2871757,-0.0024465,0.0198915,-0.0908642,0.2809972,-0.3714478,-0.2826507,0.4482601,-0.0000167,0.0000023,0.0590804,0.0000000,0.4482601,-0.0000182,-0.0000041,0.0564695,0.0000000
-0.0413571,0.0697220,-0.1431296,0.0000000,0.0000000,0.0000000,1.0000000,0.0022874,-0.0198046,-0.0895275,0.2835975,-0.3679171,-0.2871757,-0.0024465,0.0198915,-0.0908642,0.2809972,-0.3714478,-0.2826507,0.4409348,-0.0000165,0.0000022,0.0590804,0.0000000,0.4409348,-0.0000179,-0.0000040,0.0564695,0.0000000
-0.0413571,0.0697220,-0.1431296,0.0000000,0.0000000,0.0000000,1.0000000,0.0022874,-0.0198046,-0.0895275,0.2835975,-0.3679171,-0.2871757,-0.0024465,0.0198915,-0.0908642,0.2809972,-0.3714478,-0.2826507,0.4279754,-0.0000160,0.0000020,0.0590804,0.0000000,0.4279754,-0.0000174,-0.0000037,0.0564695,0.0000000
-0.0413571,0.0697220,-0.1431296,0.0000000,0.0000000,0.0000000,1.0000000,0.0022874,-0.0198046,-0.0895275,0.2835975,-0.3679171,-0.2871757,-0.0024465,0.0198915,-0.0908642,0.2809972,-0.3714478,-0.2826507,0.4095477,-0.0000154,0.0000018,0.0590804,0.0000000,0.4095477,-0.0000167,-0.0000034,0.0564695,0.0000000
-0.0413571,0.0697220,-0.1431296,0.0000000,0.0000000,0.0000000,1.0000000,0.0022874,-0.0198046,-0.0895275,0.2835975,-0.3679171,-0.2871757,-0.0024465,0.0198915,-0.0908642,0.2809972,-0.3714478,-0.2826507,0.3858870,-0.0000145,0.0000015,0.0590804,0.0000000,0.3858870,-0.0000158,-0.0000030,0.0564695,0.0000000
-0.0413571,0.0697220,-0.1431296,0.0000000,0.0000000,0.0000000,1.0000000,0.0022874,-0.0198046,-0.0895275,0.2835975,-0.3679171,-0.2871757,-0.0024465,0.0198915,-0.0908642,0.2809972,-0.3714478,-0.2826507,0.3572957,-0.0000135,0.0000012,0.0590804,0.0000000,0.3572957,-0.0000147,-0.0000026,0.0564695,0.0000000
-0.0413571,0.0697220,-0.1431296,0.0000000,0.0000000,0.0000000,1.0000000,0.0022874,-0.0198046,-0.0895275,0.2835975,-0.3679171,-0.2871757,-0.0024465,0.0198915,-0.0908642,0.2809972,-0.3714478,-0.2826507,0.3241391,-0.0000122,0.0000009,0.0590804,0.0000000,0.3241391,-0.0000134,-0.0000021,0.0564695,0.0000000
-0.0413571,0.0697220,-0.1431296,0.0000000,0.0000000,0.0000000,1.0000000,0.0022874,-0.0198046,-0.0895275,0.2835975,-0.3679171,-0.2871757,-0.0024465,0.0198915,-0.0908642,0.2809972,-0.3714478,-0.2826507,0.2868408,-0.0000108,0.0000006,0.0590804,0.0000000,0.2868408,-0.0000119,-0.0000017,0.0564695,0.0000000
-0.0413571,0.0697220,-0.1431296,0.0000000,0.0000000,0.0000000,1.0000000,0.0022874,-0.0198046,-0.0895275,0.2835975,-0.3679171,-0.2871757,-0.0024465,0.0198915,-0.0908642,0.2809972,-0.3714478,-0.2826507,0.2458775,-0.0000093,0.0000003,0.0590804,0.0000000,0.2458775,-0.0000102,-0.0000012,0.0564695,0.0000000
-0.0413571,0.0697220,-0.1431296,0.0000000,0.0000000,0.0000000,1.0000000,0.0022874,-0.0198046,-0.0895275,0.2835975,-0.3679171,-0.2871757,-0.0024465,0.0198915,-0.0908642,0.2809972,-0.3714478,-0.2826507,0.2017724,-0.0000077,0.0000001,0.0590804,0.0000000,0.2017725,-0.0000084,-0.0000008,0.0564695,0.0000000
-0.0413571,0.0697220,-0.1431296,0.0000000,0.0000000,0.0000000,1.0000000,0.0022874,-0.0198046,-0.0895275,0.2835975,-0.3679171,-0.2871757,-0.0024465,0.0198915,-0.0908642,0.2809972,-0.3714478,-0.2826507,0.1550893,-0.0000059,-0.0000001,0.0590804,0.0000000,0.1550893,-0.0000065,-0.0000005,0.0564695,0.0000000
-0.0413571,0.0697220,-0.1431296,0.0000000,0.0000000,0.0000000,1.0000000,0.0022874,-0.0198046,-0.0895275,0.2835975,-0.3679171,-0.2871757,-0.0024465,0.0198915,-0.0908642,0.2809972,-0.3714478,-0.2826507,0.1064245,-0.0000040,-0.0000001,0.0590804,0.0000000,0.1064246,-0.0000045,-0.0000002,0.0564695,0.0000000
-0.0413571,0.0697220,-0.1431296,0.0000000,0.0000000,0.0000000,1.0000000,0.0022874,-0.0198046,-0.0895275,0.2835975,-0.3679171,-0.2871757,-0.0024465,0.0198915,-0.0908642,0.2809972,-0.3714478,-0.2826507,0.0564000,-0.0000021,-0.0000001,0.0590804,0.0000000,0.0564000,-0.0000024,-0.0000001,0.0564695,0.0000000
-0.0413571,0.0697220,-0.1431296,0.0000000,0.0000000,0.0000000,1.0000000,0.0022874,-0.0198046,-0.0895275,0.2835975,-0.3679171,-0.2871757,-0.0024465,0.0198915,-0.0908642,0.2809972,-0.3714478,-0.2826507,0.0056547,-0.0000002,-0.0000000,0.0590804,0.0000000,0.0056547,-0.0000002,-0.0000000,0.0564695,0.0000000
-0.0413571,0.0697220,-0.1431296,0.0000000,0.0000000,0.0000000,1.0000000,0.0022874,-0.0198046,-0.0895275,0.2835975,-0.3679171,-0.2871757,-0.0024465,0.0198915,-0.0908642,0.2809972,-0.3714478,-0.2826507,-0.0451628,0.0000017,0.0000002,0.0590804,0.0000000,-0.0451628,0.0000019,-0.0000000,0.0564695,0.0000000
-0.0413571,0.0697220,-0.1431296,0.0000000,0.0000000,0.0000000,1.0000000,0.0022874,-0.0198046,-0.0895275,0.2835975,-0.3679171,-0.2871757,-0.0024465,0.0198915,-0.0908642,0.2809972,-0.3714478,-0.2826507,-0.0954032,0.0000036,0.0000005,0.0590804,0.0000000,-0.0954032,0.0000040,-0.0000002,0.0564695,0.0000000
-0.0413571,0.0697220,-0.1431296,0.0000000,0.0000000,0.0000000,1.0000000,0.0022874,-0.0198046,-0.0895275,0.2835975,-0.3679171,-0.2871757,-0.0024465,0.0198915,-0.0908642,0.2809972,-0.3714478,-0.2826507,-0.1444246,0.0000054,0.0000009,0.0590804,0.0000000,-0.1444246,0.0000060,-0.0000005,0.0564695,0.0000000
-0.0413571,0.0697220,-0.1431296,0.0000000,0.0000000,0.0000000,1.0000000,0.0022874,-0.0198046,-0.0895275,0.2835975,-0.3679171,-0.2871757,-0.0024465,0.0198915,-0.0908642,0.2809972,-0.3714478,-0.2826507,-0.1916007,0.0000071,0.0000013,0.0590804,0.0000000,-0.1916007,0.0000080,-0.0000008,0.0564695,0.0000000
-0.0413571,0.0697220,-0.1431296,0.0000000,0.0000000,0.0000000,1.0000000,0.0022874,-0.0198046,-0.0895275,0.2835975,-0.3679171,-0.2871757,-0.0024465,0.0198915,-0.0908642,0.2809972,-0.3714478,-0.2826507,-0.2363286,0.0000088,0.0000018,0.0590804,0.0000000,-0.2363286,0.0000098,-0.0000012,0.0564695,0.0000000
-0.0413571,0.0697220,-0.1431296,0.0000000,0.0000000,0.0000000,1.0000000,0.0022874,-0.0198046,-0.0895275,0.2835975,-0.3679171,-0.2871757,-0.0024465,0.0198915,-0.0908642,0.2809972,-0.3714478,-0.2826507,-0.2780368,0.0000103,0.0000024,0.0590804,0.0000000,-0.2780368,0.0000115,-0.0000016,0.0564695,0.0000000
-0.0413571,0.0697220,-0.1431296,0.0000000,0.0000000,0.0000000,1.0000000,0.0022874,-0.0198046,-0.0895275,0.2835975,-0.3679171,-0.2871757,-0.0024465,0.0198915,-0.0908642,0.2809972,-0.3714478,-0.2826507,-0.3161925,0.0000116,0.0000029,0.0590804,0.0000000,-0.3161925,0.0000130,-0.0000021,0.0564695,0.0000000
-0.0413571,0.0697220,-0.1431296,0.0000000,0.0000000,0.0000000,1.0000000,0.0022874,-0.0198046,-0.0895275,0.2835975,-0.3679171,-0.2871757,-0.0024465,0.0198915,-0.0908642,0.2809972,-0.3714478,-0.2826507,-0.3503080,0.0000128,0.0000035,0.0590804,0.0000000,-0.3503080,0.0000144,-0.0000026,0.0564695,0.0000000
-0.0413571,0.0697220,-0.1431296,0.0000000,0.0000000,0.0000000,1.0000000,0.0022874,-0.0198046,-0.0895275,0.2835975,-0.3679171,-0.2871757,-0.0024465,0.0198915,-0.0908642,0.2809972,-0.3714478,-0.2826507,-0.3799476,0.0000138,0.0000040,0.0590804,0.0000000,-0.3799476,0.0000155,-0.0000030,0.0564695,0.0000000
-0.0413571,0.0697220,-0.1431296,0.0000000,0.0000000,0.0000000,1.0000000,0.0022874,-0.0198046,-0.0895275,0.2835975,-0.3679171,-0.2871757,-0.0024465,0.0198915,-0.0908642,0.2809972,-0.3714478,-0.2826507,-0.4047324,0.0000146,0.0000044,0.0590804,0.0000000,-0.4047324,0.0000165,-0.0000034,0.0564695,0.0000000
-0.0413571,0.0697220,-0.1431296,0.0000000,0.0000000,0.0000000,1.0000000,0.0022874,-0.0198046,-0.0895275,0.2835975,-0.3679171,-0.2871757,-0.0024465,0.0198915,-0.0908642,0.2809972,-0.3714478,-0.2826507,-0.4243457,0.0000153,0.0000048,0.0590804,0.0000000,-0.4243457,0.0000173,-0.0000038,0.0564695,0.0000000
-0.0413571,0.0697220,-0.1431296,0.0000000,0.0000000,0.0000000,1.0000000,0.0022874,-0.0198046,-0.0895275,0.2835975,-0.3679171,-0.2871757,-0.0024465,0.0198915,-0.0908642,0.2809972,-0.3714478,-0.2826507,-0.4385371,0.0000158,0.0000050,0.0590804,0.0000000,-0.4385371,0.0000178,-0.0000040,0.0564695,0.0000000
-0.0413571,0.0697220,-0.1431296,0.0000000,0.0000000,0.0000000,1.0000000,0.0022874,-0.0198046,-0.0895275,0.2835975,-0.3679171,-0.2871757,-0.0024465,0.0198915,-0.0908642,0.2809972,-0.3714478,-0.2826507,-0.4471251,0.0000160,0.0000052,0.0590804,0.0000000,-0.4471251,0.0000181,-0.0000042,0.0564695,0.0000000
-0.0413571,0.0697220,-0.1431296,0.0000000,0.0000000,0.0000000,1.0000000,0.0022874,-0.0198046,-0.0895275,0.2835975,-0.3679171,-0.2871757,-0.0024465,0.0198915,-0.0908642,0.2809972,-0.3714478,-0.2826507,-0.4500000,0.0000161,0.0000052,0.0590804,0.0000000,-0.4500000,0.0000182,-0.0000042,0.0564695,0.0000000
-0.0413571,0.0697220,-0.1431296,0.0000000,0.0000000,0.0000000,1.0000000,0.0022874,-0.0198046,-0.0895275,0.2835975,-0.3679171,-0.2871757,-0.0024465,0.0198915,-0.0908642,0.2809972,-0.3714478,-0.2826507,-0.4471251,0.0000160,0.0000052,0.0590804,0.0000000,-0.4471251,0.0000181,-0.0000042,0.0564695,0.0000000
-0.0413571,0.0697220,-0.1431296,0.0000000,0.0000000,0.0000000,1.0000000,0.0022874,-0.0198046,-0.0895275,0.2835975,-0.3679171,-0.2871757,-0.0024465,0.0198915,-0.0908642,0.2809972,-0.3714478,-0.2826507,-0.4385371,0.0000158,0.0000050,0.0590804,0.0000000,-0.4385371,0.0000178,-0.0000040,0.0564695,0.0000000
-0.0413571,0.0697220,-0.1431296,0.0000000,0.0000000,0.0000000,1.0000000,0.0022874,-0.0198046,-0.0895275,0.2835975,-0.3679171,-0.2871757,-0.0024465,0.0198915,-0.0908642,0.2809972,-0.3714478,-0.2826507,-0.4243457,0.0000153,0.0000048,0.0590804,0.0000000,-0.4243457,0.0000173,-0.0000038,0.0564695,0.0000000
-0.0413571,0.0697220,-0.1431296,0.0000000,0.0000000,0.0000000,1.0000000,0.0022874,-0.0198046,-0.0895275,0.2835975,-0.3679171,-0.2871757,-0.0024465,0.0198915,-0.0908642,0.2809972,-0.3714478,-0.2826507,-0.4047324,0.0000146,0.0000044,0.0590804,0.0000000,-0.4047324,0.0000165,-0.0000034,0.0564695,0.0000000
-0.0413571,0.0697220,-0.1431296,0.0000000,0.0000000,0.0000000,1.0000000,0.0022874,-0.0198046,-0.0895275,0.2835975,-0.3679171,-0.2871757,-0.0024465,0.0198915,-0.0908642,0.2809972,-0.3714478,-0.2826507,-0.3799476,0.0000138,0.0000040,0.0590804,0.0000000,-0.3799476,0.0000155,-0.0000030,0.0564695,0.0000000
-0.0413571,0.0697220,-0.1431296,0.0000000,0.0000000,0.0000000,1.0000000,0.0022874,-0.0198046,-0.0895275,0.2835975,-0.3679171,-0.2871757,-0.0024465,0.0198915,-0.0908642,0.2809972,-0.3714478,-0.2826507,-0.3503080,0.0000128,0.0000035,0.0590804,0.0000000,-0.3503080,0.0000144,-0.0000026,0.0564695,0.0000000
-0.0413571,0.0697220,-0.1431296,0.0000000,0.0000000,0.0000000,1.0000000,0.0022874,-0.0198046,-0.0895275,0.2835975,-0.3679171,-0.2871757,-0.0024465,0.0198915,-0.0908642,0.2809972,-0.3714478,-0.2826507,-0.3161925,0.0000116,0.0000029,0.0590804,0.0000000,-0.3161925,0.0000130,-0.0000021,0.0564695,0.0000000
-0.0413571,0.0697220,-0.1431296,0.0000000,0.0000000,0.0000000,1.0000000,0.0022874,-0.0198046,-0.0895275,0.2835975,-0.3679171,-0.2871757,-0.0024465,0.0198915,-0.0908642,0.2809972,-0.3714478,-0.2826507,-0.2780368,0.0000103,0.0000024,0.0590804,0.0000000,-0.2780368,0.0000115,-0.0000016,0.0564695,0.0000000
-0.0413571,0.0697220,-0.1431296,0.0000000,0.0000000,0.0000000,1.0000000,0.0022874,-0.0198046,-0.0895275,0.2835975,-0.3679171,-0.2871757,-0.0024465,0.0198915,-0.0908642,0.2809972,-0.3714478,-0.2826507,-0.2363286,0.0000088,0.0000018,0.0590804,0.0000000,-0.2363286,0.0000098,-0.0000012,0.0564695,0.0000000
-0.0413571,0.0697220,-0.1431296,0.0000000,0.0000000,0.0000000,1.0000000,0.0022874,-0.0198046,-0.0895275,0.2835975,-0.3679171,-0.2871757,-0.0024465,0.0198915,-0.0908642,0.2809972,-0.3714478,-0.2826507,-0.1916007,0.0000071,0.0000013,0.0590804,0.0000000,-0.1916007,0.0000080,-0.0000008,0.0564695,0.0000000
-0.0413571,0.0697220,-0.1431296,0.0000000,0.0000000,0.0000000,1.0000000,0.0022874,-0.0198046,-0.0895275,0.2835975,-0.3679171,-0.2871757,-0.0024465,0.0198915,-0.0908642,0.2809972,-0.3714478,-0.2826507,-0.1444246,0.0000054,0.0000009,0.0590804,0.0000000,-0.1444246,0.0000060,-0.0000005,0.0564695,0.0000000
-0.0413571,0.0697220,-0.1431296,0.0000000,0.0000000,0.0000000,1.0000000,0.0022874,-0.0198046,-0.0895275,0.2835975,-0.3679171,-0.2871757,-0.0024465,0.0198915,-0.0908642,0.2809972,-0.3714478,-0.2826507,-0.0954032,0.0000036,0.0000005,0.0590804,0.0000000,-0.0954032,0.0000040,-0.0000002,0.0564695,0.0000000
-0.0413571,0.0697220,-0.1431296,0.0000000,0.0000000,0.0000000,1.0000000,0.0022874,-0.0198046,-0.0895275,0.2835975,-0.3679171,-0.2871757,-0.0024465,0.0198915,-0.0908642,0.2809972,-0.3714478,-0.2826507,-0.0451628,0.0000017,0.0000002,0.0590804,0.0000000,-0.0451628,0.0000019,-0.0000000,0.0564695,0.0000000
-0.0413571,0.0697220,-0.1431296,0.0000000,0.0000000,0.0000000,1.0000000,0.0022874,-0.0198046,-0.0895275,0.2835975,-0.3679171,-0.2871757,-0.0024465,0.0198915,-0.0908642,0.2809972,-0.3714478,-0.2826507,0.0056547,-0.0000002,-0.0000000,0.0590804,0.0000000,0.0056547,-0.0000002,-0.0000000,0.0564695,0.0000000
-0.0413571,0.0697220,-0.1431296,0.0000000,0.0000000,0.0000000,1.0000000,0.0022874,-0.0198046,-0.0895275,0.2835975,-0.3679171,-0.2871757,-0.0024465,0.0198915,-0.0908642,0.2809972,-0.3714478,-0.2826507,0.0564000,-0.0000021,-0.0000001,0.0590804,0.0000000,0.0564000,-0.0000024,-0.0000001,0.0564695,0.0000000
-0.0413571,0.0697220,-0.1431296,0.0000000,0.0000000,0.0000000,1.0000000,0.0022874,-0.0198046,-0.0895275,0.2835975,-0.3679171,-0.2871757,-0.0024465,0.0198915,-0.0908642,0.2809972,-0.3714478,-0.2826507,0.1064245,-0.0000040,-0.0000001,0.0590804,0.0000000,0.1064246,-0.0000045,-0.0000002,0.0564695,0.0000000
-0.0413571,0.0697220,-0.1431296,0.0000000,0.0000000,0.0000000,1.0000000,0.0022874,-0.0198046,-0.0895275,0.2835975,-0.3679171,-0.2871757,-0.0024465,0.0198915,-0.0908642,0.2809972,-0.3714478,-0.2826507,0.1550893,-0.0000059,-0.0000001,0.0590804,0.0000000,0.1550893,-0.0000065,-0.0000005,0.0564695,0.0000000
-0.0413571,0.0697220,-0.1431296,0.0000000,0.0000000,0.0000000,1.0000000,0.0022874,-0.0198046,-0.0895275,0.2835975,-0.3679171,-0.2871757,-0.0024465,0.0198915,-0.0908642,0.2809972,-0.3714478,-0.2826507,0.2017724,-0.0000077,0.0000001,0.0590804,0.0000000,0.2017725,-0.0000084,-0.0000008,0.0564695,0.0000000
-0.0413571,0.0697220,-0.1431296,0.0000000,0.0000000,0.0000000,1.0000000,0.0022874,-0.0198046,-0.0895275,0.2835975,-0.3679171,-0.2871757,-0.0024465,0.0198915,-0.0908642,0.2809972,-0.3714478,-0.2826507,0.2458775,-0.0000093,0.0000003,0.0590804,0.0000000,0.2458775,-0.0000102,-0.0000012,0.0564695,0.0000000
-0.0413571,0.0697220,-0.1431296,0.0000000,0.0000000,0.0000000,1.0000000,0.0022874,-0.0198046,-0.0895275,0.2835975,-0.3679171,-0.2871757,-0.0024465,0.0198915,-0.0908642,0.2809972,-0.3714478,-0.2826507,0.2868408,-0.0000108,0.0000006,0.0590804,0.0000000,0.2868408,-0.0000119,-0.0000017,0.0564695,0.0000000
-0.0413571,0.0697220,-0.1431296,0.0000000,0.0000000,0.0000000,1.0000000,0.0022874,-0.0198046,-0.0895275,0.2835975,-0.3679171,-0.2871757,-0.0024465,0.0198915,-0.0908642,0.2809972,-0.3714478,-0.2826507,0.3241391,-0.0000122,0.0000009,0.0590804,0.0000000,0.3241391,-0.0000134,-0.0000021,0.0564695,0.0000000
-0.0413571,0.0697220,-0.1431296,0.0000000,0.0000000,0.0000000,1.0000000,0.0022874,-0.0198046,-0.0895275,0.2835975,-0.3679171,-0.2871757,-0.0024465,0.0198915,-0.0908642,0.2809972,-0.3714478,-0.2826507,0.3572957,-0.0000135,0.0000012,0.0590804,0.0000000,0.3572957,-0.0000147,-0.0000026,0.0564695,0.0000000
-0.0413571,0.0697220,-0.1431296,0.0000000,0.0000000,0.0000000,1.0000000,0.0022874,-0.0198046,-0.0895275,0.2835975,-0.3679171,-0.2871757,-0.0024465,0.0198915,-0.0908642,0.2809972,-0.3714478,-0.2826507,0.3858870,-0.0000145,0.0000015,0.0590804,0.0000000,0.3858870,-0.0000158,-0.0000030,0.0564695,0.0000000
-0.0413571,0.0697220,-0.1431296,0.0000000,0.0000000,0.0000000,1.0000000,0.0022874,-0.0198046,-0.0895275,0.2835975,-0.3679171,-0.2871757,-0.0024465,0.0198915,-0.0908642,0.2809972,-0.3714478,-0.2826507,0.4095477,-0.0000154,0.0000018,0.0590804,0.0000000,0.4095477,-0.0000167,-0.0000034,0.0564695,0.0000000
-0.0413571,0.0697220,-0.1431296,0.0000000,0.0000000,0.0000000,1.0000000,0.0022874,-0.0198046,-0.0895275,0.2835975,-0.3679171,-0.2871757,-0.0024465,0.0198915,-0.0908642,0.2809972,-0.3714478,-0.2826507,0.4279754,-0.0000160,0.0000020,0.0590804,0.0000000,0.4279754,-0.0000174,-0.0000037,0.0564695,0.0000000
-0.0413571,0.0697220,-0.1431296,0.0000000,0.0000000,0.0000000,1.0000000,0.0022874,-0.0198046,-0.0895275,0.2835975,-0.3679171,-0.2871757,-0.0024465,0.0198915,-0.0908642,0.2809972,-0.3714478,-0.2826507,0.4409348,-0.0000165,0.0000022,0.0590804,0.0000000,0.4409348,-0.0000179,-0.0000040,0.0564695,0.0000000
-0.0413571,0.0697220,-0.1431296,0.0000000,0.0000000,0.0000000,1.0000000,0.0022874,-0.0198046,-0.0895275,0.2835975,-0.3679171,-0.2871757,-0.0024465,0.0198915,-0.0908642,0.2809972,-0.3714478,-0.2826507,0.4482601,-0.0000167,0.0000023,0.0590804,0.0000000,0.4482601,-0.0000182,-0.0000041,0.0564695,0.0000000
-0.0413571,0.0697220,-0.1431296,0.0000000,0.0000000,0.0000000,1.0000000,0.0022874,-0.0198046,-0.0895275,0.2835975,-0.3679171,-0.2871757,-0.0024465,0.0198915,-0.0908642,0.2809972,-0.3714478,-0.2826507,0.4498579,-0.0000168,0.0000023,0.0590804,0.0000000,0.4498579,-0.0000182,-0.0000041,0.0564695,0.0000000
-0.0413571,0.0697220,-0.1431296,0.0000000,0.0000000,0.0000000,1.0000000,0.0022874,-0.0198046,-0.0895275,0.2835975,-0.3679171,-0.2871757,-0.0024465,0.0198915,-0.0908642,0.2809972,-0.3714478,-0.2826507,0.4457076,-0.0000167,0.0000022,0.0590804,0.0000000,0.4457076,-0.0000181,-0.0000040,0.0564695,0.0000000
-0.0413571,0.0697220,-0.1431296,0.0000000,0.0000000,0.0000000,1.0000000,0.0022874,-0.0198046,-0.0895275,0.2835975,-0.3679171,-0.2871757,-0.0024465,0.0198915,-0.0908642,0.2809972,-0.3714478,-0.2826507,0.4358624,-0.0000163,0.0000021,0.0590804,0.0000000,0.4358624,-0.0000177,-0.0000039,0.0564695,0.0000000
-0.0413571,0.0697220,-0.1431296,0.0000000,0.0000000,0.0000000,1.0000000,0.0022874,-0.0198046,-0.0895275,0.2835975,-0.3679171,-0.2871757,-0.0024465,0.0198915,-0.0908642,0.2809972,-0.3714478,-0.2826507,0.4204480,-0.0000157,0.0000019,0.0590804,0.0000000,0.4204480,-0.0000171,-0.0000036,0.0564695,0.0000000
-0.0413571,0.0697220,-0.1431296,0.0000000,0.0000000,0.0000000,1.0000000,0.0022874,-0.0198046,-0.0895275,0.2835975,-0.3679171,-0.2871757,-0.0024465,0.0198915,-0.0908642,0.2809972,-0.3714478,-0.2826507,0.3996614,-0.0000150,0.0000017,0.0590804,0.0000000,0.3996614,-0.0000163,-0.0000033,0.0564695,0.0000000
-0.0413571,0.0697220,-0.1431296,0.0000000,0.0000000,0.0000000,1.0000000,0.0022874,-0.0198046,-0.0895275,0.2835975,-0.3679171,-0.2871757,-0.0024465,0.0198915,-0.0908642,0.2809972,-0.3714478,-0.2826507,0.3737682,-0.0000141,0.0000014,0.0590804,0.0000000,0.3737682,-0.0000153,-0.0000029,0.0564695,0.0000000
-0.0413571,0.0697220,-0.1431296,0.0000000,0.0000000,0.0000000,1.0000000,0.0022874,-0.0198046,-0.0895275,0.2835975,-0.3679171,-0.2871757,-0.0024465,0.0198915,-0.0908642,0.2809972,-0.3714478,-0.2826507,0.3430991,-0.0000129,0.0000011,0.0590804,0.0000000,0.3430991,-0.0000141,-0.0000024,0.0564695,0.0000000
-0.0413571,0.0697220,-0.1431296,0.0000000,0.0000000,0.0000000,1.0000000,0.0022874,-0.0198046,-0.0895275,0.2835975,-0.3679171,-0.2871757,-0.0024465,0.0198915,-0.0908642,0.2809972,-0.3714478,-0.2826507,0.3080462,-0.0000116,0.0000008,0.0590804,0.0000000,0.3080462,-0.0000127,-0.0000019,0.0564695,0.0000000
-0.0413571,0.0697220,-0.1431296,0.0000000,0.0000000,0.0000000,1.0000000,0.0022874,-0.0198046,-0.0895275,0.2835975,-0.3679171,-0.2871757,-0.0024465,0.0198915,-0.0908642,0.2809972,-0.3714478,-0.2826507,0.2690572,-0.0000102,0.0000005,0.0590804,0.0000000,0.2690572,-0.0000112,-0.0000015,0.0564695,0.0000000
-0.0413571,0.0697220,-0.1431296,0.0000000,0.0000000,0.0000000,1.0000000,0.0022874,-0.0198046,-0.0895275,0.2835975,-0.3679171,-0.2871757,-0.0024465,0.0198915,-0.0908642,0.2809972,-0.3714478,-0.2826507,0.2266304,-0.0000086,0.0000002,0.0590804,0.0000000,0.2266304,-0.0000094,-0.0000010,0.0564695,0.0000000
-0.0413571,0.0697220,-0.1431296,0.0000000,0.0000000,0.0000000,1.0000000,0.0022874,-0.0198046,-0.0895275,0.2835975,-0.3679171,-0.2871757,-0.0024465,0.0198915,-0.0908642,0.2809972,-0.3714478,-0.2826507,0.1813079,-0.0000069,0.0000000,0.0590804,0.0000000,0.1813079,-0.0000076,-0.0000007,0.0564695,0.0000000
-0.0413571,0.0697220,-0.1431296,0.0000000,0.0000000,0.0000000,1.0000000,0.0022874,-0.0198046,-0.0895275,0.2835975,-0.3679171,-0.2871757,-0.0024465,0.0198915,-0.0908642,0.2809972,-0.3714478,-0.2826507,0.1336687,-0.0000051,-0.0000001,0.0590804,0.0000000,0.1336687,-0.0000056,-0.0000004,0.0564695,0.0000000
-0.0413571,0.0697220,-0.1431296,0.0000000,0.0000000,0.0000000,1.0000000,0.0022874,-0.0198046,-0.0895275,0.2835975,-0.3679171,-0.2871757,-0.0024465,0.0198915,-0.0908642,0.2809972,-0.3714478,-0.2826507,0.0843216,-0.0000032,-0.0000002,0.0590804,0.0000000,0.0843216,-0.0000035,-0.0000001,0.0564695,0.0000000
-0.0413571,0.0697220,-0.1431296,0.0000000,0.0000000,0.0000000,1.0000000,0.0022874,-0.0198046,-0.0895275,0.2835975,-0.3679171,-0.2871757,-0.0024465,0.0198915,-0.0908642,0.2809972,-0.3714478,-0.2826507,0.0338971,-0.0000013,-0.0000001,0.0590804,0.0000000,0.0338971,-0.0000014,-0.0000000,0.0564695,0.0000000
-0.0413571,0.0697220,-0.1431296,0.0000000,0.0000000,0.0000000,1.0000000,0.0022874,-0.0198046,-0.0895275,0.2835975,-0.3679171,-0.2871757,-0.0024465,0.0198915,-0.0908642,0.2809972,-0.3714478,-0.2826507,-0.0169606,0.0000006,0.0000001,0.0590804,0.0000000,-0.0169606,0.0000007,-0.0000000,0.0564695,0.0000000
-0.0413571,0.0697220,-0.1431296,0.0000000,0.0000000,0.0000000,1.0000000,0.0022874,-0.0198046,-0.0895275,0.2835975,-0.3679171,-0.2871757,-0.0024465,0.0198915,-0.0908642,0.2809972,-0.3714478,-0.2826507,-0.0676015,0.0000025,0.0000003,0.0590804,0.0000000,-0.0676015,0.0000028,-0.0000001,0.0564695,0.0000000
-0.0413571,0.0697220,-0.1431296,0.0000000,0.0000000,0.0000000,1.0000000,0.0022874,-0.0198046,-0.0895275,0.2835975,-0.3679171,-0.2871757,-0.0024465,0.0198915,-0.0908642,0.2809972,-0.3714478,-0.2826507,-0.1173787,0.0000044,0.0000007,0.0590804,0.0000000,-0.1173787,0.0000049,-0.0000003,0.0564695,0.0000000
-0.0413571,0.0697220,-0.1431296,0.0000000,0.0000000,0.0000000,1.0000000,0.0022874,-0.0198046,-0.0895275,0.2835975,-0.3679171,-0.2871757,-0.0024465,0.0198915,-0.0908642,0.2809972,-0.3714478,-0.2826507,-0.1656561,0.0000062,0.0000011,0.0590804,0.0000000,-0.1656561,0.0000069,-0.0000006,0.0564695,0.0000000
-0.0413571,0.0697220,-0.1431296,0.0000000,0.0000000,0.0000000,1.0000000,0.0022874,-0.0198046,-0.0895275,0.2835975,-0.3679171,-0.2871757,-0.0024465,0.0198915,-0.0908642,0.2809972,-0.3714478,-0.2826507,-0.2118168,0.0000079,0.0000016,0.0590804,0.0000000,-0.2118168,0.0000088,-0.0000010,0.0564695,0.0000000
-0.0413571,0.0697220,-0.1431296,0.0000000,0.0000000,0.0000000,1.0000000,0.0022874,-0.0198046,-0.0895275,0.2835975,-0.3679171,-0.2871757,-0.0024465,0.0198915,-0.0908642,0.2809972,-0.3714478,-0.2826507,-0.2552710,0.0000094,0.0000021,0.0590804,0.0000000,-0.2552710,0.0000106,-0.0000014,0.0564695,0.0000000
-0.0413571,0.0697220,-0.1431296,0.0000000,0.0000000,0.0000000,1.0000000,0.0022874,-0.0198046,-0.0895275,0.2835975,-0.3679171,-0.2871757,-0.0024465,0.0198915,-0.0908642,0.2809972,-0.3714478,-0.2826507,-0.2954636,0.0000109,0.0000026,0.0590804,0.0000000,-0.2954636,0.0000122,-0.0000019,0.0564695,0.0000000
-0.0413571,0.0697220,-0.1431296,0.0000000,0.0000000,0.0000000,1.0000000,0.0022874,-0.0198046,-0.0895275,0.2835975,-0.3679171,-0.2871757,-0.0024465,0.0198915,-0.0908642,0.2809972,-0.3714478,-0.2826507,-0.3318809,0.0000121,0.0000032,0.0590804,0.0000000,-0.3318809,0.0000137,-0.0000023,0.0564695,0.0000000
-0.0413571,0.0697220,-0.1431296,0.0000000,0.0000000,0.0000000,1.0000000,0.0022874,-0.0198046,-0.0895275,0.2835975,-0.3679171,-0.2871757,-0.0024465,0.0198915,-0.0908642,0.2809972,-0.3714478,-0.2826507,-0.3640577,0.0000133,0.0000037,0.0590804,0.0000000,-0.3640577,0.0000149,-0.0000028,0.0564695,0.0000000
-0.0413571,0.0697220,-0.1431296,0.0000000,0.0000000,0.0000000,1.0000000,0.0022874,-0.0198046,-0.0895275,0.2835975,-0.3679171,-0.2871757,-0.0024465,0.0198915,-0.0908642,0.2809972,-0.3714478,-0.2826507,-0.3915827,0.0000142,0.0000042,0.0590804,0.0000000,-0.3915827,0.0000160,-0.0000032,0.0564695,0.0000000
-0.0413571,0.0697220,-0.1431296,0.0000000,0.0000000,0.0000000,1.0000000,0.0022874,-0.0198046,-0.0895275,0.2835975,-0.3679171,-0.2871757,-0.0024465,0.0198915,-0.0908642,0.2809972,-0.3714478,-0.2826507,-0.4141043,0.0000149,0.0000046,0.0590804,0.0000000,-0.4141043,0.0000169,-0.0000036,0.0564695,0.0000000
-0.0413571,0.0697220,-0.1431296,0.0000000,0.0000000,0.0000000,1.0000000,0.0022874,-0.0198046,-0.0895275,0.2835975,-0.3679171,-0.2871757,-0.0024465,0.0198915,-0.0908642,0.2809972,-0.3714478,-0.2826507,-0.4313348,0.0000155,0.0000049,0.0590804,0.0000000,-0.4313348,0.0000175,-0.0000039,0.0564695,0.0000000
-0.0413571,0.0697220,-0.1431296,0.0000000,0.0000000,0.0000000,1.0000000,0.0022874,-0.0198046,-0.0895275,0.2835975,-0.3679171,-0.2871757,-0.0024465,0.0198915,-0.0908642,0.2809972,-0.3714478,-0.2826507,-0.4430540,0.0000159,0.0000051,0.0590804,0.0000000,-0.4430540,0.0000180,-0.0000041,0.0564695,0.0000000
-0.0413571,0.0697220,-0.1431296,0.0000000,0.0000000,0.0000000,1.0000000,0.0022874,-0.0198046,-0.0895275,0.2835975,-0.3679171,-0.2871757,-0.0024465,0.0198915,-0.0908642,0.2809972,-0.3714478,-0.2826507,-0.4491120,0.0000161,0.0000052,0.0590804,0.0000000,-0.4491120,0.0000182,-0.0000042,0.0564695,0.0000000
-0.0413571,0.0697220,-0.1431296,0.0000000,0.0000000,0.0000000,1.0000000,0.0022874,-0.0198046,-0.0895275,0.2835975,-0.3679171,-0.2871757,-0.0024465,0.0198915,-0.0908642,0.2809972,-0.3714478,-0.2826507,-0.4494316,0.0000161,0.0000052,0.0590804,0.0000000,-0.4494316,0.0000182,-0.0000042,0.0564695,0.0000000
-0.0413571,0.0697220,-0.1431296,0.0000000,0.0000000,0.0000000,1.0000000,0.0022874,-0.0198046,-0.0895275,0.2835975,-0.3679171,-0.2871757,-0.0024465,0.0198915,-0.0908642,0.2809972,-0.3714478,-0.2826507,-0.4440087,0.0000159,0.0000051,0.0590804,0.0000000,-0.4440087,0.0000180,-0.0000041,0.0564695,0.0000000
-0.0413571,0.0697220,-0.1431296,0.0000000,0.0000000,0.0000000,1.0000000,0.0022874,-0.0198046,-0.0895275,0.2835975,-0.3679171,-0.2871757,-0.0024465,0.0198915,-0.0908642,0.2809972,-0.3714478,-0.2826507,-0.4329125,0.0000156,0.0000049,0.0590804,0.0000000,-0.4329125,0.0000176,-0.0000039,0.0564695,0.0000000
-0.0413571,0.0697220,-0.1431296,0.0000000,0.0000000,0.0000000,1.0000000,0.0022874,-0.0198046,-0.0895275,0.2835975,-0.3679171,-0.2871757,-0.0024465,0.0198915,-0.0908642,0.2809972,-0.3714478,-0.2826507,-0.4162847,0.0000150,0.0000046,0.0590804,0.0000000,-0.4162847,0.0000169,-0.0000036,0.0564695,0.0000000
-0.0413571,0.0697220,-0.1431296,0.0000000,0.0000000,0.0000000,1.0000000,0.0022874,-0.0198046,-0.0895275,0.2835975,-0.3679171,-0.2871757,-0.0024465,0.0198915,-0.0908642,0.2809972,-0.3714478,-0.2826507,-0.3943380,0.0000143,0.0000042,0.0590804,0.0000000,-0.3943380,0.0000161,-0.0000033,0.0564695,0.0000000
-0.0413571,0.0697220,-0.1431296,0.0000000,0.0000000,0.0000000,1.0000000,0.0022874,-0.0198046,-0.0895275,0.2835975,-0.3679171,-0.2871757,-0.0024465,0.0198915,-0.0908642,0.2809972,-0.3714478,-0.2826507,-0.3673527,0.0000134,0.0000037,0.0590804,0.0000000,-0.3673527,0.0000151,-0.0000028,0.0564695,0.0000000
-0.0413571,0.0697220,-0.1431296,0.0000000,0.0000000,0.0000000,1.0000000,0.0022874,-0.0198046,-0.0895275,0.2835975,-0.3679171,-0.2871757,-0.0024465,0.0198915,-0.0908642,0.2809972,-0.3714478,-0.2826507,-0.3356735,0.0000123,0.0000032,0.0590804,0.0000000,-0.3356735,0.0000138,-0.0000024,0.0564695,0.0000000
-0.0413571,0.0697220,-0.1431296,0.0000000,0.0000000,0.0000000,1.0000000,0.0022874,-0.0198046,-0.0895275,0.2835975,-0.3679171,-0.2871757,-0.0024465,0.0198915,-0.0908642,0.2809972,-0.3714478,-0.2826507,-0.2997053,0.0000110,0.0000027,0.0590804,0.0000000,-0.2997053,0.0000124,-0.0000019,0.0564695,0.0000000
-0.0413571,0.0697220,-0.1431296,0.0000000,0.0000000,0.0000000,1.0000000,0.0022874,-0.0198046,-0.0895275,0.2835975,-0.3679171,-0.2871757,-0.0024465,0.0198915,-0.0908642,0.2809972,-0.3714478,-0.2826507,-0.2599077,0.0000096,0.0000021,0.0590804,0.0000000,-0.2599077,0.0000108,-0.0000014,0.0564695,0.0000000
-0.0413571,0.0697220,-0.1431296,0.0000000,0.0000000,0.0000000,1.0000000,0.0022874,-0.0198046,-0.0895275,0.2835975,-0.3679171,-0.2871757,-0.0024465,0.0198915,-0.0908642,0.2809972,-0.3714478,-0.2826507,-0.2167892,0.0000081,0.0000016,0.0590804,0.0000000,-0.2167892,0.0000090,-0.0000010,0.0564695,0.0000000
-0.0413571,0.0697220,-0.1431296,0.0000000,0.0000000,0.0000000,1.0000000,0.0022874,-0.0198046,-0.0895275,0.2835975,-0.3679171,-0.2871757,-0.0024465,0.0198915,-0.0908642,0.2809972,-0.3714478,-0.2826507,-0.1709006,0.0000064,0.0000011,0.0590804,0.0000000,-0.1709006,0.0000071,-0.0000006,0.0564695,0.0000000
-0.0413571,0.0697220,-0.1431296,0.0000000,0.0000000,0.0000000,1.0000000,0.0022874,-0.0198046,-0.0895275,0.2835975,-0.3679171,-0.2871757,-0.0024465,0.0198915,-0.0908642,0.2809972,-0.3714478,-0.2826507,-0.1228284,0.0000046,0.0000007,0.0590804,0.0000000,-0.1228284,0.0000051,-0.0000003,0.0564695,0.0000000
-0.0413571,0.0697220,-0.1431296,0.0000000,0.0000000,0.0000000,1.0000000,0.0022874,-0.0198046,-0.0895275,0.2835975,-0.3679171,-0.2871757,-0.0024465,0.0198915,-0.0908642,0.2809972,-0.3714478,-0.2826507,-0.0731867,0.0000028,0.0000003,0.0590804,0.0000000,-0.0731867,0.0000031,-0.0000001,0.0564695,0.0000000
-0.0413571,0.0697220,-0.1431296,0.0000000,0.0000000,0.0000000,1.0000000,0.0022874,-0.0198046,-0.0895275,0.2835975,-0.3679171,-0.2871757,-0.0024465,0.0198915,-0.0908642,0.2809972,-0.3714478,-0.2826507,-0.0226099,0.0000009,0.0000001,0.0590804,0.0000000,-0.0226099,0.0000009,-0.0000000,0.0564695,0.0000000
-0.0413571,0.0697220,-0.1431296,0.0000000,0.0000000,0.0000000,1.0000000,0.0022874,-0.0198046,-0.0895275,0.2835975,-0.3679171,-0.2871757,-0.0024465,0.0198915,-0.0908642,0.2809972,-0.3714478,-0.2826507,0.0282557,-0.0000011,-0.0000001,0.0590804,0.0000000,0.0282557,-0.0000012,-0.0000000,0.0564695,0.0000000
-0.0413571,0.0697220,-0.1431296,0.0000000,0.0000000,0.0000000,1.0000000,0.0022874,-0.0198046,-0.0895275,0.2835975,-0.3679171,-0.2871757,-0.0024465,0.0198915,-0.0908642,0.2809972,-0.3714478,-0.2826507,0.0787604,-0.0000030,-0.0000002,0.0590804,0.0000000,0.0787604,-0.0000033,-0.0000001,0.0564695,0.0000000
-0.0413571,0.0697220,-0.1431296,0.0000000,0.0000000,0.0000000,1.0000000,0.0022874,-0.0198046,-0.0895275,0.2835975,-0.3679171,-0.2871757,-0.0024465,0.0198915,-0.0908642,0.2809972,-0.3714478,-0.2826507,0.1282587,-0.0000049,-0.0000001,0.0590804,0.0000000,0.1282587,-0.0000054,-0.0000003,0.0564695,0.0000000
-0.0413571,0.0697220,-0.1431296,0.0000000,0.0000000,0.0000000,1.0000000,0.0022874,-0.0198046,-0.0895275,0.2835975,-0.3679171,-0.2871757,-0.0024465,0.0198915,-0.0908642,0.2809972,-0.3714478,-0.2826507,0.1761182,-0.0000067,-0.0000000,0.0590804,0.0000000,0.1761182,-0.0000074,-0.0000006,0.0564695,0.0000000
-0.0413571,0.0697220,-0.1431296,0.0000000,0.0000000,0.0000000,1.0000000,0.0022874,-0.0198046,-0.0895275,0.2835975,-0.3679171,-0.2871757,-0.0024465,0.0198915,-0.0908642,0.2809972,-0.3714478,-0.2826507,0.2217273,-0.0000084,0.0000002,0.0590804,0.0000000,0.2217273,-0.0000092,-0.0000010,0.0564695,0.0000000
-0.0413571,0.0697220,-0.1431296,0.0000000,0.0000000,0.0000000,1.0000000,0.0022874,-0.0198046,-0.0895275,0.2835975,-0.3679171,-0.2871757,-0.0024465,0.0198915,-0.0908642,0.2809972,-0.3714478,-0.2826507,0.2645034,-0.0000100,0.0000004,0.0590804,0.0000000,0.2645034,-0.0000110,-0.0000014,0.0564695,0.0000000
-0.0413571,0.0697220,-0.1431296,0.0000000,0.0000000,0.0000000,1.0000000,0.0022874,-0.0198046,-0.0895275,0.2835975,-0.3679171,-0.2871757,-0.0024465,0.0198915,-0.0908642,0.2809972,-0.3714478,-0.2826507,0.3038998,-0.0000115,0.0000007,0.0590804,0.0000000,0.3038998,-0.0000126,-0.0000019,0.0564695,0.0000000
-0.0413571,0.0697220,-0.1431296,0.0000000,0.0000000,0.0000000,1.0000000,0.0022874,-0.0198046,-0.0895275,0.2835975,-0.3679171,-0.2871757,-0.0024465,0.0198915,-0.0908642,0.2809972,-0.3714478,-0.2826507,0.3394131,-0.0000128,0.0000010,0.0590804,0.0000000,0.3394131,-0.0000140,-0.0000024,0.0564695,0.0000000
-0.0413571,0.0697220,-0.1431296,0.0000000,0.0000000,0.0000000,1.0000000,0.0022874,-0.0198046,-0.0895275,0.2835975,-0.3679171,-0.2871757,-0.0024465,0.0198915,-0.0908642,0.2809972,-0.3714478,-0.2826507,0.3705897,-0.0000139,0.0000013,0.0590804,0.0000000,0.3705897,-0.0000152,-0.0000028,0.0564695,0.0000000
-0.0413571,0.0697220,-0.1431296,0.0000000,0.0000000,0.0000000,1.0000000,0.0022874,-0.0198046,-0.0895275,0.2835975,-0.3679171,-0.2871757,-0.0024465,0.0198915,-0.0908642,0.2809972,-0.3714478,-0.2826507,0.3970311,-0.0000149,0.0000016,0.0590804,0.0000000,0.3970311,-0.0000162,-0.0000032,0.0564695,0.0000000
-0.0413571,0.0697220,-0.1431296,0.0000000,0.0000000,0.0000000,1.0000000,0.0022874,-0.0198046,-0.0895275,0.2835975,-0.3679171,-0.2871757,-0.0024465,0.0198915,-0.0908642,0.2809972,-0.3714478,-0.2826507,0.4183994,-0.0000157,0.0000019,0.0590804,0.0000000,0.4183994,-0.0000171,-0.0000036,0.0564695,0.0000000
-0.0413571,0.0697220,-0.1431296,0.0000000,0.0000000,0.0000000,1.0000000,0.0022874,-0.0198046,-0.0895275,0.2835975,-0.3679171,-0.2871757,-0.0024465,0.0198915,-0.0908642,0.2809972,-0.3714478,-0.2826507,0.4344217,-0.0000162,0.0000021,0.0590804,0.0000000,0.4344217,-0.0000177,-0.0000038,0.0564695,0.0000000
-0.0413571,0.0697220,-0.1431296,0.0000000,0.0000000,0.0000000,1.0000000,0.0022874,-0.0198046,-0.0895275,0.2835975,-0.3679171,-0.2871757,-0.0024465,0.0198915,-0.0908642,0.2809972,-0.3714478,-0.2826507,0.4448933,-0.0000166,0.0000022,0.0590804,0.0000000,0.4448933,-0.0000181,-0.0000040,0.0564695,0.0000000
-0.0413571,0.0697220,-0.1431296,0.0000000,0.0000000,0.0000000,1.0000000,0.0022874,-0.0198046,-0.0895275,0.2835975,-0.3679171,-0.2871757,-0.0024465,0.0198915,-0.0908642,0.2809972,-0.3714478,-0.2826507,0.4496803,-0.0000168,0.0000023,0.0590804,0.0000000,0.4496803,-0.0000182,-0.0000041,0.0564695,0.0000000
-0.0413571,0.0697220,-0.1431296,0.0000000,0.0000000,0.0000000,1.0000000,0.0022874,-0.0198046,-0.0895275,0.2835975,-0.3679171,-0.2871757,-0.0024465,0.0198915,-0.0908642,0.2809972,-0.3714478,-0.2826507,0.4487215,-0.0000168,0.0000023,0.0590804,0.0000000,0.4487215,-0.0000182,-0.0000041,0.0564695,0.0000000
-0.0413571,0.0697220,-0.1431296,0.0000000,0.0000000,0.0000000,1.0000000,0.0022874,-0.0198046,-0.0895275,0.2835975,-0.3679171,-0.2871757,-0.0024465,0.0198915,-0.0908642,0.2809972,-0.3714478,-0.2826507,0.4420293,-0.0000165,0.0000022,0.0590804,0.0000000,0.4420293,-0.0000180,-0.0000040,0.0564695,0.0000000
-0.0413571,0.0697220,-0.1431296,0.0000000,0.0000000,0.0000000,1.0000000,0.0022874,-0.0198046,-0.0895275,0.2835975,-0.3679171,-0.2871757,-0.0024465,0.0198915,-0.0908642,0.2809972,-0.3714478,-0.2826507,0.4296890,-0.0000161,0.0000020,0.0590804,0.0000000,0.4296891,-0.0000175,-0.0000038,0.0564695,0.0000000
-0.0413571,0.0697220,-0.1431296,0.0000000,0.0000000,0.0000000,1.0000000,0.0022874,-0.0198046,-0.0895275,0.2835975,-0.3679171,-0.2871757,-0.0024465,0.0198915,-0.0908642,0.2809972,-0.3714478,-0.2826507,0.4118585,-0.0000154,0.0000018,0.0590804,0.0000000,0.4118585,-0.0000168,-0.0000035,0.0564695,0.0000000
-0.0413571,0.0697220,-0.1431296,0.0000000,0.0000000,0.0000000,1.0000000,0.0022874,-0.0198046,-0.0895275,0.2835975,-0.3679171,-0.2871757,-0.0024465,0.0198915,-0.0908642,0.2809972,-0.3714478,-0.2826507,0.3887655,-0.0000146,0.0000015,0.0590804,0.0000000,0.3887655,-0.0000159,-0.0000031,0.0564695,0.0000000
-0.0413571,0.0697220,-0.1431296,0.0000000,0.0000000,0.0000000,1.0000000,0.0022874,-0.0198046,-0.0895275,0.2835975,-0.3679171,-0.2871757,-0.0024465,0.0198915,-0.0908642,0.2809972,-0.3714478,-0.2826507,0.3607051,-0.0000136,0.0000012,0.0590804,0.0000000,0.3607051,-0.0000148,-0.0000027,0.0564695,0.0000000
-0.0413571,0.0697220,-0.1431296,0.0000000,0.0000000,0.0000000,1.0000000,0.0022874,-0.0198046,-0.0895275,0.2835975,-0.3679171,-0.2871757,-0.0024465,0.0198915,-0.0908642,0.2809972,-0.3714478,-0.2826507,0.3280359,-0.0000124,0.0000009,0.0590804,0.0000000,0.3280359,-0.0000135,-0.0000022,0.0564695,0.0000000
-0.0413571,0.0697220,-0.1431296,0.0000000,0.0000000,0.0000000,1.0000000,0.0022874,-0.0198046,-0.0895275,0.2835975,-0.3679171,-0.2871757,-0.0024465,0.0198915,-0.0908642,0.2809972,-0.3714478,-0.2826507,0.2911752,-0.0000110,0.0000006,0.0590804,0.0000000,0.2911752,-0.0000120,-0.0000017,0.0564695,0.0000000
-0.0413571,0.0697220,-0.1431296,0.0000000,0.0000000,0.0000000,1.0000000,0.0022874,-0.0198046,-0.0895275,0.2835975,-0.3679171,-0.2871757,-0.0024465,0.0198915,-0.0908642,0.2809972,-0.3714478,-0.2826507,0.2505940,-0.0000095,0.0000003,0.0590804,0.0000000,0.2505940,-0.0000104,-0.0000013,0.0564695,0.0000000
-0.0413571,0.0697220,-0.1431296,0.0000000,0.0000000,0.0000000,1.0000000,0.0022874,-0.0198046,-0.0895275,0.2835975,-0.3679171,-0.2871757,-0.0024465,0.0198915,-0.0908642,0.2809972,-0.3714478,-0.2826507,0.2068109,-0.0000078,0.0000001,0.0590804,0.0000000,0.2068109,-0.0000086,-0.0000009,0.0564695,0.0000000
-0.0413571,0.0697220,-0.1431296,0.0000000,0.0000000,0.0000000,1.0000000,0.0022874,-0.0198046,-0.0895275,0.2835975,-0.3679171,-0.2871757,-0.0024465,0.0198915,-0.0908642,0.2809972,-0.3714478,-0.2826507,0.1603853,-0.0000061,-0.0000001,0.0590804,0.0000000,0.1603853,-0.0000067,-0.0000005,0.0564695,0.0000000
-0.0413571,0.0697220,-0.1431296,0.0000000,0.0000000,0.0000000,1.0000000,0.0022874,-0.0198046,-0.0895275,0.2835975,-0.3679171,-0.2871757,-0.0024465,0.0198915,-0.0908642,0.2809972,-0.3714478,-0.2826507,0.1119105,-0.0000042,-0.0000001,0.0590804,0.0000000,0.1119105,-0.0000047,-0.0000002,0.0564695,0.0000000
-0.0413571,0.0697220,-0.1431296,0.0000000,0.0000000,0.0000000,1.0000000,0.0022874,-0.0198046,-0.0895275,0.2835975,-0.3679171,-0.2871757,-0.0024465,0.0198915,-0.0908642,0.2809972,-0.3714478,-0.2826507,0.0620056,-0.0000024,-0.0000001,0.0590804,0.0000000,0.0620056,-0.0000026,-0.0000001,0.0564695,0.0000000
-0.0413571,0.0697220,-0.1431296,0.0000000,0.0000000,0.0000000,1.0000000,0.0022874,-0.0198046,-0.0895275,0.2835975,-0.3679171,-0.2871757,-0.0024465,0.0198915,-0.0908642,0.2809972,-0.3714478,-0.2826507,0.0113085,-0.0000004,-0.0000000,0.0590804,0.0000000,0.0113085,-0.0000005,-0.0000000,0.0564695,0.0000000
-0.0413571,0.0697220,-0.1431296,0.0000000,0.0000000,0.0000000,1.0000000,0.0022874,-0.0198046,-0.0895275,0.2835975,-0.3679171,-0.2871757,-0.0024465,0.0198915,-0.0908642,0.2809972,-0.3714478,-0.2826507,-0.0395330,0.0000015,0.0000002,0.0590804,0.0000000,-0.0395330,0.0000017,-0.0000000,0.0564695,0.0000000
-0.0413571,0.0697220,-0.1431296,0.0000000,0.0000000,0.0000000,1.0000000,0.0022874,-0.0198046,-0.0895275,0.2835975,-0.3679171,-0.2871757,-0.0024465,0.0198915,-0.0908642,0.2809972,-0.3714478,-0.2826507,-0.0898695,0.0000034,0.0000005,0.0590804,0.0000000,-0.0898695,0.0000038,-0.0000002,0.0564695,0.0000000
-0.0413571,0.0697220,-0.1431296,0.0000000,0.0000000,0.0000000,1.0000000,0.0022874,-0.0198046,-0.0895275,0.2835975,-0.3679171,-0.2871757,-0.0024465,0.0198915,-0.0908642,0.2809972,-0.3714478,-0.2826507,-0.1390576,0.0000052,0.0000008,0.0590804,0.0000000,-0.1390576,0.0000058,-0.0000004,0.0564695,0.0000000
-0.0413571,0.0697220,-0.1431296,0.0000000,0.0000000,0.0000000,1.0000000,0.0022874,-0.0198046,-0.0895275,0.2835975,-0.3679171,-0.2871757,-0.0024465,0.0198915,-0.0908642,0.2809972,-0.3714478,-0.2826507,-0.1864690,0.0000070,0.0000013,0.0590804,0.0000000,-0.1864690,0.0000078,-0.0000007,0.0564695,0.0000000
-0.0413571,0.0697220,-0.1431296,0.0000000,0.0000000,0.0000000,1.0000000,0.0022874,-0.0198046,-0.0895275,0.2835975,-0.3679171,-0.2871757,-0.0024465,0.0198915,-0.0908642,0.2809972,-0.3714478,-0.2826507,-0.2314978,0.0000086,0.0000018,0.0590804,0.0000000,-0.2314978,0.0000096,-0.0000011,0.0564695,0.0000000
-0.0413571,0.0697220,-0.1431296,0.0000000,0.0000000,0.0000000,1.0000000,0.0022874,-0.0198046,-0.0895275,0.2835975,-0.3679171,-0.2871757,-0.0024465,0.0198915,-0.0908642,0.2809972,-0.3714478,-0.2826507,-0.2735686,0.0000101,0.0000023,0.0590804,0.0000000,-0.2735686,0.0000113,-0.0000016,0.0564695,0.0000000
-0.0413571,0.0697220,-0.1431296,0.0000000,0.0000000,0.0000000,1.0000000,0.0022874,-0.0198046,-0.0895275,0.2835975,-0.3679171,-0.2871757,-0.0024465,0.0198915,-0.0908642,0.2809972,-0.3714478,-0.2826507,-0.3121440,0.0000115,0.0000029,0.0590804,0.0000000,-0.3121440,0.0000129,-0.0000021,0.0564695,0.0000000
-0.0413571,0.0697220,-0.1431296,0.0000000,0.0000000,0.0000000,1.0000000,0.0022874,-0.0198046,-0.0895275,0.2835975,-0.3679171,-0.2871757,-0.0024465,0.0198915,-0.0908642,0.2809972,-0.3714478,-0.2826507,-0.3467310,0.0000127,0.0000034,0.0590804,0.0000000,-0.3467310,0.0000142,-0.0000025,0.0564695,0.0000000
-0.0413571,0.0697220,-0.1431296,0.0000000,0.0000000,0.0000000,1.0000000,0.0022874,-0.0198046,-0.0895275,0.2835975,-0.3679171,-0.2871757,-0.0024465,0.0198915,-0.0908642,0.2809972,-0.3714478,-0.2826507,-0.3768876,0.0000137,0.0000039,0.0590804,0.0000000,-0.3768876,0.0000154,-0.0000030,0.0564695,0.0000000
-0.0413571,0.0697220,-0.1431296,0.0000000,0.0000000,0.0000000,1.0000000,0.0022874,-0.0198046,-0.0895275,0.2835975,-0.3679171,-0.2871757,-0.0024465,0.0198915,-0.0908642,0.2809972,-0.3714478,-0.2826507,-0.4022286,0.0000145,0.0000044,0.0590804,0.0000000,-0.4022286,0.0000164,-0.0000034,0.0564695,0.0000000
-0.0413571,0.0697220,-0.1431296,0.0000000,0.0000000,0.0000000,1.0000000,0.0022874,-0.0198046,-0.0895275,0.2835975,-0.3679171,-0.2871757,-0.0024465,0.0198915,-0.0908642,0.2809972,-0.3714478,-0.2826507,-0.4224302,0.0000152,0.0000047,0.0590804,0.0000000,-0.4224302,0.0000172,-0.0000037,0.0564695,0.0000000
-0.0413571,0.0697220,-0.1431296,0.0000000,0.0000000,0.0000000,1.0000000,0.0022874,-0.0198046,-0.0895275,0.2835975,-0.3679171,-0.2871757,-0.0024465,0.0198915,-0.0908642,0.2809972,-0.3714478,-0.2826507,-0.4372343,0.0000157,0.0000050,0.0590804,0.0000000,-0.4372343,0.0000177,-0.0000040,0.0564695,0.0000000
-0.0413571,0.0697220,-0.1431296,0.0000000,0.0000000,0.0000000,1.0000000,0.0022874,-0.0198046,-0.0895275,0.2835975,-0.3679171,-0.2871757,-0.0024465,0.0198915,-0.0908642,0.2809972,-0.3714478,-0.2826507,-0.4464516,0.0000160,0.0000052,0.0590804,0.0000000,-0.4464516,0.0000181,-0.0000042,0.0564695,0.0000000
-0.0413571,0.0697220,-0.1431296,0.0000000,0.0000000,0.0000000,1.0000000,0.0022874,-0.0198046,-0.0895275,0.2835975,-0.3679171,-0.2871757,-0.0024465,0.0198915,-0.0908642,0.2809972,-0.3714478,-0.2826507,-0.4499645,0.0000161,0.0000052,0.0590804,0.0000000,-0.4499645,0.0000182,-0.0000042,0.0564695,0.0000000
-0.0413571,0.0697220,-0.1431296,0.0000000,0.0000000,0.0000000,1.0000000,0.0022874,-0.0198046,-0.0895275,0.2835975,-0.3679171,-0.2871757,-0.0024465,0.0198915,-0.0908642,0.2809972,-0.3714478,-0.2826507,-0.4477280,0.0000161,0.0000052,0.0590804,0.0000000,-0.4477280,0.0000181,-0.0000042,0.0564695,0.0000000
-0.0413571,0.0697220,-0.1431296,0.0000000,0.0000000,0.0000000,1.0000000,0.0022874,-0.0198046,-0.0895275,0.2835975,-0.3679171,-0.2871757,-0.0024465,0.0198915,-0.0908642,0.2809972,-0.3714478,-0.2826507,-0.4397707,0.0000158,0.0000050,0.0590804,0.0000000,-0.4397707,0.0000178,-0.0000040,0.0564695,0.0000000
-0.0413571,0.0697220,-0.1431296,0.0000000,0.0000000,0.0000000,1.0000000,0.0022874,-0.0198046,-0.0895275,0.2835975,-0.3679171,-0.2871757,-0.0024465,0.0198915,-0.0908642,0.2809972,-0.3714478,-0.2826507,-0.4261942,0.0000153,0.0000048,0.0590804,0.0000000,-0.4261942,0.0000173,-0.0000038,0.0564695,0.0000000
-0.0413571,0.0697220,-0.1431296,0.0000000,0.0000000,0.0000000,1.0000000,0.0022874,-0.0198046,-0.0895275,0.2835975,-0.3679171,-0.2871757,-0.0024465,0.0198915,-0.0908642,0.2809972,-0.3714478,-0.2826507,-0.4071722,0.0000147,0.0000044,0.0590804,0.0000000,-0.4071722,0.0000166,-0.0000035,0.0564695,0.0000000
-0.0413571,0.0697220,-0.1431296,0.0000000,0.0000000,0.0000000,1.0000000,0.0022874,-0.0198046,-0.0895275,0.2835975,-0.3679171,-0.2871757,-0.0024465,0.0198915,-0.0908642,0.2809972,-0.3714478,-0.2826507,-0.3829475,0.0000139,0.0000040,0.0590804,0.0000000,-0.3829475,0.0000157,-0.0000031,0.0564695,0.0000000
-0.0413571,0.0697220,-0.1431296,0.0000000,0.0000000,0.0000000,1.0000000,0.0022874,-0.0198046,-0.0895275,0.2835975,-0.3679171,-0.2871757,-0.0024465,0.0198915,-0.0908642,0.2809972,-0.3714478,-0.2826507,-0.3538298,0.0000129,0.0000035,0.0590804,0.0000000,-0.3538298,0.0000145,-0.0000026,0.0564695,0.0000000
-0.0413571,0.0697220,-0.1431296,0.0000000,0.0000000,0.0000000,1.0000000,0.0022874,-0.0198046,-0.0895275,0.2835975,-0.3679171,-0.2871757,-0.0024465,0.0198915,-0.0908642,0.2809972,-0.3714478,-0.2826507,-0.3201911,0.0000117,0.0000030,0.0590804,0.0000000,-0.3201911,0.0000132,-0.0000022,0.0564695,0.0000000
-0.0413571,0.0697220,-0.1431296,0.0000000,0.0000000,0.0000000,1.0000000,0.0022874,-0.0198046,-0.0895275,0.2835975,-0.3679171,-0.2871757,-0.0024465,0.0198915,-0.0908642,0.2809972,-0.3714478,-0.2826507,-0.2824611,0.0000104,0.0000024,0.0590804,0.0000000,-0.2824611,0.0000117,-0.0000017,0.0564695,0.0000000
-0.0413571,0.0697220,-0.1431296,0.0000000,0.0000000,0.0000000,1.0000000,0.0022874,-0.0198046,-0.0895275,0.2835975,-0.3679171,-0.2871757,-0.0024465,0.0198915,-0.0908642,0.2809972,-0.3714478,-0.2826507,-0.2411221,0.0000089,0.0000019,0.0590804,0.0000000,-0.2411221,0.0000100,-0.0000012,0.0564695,0.0000000
-0.0413571,0.0697220,-0.1431296,0.0000000,0.0000000,0.0000000,1.0000000,0.0022874,-0.0198046,-0.0895275,0.2835975,-0.3679171,-0.2871757,-0.0024465,0.0198915,-0.0908642,0.2809972,-0.3714478,-0.2826507,-0.1967021,0.0000073,0.0000014,0.0590804,0.0000000,-0.1967021,0.0000082,-0.0000008,0.0564695,0.0000000
-0.0413571,0.0697220,-0.1431296,0.0000000,0.0000000,0.0000000,1.0000000,0.0022874,-0.0198046,-0.0895275,0.2835975,-0.3679171,-0.2871757,-0.0024465,0.0198915,-0.0908642,0.2809972,-0.3714478,-0.2826507,-0.1497688,0.0000056,0.0000009,0.0590804,0.0000000,-0.1497688,0.0000063,-0.0000005,0.0564695,0.0000000
-0.0413571,0.0697220,-0.1431296,0.0000000,0.0000000,0.0000000,1.0000000,0.0022874,-0.0198046,-0.0895275,0.2835975,-0.3679171,-0.2871757,-0.0024465,0.0198915,-0.0908642,0.2809972,-0.3714478,-0.2826507,-0.1009218,0.0000038,0.0000005,0.0590804,0.0000000,-0.1009218,0.0000042,-0.0000002,0.0564695,0.0000000
-0.0413571,0.0697220,-0.1431296,0.0000000,0.0000000,0.0000000,1.0000000,0.0022874,-0.0198046,-0.0895275,0.2835975,-0.3679171,-0.2871757,-0.0024465,0.0198915,-0.0908642,0.2809972,-0.3714478,-0.2826507,-0.0507854,0.0000019,0.0000002,0.0590804,0.0000000,-0.0507854,0.0000021,-0.0000001,0.0564695,0.0000000
-0.0413571,0.0697220,-0.1431296,0.0000000,0.0000000,0.0000000,1.0000000,0.0022874,-0.0198046,-0.0895275,0.2835975,-0.3679171,-0.2871757,-0.0024465,0.0198915,-0.0908642,0.2809972,-0.3714478,-0.2826507,-0.0000000,0.0000000,0.0000000,0.0590804,0.0000000,-0.0000000,0.0000000,-0.0000000,0.0564695,0.0000000
-0.0413571,0.0697220,-0.1431296,0.0000000,0.0000000,0.0000000,1.0000000,0.0022874,-0.0198046,-0.0895275,0.2835975,-0.3679171,-0.2871757,-0.0024465,0.0198915,-0.0908642,0.2809972,-0.3714478,-0.2826507,0.0507854,-0.0000019,-0.0000001,0.0590804,0.0000000,0.0507854,-0.0000021,-0.0000000,0.0564695,0.0000000
-0.0413571,0.0697220,-0.1431296,0.0000000,0.0000000,0.0000000,1.0000000,0.0022874,-0.0198046,-0.0895275,0.2835975,-0.3679171,-0.2871757,-0.0024465,0.0198915,-0.0908642,0.2809972,-0.3714478,-0.2826507,0.1009218,-0.0000038,-0.0000001,0.0590804,0.0000000,0.1009218,-0.0000042,-0.0000002,0.0564695,0.0000000
-0.0413571,0.0697220,-0.1431296,0.0000000,0.0000000,0.0000000,1.0000000,0.0022874,-0.0198046,-0.0895275,0.2835975,-0.3679171,-0.2871757,-0.0024465,0.0198915,-0.0908642,0.2809972,-0.3714478,-0.2826507,0.1497688,-0.0000057,-0.0000001,0.0590804,0.0000000,0.1497688,-0.0000063,-0.0000005,0.0564695,0.0000000
-0.0413571,0.0697220,-0.1431296,0.0000000,0.0000000,0.0000000,1.0000000,0.0022874,-0.0198046,-0.0895275,0.2835975,-0.3679171,-0.2871757,-0.0024465,0.0198915,-0.0908642,0.2809972,-0.3714478,-0.2826507,0.1967021,-0.0000075,0.0000001,0.0590804,0.0000000,0.1967021,-0.0000082,-0.0000008,0.0564695,0.0000000
-0.0413571,0.0697220,-0.1431296,0.0000000,0.0000000,0.0000000,1.0000000,0.0022874,-0.0198046,-0.0895275,0.2835975,-0.3679171,-0.2871757,-0.0024465,0.0198915,-0.0908642,0.2809972,-0.3714478,-0.2826507,0.2411221,-0.0000091,0.0000003,0.0590804,0.0000000,0.2411221,-0.0000100,-0.0000012,0.0564695,0.0000000
-0.0413571,0.0697220,-0.1431296,0.0000000,0.0000000,0.0000000,1.0000000,0.0022874,-0.0198046,-0.0895275,0.2835975,-0.3679171,-0.2871757,-0.0024465,0.0198915,-0.0908642,0.2809972,-0.3714478,-0.2826507,0.2824611,-0.0000107,0.0000006,0.0590804,0.0000000,0.2824611,-0.0000117,-0.0000016,0.0564695,0.0000000
-0.0413571,0.0697220,-0.1431296,0.0000000,0.0000000,0.0000000,1.0000000,0.0022874,-0.0198046,-0.0895275,0.2835975,-0.3679171,-0.2871757,-0.0024465,0.0198915,-0.0908642,0.2809972,-0.3714478,-0.2826507,0.3201911,-0.0000121,0.0000009,0.0590804,0.0000000,0.3201911,-0.0000132,-0.0000021,0.0564695,0.0000000
-0.0413571,0.0697220,-0.1431296,0.0000000,0.0000000,0.0000000,1.0000000,0.0022874,-0.0198046,-0.0895275,0.2835975,-0.3679171,-0.2871757,-0.0024465,0.0198915,-0.0908642,0.2809972,-0.3714478,-0.2826507,0.3538298,-0.0000133,0.0000012,0.0590804,0.0000000,0.3538298,-0.0000145,-0.0000026,0.0564695,0.0000000
-0.0413571,0.0697220,-0.1431296,0.0000000,0.0000000,0.0000000,1.0000000,0.0022874,-0.0198046,-0.0895275,0.2835975,-0.3679171,-0.2871757,-0.0024465,0.0198915,-0.0908642,0.2809972,-0.3714478,-0.2826507,0.3829475,-0.0000144,0.0000015,0.0590804,0.0000000,0.3829475,-0.0000157,-0.0000030,0.0564695,0.0000000
-0.0413571,0.0697220,-0.1431296,0.0000000,0.0000000,0.0000000,1.0000000,0.0022874,-0.0198046,-0.0895275,0.2835975,-0.3679171,-0.2871757,-0.0024465,0.0198915,-0.0908642,0.2809972,-0.3714478,-0.2826507,0.4071722,-0.0000153,0.0000017,0.0590804,0.0000000,0.4071722,-0.0000166,-0.0000034,0.0564695,0.0000000
-0.0413571,0.0697220,-0.1431296,0.0000000,0.0000000,0.0000000,1.0000000,0.0022874,-0.0198046,-0.0895275,0.2835975,-0.3679171,-0.2871757,-0.0024465,0.0198915,-0.0908642,0.2809972,-0.3714478,-0.2826507,0.4261942,-0.0000160,0.0000020,0.0590804,0.0000000,0.4261942,-0.0000173,-0.0000037,0.0564695,0.0000000
-0.0413571,0.0697220,-0.1431296,0.0000000,0.0000000,0.0000000,1.0000000,0.0022874,-0.0198046,-0.0895275,0.2835975,-0.3679171,-0.2871757,-0.0024465,0.0198915,-0.0908642,0.2809972,-0.3714478,-0.2826507,0.4397707,-0.0000164,0.0000022,0.0590804,0.0000000,0.4397707,-0.0000179,-0.0000039,0.0564695,0.0000000
-0.0413571,0.0697220,-0.1431296,0.0000000,0.0000000,0.0000000,1.0000000,0.0022874,-0.0198046,-0.0895275,0.2835975,-0.3679171,-0.2871757,-0.0024465,0.0198915,-0.0908642,0.2809972,-0.3714478,-0.2826507,0.4477280,-0.0000167,0.0000023,0.0590804,0.0000000,0.4477280,-0.0000182,-0.0000041,0.0564695,0.0000000
-0.0413571,0.0697220,-0.1431296,0.0000000,0.0000000,0.0000000,1.0000000,0.0022874,-0.0198046,-0.0895275,0.2835975,-0.3679171,-0.2871757,-0.0024465,0.0198915,-0.0908642,0.2809972,-0.3714478,-0.2826507,0.4499645,-0.0000168,0.0000023,0.0590804,0.0000000,0.4499645,-0.0000183,-0.0000041,0.0564695,0.0000000
-0.0413571,0.0697220,-0.1431296,0.0000000,0.0000000,0.0000000,1.0000000,0.0022874,-0.0198046,-0.0895275,0.2835975,-0.3679171,-0.2871757,-0.0024465,0.0198915,-0.0908642,0.2809972,-0.3714478,-0.2826507,0.4464516,-0.0000167,0.0000022,0.0590804,0.0000000,0.4464516,-0.0000181,-0.0000041,0.0564695,0.0000000
-0.0413571,0.0697220,-0.1431296,0.0000000,0.0000000,0.0000000,1.0000000,0.0022874,-0.0198046,-0.0895275,0.2835975,-0.3679171,-0.2871757,-0.0024465,0.0198915,-0.0908642,0.2809972,-0.3714478,-0.2826507,0.4372343,-0.0000164,0.0000021,0.0590804,0.0000000,0.4372343,-0.0000178,-0.0000039,0.0564695,0.0000000
-0.0413571,0.0697220,-0.1431296,0.0000000,0.0000000,0.0000000,1.0000000,0.0022874,-0.0198046,-0.0895275,0.2835975,-0.3679171,-0.2871757,-0.0024465,0.0198915,-0.0908642,0.2809972,-0.3714478,-0.2826507,0.4224302,-0.0000158,0.0000019,0.0590804,0.0000000,0.4224302,-0.0000172,-0.0000036,0.0564695,0.0000000
-0.0413571,0.0697220,-0.1431296,0.0000000,0.0000000,0.0000000,1.0000000,0.0022874,-0.0198046,-0.0895275,0.2835975,-0.3679171,-0.2871757,-0.0024465,0.0198915,-0.0908642,0.2809972,-0.3714478,-0.2826507,0.4022286,-0.0000151,0.0000017,0.0590804,0.0000000,0.4022286,-0.0000164,-0.0000033,0.0564695,0.0000000
-0.0413571,0.0697220,-0.1431296,0.0000000,0.0000000,0.0000000,1.0000000,0.0022874,-0.0198046,-0.0895275,0.2835975,-0.3679171,-0.2871757,-0.0024465,0.0198915,-0.0908642,0.2809972,-0.3714478,-0.2826507,0.3768876,-0.0000142,0.0000014,0.0590804,0.0000000,0.3768876,-0.0000154,-0.0000029,0.0564695,0.0000000
-0.0413571,0.0697220,-0.1431296,0.0000000,0.0000000,0.0000000,1.0000000,0.0022874,-0.0198046,-0.0895275,0.2835975,-0.3679171,-0.2871757,-0.0024465,0.0198915,-0.0908642,0.2809972,-0.3714478,-0.2826507,0.3467310,-0.0000131,0.0000011,0.0590804,0.0000000,0.3467310,-0.0000143,-0.0000025,0.0564695,0.0000000
-0.0413571,0.0697220,-0.1431296,0.0000000,0.0000000,0.0000000,1.0000000,0.0022874,-0.0198046,-0.0895275,0.2835975,-0.3679171,-0.2871757,-0.0024465,0.0198915,-0.0908642,0.2809972,-0.3714478,-0.2826507,0.3121440,-0.0000118,0.0000008,0.0590804,0.0000000,0.3121440,-0.0000129,-0.0000020,0.0564695,0.0000000
-0.0413571,0.0697220,-0.1431296,0.0000000,0.0000000,0.0000000,1.0000000,0.0022874,-0.0198046,-0.0895275,0.2835975,-0.3679171,-0.2871757,-0.0024465,0.0198915,-0.0908642,0.2809972,-0.3714478,-0.2826507,0.2735686,-0.0000104,0.0000005,0.0590804,0.0000000,0.2735686,-0.0000113,-0.0000015,0.0564695,0.0000000
-0.0413571,0.0697220,-0.1431296,0.0000000,0.0000000,0.0000000,1.0000000,0.0022874,-0.0198046,-0.0895275,0.2835975,-0.3679171,-0.2871757,-0.0024465,0.0198915,-0.0908642,0.2809972,-0.3714478,-0.2826507,0.2314978,-0.0000088,0.0000002,0.0590804,0.0000000,0.2314978,-0.0000096,-0.0000011,0.0564695,0.0000000
-0.0413571,0.0697220,-0.1431296,0.0000000,0.0000000,0.0000000,1.0000000,0.0022874,-0.0198046,-0.0895275,0.2835975,-0.3679171,-0.2871757,-0.0024465,0.0198915,-0.0908642,0.2809972,-0.3714478,-0.2826507,0.1864690,-0.0000071,0.0000000,0.0590804,0.0000000,0.1864690,-0.0000078,-0.0000007,0.0564695,0.0000000
-0.0413571,0.0697220,-0.1431296,0.0000000,0.0000000,0.0000000,1.0000000,0.0022874,-0.0198046,-0.0895275,0.2835975,-0.3679171,-0.2871757,-0.0024465,0.0198915,-0.0908642,0.2809972,-0.3714478,-0.2826507,0.1390576,-0.0000053,-0.0000001,0.0590804,0.0000000,0.1390576,-0.0000058,-0.0000004,0.0564695,0.0000000
-0.0413571,0.0697220,-0.1431296,0.0000000,0.0000000,0.0000000,1.0000000,0.0022874,-0.0198046,-0.0895275,0.2835975,-0.3679171,-0.2871757,-0.0024465,0.0198915,-0.0908642,0.2809972,-0.3714478,-0.2826507,0.0898695,-0.0000034,-0.0000002,0.0590804,0.0000000,0.0898695,-0.0000038,-0.0000002,0.0564695,0.0000000
-0.0413571,0.0697220,-0.1431296,0.0000000,0.0000000,0.0000000,1.0000000,0.0022874,-0.0198046,-0.0895275,0.2835975,-0.3679171,-0.2871757,-0.0024465,0.0198915,-0.0908642,0.2809972,-0.3714478,-0.2826507,0.0395330,-0.0000015,-0.0000001,0.0590804,0.0000000,0.0395330,-0.0000017,-0.0000000,0.0564695,0.0000000
-0.0413571,0.0697220,-0.1431296,0.0000000,0.0000000,0.0000000,1.0000000,0.0022874,-0.0198046,-0.0895275,0.2835975,-0.3679171,-0.2871757,-0.0024465,0.0198915,-0.0908642,0.2809972,-0.3714478,-0.2826507,-0.0113085,0.0000004,0.0000000,0.0590804,0.0000000,-0.0113085,0.0000005,-0.0000000,0.0564695,0.0000000
-0.0413571,0.0697220,-0.1431296,0.0000000,0.0000000,0.0000000,1.0000000,0.0022874,-0.0198046,-0.0895275,0.2835975,-0.3679171,-0.2871757,-0.0024465,0.0198915,-0.0908642,0.2809972,-0.3714478,-0.2826507,-0.0620056,0.0000023,0.0000003,0.0590804,0.0000000,-0.0620056,0.0000026,-0.0000001,0.0564695,0.0000000
-0.0413571,0.0697220,-0.1431296,0.0000000,0.0000000,0.0000000,1.0000000,0.0022874,-0.0198046,-0.0895275,0.2835975,-0.3679171,-0.2871757,-0.0024465,0.0198915,-0.0908642,0.2809972,-0.3714478,-0.2826507,-0.1119105,0.0000042,0.0000006,0.0590804,0.0000000,-0.1119105,0.0000047,-0.0000003,0.0564695,0.0000000
-0.0413571,0.0697220,-0.1431296,0.0000000,0.0000000,0.0000000,1.0000000,0.0022874,-0.0198046,-0.0895275,0.2835975,-0.3679171,-0.2871757,-0.0024465,0.0198915,-0.0908642,0.2809972,-0.3714478,-0.2826507,-0.1603853,0.0000060,0.0000010,0.0590804,0.0000000,-0.1603853,0.0000067,-0.0000006,0.0564695,0.0000000
-0.0413571,0.0697220,-0.1431296,0.0000000,0.0000000,0.0000000,1.0000000,0.0022874,-0.0198046,-0.0895275,0.2835975,-0.3679171,-0.2871757,-0.0024465,0.0198915,-0.0908642,0.2809972,-0.3714478,-0.2826507,-0.2068109,0.0000077,0.0000015,0.0590804,0.0000000,-0.2068109,0.0000086,-0.0000009,0.0564695,0.0000000
-0.0413571,0.0697220,-0.1431296,0.0000000,0.0000000,0.0000000,1.0000000,0.0022874,-0.0198046,-0.0895275,0.2835975,-0.3679171,-0.2871757,-0.0024465,0.0198915,-0.0908642,0.2809972,-0.3714478,-0.2826507,-0.2505940,0.0000093,0.0000020,0.0590804,0.0000000,-0.2505940,0.0000104,-0.0000013,0.0564695,0.0000000
-0.0413571,0.0697220,-0.1431296,0.0000000,0.0000000,0.0000000,1.0000000,0.0022874,-0.0198046,-0.0895275,0.2835975,-0.3679171,-0.2871757,-0.0024465,0.0198915,-0.0908642,0.2809972,-0.3714478,-0.2826507,-0.2911752,0.0000107,0.0000026,0.0590804,0.0000000,-0.2911752,0.0000120,-0.0000018,0.0564695,0.0000000
-0.0413571,0.0697220,-0.1431296,0.0000000,0.0000000,0.0000000,1.0000000,0.0022874,-0.0198046,-0.0895275,0.2835975,-0.3679171,-0.2871757,-0.0024465,0.0198915,-0.0908642,0.2809972,-0.3714478,-0.2826507,-0.3280359,0.0000120,0.0000031,0.0590804,0.0000000,-0.3280359,0.0000135,-0.0000023,0.0564695,0.0000000
-0.0413571,0.0697220,-0.1431296,0.0000000,0.0000000,0.0000000,1.0000000,0.0022874,-0.0198046,-0.0895275,0.2835975,-0.3679171,-0.2871757,-0.0024465,0.0198915,-0.0908642,0.2809972,-0.3714478,-0.2826507,-0.3607051,0.0000131,0.0000036,0.0590804,0.0000000,-0.3607051,0.0000148,-0.0000027,0.0564695,0.0000000
-0.0413571,0.0697220,-0.1431296,0.0000000,0.0000000,0.0000000,1.0000000,0.0022874,-0.0198046,-0.0895275,0.2835975,-0.3679171,-0.2871757,-0.0024465,0.0198915,-0.0908642,0.2809972,-0.3714478,-0.2826507,-0.3887655,0.0000141,0.0000041,0.0590804,0.0000000,-0.3887655,0.0000159,-0.0000032,0.0564695,0.0000000
-0.0413571,0.0697220,-0.1431296,0.0000000,0.0000000,0.0000000,1.0000000,0.0022874,-0.0198046,-0.0895275,0.2835975,-0.3679171,-0.2871757,-0.0024465,0.0198915,-0.0908642,0.2809972,-0.3714478,-0.2826507,-0.4118585,0.0000149,0.0000045,0.0590804,0.0000000,-0.4118585,0.0000168,-0.0000036,0.0564695,0.0000000
-0.0413571,0.0697220,-0.1431296,0.0000000,0.0000000,0.0000000,1.0000000,0.0022874,-0.0198046,-0.0895275,0.2835975,-0.3679171,-0.2871757,-0.0024465,0.0198915,-0.0908642,0.2809972,-0.3714478,-0.2826507,-0.4296890,0.0000155,0.0000049,0.0590804,0.0000000,-0.4296891,0.0000175,-0.0000039,0.0564695,0.0000000
-0.0413571,0.0697220,-0.1431296,0.0000000,0.0000000,0.0000000,1.0000000,0.0022874,-0.0198046,-0.0895275,0.2835975,-0.3679171,-0.2871757,-0.0024465,0.0198915,-0.0908642,0.2809972,-0.3714478,-0.2826507,-0.4420293,0.0000159,0.0000051,0.0590804,0.0000000,-0.4420293,0.0000179,-0.0000041,0.0564695,0.0000000
-0.0413571,0.0697220,-0.1431296,0.0000000,0.0000000,0.0000000,1.0000000,0.0022874,-0.0198046,-0.0895275,0.2835975,-0.3679171,-0.2871757,-0.0024465,0.0198915,-0.0908642,0.2809972,-0.3714478,-0.2826507,-0.4487215,0.0000161,0.0000052,0.0590804,0.0000000,-0.4487215,0.0000182,-0.0000042,0.0564695,0.0000000
-0.0413571,0.0697220,-0.1431296,0.0000000,0.0000000,0.0000000,1.0000000,0.0022874,-0.0198046,-0.0895275,0.2835975,-0.3679171,-0.2871757,-0.0024465,0.0198915,-0.0908642,0.2809972,-0.3714478,-0.2826507,-0.4496803,0.0000161,0.0000052,0.0590804,0.0000000,-0.4496803,0.0000182,-0.0000042,0.0564695,0.0000000
-0.0413571,0.0697220,-0.1431296,0.0000000,0.0000000,0.0000000,1.0000000,0.0022874,-0.0198046,-0.0895275,0.2835975,-0.3679171,-0.2871757,-0.0024465,0.0198915,-0.0908642,0.2809972,-0.3714478,-0.2826507,-0.4448933,0.0000160,0.0000051,0.0590804,0.0000000,-0.4448933,0.0000180,-0.0000041,0.0564695,0.0000000
-0.0413571,0.0697220,-0.1431296,0.0000000,0.0000000,0.0000000,1.0000000,0.0022874,-0.0198046,-0.0895275,0.2835975,-0.3679171,-0.2871757,-0.0024465,0.0198915,-0.0908642,0.2809972,-0.3714478,-0.2826507,-0.4344217,0.0000156,0.0000049,0.0590804,0.0000000,-0.4344217,0.0000176,-0.0000039,0.0564695,0.0000000
-0.0413571,0.0697220,-0.1431296,0.0000000,0.0000000,0.0000000,1.0000000,0.0022874,-0.0198046,-0.0895275,0.2835975,-0.3679171,-0.2871757,-0.0024465,0.0198915,-0.0908642,0.2809972,-0.3714478,-0.2826507,-0.4183994,0.0000151,0.0000046,0.0590804,0.0000000,-0.4183994,0.0000170,-0.0000037,0.0564695,0.0000000
-0.0413571,0.0697220,-0.1431296,0.0000000,0.0000000,0.0000000,1.0000000,0.0022874,-0.0198046,-0.0895275,0.2835975,-0.3679171,-0.2871757,-0.0024465,0.0198915,-0.0908642,0.2809972,-0.3714478,-0.2826507,-0.3970311,0.0000144,0.0000043,0.0590804,0.0000000,-0.3970311,0.0000162,-0.0000033,0.0564695,0.0000000
-0.0413571,0.0697220,-0.1431296,0.0000000,0.0000000,0.0000000,1.0000000,0.0022874,-0.0198046,-0.0895275,0.2835975,-0.3679171,-0.2871757,-0.0024465,0.0198915,-0.0908642,0.2809972,-0.3714478,-0.2826507,-0.3705897,0.0000135,0.0000038,0.0590804,0.0000000,-0.3705897,0.0000152,-0.0000029,0.0564695,0.0000000
-0.0413571,0.0697220,-0.1431296,0.0000000,0.0000000,0.0000000,1.0000000,0.0022874,-0.0198046,-0.0895275,0.2835975,-0.3679171,-0.2871757,-0.0024465,0.0198915,-0.0908642,0.2809972,-0.3714478,-0.2826507,-0.3394131,0.0000124,0.0000033,0.0590804,0.0000000,-0.3394131,0.0000140,-0.0000024,0.0564695,0.0000000
-0.0413571,0.0697220,-0.1431296,0.0000000,0.0000000,0.0000000,1.0000000,0.0022874,-0.0198046,-0.0895275,0.2835975,-0.3679171,-0.2871757,-0.0024465,0.0198915,-0.0908642,0.2809972,-0.3714478,-0.2826507,-0.3038998,0.0000112,0.0000028,0.0590804,0.0000000,-0.3038998,0.0000125,-0.0000020,0.0564695,0.0000000
-0.0413571,0.0697220,-0.1431296,0.0000000,0.0000000,0.0000000,1.0000000,0.0022874,-0.0198046,-0.0895275,0.2835975,-0.3679171,-0.2871757,-0.0024465,0.0198915,-0.0908642,0.2809972,-0.3714478,-0.2826507,-0.2645034,0.0000098,0.0000022,0.0590804,0.0000000,-0.2645034,0.0000110,-0.0000015,0.0564695,0.0000000
-0.0413571,0.0697220,-0.1431296,0.0000000,0.0000000,0.0000000,1.0000000,0.0022874,-0.0198046,-0.0895275,0.2835975,-0.3679171,-0.2871757,-0.0024465,0.0198915,-0.0908642,0.2809972,-0.3714478,-0.2826507,-0.2217273,0.0000082,0.0000017,0.0590804,0.0000000,-0.2217273,0.0000092,-0.0000011,0.0564695,0.0000000
-0.0413571,0.0697220,-0.1431296,0.0000000,0.0000000,0.0000000,1.0000000,0.0022874,-0.0198046,-0.0895275,0.2835975,-0.3679171,-0.2871757,-0.0024465,0.0198915,-0.0908642,0.2809972,-0.3714478,-0.2826507,-0.1761182,0.0000066,0.0000012,0.0590804,0.0000000,-0.1761182,0.0000073,-0.0000007,0.0564695,0.0000000
-0.0413571,0.0697220,-0.1431296,0.0000000,0.0000000,0.0000000,1.0000000,0.0022874,-0.0198046,-0.0895275,0.2835975,-0.3679171,-0.2871757,-0.0024465,0.0198915,-0.0908642,0.2809972,-0.3714478,-0.2826507,-0.1282587,0.0000048,0.0000007,0.0590804,0.0000000,-0.1282587,0.0000054,-0.0000004,0.0564695,0.0000000
-0.0413571,0.0697220,-0.1431296,0.0000000,0.0000000,0.0000000,1.0000000,0.0022874,-0.0198046,-0.0895275,0.2835975,-0.3679171,-0.2871757,-0.0024465,0.0198915,-0.0908642,0.2809972,-0.3714478,-0.2826507,-0.0787604,0.0000030,0.0000004,0.0590804,0.0000000,-0.0787604,0.0000033,-0.0000001,0.0564695,0.0000000
-0.0413571,0.0697220,-0.1431296,0.0000000,0.0000000,0.0000000,1.0000000,0.0022874,-0.0198046,-0.0895275,0.2835975,-0.3679171,-0.2871757,-0.0024465,0.0198915,-0.0908642,0.2809972,-0.3714478,-0.2826507,-0.0282557,0.0000011,0.0000001,0.0590804,0.0000000,-0.0282557,0.0000012,-0.0000000,0.0564695,0.0000000
-0.0413571,0.0697220,-0.1431296,0.0000000,0.0000000,0.0000000,1.0000000,0.0022874,-0.0198046,-0.0895275,0.2835975,-0.3679171,-0.2871757,-0.0024465,0.0198915,-0.0908642,0.2809972,-0.3714478,-0.2826507,0.0226099,-0.0000009,-0.0000001,0.0590804,0.0000000,0.0226099,-0.0000009,-0.0000000,0.0564695,0.0000000
-0.0413571,0.0697220,-0.1431296,0.0000000,0.0000000,0.0000000,1.0000000,0.0022874,-0.0198046,-0.0895275,0.2835975,-0.3679171,-0.2871757,-0.0024465,0.0198915,-0.0908642,0.2809972,-0.3714478,-0.2826507,0.0731867,-0.0000028,-0.0000001,0.0590804,0.0000000,0.0731867,-0.0000031,-0.0000001,0.0564695,0.0000000
-0.0413571,0.0697220,-0.1431296,0.0000000,0.0000000,0.0000000,1.0000000,0.0022874,-0.0198046,-0.0895275,0.2835975,-0.3679171,-0.2871757,-0.0024465,0.0198915,-0.0908642,0.2809972,-0.3714478,-0.2826507,0.1228284,-0.0000047,-0.0000001,0.0590804,0.0000000,0.1228284,-0.0000051,-0.0000003,0.0564695,0.0000000
-0.0413571,0.0697220,-0.1431296,0.0000000,0.0000000,0.0000000,1.0000000,0.0022874,-0.0198046,-0.0895275,0.2835975,-0.3679171,-0.2871757,-0.0024465,0.0198915,-0.0908642,0.2809972,-0.3714478,-0.2826507,0.1709006,-0.0000065,-0.0000000,0.0590804,0.0000000,0.1709006,-0.0000071,-0.0000006,0.0564695,0.0000000
-0.0413571,0.0697220,-0.1431296,0.0000000,0.0000000,0.0000000,1.0000000,0.0022874,-0.0198046,-0.0895275,0.2835975,-0.3679171,-0.2871757,-0.0024465,0.0198915,-0.0908642,0.2809972,-0.3714478,-0.2826507,0.2167892,-0.0000082,0.0000002,0.0590804,0.0000000,0.2167892,-0.0000090,-0.0000010,0.0564695,0.0000000
-0.0413571,0.0697220,-0.1431296,0.0000000,0.0000000,0.0000000,1.0000000,0.0022874,-0.0198046,-0.0895275,0.2835975,-0.3679171,-0.2871757,-0.0024465,0.0198915,-0.0908642,0.2809972,-0.3714478,-0.2826507,0.2599077,-0.0000098,0.0000004,0.0590804,0.0000000,0.2599077,-0.0000108,-0.0000014,0.0564695,0.0000000
-0.0413571,0.0697220,-0.1431296,0.0000000,0.0000000,0.0000000,1.0000000,0.0022874,-0.0198046,-0.0895275,0.2835975,-0.3679171,-0.2871757,-0.0024465,0.0198915,-0.0908642,0.2809972,-0.3714478,-0.2826507,0.2997053,-0.0000113,0.0000007,0.0590804,0.0000000,0.2997053,-0.0000124,-0.0000018,0.0564695,0.0000000
-0.0413571,0.0697220,-0.1431296,0.0000000,0.0000000,0.0000000,1.0000000,0.0022874,-0.0198046,-0.0895275,0.2835975,-0.3679171,-0.2871757,-0.0024465,0.0198915,-0.0908642,0.2809972,-0.3714478,-0.2826507,0.3356735,-0.0000127,0.0000010,0.0590804,0.0000000,0.3356735,-0.0000138,-0.0000023,0.0564695,0.0000000
-0.0413571,0.0697220,-0.1431296,0.0000000,0.0000000,0.0000000,1.0000000,0.0022874,-0.0198046,-0.0895275,0.2835975,-0.3679171,-0.2871757,-0.0024465,0.0198915,-0.0908642,0.2809972,-0.3714478,-0.2826507,0.3673527,-0.0000138,0.0000013,0.0590804,0.0000000,0.3673527,-0.0000151,-0.0000028,0.0564695,0.0000000
-0.0413571,0.0697220,-0.1431296,0.0000000,0.0000000,0.0000000,1.0000000,0.0022874,-0.0198046,-0.0895275,0.2835975,-0.3679171,-0.2871757,-0.0024465,0.0198915,-0.0908642,0.2809972,-0.3714478,-0.2826507,0.3943380,-0.0000148,0.0000016,0.0590804,0.0000000,0.3943380,-0.0000161,-0.0000032,0.0564695,0.0000000
-0.0413571,0.0697220,-0.1431296,0.0000000,0.0000000,0.0000000,1.0000000,0.0022874,-0.0198046,-0.0895275,0.2835975,-0.3679171,-0.2871757,-0.0024465,0.0198915,-0.0908642,0.2809972,-0.3714478,-0.2826507,0.4162847,-0.0000156,0.0000019,0.0590804,0.0000000,0.4162847,-0.0000170,-0.0000035,0.0564695,0.0000000
-0.0413571,0.0697220,-0.1431296,0.0000000,0.0000000,0.0000000,1.0000000,0.0022874,-0.0198046,-0.0895275,0.2835975,-0.3679171,-0.2871757,-0.0024465,0.0198915,-0.0908642,0.2809972,-0.3714478,-0.2826507,0.4329125,-0.0000162,0.0000021,0.0590804,0.0000000,0.4329125,-0.0000176,-0.0000038,0.0564695,0.0000000
-0.0413571,0.0697220,-0.1431296,0.0000000,0.0000000,0.0000000,1.0000000,0.0022874,-0.0198046,-0.0895275,0.2835975,-0.3679171,-0.2871757,-0.0024465,0.0198915,-0.0908642,0.2809972,-0.3714478,-0.2826507,0.4440087,-0.0000166,0.0000022,0.0590804,0.0000000,0.4440087,-0.0000180,-0.0000040,0.0564695,0.0000000
-0.0413571,0.0697220,-0.1431296,0.0000000,0.0000000,0.0000000,1.0000000,0.0022874,-0.0198046,-0.0895275,0.2835975,-0.3679171,-0.2871757,-0.0024465,0.0198915,-0.0908642,0.2809972,-0.3714478,-0.2826507,0.4494316,-0.0000168,0.0000023,0.0590804,0.0000000,0.4494316,-0.0000182,-0.0000041,0.0564695,0.0000000
-0.0413571,0.0697220,-0.1431296,0.0000000,0.0000000,0.0000000,1.0000000,0.0022874,-0.0198046,-0.0895275,0.2835975,-0.3679171,-0.2871757,-0.0024465,0.0198915,-0.0908642,0.2809972,-0.3714478,-0.2826507,0.4491120,-0.0000168,0.0000023,0.0590804,0.0000000,0.4491120,-0.0000182,-0.0000041,0.0564695,0.0000000
-0.0413571,0.0697220,-0.1431296,0.0000000,0.0000000,0.0000000,1.0000000,0.0022874,-0.0198046,-0.0895275,0.2835975,-0.3679171,-0.2871757,-0.0024465,0.0198915,-0.0908642,0.2809972,-0.3714478,-0.2826507,0.4430540,-0.0000166,0.0000022,0.0590804,0.0000000,0.4430540,-0.0000180,-0.0000040,0.0564695,0.0000000
-0.0413571,0.0697220,-0.1431296,0.0000000,0.0000000,0.0000000,1.0000000,0.0022874,-0.0198046,-0.0895275,0.2835975,-0.3679171,-0.2871757,-0.0024465,0.0198915,-0.0908642,0.2809972,-0.3714478,-0.2826507,0.4313348,-0.0000161,0.0000020,0.0590804,0.0000000,0.4313348,-0.0000175,-0.0000038,0.0564695,0.0000000
-0.0413571,0.0697220,-0.1431296,0.0000000,0.0000000,0.0000000,1.0000000,0.0022874,-0.0198046,-0.0895275,0.2835975,-0.3679171,-0.2871757,-0.0024465,0.0198915,-0.0908642,0.2809972,-0.3714478,-0.2826507,0.4141043,-0.0000155,0.0000018,0.0590804,0.0000000,0.4141043,-0.0000169,-0.0000035,0.0564695,0.0000000
-0.0413571,0.0697220,-0.1431296,0.0000000,0.0000000,0.0000000,1.0000000,0.0022874,-0.0198046,-0.0895275,0.2835975,-0.3679171,-0.2871757,-0.0024465,0.0198915,-0.0908642,0.2809972,-0.3714478,-0.2826507,0.3915827,-0.0000147,0.0000016,0.0590804,0.0000000,0.3915827,-0.0000160,-0.0000031,0.0564695,0.0000000
-0.0413571,0.0697220,-0.1431296,0.0000000,0.0000000,0.0000000,1.0000000,0.0022874,-0.0198046,-0.0895275,0.2835975,-0.3679171,-0.2871757,-0.0024465,0.0198915,-0.0908642,0.2809972,-0.3714478,-0.2826507,0.3640577,-0.0000137,0.0000013,0.0590804,0.0000000,0.3640577,-0.0000149,-0.0000027,0.0564695,0.0000000
-0.0413571,0.0697220,-0.1431296,0.0000000,0.0000000,0.0000000,1.0000000,0.0022874,-0.0198046,-0.0895275,0.2835975,-0.3679171,-0.2871757,-0.0024465,0.0198915,-0.0908642,0.2809972,-0.3714478,-0.2826507,0.3318809,-0.0000125,0.0000010,0.0590804,0.0000000,0.3318809,-0.0000137,-0.0000023,0.0564695,0.0000000
-0.0413571,0.0697220,-0.1431296,0.0000000,0.0000000,0.0000000,1.0000000,0.0022874,-0.0198046,-0.0895275,0.2835975,-0.3679171,-0.2871757,-0.0024465,0.0198915,-0.0908642,0.2809972,-0.3714478,-0.2826507,0.2954636,-0.0000112,0.0000007,0.0590804,0.0000000,0.2954636,-0.0000122,-0.0000018,0.0564695,0.0000000
-0.0413571,0.0697220,-0.1431296,0.0000000,0.0000000,0.0000000,1.0000000,0.0022874,-0.0198046,-0.0895275,0.2835975,-0.3679171,-0.2871757,-0.0024465,0.0198915,-0.0908642,0.2809972,-0.3714478,-0.2826507,0.2552710,-0.0000097,0.0000004,0.0590804,0.0000000,0.2552710,-0.0000106,-0.0000013,0.0564695,0.0000000
-0.0413571,0.0697220,-0.1431296,0.0000000,0.0000000,0.0000000,1.0000000,0.0022874,-0.0198046,-0.0895275,0.2835975,-0.3679171,-0.2871757,-0.0024465,0.0198915,-0.0908642,0.2809972,-0.3714478,-0.2826507,0.2118168,-0.0000080,0.0000001,0.0590804,0.0000000,0.2118168,-0.0000088,-0.0000009,0.0564695,0.0000000
-0.0413571,0.0697220,-0.1431296,0.0000000,0.0000000,0.0000000,1.0000000,0.0022874,-0.0198046,-0.0895275,0.2835975,-0.3679171,-0.2871757,-0.0024465,0.0198915,-0.0908642,0.2809972,-0.3714478,-0.2826507,0.1656561,-0.0000063,-0.0000000,0.0590804,0.0000000,0.1656561,-0.0000069,-0.0000006,0.0564695,0.0000000
-0.0413571,0.0697220,-0.1431296,0.0000000,0.0000000,0.0000000,1.0000000,0.0022874,-0.0198046,-0.0895275,0.2835975,-0.3679171,-0.2871757,-0.0024465,0.0198915,-0.0908642,0.2809972,-0.3714478,-0.2826507,0.1173787,-0.0000045,-0.0000001,0.0590804,0.0000000,0.1173787,-0.0000049,-0.0000003,0.0564695,0.0000000
-0.0413571,0.0697220,-0.1431296,0.0000000,0.0000000,0.0000000,1.0000000,0.0022874,-0.0198046,-0.0895275,0.2835975,-0.3679171,-0.2871757,-0.0024465,0.0198915,-0.0908642,0.2809972,-0.3714478,-0.2826507,0.0676015,-0.0000026,-0.0000001,0.0590804,0.0000000,0.0676015,-0.0000028,-0.0000001,0.0564695,0.0000000
-0.0413571,0.0697220,-0.1431296,0.0000000,0.0000000,0.0000000,1.0000000,0.0022874,-0.0198046,-0.0895275,0.2835975,-0.3679171,-0.2871757,-0.0024465,0.0198915,-0.0908642,0.2809972,-0.3714478,-0.2826507,0.0169606,-0.0000006,-0.0000001,0.0590804,0.0000000,0.0169606,-0.0000007,-0.0000000,0.0564695,0.0000000
-0.0413571,0.0697220,-0.1431296,0.0000000,0.0000000,0.0000000,1.0000000,0.0022874,-0.0198046,-0.0895275,0.2835975,-0.3679171,-0.2871757,-0.0024465,0.0198915,-0.0908642,0.2809972,-0.3714478,-0.2826507,-0.0338971,0.0000013,0.0000001,0.0590804,0.0000000,-0.0338971,0.0000014,-0.0000000,0.0564695,0.0000000
-0.0413571,0.0697220,-0.1431296,0.0000000,0.0000000,0.0000000,1.0000000,0.0022874,-0.0198046,-0.0895275,0.2835975,-0.3679171,-0.2871757,-0.0024465,0.0198915,-0.0908642,0.2809972,-0.3714478,-0.2826507,-0.0843216,0.0000032,0.0000004,0.0590804,0.0000000,-0.0843216,0.0000035,-0.0000002,0.0564695,0.0000000
-0.0413571,0.0697220,-0.1431296,0.0000000,0.0000000,0.0000000,1.0000000,0.0022874,-0.0198046,-0.0895275,0.2835975,-0.3679171,-0.2871757,-0.0024465,0.0198915,-0.0908642,0.2809972,-0.3714478,-0.2826507,-0.1336687,0.0000050,0.0000008,0.0590804,0.0000000,-0.1336687,0.0000056,-0.0000004,0.0564695,0.0000000
-0.0413571,0.0697220,-0.1431296,0.0000000,0.0000000,0.0000000,1.0000000,0.0022874,-0.0198046,-0.0895275,0.2835975,-0.3679171,-0.2871757,-0.0024465,0.0198915,-0.0908642,0.2809972,-0.3714478,-0.2826507,-0.1813079,0.0000068,0.0000012,0.0590804,0.0000000,-0.1813079,0.0000076,-0.0000007,0.0564695,0.0000000
-0.0413571,0.0697220,-0.1431296,0.0000000,0.0000000,0.0000000,1.0000000,0.0022874,-0.0198046,-0.0895275,0.2835975,-0.3679171,-0.2871757,-0.0024465,0.0198915,-0.0908642,0.2809972,-0.3714478,-0.2826507,-0.2266304,0.0000084,0.0000017,0.0590804,0.0000000,-0.2266304,0.0000094,-0.0000011,0.0564695,0.0000000
-0.0413571,0.0697220,-0.1431296,0.0000000,0.0000000,0.0000000,1.0000000,0.0022874,-0.0198046,-0.0895275,0.2835975,-0.3679171,-0.2871757,-0.0024465,0.0198915,-0.0908642,0.2809972,-0.3714478,-0.2826507,-0.2690572,0.0000099,0.0000023,0.0590804,0.0000000,-0.2690572,0.0000111,-0.0000015,0.0564695,0.0000000
-0.0413571,0.0697220,-0.1431296,0.0000000,0.0000000,0.0000000,1.0000000,0.0022874,-0.0198046,-0.0895275,0.2835975,-0.3679171,-0.2871757,-0.0024465,0.0198915,-0.0908642,0.2809972,-0.3714478,-0.2826507,-0.3080462,0.0000113,0.0000028,0.0590804,0.0000000,-0.3080462,0.0000127,-0.0000020,0.0564695,0.0000000
-0.0413571,0.0697220,-0.1431296,0.0000000,0.0000000,0.0000000,1.0000000,0.0022874,-0.0198046,-0.0895275,0.2835975,-0.3679171,-0.2871757,-0.0024465,0.0198915,-0.0908642,0.2809972,-0.3714478,-0.2826507,-0.3430991,0.0000125,0.0000033,0.0590804,0.0000000,-0.3430991,0.0000141,-0.0000025,0.0564695,0.0000000
-0.0413571,0.0697220,-0.1431296,0.0000000,0.0000000,0.0000000,1.0000000,0.0022874,-0.0198046,-0.0895275,0.2835975,-0.3679171,-0.2871757,-0.0024465,0.0198915,-0.0908642,0.2809972,-0.3714478,-0.2826507,-0.3737682,0.0000136,0.0000039,0.0590804,0.0000000,-0.3737682,0.0000153,-0.0000029,0.0564695,0.0000000
-0.0413571,0.0697220,-0.1431296,0.0000000,0.0000000,0.0000000,1.0000000,0.0022874,-0.0198046,-0.0895275,0.2835975,-0.3679171,-0.2871757,-0.0024465,0.0198915,-0.0908642,0.2809972,-0.3714478,-0.2826507,-0.3996614,0.0000145,0.0000043,0.0590804,0.0000000,-0.3996614,0.0000163,-0.0000034,0.0564695,0.0000000
-0.0413571,0.0697220,-0.1431296,0.0000000,0.0000000,0.0000000,1.0000000,0.0022874,-0.0198046,-0.0895275,0.2835975,-0.3679171,-0.2871757,-0.0024465,0.0198915,-0.0908642,0.2809972,-0.3714478,-0.2826507,-0.4204480,0.0000152,0.0000047,0.0590804,0.0000000,-0.4204480,0.0000171,-0.0000037,0.0564695,0.0000000
-0.0413571,0.0697220,-0.1431296,0.0000000,0.0000000,0.0000000,1.0000000,0.0022874,-0.0198046,-0.0895275,0.2835975,-0.3679171,-0.2871757,-0.0024465,0.0198915,-0.0908642,0.2809972,-0.3714478,-0.2826507,-0.4358624,0.0000157,0.0000050,0.0590804,0.0000000,-0.4358624,0.0000177,-0.0000040,0.0564695,0.0000000
-0.0413571,0.0697220,-0.1431296,0.0000000,0.0000000,0.0000000,1.0000000,0.0022874,-0.0198046,-0.0895275,0.2835975,-0.3679171,-0.2871757,-0.0024465,0.0198915,-0.0908642,0.2809972,-0.3714478,-0.2826507,-0.4457076,0.0000160,0.0000052,0.0590804,0.0000000,-0.4457076,0.0000181,-0.0000041,0.0564695,0.0000000
-0.0413571,0.0697220,-0.1431296,0.0000000,0.0000000,0.0000000,1.0000000,0.0022874,-0.0198046,-0.0895275,0.2835975,-0.3679171,-0.2871757,-0.0024465,0.0198915,-0.0908642,0.2809972,-0.3714478,-0.2826507,-0.4498579,0.0000161,0.0000052,0.0590804,0.0000000,-0.4498579,0.0000182,-0.0000042,0.0564695,0.0000000
-0.0413571,0.0697220,-0.1431296,0.0000000,0.0000000,0.0000000,1.0000000,0.0022874,-0.0198046,-0.0895275,0.2835975,-0.3679171,-0.2871757,-0.0024465,0.0198915,-0.0908642,0.2809972,-0.3714478,-0.2826507,-0.4482601,0.0000161,0.0000052,0.0590804,0.0000000,-0.4482601,0.0000182,-0.0000042,0.0564695,0.0000000
-0.0413571,0.0697220,-0.1431296,0.0000000,0.0000000,0.0000000,1.0000000,0.0022874,-0.0198046,-0.0895275,0.2835975,-0.3679171,-0.2871757,-0.0024465,0.0198915,-0.0908642,0.2809972,-0.3714478,-0.2826507,-0.4409348,0.0000158,0.0000051,0.0590804,0.0000000,-0.4409348,0.0000179,-0.0000041,0.0564695,0.0000000
-0.0413571,0.0697220,-0.1431296,0.0000000,0.0000000,0.0000000,1.0000000,0.0022874,-0.0198046,-0.0895275,0.2835975,-0.3679171,-0.2871757,-0.0024465,0.0198915,-0.0908642,0.2809972,-0.3714478,-0.2826507,-0.4279754,0.0000154,0.0000048,0.0590804,0.0000000,-0.4279754,0.0000174,-0.0000038,0.0564695,0.0000000
-0.0413571,0.0697220,-0.1431296,0.0000000,0.0000000,0.0000000,1.0000000,0.0022874,-0.0198046,-0.0895275,0.2835975,-0.3679171,-0.2871757,-0.0024465,0.0198915,-0.0908642,0.2809972,-0.3714478,-0.2826507,-0.4095159,0.0000148,0.0000045,0.0590804,0.0000000,-0.4095159,0.0000167,-0.0000035,0.0564695,0.0000000
-0.0413571,0.0697220,-0.1431296,0.0000000,0.0000000,0.0000000,1.0000000,0.0022874,-0.0198046,-0.0895275,0.2835975,-0.3679171,-0.2871757,-0.0024465,0.0198915,-0.0908642,0.2809972,-0.3714478,-0.2826507,-0.3856546,0.0000140,0.0000041,0.0590804,0.0000000,-0.3856546,0.0000158,-0.0000031,0.0564695,0.0000000
-0.0413571,0.0697220,-0.1431296,0.0000000,0.0000000,0.0000000,1.0000000,0.0022874,-0.0198046,-0.0895275,0.2835975,-0.3679171,-0.2871757,-0.0024465,0.0198915,-0.0908642,0.2809972,-0.3714478,-0.2826507,-0.3565917,0.0000130,0.0000036,0.0590804,0.0000000,-0.3565917,0.0000146,-0.0000027,0.0564695,0.0000000
-0.0413571,0.0697220,-0.1431296,0.0000000,0.0000000,0.0000000,1.0000000,0.0022874,-0.0198046,-0.0895275,0.2835975,-0.3679171,-0.2871757,-0.0024465,0.0198915,-0.0908642,0.2809972,-0.3714478,-0.2826507,-0.3226723,0.0000118,0.0000030,0.0590804,0.0000000,-0.3226723,0.0000133,-0.0000022,0.0564695,0.0000000
-0.0413571,0.0697220,-0.1431296,0.0000000,0.0000000,0.0000000,1.0000000,0.0022874,-0.0198046,-0.0895275,0.2835975,-0.3679171,-0.2871757,-0.0024465,0.0198915,-0.0908642,0.2809972,-0.3714478,-0.2826507,-0.2843854,0.0000105,0.0000025,0.0590804,0.0000000,-0.2843854,0.0000118,-0.0000017,0.0564695,0.0000000
-0.0413571,0.0697220,-0.1431296,0.0000000,0.0000000,0.0000000,1.0000000,0.0022874,-0.0198046,-0.0895275,0.2835975,-0.3679171,-0.2871757,-0.0024465,0.0198915,-0.0908642,0.2809972,-0.3714478,-0.2826507,-0.2423568,0.0000090,0.0000019,0.0590804,0.0000000,-0.2423568,0.0000101,-0.0000013,0.0564695,0.0000000
-0.0413571,0.0697220,-0.1431296,0.0000000,0.0000000,0.0000000,1.0000000,0.0022874,-0.0198046,-0.0895275,0.2835975,-0.3679171,-0.2871757,-0.0024465,0.0198915,-0.0908642,0.2809972,-0.3714478,-0.2826507,-0.1973334,0.0000074,0.0000014,0.0590804,0.0000000,-0.1973334,0.0000082,-0.0000008,0.0564695,0.0000000
-0.0413571,0.0697220,-0.1431296,0.0000000,0.0000000,0.0000000,1.0000000,0.0022874,-0.0198046,-0.0895275,0.2835975,-0.3679171,-0.2871757,-0.0024465,0.0198915,-0.0908642,0.2809972,-0.3714478,-0.2826507,-0.1501639,0.0000056,0.0000009,0.0590804,0.0000000,-0.1501639,0.0000063,-0.0000005,0.0564695,0.0000000
-0.0413571,0.0697220,-0.1431296,0.0000000,0.0000000,0.0000000,1.0000000,0.0022874,-0.0198046,-0.0895275,0.2835975,-0.3679171,-0.2871757,-0.0024465,0.0198915,-0.0908642,0.2809972,-0.3714478,-0.2826507,-0.1017730,0.0000038,0.0000005,0.0590804,0.0000000,-0.1017730,0.0000043,-0.0000002,0.0564695,0.0000000
-0.0413571,0.0697220,-0.1431296,0.0000000,0.0000000,0.0000000,1.0000000,0.0022874,-0.0198046,-0.0895275,0.2835975,-0.3679171,-0.2871757,-0.0024465,0.0198915,-0.0908642,0.2809972,-0.3714478,-0.2826507,-0.0531333,0.0000020,0.0000002,0.0590804,0.0000000,-0.0531333,0.0000022,-0.0000001,0.0564695,0.0000000
-0.0413571,0.0697220,-0.1431296,0.0000000,0.0000000,0.0000000,1.0000000,0.0022874,-0.0198046,-0.0895275,0.2835975,-0.3679171,-0.2871757,-0.0024465,0.0198915,-0.0908642,0.2809972,-0.3714478,-0.2826507,-0.0052338,0.0000002,0.0000000,0.0590804,0.0000000,-0.0052338,0.0000002,-0.0000000,0.0564695,0.0000000
-0.0413571,0.0697220,-0.1431296,0.0000000,0.0000000,0.0000000,1.0000000,0.0022874,-0.0198046,-0.0895275,0.2835975,-0.3679171,-0.2871757,-0.0024465,0.0198915,-0.0908642,0.2809972,-0.3714478,-0.2826507,0.0409513,-0.0000016,-0.0000001,0.0590804,0.0000000,0.0409513,-0.0000017,-0.0000000,0.0564695,0.0000000
-0.0413571,0.0697220,-0.1431296,0.0000000,0.0000000,0.0000000,1.0000000,0.0022874,-0.0198046,-0.0895275,0.2835975,-0.3679171,-0.2871757,-0.0024465,0.0198915,-0.0908642,0.2809972,-0.3714478,-0.2826507,0.0844946,-0.0000032,-0.0000002,0.0590804,0.0000000,0.0844946,-0.0000035,-0.0000001,0.0564695,0.0000000
-0.0413571,0.0697220,-0.1431296,0.0000000,0.0000000,0.0000000,1.0000000,0.0022874,-0.0198046,-0.0895275,0.2835975,-0.3679171,-0.2871757,-0.0024465,0.0198915,-0.0908642,0.2809972,-0.3714478,-0.2826507,0.1245449,-0.0000047,-0.0000001,0.0590804,0.0000000,0.1245449,-0.0000052,-0.0000003,0.0564695,0.0000000
-0.0413571,0.0697220,-0.1431296,0.0000000,0.0000000,0.0000000,1.0000000,0.0022874,-0.0198046,-0.0895275,0.2835975,-0.3679171,-0.2871757,-0.0024465,0.0198915,-0.0908642,0.2809972,-0.3714478,-0.2826507,0.1603544,-0.0000061,-0.0000001,0.0590804,0.0000000,0.1603544,-0.0000067,-0.0000005,0.0564695,0.0000000
-0.0413571,0.0697220,-0.1431296,0.0000000,0.0000000,0.0000000,1.0000000,0.0022874,-0.0198046,-0.0895275,0.2835975,-0.3679171,-0.2871757,-0.0024465,0.0198915,-0.0908642,0.2809972,-0.3714478,-0.2826507,0.1913018,-0.0000073,0.0000000,0.0590804,0.0000000,0.1913018,-0.0000080,-0.0000007,0.0564695,0.0000000
-0.0413571,0.0697220,-0.1431296,0.0000000,0.0000000,0.0000000,1.0000000,0.0022874,-0.0198046,-0.0895275,0.2835975,-0.3679171,-0.2871757,-0.0024465,0.0198915,-0.0908642,0.2809972,-0.3714478,-0.2826507,0.2169102,-0.0000082,0.0000002,0.0590804,0.0000000,0.2169102,-0.0000090,-0.0000010,0.0564695,0.0000000
-0.0413571,0.0697220,-0.1431296,0.0000000,0.0000000,0.0000000,1.0000000,0.0022874,-0.0198046,-0.0895275,0.2835975,-0.3679171,-0.2871757,-0.0024465,0.0198915,-0.0908642,0.2809972,-0.3714478,-0.2826507,0.2368606,-0.0000090,0.0000003,0.0590804,0.0000000,0.2368606,-0.0000098,-0.0000011,0.0564695,0.0000000
-0.0413571,0.0697220,-0.1431296,0.0000000,0.0000000,0.0000000,1.0000000,0.0022874,-0.0198046,-0.0895275,0.2835975,-0.3679171,-0.2871757,-0.0024465,0.0198915,-0.0908642,0.2809972,-0.3714478,-0.2826507,0.2509990,-0.0000095,0.0000003,0.0590804,0.0000000,0.2509990,-0.0000104,-0.0000013,0.0564695,0.0000000
-0.0413571,0.0697220,-0.1431296,0.0000000,0.0000000,0.0000000,1.0000000,0.0022874,-0.0198046,-0.0895275,0.2835975,-0.3679171,-0.2871757,-0.0024465,0.0198915,-0.0908642,0.2809972,-0.3714478,-0.2826507,0.2593370,-0.0000098,0.0000004,0.0590804,0.0000000,0.2593370,-0.0000108,-0.0000014,0.0564695,0.0000000
-0.0413571,0.0697220,-0.1431296,0.0000000,0.0000000,0.0000000,1.0000000,0.0022874,-0.0198046,-0.0895275,0.2835975,-0.3679171,-0.2871757,-0.0024465,0.0198915,-0.0908642,0.2809972,-0.3714478,-0.2826507,0.2620479,-0.0000099,0.0000004,0.0590804,0.0000000,0.2620479,-0.0000109,-0.0000014,0.0564695,0.0000000
-0.0413571,0.0697220,-0.1431296,0.0000000,0.0000000,0.0000000,1.0000000,0.0022874,-0.0198046,-0.0895275,0.2835975,-0.3679171,-0.2871757,-0.0024465,0.0198915,-0.0908642,0.2809972,-0.3714478,-0.2826507,0.2594555,-0.0000098,0.0000004,0.0590804,0.0000000,0.2594555,-0.0000108,-0.0000014,0.0564695,0.0000000
-0.0413571,0.0697220,-0.1431296,0.0000000,0.0000000,0.0000000,1.0000000,0.0022874,-0.0198046,-0.0895275,0.2835975,-0.3679171,-0.2871757,-0.0024465,0.0198915,-0.0908642,0.2809972,-0.3714478,-0.2826507,0.2520188,-0.0000095,0.0000003,0.0590804,0.0000000,0.2520188,-0.0000105,-0.0000013,0.0564695,0.0000000
-0.0413571,0.0697220,-0.1431296,0.0000000,0.0000000,0.0000000,1.0000000,0.0022874,-0.0198046,-0.0895275,0.2835975,-0.3679171,-0.2871757,-0.0024465,0.0198915,-0.0908642,0.2809972,-0.3714478,-0.2826507,0.2403119,-0.0000091,0.0000003,0.0590804,0.0000000,0.2403119,-0.0000100,-0.0000012,0.0564695,0.0000000
-0.0413571,0.0697220,-0.1431296,0.0000000,0.0000000,0.0000000,1.0000000,0.0022874,-0.0198046,-0.0895275,0.2835975,-0.3679171,-0.2871757,-0.0024465,0.0198915,-0.0908642,0.2809972,-0.3714478,-0.2826507,0.2250000,-0.0000085,0.0000002,0.0590804,0.0000000,0.2250000,-0.0000094,-0.0000010,0.0564695,0.0000000
-0.0413571,0.0697220,-0.1431296,0.0000000,0.0000000,0.0000000,1.0000000,0.0022874,-0.0198046,-0.0895275,0.2835975,-0.3679171,-0.2871757,-0.0024465,0.0198915,-0.0908642,0.2809972,-0.3714478,-0.2826507,0.2068132,-0.0000078,0.0000001,0.0590804,0.0000000,0.2068132,-0.0000086,-0.0000009,0.0564695,0.0000000
-0.0413571,0.0697220,-0.1431296,0.0000000,0.0000000,0.0000000,1.0000000,0.0022874,-0.0198046,-0.0895275,0.2835975,-0.3679171,-0.2871757,-0.0024465,0.0198915,-0.0908642,0.2809972,-0.3714478,-0.2826507,0.1865183,-0.0000071,0.0000000,0.0590804,0.0000000,0.1865183,-0.0000078,-0.0000007,0.0564695,0.0000000
-0.0413571,0.0697220,-0.1431296,0.0000000,0.0000000,0.0000000,1.0000000,0.0022874,-0.0198046,-0.0895275,0.2835975,-0.3679171,-0.2871757,-0.0024465,0.0198915,-0.0908642,0.2809972,-0.3714478,-0.2826507,0.1648903,-0.0000063,-0.0000000,0.0590804,0.0000000,0.1648903,-0.0000069,-0.0000005,0.0564695,0.0000000
-0.0413571,0.0697220,-0.1431296,0.0000000,0.0000000,0.0000000,1.0000000,0.0022874,-0.0198046,-0.0895275,0.2835975,-0.3679171,-0.2871757,-0.0024465,0.0198915,-0.0908642,0.2809972,-0.3714478,-0.2826507,0.1426845,-0.0000054,-0.0000001,0.0590804,0.0000000,0.1426845,-0.0000060,-0.0000004,0.0564695,0.0000000
-0.0413571,0.0697220,-0.1431296,0.0000000,0.0000000,0.0000000,1.0000000,0.0022874,-0.0198046,-0.0895275,0.2835975,-0.3679171,-0.2871757,-0.0024465,0.0198915,-0.0908642,0.2809972,-0.3714478,-0.2826507,0.1206106,-0.0000046,-0.0000001,0.0590804,0.0000000,0.1206106,-0.0000050,-0.0000003,0.0564695,0.0000000
-0.0413571,0.0697220,-0.1431296,0.0000000,0.0000000,0.0000000,1.0000000,0.0022874,-0.0198046,-0.0895275,0.2835975,-0.3679171,-0.2871757,-0.0024465,0.0198915,-0.0908642,0.2809972,-0.3714478,-0.2826507,0.0993091,-0.0000038,-0.0000002,0.0590804,0.0000000,0.0993091,-0.0000042,-0.0000002,0.0564695,0.0000000
-0.0413571,0.0697220,-0.1431296,0.0000000,0.0000000,0.0000000,1.0000000,0.0022874,-0.0198046,-0.0895275,0.2835975,-0.3679171,-0.2871757,-0.0024465,0.0198915,-0.0908642,0.2809972,-0.3714478,-0.2826507,0.0793318,-0.0000030,-0.0000002,0.0590804,0.0000000,0.0793318,-0.0000033,-0.0000001,0.0564695,0.0000000
-0.0413571,0.0697220,-0.1431296,0.0000000,0.0000000,0.0000000,1.0000000,0.0022874,-0.0198046,-0.0895275,0.2835975,-0.3679171,-0.2871757,-0.0024465,0.0198915,-0.0908642,0.2809972,-0.3714478,-0.2826507,0.0611266,-0.0000023,-0.0000001,0.0590804,0.0000000,0.0611266,-0.0000026,-0.0000001,0.0564695,0.0000000
-0.0413571,0.0697220,-0.1431296,0.0000000,0.0000000,0.0000000,1.0000000,0.0022874,-0.0198046,-0.0895275,0.2835975,-0.3679171,-0.2871757,-0.0024465,0.0198915,-0.0908642,0.2809972,-0.3714478,-0.2826507,0.0450268,-0.0000017,-0.0000001,0.0590804,0.0000000,0.0450268,-0.0000019,-0.0000000,0.0564695,0.0000000
-0.0413571,0.0697220,-0.1431296,0.0000000,0.0000000,0.0000000,1.0000000,0.0022874,-0.0198046,-0.0895275,0.2835975,-0.3679171,-0.2871757,-0.0024465,0.0198915,-0.0908642,0.2809972,-0.3714478,-0.2826507,0.0312462,-0.0000012,-0.0000001,0.0590804,0.0000000,0.0312462,-0.0000013,-0.0000000,0.0564695,0.0000000
-0.0413571,0.0697220,-0.1431296,0.0000000,0.0000000,0.0000000,1.0000000,0.0022874,-0.0198046,-0.0895275,0.2835975,-0.3679171,-0.2871757,-0.0024465,0.0198915,-0.0908642,0.2809972,-0.3714478,-0.2826507,0.0198797,-0.0000008,-0.0000001,0.0590804,0.0000000,0.0198797,-0.0000008,-0.0000000,0.0564695,0.0000000
-0.0413571,0.0697220,-0.1431296,0.0000000,0.0000000,0.0000000,1.0000000,0.0022874,-0.0198046,-0.0895275,0.2835975,-0.3679171,-0.2871757,-0.0024465,0.0198915,-0.0908642,0.2809972,-0.3714478,-0.2826507,0.0109086,-0.0000004,-0.0000000,0.0590804,0.0000000,0.0109086,-0.0000005,-0.0000000,0.0564695,0.0000000
-0.0413571,0.0697220,-0.1431296,0.0000000,0.0000000,0.0000000,1.0000000,0.0022874,-0.0198046,-0.0895275,0.2835975,-0.3679171,-0.2871757,-0.0024465,0.0198915,-0.0908642,0.2809972,-0.3714478,-0.2826507,0.0042115,-0.0000002,-0.0000000,0.0590804,0.0000000,0.0042115,-0.0000002,0.0000000,0.0564695,0.0000000
-0.0413571,0.0697220,-0.1431296,0.0000000,0.0000000,0.0000000,1.0000000,0.0022874,-0.0198046,-0.0895275,0.2835975,-0.3679171,-0.2871757,-0.0024465,0.0198915,-0.0908642,0.2809972,-0.3714478,-0.2826507,-0.0004209,0.0000000,0.0000000,0.0590804,0.0000000,-0.0004209,0.0000000,-0.0000000,0.0564695,0.0000000
-0.0413571,0.0697220,-0.1431296,0.0000000,0.0000000,0.0000000,1.0000000,0.0022874,-0.0198046,-0.0895275,0.2835975,-0.3679171,-0.2871757,-0.0024465,0.0198915,-0.0908642,0.2809972,-0.3714478,-0.2826507,-0.0032667,0.0000001,0.0000000,0.0590804,0.0000000,-0.0032667,0.0000001,-0.0000000,0.0564695,0.0000000
-0.0413571,0.0697220,-0.1431296,0.0000000,0.0000000,0.0000000,1.0000000,0.0022874,-0.0198046,-0.0895275,0.2835975,-0.3679171,-0.2871757,-0.0024465,0.0198915,-0.0908642,0.2809972,-0.3714478,-0.2826507,-0.0046515,0.0000002,0.0000000,0.0590804,0.0000000,-0.0046515,0.0000002,-0.0000000,0.0564695,0.0000000
-0.0413571,0.0697220,-0.1431296,0.0000000,0.0000000,0.0000000,1.0000000,0.0022874,-0.0198046,-0.0895275,0.2835975,-0.3679171,-0.2871757,-0.0024465,0.0198915,-0.0908642,0.2809972,-0.3714478,-0.2826507,-0.0049254,0.0000002,0.0000000,0.0590804,0.0000000,-0.0049254,0.0000002,-0.0000000,0.0564695,0.0000000
-0.0413571,0.0697220,-0.1431296,0.0000000,0.0000000,0.0000000,1.0000000,0.0022874,-0.0198046,-0.0895275,0.2835975,-0.3679171,-0.2871757,-0.0024465,0.0198915,-0.0908642,0.2809972,-0.3714478,-0.2826507,-0.0044391,0.0000002,0.0000000,0.0590804,0.0000000,-0.0044391,0.0000002,-0.0000000,0.0564695,0.0000000
-0.0413571,0.0697220,-0.1431296,0.0000000,0.0000000,0.0000000,1.0000000,0.0022874,-0.0198046,-0.0895275,0.2835975,-0.3679171,-0.2871757,-0.0024465,0.0198915,-0.0908642,0.2809972,-0.3714478,-0.2826507,-0.0035207,0.0000001,0.0000000,0.0590804,0.0000000,-0.0035207,0.0000001,-0.0000000,0.0564695,0.0000000
-0.0413571,0.0697220,-0.1431296,0.0000000,0.0000000,0.0000000,1.0000000,0.0022874,-0.0198046,-0.0895275,0.2835975,-0.3679171,-0.2871757,-0.0024465,0.0198915,-0.0908642,0.2809972,-0.3714478,-0.2826507,-0.0024554,0.0000001,0.0000000,0.0590804,0.0000000,-0.0024554,0.0000001,-0.0000000,0.0564695,0.0000000
-0.0413571,0.0697220,-0.1431296,0.0000000,0.0000000,0.0000000,1.0000000,0.0022874,-0.0198046,-0.0895275,0.2835975,-0.3679171,-0.2871757,-0.0024465,0.0198915,-0.0908642,0.2809972,-0.3714478,-0.2826507,-0.0014668,0.0000001,0.0000000,0.0590804,0.0000000,-0.0014668,0.0000001,-0.0000000,0.0564695,0.0000000
-0.0413571,0.0697220,-0.1431296,0.0000000,0.0000000,0.0000000,1.0000000,0.0022874,-0.0198046,-0.0895275,0.2835975,-0.3679171,-0.2871757,-0.0024465,0.0198915,-0.0908642,0.2809972,-0.3714478,-0.2826507,-0.0007040,0.0000000,0.0000000,0.0590804,0.0000000,-0.0007040,0.0000000,-0.0000000,0.0564695,0.0000000
-0.0413571,0.0697220,-0.1431296,0.0000000,0.0000000,0.0000000,1.0000000,0.0022874,-0.0198046,-0.0895275,0.2835975,-0.3679171,-0.2871757,-0.0024465,0.0198915,-0.0908642,0.2809972,-0.3714478,-0.2826507,-0.0002324,0.0000000,0.0000000,0.0590804,0.0000000,-0.0002324,0.0000000,-0.0000000,0.0564695,0.0000000
-0.0413571,0.0697220,-0.1431296,0.0000000,0.0000000,0.0000000,1.0000000,0.0022874,-0.0198046,-0.0895275,0.2835975,-0.3679171,-0.2871757,-0.0024465,0.0198915,-0.0908642,0.2809972,-0.3714478,-0.2826507,-0.0000318,0.0000000,0.0000000,0.0590804,0.0000000,-0.0000318,0.0000000,-0.0000000,0.0564695,0.0000000
-0.0413571,0.0697220,-0.1431296,0.0000000,0.0000000,0.0000000,1.0000000,0.0022874,-0.0198046,-0.0895275,0.2835975,-0.3679171,-0.2871757,-0.0024465,0.0198915,-0.0908642,0.2809972,-0.3714478,-0.2826507,0.0000000,0.0000000,0.0000000,0.0590804,0.0000000,0.0000000,0.0000000,0.0000000,0.0564695,0.0000000
-0.0413571,0.0697220,-0.1431296,0.0000000,0.0000000,0.0000000,1.0000000,0.0022874,-0.0198046,-0.0895275,0.2835975,-0.3679171,-0.2871757,-0.0024465,0.0198915,-0.0908642,0.2809972,-0.3714478,-0.2826507,0.0000000,0.0000000,0.0000000,0.0590804,0.0000000,0.0000000,0.0000000,0.0000000,0.0564695,0.0000000
-0.0413571,0.0697220,-0.1431296,0.0000000,0.0000000,0.0000000,1.0000000,0.0022874,-0.0198046,-0.0895275,0.2835975,-0.3679171,-0.2871757,-0.0024465,0.0198915,-0.0908642,0.2809972,-0.3714478,-0.2826507,0.0000000,0.0000000,0.0000000,0.0590804,0.0000000,0.0000000,0.0000000,0.0000000,0.0564695,0.0000000
-0.0413571,0.0697220,-0.1431296,0.0000000,0.0000000,0.0000000,1.0000000,0.0022874,-0.0198046,-0.0895275,0.2835975,-0.3679171,-0.2871757,-0.0024465,0.0198915,-0.0908642,0.2809972,-0.3714478,-0.2826507,0.0000000,0.0000000,0.0000000,0.0590804,0.0000000,0.0000000,0.0000000,0.0000000,0.0564695,0.0000000
-0.0413571,0.0697220,-0.1431296,0.0000000,0.0000000,0.0000000,1.0000000,0.0022874,-0.0198046,-0.0895275,0.2835975,-0.3679171,-0.2871757,-0.0024465,0.0198915,-0.0908642,0.2809972,-0.3714478,-0.2826507,0.0000000,0.0000000,0.0000000,0.0590804,0.0000000,0.0000000,0.0000000,0.0000000,0.0564695,0.0000000
-0.0413571,0.0697220,-0.1431296,0.0000000,0.0000000,0.0000000,1.0000000,0.0022874,-0.0198046,-0.0895275,0.2835975,-0.3679171,-0.2871757,-0.0024465,0.0198915,-0.0908642,0.2809972,-0.3714478,-0.2826507,0.0000000,0.0000000,0.0000000,0.0590804,0.0000000,0.0000000,0.0000000,0.0000000,0.0564695,0.0000000
-0.0413571,0.0697220,-0.1431296,0.0000000,0.0000000,0.0000000,1.0000000,0.0022874,-0.0198046,-0.0895275,0.2835975,-0.3679171,-0.2871757,-0.0024465,0.0198915,-0.0908642,0.2809972,-0.3714478,-0.2826507,0.0000000,0.0000000,0.0000000,0.0590804,0.0000000,0.0000000,0.0000000,0.0000000,0.0564695,0.0000000
-0.0413571,0.0697220,-0.1431296,0.0000000,0.0000000,0.0000000,1.0000000,0.0022874,-0.0198046,-0.0895275,0.2835975,-0.3679171,-0.2871757,-0.0024465,0.0198915,-0.0908642,0.2809972,-0.3714478,-0.2826507,0.0000000,0.0000000,0.0000000,0.0590804,0.0000000,0.0000000,0.0000000,0.0000000,0.0564695,0.0000000
-0.0413571,0.0697220,-0.1431296,0.0000000,0.0000000,0.0000000,1.0000000,0.0022874,-0.0198046,-0.0895275,0.2835975,-0.3679171,-0.2871757,-0.0024465,0.0198915,-0.0908642,0.2809972,-0.3714478,-0.2826507,0.0000000,0.0000000,0.0000000,0.0590804,0.0000000,0.0000000,0.0000000,0.0000000,0.0564695,0.0000000
-0.0413571,0.0697220,-0.1431296,0.0000000,0.0000000,0.0000000,1.0000000,0.0022874,-0.0198046,-0.0895275,0.2835975,-0.3679171,-0.2871757,-0.0024465,0.0198915,-0.0908642,0.2809972,-0.3714478,-0.2826507,0.0000000,0.0000000,0.0000000,0.0590804,0.0000000,0.0000000,0.0000000,0.0000000,0.0564695,0.0000000
-0.0413571,0.0697220,-0.1431296,0.0000000,0.0000000,0.0000000,1.0000000,0.0022874,-0.0198046,-0.0895275,0.2835975,-0.3679171,-0.2871757,-0.0024465,0.0198915,-0.0908642,0.2809972,-0.3714478,-0.2826507,0.0000000,0.0000000,0.0000000,0.0590804,0.0000000,0.0000000,0.0000000,0.0000000,0.0564695,0.0000000
-0.0413571,0.0697220,-0.1431296,0.0000000,0.0000000,0.0000000,1.0000000,0.0022874,-0.0198046,-0.0895275,0.2835975,-0.3679171,-0.2871757,-0.0024465,0.0198915,-0.0908642,0.2809972,-0.3714478,-0.2826507,0.0000000,0.0000000,0.0000000,0.0590804,0.0000000,0.0000000,0.0000000,0.0000000,0.0564695,0.0000000
-0.0413571,0.0697220,-0.1431296,0.0000000,0.0000000,0.0000000,1.0000000,0.0022874,-0.0198046,-0.0895275,0.2835975,-0.3679171,-0.2871757,-0.0024465,0.0198915,-0.0908642,0.2809972,-0.3714478,-0.2826507,0.0000000,0.0000000,0.0000000,0.0590804,0.0000000,0.0000000,0.0000000,0.0000000,0.0564695,0.0000000
-0.0413571,0.0697220,-0.1431296,0.0000000,0.0000000,0.0000000,1.0000000,0.0022874,-0.0198046,-0.0895275,0.2835975,-0.3679171,-0.2871757,-0.0024465,0.0198915,-0.0908642,0.2809972,-0.3714478,-0.2826507,0.0000000,0.0000000,0.0000000,0.0590804,0.0000000,0.0000000,0.0000000,0.0000000,0.0564695,0.0000000
-0.0413571,0.0697220,-0.1431296,0.0000000,0.0000000,0.0000000,1.0000000,0.0022874,-0.0198046,-0.0895275,0.2835975,-0.3679171,-0.2871757,-0.0024465,0.0198915,-0.0908642,0.2809972,-0.3714478,-0.2826507,0.0000000,0.0000000,0.0000000,0.0590804,0.0000000,0.0000000,0.0000000,0.0000000,0.0564695,0.0000000
-0.0413571,0.0697220,-0.1431296,0.0000000,0.0000000,0.0000000,1.0000000,0.0022874,-0.0198046,-0.0895275,0.2835975,-0.3679171,-0.2871757,-0.0024465,0.0198915,-0.0908642,0.2809972,-0.3714478,-0.2826507,0.0000000,0.0000000,0.0000000,0.0590804,0.0000000,0.0000000,0.0000000,0.0000000,0.0564695,0.0000000
-0.0413571,0.0697220,-0.1431296,0.0000000,0.0000000,0.0000000,1.0000000,0.0022874,-0.0198046,-0.0895275,0.2835975,-0.3679171,-0.2871757,-0.0024465,0.0198915,-0.0908642,0.2809972,-0.3714478,-0.2826507,0.0000000,0.0000000,0.0000000,0.0590804,0.0000000,0.0000000,0.0000000,0.0000000,0.0564695,0.0000000
-0.0413571,0.0697220,-0.1431296,0.0000000,0.0000000,0.0000000,1.0000000,0.0022874,-0.0198046,-0.0895275,0.2835975,-0.3679171,-0.2871757,-0.0024465,0.0198915,-0.0908642,0.2809972,-0.3714478,-0.2826507,0.0000000,0.0000000,0.0000000,0.0590804,0.0000000,0.0000000,0.0000000,0.0000000,0.0564695,0.0000000
-0.0413571,0.0697220,-0.1431296,0.0000000,0.0000000,0.0000000,1.0000000,0.0022874,-0.0198046,-0.0895275,0.2835975,-0.3679171,-0.2871757,-0.0024465,0.0198915,-0.0908642,0.2809972,-0.3714478,-0.2826507,0.0000000,0.0000000,0.0000000,0.0590804,0.0000000,0.0000000,0.0000000,0.0000000,0.0564695,0.0000000
-0.0413571,0.0697220,-0.1431296,0.0000000,0.0000000,0.0000000,1.0000000,0.0022874,-0.0198046,-0.0895275,0.2835975,-0.3679171,-0.2871757,-0.0024465,0.0198915,-0.0908642,0.2809972,-0.3714478,-0.2826507,0.0000000,0.0000000,0.0000000,0.0590804,0.0000000,0.0000000,0.0000000,0.0000000,0.0564695,0.0000000
-0.0413571,0.0697220,-0.1431296,0.0000000,0.0000000,0.0000000,1.0000000,0.0022874,-0.0198046,-0.0895275,0.2835975,-0.3679171,-0.2871757,-0.0024465,0.0198915,-0.0908642,0.2809972,-0.3714478,-0.2826507,0.0000000,0.0000000,0.0000000,0.0590804,0.0000000,0.0000000,0.0000000,0.0000000,0.0564695,0.0000000
-0.0413571,0.0697220,-0.1431296,0.0000000,0.0000000,0.0000000,1.0000000,0.0022874,-0.0198046,-0.0895275,0.2835975,-0.3679171,-0.2871757,-0.0024465,0.0198915,-0.0908642,0.2809972,-0.3714478,-0.2826507,0.0000000,0.0000000,0.0000000,0.0590804,0.0000000,0.0000000,0.0000000,0.0000000,0.0564695,0.0000000
-0.0413571,0.0697220,-0.1431296,0.0000000,0.0000000,0.0000000,1.0000000,0.0022874,-0.0198046,-0.0895275,0.2835975,-0.3679171,-0.2871757,-0.0024465,0.0198915,-0.0908642,0.2809972,-0.3714478,-0.2826507,0.0000000,0.0000000,0.0000000,0.0590804,0.0000000,0.0000000,0.0000000,0.0000000,0.0564695,0.0000000
-0.0413571,0.0697220,-0.1431296,0.0000000,0.0000000,0.0000000,1.0000000,0.0022874,-0.0198046,-0.0895275,0.2835975,-0.3679171,-0.2871757,-0.0024465,0.0198915,-0.0908642,0.2809972,-0.3714478,-0.2826507,0.0000000,0.0000000,0.0000000,0.0590804,0.0000000,0.0000000,0.0000000,0.0000000,0.0564695,0.0000000
-0.0413571,0.0697220,-0.1431296,0.0000000,0.0000000,0.0000000,1.0000000,0.0022874,-0.0198046,-0.0895275,0.2835975,-0.3679171,-0.2871757,-0.0024465,0.0198915,-0.0908642,0.2809972,-0.3714478,-0.2826507,0.0000000,0.0000000,0.0000000,0.0590804,0.0000000,0.0000000,0.0000000,0.0000000,0.0564695,0.0000000
-0.0413571,0.0697220,-0.1431296,0.0000000,0.0000000,0.0000000,1.0000000,0.0022874,-0.0198046,-0.0895275,0.2835975,-0.3679171,-0.2871757,-0.0024465,0.0198915,-0.0908642,0.2809972,-0.3714478,-0.2826507,0.0000000,0.0000000,0.0000000,0.0590804,0.0000000,0.0000000,0.0000000,0.0000000,0.0564695,0.0000000
-0.0413571,0.0697220,-0.1431296,0.0000000,0.0000000,0.0000000,1.0000000,0.0022874,-0.0198046,-0.0895275,0.2835975,-0.3679171,-0.2871757,-0.0024465,0.0198915,-0.0908642,0.2809972,-0.3714478,-0.2826507,0.0000000,0.0000000,0.0000000,0.0590804,0.0000000,0.0000000,0.0000000,0.0000000,0.0564695,0.0000000
-0.0413571,0.0697220,-0.1431296,0.0000000,0.0000000,0.0000000,1.0000000,0.0022874,-0.0198046,-0.0895275,0.2835975,-0.3679171,-0.2871757,-0.0024465,0.0198915,-0.0908642,0.2809972,-0.3714478,-0.2826507,0.0000000,0.0000000,0.0000000,0.0590804,0.0000000,0.0000000,0.0000000,0.0000000,0.0564695,0.0000000
-0.0413571,0.0697220,-0.1431296,0.0000000,0.0000000,0.0000000,1.0000000,0.0022874,-0.0198046,-0.0895275,0.2835975,-0.3679171,-0.2871757,-0.0024465,0.0198915,-0.0908642,0.2809972,-0.3714478,-0.2826507,0.0000000,0.0000000,0.0000000,0.0590804,0.0000000,0.0000000,0.0000000,0.0000000,0.0564695,0.0000000
-0.0413571,0.0697220,-0.1431296,0.0000000,0.0000000,0.0000000,1.0000000,0.0022874,-0.0198046,-0.0895275,0.2835975,-0.3679171,-0.2871757,-0.0024465,0.0198915,-0.0908642,0.2809972,-0.3714478,-0.2826507,0.0000000,0.0000000,0.0000000,0.0590804,0.0000000,0.0000000,0.0000000,0.0000000,0.0564695,0.0000000
-0.0413571,0.0697220,-0.1431296,0.0000000,0.0000000,0.0000000,1.0000000,0.0022874,-0.0198046,-0.0895275,0.2835975,-0.3679171,-0.2871757,-0.0024465,0.0198915,-0.0908642,0.2809972,-0.3714478,-0.2826507,0.0000000,0.0000000,0.0000000,0.0590804,0.0000000,0.0000000,0.0000000,0.0000000,0.0564695,0.0000000
-0.0413571,0.0697220,-0.1431296,0.0000000,0.0000000,0.0000000,1.0000000,0.0022874,-0.0198046,-0.0895275,0.2835975,-0.3679171,-0.2871757,-0.0024465,0.0198915,-0.0908642,0.2809972,-0.3714478,-0.2826507,0.0000000,0.0000000,0.0000000,0.0590804,0.0000000,0.0000000,0.0000000,0.0000000,0.0564695,0.0000000
-0.0413571,0.0697220,-0.1431296,0.0000000,0.0000000,0.0000000,1.0000000,0.0022874,-0.0198046,-0.0895275,0.2835975,-0.3679171,-0.2871757,-0.0024465,0.0198915,-0.0908642,0.2809972,-0.3714478,-0.2826507,0.0000000,0.0000000,0.0000000,0.0590804,0.0000000,0.0000000,0.0000000,0.0000000,0.0564695,0.0000000
-0.0413571,0.0697220,-0.1431296,0.0000000,0.0000000,0.0000000,1.0000000,0.0022874,-0.0198046,-0.0895275,0.2835975,-0.3679171,-0.2871757,-0.0024465,0.0198915,-0.0908642,0.2809972,-0.3714478,-0.2826507,0.0000000,0.0000000,0.0000000,0.0590804,0.0000000,0.0000000,0.0000000,0.0000000,0.0564695,0.0000000
-0.0413571,0.0697220,-0.1431296,0.0000000,0.0000000,0.0000000,1.0000000,0.0022874,-0.0198046,-0.0895275,0.2835975,-0.3679171,-0.2871757,-0.0024465,0.0198915,-0.0908642,0.2809972,-0.3714478,-0.2826507,0.0000000,0.0000000,0.0000000,0.0590804,0.0000000,0.0000000,0.0000000,0.0000000,0.0564695,0.0000000
-0.0413571,0.0697220,-0.1431296,0.0000000,0.0000000,0.0000000,1.0000000,0.0022874,-0.0198046,-0.0895275,0.2835975,-0.3679171,-0.2871757,-0.0024465,0.0198915,-0.0908642,0.2809972,-0.3714478,-0.2826507,0.0000000,0.0000000,0.0000000,0.0590804,0.0000000,0.0000000,0.0000000,0.0000000,0.0564695,0.0000000
-0.0413571,0.0697220,-0.1431296,0.0000000,0.0000000,0.0000000,1.0000000,0.0022874,-0.0198046,-0.0895275,0.2835975,-0.3679171,-0.2871757,-0.0024465,0.0198915,-0.0908642,0.2809972,-0.3714478,-0.2826507,0.0000000,0.0000000,0.0000000,0.0590804,0.0000000,0.0000000,0.0000000,0.0000000,0.0564695,0.0000000
-0.0413571,0.0697220,-0.1431296,0.0000000,0.0000000,0.0000000,1.0000000,0.0022874,-0.0198046,-0.0895275,0.2835975,-0.3679171,-0.2871757,-0.0024465,0.0198915,-0.0908642,0.2809972,-0.3714478,-0.2826507,0.0000000,0.0000000,0.0000000,0.0590804,0.0000000,0.0000000,0.0000000,0.0000000,0.0564695,0.0000000
-0.0413571,0.0697220,-0.1431296,0.0000000,0.0000000,0.0000000,1.0000000,0.0022874,-0.0198046,-0.0895275,0.2835975,-0.3679171,-0.2871757,-0.0024465,0.0198915,-0.0908642,0.2809972,-0.3714478,-0.2826507,0.0000000,0.0000000,0.0000000,0.0590804,0.0000000,0.0000000,0.0000000,0.0000000,0.0564695,0.0000000
-0.0413571,0.0697220,-0.1431296,0.0000000,0.0000000,0.0000000,1.0000000,0.0022874,-0.0198046,-0.0895275,0.2835975,-0.3679171,-0.2871757,-0.0024465,0.0198915,-0.0908642,0.2809972,-0.3714478,-0.2826507,0.0000000,0.0000000,0.0000000,0.0590804,0.0000000,0.0000000,0.0000000,0.0000000,0.0564695,0.0000000
-0.0413571,0.0697220,-0.1431296,0.0000000,0.0000000,0.0000000,1.0000000,0.0022874,-0.0198046,-0.0895275,0.2835975,-0.3679171,-0.2871757,-0.0024465,0.0198915,-0.0908642,0.2809972,-0.3714478,-0.2826507,0.0000000,0.0000000,0.0000000,0.0590804,0.0000000,0.0000000,0.0000000,0.0000000,0.0564695,0.0000000
-0.0413571,0.0697220,-0.1431296,0.0000000,0.0000000,0.0000000,1.0000000,0.0022874,-0.0198046,-0.0895275,0.2835975,-0.3679171,-0.2871757,-0.0024465,0.0198915,-0.0908642,0.2809972,-0.3714478,-0.2826507,0.0000000,0.0000000,0.0000000,0.0590804,0.0000000,0.0000000,0.0000000,0.0000000,0.0564695,0.0000000
-0.0413571,0.0697220,-0.1431296,0.0000000,0.0000000,0.0000000,1.0000000,0.0022874,-0.0198046,-0.0895275,0.2835975,-0.3679171,-0.2871757,-0.0024465,0.0198915,-0.0908642,0.2809972,-0.3714478,-0.2826507,0.0000000,0.0000000,0.0000000,0.0590804,0.0000000,0.0000000,0.0000000,0.0000000,0.0564695,0.0000000
-0.0413571,0.0697220,-0.1431296,0.0000000,0.0000000,0.0000000,1.0000000,0.0022874,-0.0198046,-0.0895275,0.2835975,-0.3679171,-0.2871757,-0.0024465,0.0198915,-0.0908642,0.2809972,-0.3714478,-0.2826507,0.0000000,0.0000000,0.0000000,0.0590804,0.0000000,0.0000000,0.0000000,0.0000000,0.0564695,0.0000000
-0.0413571,0.0697220,-0.1431296,0.0000000,0.0000000,0.0000000,1.0000000,0.0022874,-0.0198046,-0.0895275,0.2835975,-0.3679171,-0.2871757,-0.0024465,0.0198915,-0.0908642,0.2809972,-0.3714478,-0.2826507,0.0000000,0.0000000,0.0000000,0.0590804,0.0000000,0.0000000,0.0000000,0.0000000,0.0564695,0.0000000
-0.0413571,0.0697220,-0.1431296,0.0000000,0.0000000,0.0000000,1.0000000,0.0022874,-0.0198046,-0.0895275,0.2835975,-0.3679171,-0.2871757,-0.0024465,0.0198915,-0.0908642,0.2809972,-0.3714478,-0.2826507,0.0000000,0.0000000,0.0000000,0.0590804,0.0000000,0.0000000,0.0000000,0.0000000,0.0564695,0.0000000
-0.0413571,0.0697220,-0.1431296,0.0000000,0.0000000,0.0000000,1.0000000,0.0022874,-0.0198046,-0.0895275,0.2835975,-0.3679171,-0.2871757,-0.0024465,0.0198915,-0.0908642,0.2809972,-0.3714478,-0.2826507,0.0000000,0.0000000,0.0000000,0.0590804,0.0000000,0.0000000,0.0000000,0.0000000,0.0564695,0.0000000
-0.0413571,0.0697220,-0.1431296,0.0000000,0.0000000,0.0000000,1.0000000,0.0022874,-0.0198046,-0.0895275,0.2835975,-0.3679171,-0.2871757,-0.0024465,0.0198915,-0.0908642,0.2809972,-0.3714478,-0.2826507,0.0000000,0.0000000,0.0000000,0.0590804,0.0000000,0.0000000,0.0000000,0.0000000,0.0564695,0.0000000
-0.0413571,0.0697220,-0.1431296,0.0000000,0.0000000,0.0000000,1.0000000,0.0022874,-0.0198046,-0.0895275,0.2835975,-0.3679171,-0.2871757,-0.0024465,0.0198915,-0.0908642,0.2809972,-0.3714478,-0.2826507,0.0000000,0.0000000,0.0000000,0.0590804,0.0000000,0.0000000,0.0000000,0.0000000,0.0564695,0.0000000
-0.0413571,0.0697220,-0.1431296,0.0000000,0.0000000,0.0000000,1.0000000,0.0022874,-0.0198046,-0.0895275,0.2835975,-0.3679171,-0.2871757,-0.0024465,0.0198915,-0.0908642,0.2809972,-0.3714478,-0.2826507,0.0000000,0.0000000,0.0000000,0.0590804,0.0000000,0.0000000,0.0000000,0.0000000,0.0564695,0.0000000
-0.0413571,0.0697220,-0.1431296,0.0000000,0.0000000,0.0000000,1.0000000,0.0022874,-0.0198046,-0.0895275,0.2835975,-0.3679171,-0.2871757,-0.0024465,0.0198915,-0.0908642,0.2809972,-0.3714478,-0.2826507,0.0000000,0.0000000,0.0000000,0.0590804,0.0000000,0.0000000,0.0000000,0.0000000,0.0564695,0.0000000
