root_x,root_y,root_z,root_qx,root_qy,root_qz,root_qw,PG_left_leg_pitch,PG_left_leg_roll,LL_hip_joint,LL_knee_actuator_joint,LL_Revolute67,LL_Revolute81,PG_right_leg_pitch,PG_right_leg_roll,RL_hip_joint,RL_knee_actuator_joint,RL_Revolute67,RL_Revolute81,LH_yaw,LH_pitch,LH_roll,LH_elbow_joint,LH_wrist_roll,RH_yaw,RH_pitch,RH_roll,RH_elbow_joint,RH_wrist_roll
-0.0413571,0.0697220,-0.1431296,0.0000000,0.0000000,0.0000000,1.0000000,0.0021387,-0.0006876,-0.0861532,0.2835975,-0.3572055,-0.3048797,-0.0021515,0.0006291,-0.0874779,0.2809972,-0.3607842,-0.3003595,0.0000000,0.0000000,0.0000000,0.0590804,0.0000000,0.0000000,0.0000000,0.0000000,0.0564695,0.0000000
-0.0413571,0.0697220,-0.1431296,0.0000000,0.0000000,0.0000000,1.0000000,0.0021387,-0.0006876,-0.0861532,0.2835975,-0.3572055,-0.3048797,-0.0021515,0.0006291,-0.0874779,0.2809972,-0.3607842,-0.3003595,0.0000000,0.0000000,0.0000000,0.0590804,0.0000000,0.0000000,0.0000000,0.0000000,0.0564695,0.0000000
-0.0413571,0.0697220,-0.1431296,0.0000000,0.0000000,0.0000000,1.0000000,0.0021387,-0.0006876,-0.0861532,0.2835975,-0.3572055,-0.3048797,-0.0021515,0.0006291,-0.0874779,0.2809972,-0.3607842,-0.3003595,0.0000000,0.0000000,0.0000000,0.0590804,0.0000000,0.0000000,0.0000000,0.0000000,0.0564695,0.0000000
-0.0413571,0.0697220,-0.1431296,0.0000000,0.0000000,0.0000000,1.0000000,0.0021387,-0.0006876,-0.0861532,0.2835975,-0.3572055,-0.3048797,-0.0021515,0.0006291,-0.0874779,0.2809972,-0.3607842,-0.3003595,0.0000000,0.0000000,0.0000000,0.0590804,0.0000000,0.0000000,0.0000000,0.0000000,0.0564695,0.0000000
-0.0413571,0.0697220,-0.1431296,0.0000000,0.0000000,0.0000000,1.0000000,0.0021387,-0.0006876,-0.0861532,0.2835975,-0.3572055,-0.3048797,-0.0021515,0.0006291,-0.0874779,0.2809972,-0.3607842,-0.3003595,0.0000000,0.0000000,0.0000000,0.0590804,0.0000000,0.0000000,0.0000000,0.0000000,0.0564695,0.0000000
-0.0413571,0.0697220,-0.1431296,0.0000000,0.0000000,0.0000000,1.0000000,0.0021387,-0.0006876,-0.0861532,0.2835975,-0.3572055,-0.3048797,-0.0021515,0.0006291,-0.0874779,0.2809972,-0.3607842,-0.3003595,0.0000000,0.0000000,0.0000000,0.0590804,0.0000000,0.0000000,0.0000000,0.0000000,0.0564695,0.0000000
-0.0413571,0.0697220,-0.1431296,0.0000000,0.0000000,0.0000000,1.0000000,0.0021387,-0.0006876,-0.0861532,0.2835975,-0.3572055,-0.3048797,-0.0021515,0.0006291,-0.0874779,0.2809972,-0.3607842,-0.3003595,0.0000000,0.0000000,0.0000000,0.0590804,0.0000000,0.0000000,0.0000000,0.0000000,0.0564695,0.0000000
-0.0413571,0.0697220,-0.1431296,0.0000000,0.0000000,0.0000000,1.0000000,0.0021387,-0.0006876,-0.0861532,0.2835975,-0.3572055,-0.3048797,-0.0021515,0.0006291,-0.0874779,0.2809972,-0.3607842,-0.3003595,0.0000000,0.0000000,0.0000000,0.0590804,0.0000000,0.0000000,0.0000000,0.0000000,0.0564695,0.0000000
-0.0413571,0.0697220,-0.1431296,0.0000000,0.0000000,0.0000000,1.0000000,0.0021387,-0.0006876,-0.0861532,0.2835975,-0.3572055,-0.3048797,-0.0021515,0.0006291,-0.0874779,0.2809972,-0.3607842,-0.3003595,0.0000000,0.0000000,0.0000000,0.0590804,0.0000000,0.0000000,0.0000000,0.0000000,0.0564695,0.0000000
-0.0413571,0.0697220,-0.1431296,0.0000000,0.0000000,0.0000000,1.0000000,0.0021387,-0.0006876,-0.0861532,0.2835975,-0.3572055,-0.3048797,-0.0021515,0.0006291,-0.0874779,0.2809972,-0.3607842,-0.3003595,0.0000000,0.0000000,0.0000000,0.0590804,0.0000000,0.0000000,0.0000000,0.0000000,0.0564695,0.0000000
-0.0413571,0.0697220,-0.1431296,0.0000000,0.0000000,0.0000000,1.0000000,0.0021387,-0.0006876,-0.0861532,0.2835975,-0.3572055,-0.3048797,-0.0021515,0.0006291,-0.0874779,0.2809972,-0.3607842,-0.3003595,0.0000000,0.0000000,0.0000000,0.0590804,0.0000000,0.0000000,0.0000000,0.0000000,0.0564695,0.0000000
-0.0413571,0.0697220,-0.1431296,0.0000000,0.0000000,0.0000000,1.0000000,0.0021387,-0.0006876,-0.0861532,0.2835975,-0.3572055,-0.3048797,-0.0021515,0.0006291,-0.0874779,0.2809972,-0.3607842,-0.3003595,0.0000000,0.0000000,0.0000000,0.0590804,0.0000000,0.0000000,0.0000000,0.0000000,0.0564695,0.0000000
-0.0413571,0.0697220,-0.1431296,0.0000000,0.0000000,0.0000000,1.0000000,0.0021387,-0.0006876,-0.0861532,0.2835975,-0.3572055,-0.3048797,-0.0021515,0.0006291,-0.0874779,0.2809972,-0.3607842,-0.3003595,0.0000000,0.0000000,0.0000000,0.0590804,0.0000000,0.0000000,0.0000000,0.0000000,0.0564695,0.0000000
-0.0413571,0.0697220,-0.1431296,0.0000000,0.0000000,0.0000000,1.0000000,0.0021387,-0.0006876,-0.0861532,0.2835975,-0.3572055,-0.3048797,-0.0021515,0.0006291,-0.0874779,0.2809972,-0.3607842,-0.3003595,0.0000000,0.0000000,0.0000000,0.0590804,0.0000000,0.0000000,0.0000000,0.0000000,0.0564695,0.0000000
-0.0413571,0.0697220,-0.1431296,0.0000000,0.0000000,0.0000000,1.0000000,0.0021387,-0.0006876,-0.0861532,0.2835975,-0.3572055,-0.3048797,-0.0021515,0.0006291,-0.0874779,0.2809972,-0.3607842,-0.3003595,0.0000000,0.0000000,0.0000000,0.0590804,0.0000000,0.0000000,0.0000000,0.0000000,0.0564695,0.0000000
-0.0413571,0.0697220,-0.1431296,0.0000000,0.0000000,0.0000000,1.0000000,0.0021387,-0.0006876,-0.0861532,0.2835975,-0.3572055,-0.3048797,-0.0021515,0.0006291,-0.0874779,0.2809972,-0.3607842,-0.3003595,0.0000000,0.0000000,0.0000000,0.0590804,0.0000000,0.0000000,0.0000000,0.0000000,0.0564695,0.0000000
-0.0413571,0.0697220,-0.1431296,0.0000000,0.0000000,0.0000000,1.0000000,0.0021387,-0.0006876,-0.0861532,0.2835975,-0.3572055,-0.3048797,-0.0021515,0.0006291,-0.0874779,0.2809972,-0.3607842,-0.3003595,0.0000000,0.0000000,0.0000000,0.0590804,0.0000000,0.0000000,0.0000000,0.0000000,0.0564695,0.0000000
-0.0413571,0.0697220,-0.1431296,0.0000000,0.0000000,0.0000000,1.0000000,0.0021387,-0.0006876,-0.0861532,0.2835975,-0.3572055,-0.3048797,-0.0021515,0.0006291,-0.0874779,0.2809972,-0.3607842,-0.3003595,0.0000000,0.0000000,0.0000000,0.0590804,0.0000000,0.0000000,0.0000000,0.0000000,0.0564695,0.0000000
-0.0413571,0.0697220,-0.1431296,0.0000000,0.0000000,0.0000000,1.0000000,0.0021387,-0.0006876,-0.0861532,0.2835975,-0.3572055,-0.3048797,-0.0021515,0.0006291,-0.0874779,0.2809972,-0.3607842,-0.3003595,0.0000000,0.0000000,0.0000000,0.0590804,0.0000000,0.0000000,0.0000000,0.0000000,0.0564695,0.0000000
-0.0413571,0.0697220,-0.1431296,0.0000000,0.0000000,0.0000000,1.0000000,0.0021387,-0.0006876,-0.0861532,0.2835975,-0.3572055,-0.3048797,-0.0021515,0.0006291,-0.0874779,0.2809972,-0.3607842,-0.3003595,0.0000000,0.0000000,0.0000000,0.0590804,0.0000000,0.0000000,0.0000000,0.0000000,0.0564695,0.0000000
-0.0413571,0.0697220,-0.1431296,0.0000000,0.0000000,0.0000000,1.0000000,0.0021387,-0.0006876,-0.0861532,0.2835975,-0.3572055,-0.3048797,-0.0021515,0.0006291,-0.0874779,0.2809972,-0.3607842,-0.3003595,0.0000000,0.0000000,0.0000000,0.0590804,0.0000000,0.0000000,0.0000000,0.0000000,0.0564695,0.0000000
-0.0413571,0.0697220,-0.1431296,0.0000000,0.0000000,0.0000000,1.0000000,0.0021387,-0.0006876,-0.0861532,0.2835975,-0.3572055,-0.3048797,-0.0021515,0.0006291,-0.0874779,0.2809972,-0.3607842,-0.3003595,0.0000000,0.0000000,0.0000000,0.0590804,0.0000000,0.0000000,0.0000000,0.0000000,0.0564695,0.0000000
-0.0413571,0.0697220,-0.1431296,0.0000000,0.0000000,0.0000000,1.0000000,0.0021387,-0.0006876,-0.0861532,0.2835975,-0.3572055,-0.3048797,-0.0021515,0.0006291,-0.0874779,0.2809972,-0.3607842,-0.3003595,0.0000000,0.0000000,0.0000000,0.0590804,0.0000000,0.0000000,0.0000000,0.0000000,0.0564695,0.0000000
-0.0413571,0.0697220,-0.1431296,0.0000000,0.0000000,0.0000000,1.0000000,0.0021387,-0.0006876,-0.0861532,0.2835975,-0.3572055,-0.3048797,-0.0021515,0.0006291,-0.0874779,0.2809972,-0.3607842,-0.3003595,0.0000000,0.0000000,0.0000000,0.0590804,0.0000000,0.0000000,0.0000000,0.0000000,0.0564695,0.0000000
-0.0413571,0.0697220,-0.1431296,0.0000000,0.0000000,0.0000000,1.0000000,0.0021387,-0.0006876,-0.0861532,0.2835975,-0.3572055,-0.3048797,-0.0021515,0.0006291,-0.0874779,0.2809972,-0.3607842,-0.3003595,0.0000000,0.0000000,0.0000000,0.0590804,0.0000000,0.0000000,0.0000000,0.0000000,0.0564695,0.0000000
-0.0413571,0.0697220,-0.1431296,0.0000000,0.0000000,0.0000000,1.0000000,0.0021387,-0.0006876,-0.0861532,0.2835975,-0.3572055,-0.3048797,-0.0021515,0.0006291,-0.0874779,0.2809972,-0.3607842,-0.3003595,0.0000000,0.0000000,0.0000000,0.0590804,0.0000000,0.0000000,0.0000000,0.0000000,0.0564695,0.0000000
-0.0413571,0.0697220,-0.1431296,0.0000000,0.0000000,0.0000000,1.0000000,0.0021387,-0.0006876,-0.0861532,0.2835975,-0.3572055,-0.3048797,-0.0021515,0.0006291,-0.0874779,0.2809972,-0.3607842,-0.3003595,0.0000000,0.0000000,0.0000000,0.0590804,0.0000000,0.0000000,0.0000000,0.0000000,0.0564695,0.0000000
-0.0413571,0.0697220,-0.1431296,0.0000000,0.0000000,0.0000000,1.0000000,0.0021387,-0.0006876,-0.0861532,0.2835975,-0.3572055,-0.3048797,-0.0021515,0.0006291,-0.0874779,0.2809972,-0.3607842,-0.3003595,0.0000000,0.0000000,0.0000000,0.0590804,0.0000000,0.0000000,0.0000000,0.0000000,0.0564695,0.0000000
-0.0413571,0.0697220,-0.1431296,0.0000000,0.0000000,0.0000000,1.0000000,0.0021387,-0.0006876,-0.0861532,0.2835975,-0.3572055,-0.3048797,-0.0021515,0.0006291,-0.0874779,0.2809972,-0.3607842,-0.3003595,0.0000000,0.0000000,0.0000000,0.0590804,0.0000000,0.0000000,0.0000000,0.0000000,0.0564695,0.0000000
-0.0413571,0.0697220,-0.1431296,0.0000000,0.0000000,0.0000000,1.0000000,0.0021387,-0.0006876,-0.0861532,0.2835975,-0.3572055,-0.3048797,-0.0021515,0.0006291,-0.0874779,0.2809972,-0.3607842,-0.3003595,0.0000000,0.0000000,0.0000000,0.0590804,0.0000000,0.0000000,0.0000000,0.0000000,0.0564695,0.0000000
-0.0413571,0.0697220,-0.1431296,0.0000000,0.0000000,0.0000000,1.0000000,0.0021387,-0.0006876,-0.0861532,0.2835975,-0.3572055,-0.3048797,-0.0021515,0.0006291,-0.0874779,0.2809972,-0.3607842,-0.3003595,0.0000000,0.0000000,0.0000000,0.0590804,0.0000000,0.0000000,0.0000000,0.0000000,0.0564695,0.0000000
-0.0413571,0.0697220,-0.1431296,0.0000000,0.0000000,0.0000000,1.0000000,0.0021387,-0.0006876,-0.0861532,0.2835975,-0.3572055,-0.3048797,-0.0021515,0.0006291,-0.0874779,0.2809972,-0.3607842,-0.3003595,0.0000000,0.0000000,0.0000000,0.0590804,0.0000000,0.0000000,0.0000000,0.0000000,0.0564695,0.0000000
-0.0413571,0.0697220,-0.1431296,0.0000000,0.0000000,0.0000000,1.0000000,0.0021387,-0.0006876,-0.0861532,0.2835975,-0.3572055,-0.3048797,-0.0021515,0.0006291,-0.0874779,0.2809972,-0.3607842,-0.3003595,0.0000000,0.0000000,0.0000000,0.0590804,0.0000000,0.0000000,0.0000000,0.0000000,0.0564695,0.0000000
-0.0413571,0.0697220,-0.1431296,0.0000000,0.0000000,0.0000000,1.0000000,0.0021387,-0.0006876,-0.0861532,0.2835975,-0.3572055,-0.3048797,-0.0021515,0.0006291,-0.0874779,0.2809972,-0.3607842,-0.3003595,0.0000000,0.0000000,0.0000000,0.0590804,0.0000000,0.0000000,0.0000000,0.0000000,0.0564695,0.0000000
-0.0413571,0.0697220,-0.1431296,0.0000000,0.0000000,0.0000000,1.0000000,0.0021387,-0.0006876,-0.0861532,0.2835975,-0.3572055,-0.3048797,-0.0021515,0.0006291,-0.0874779,0.2809972,-0.3607842,-0.3003595,0.0000000,0.0000000,0.0000000,0.0590804,0.0000000,0.0000000,0.0000000,0.0000000,0.0564695,0.0000000
-0.0413571,0.0697220,-0.1431296,0.0000000,0.0000000,0.0000000,1.0000000,0.0021387,-0.0006876,-0.0861532,0.2835975,-0.3572055,-0.3048797,-0.0021515,0.0006291,-0.0874779,0.2809972,-0.3607842,-0.3003595,0.0000000,0.0000000,0.0000000,0.0590804,0.0000000,0.0000000,0.0000000,0.0000000,0.0564695,0.0000000
-0.0413571,0.0697220,-0.1431296,0.0000000,0.0000000,0.0000000,1.0000000,0.0021387,-0.0006876,-0.0861532,0.2835975,-0.3572055,-0.3048797,-0.0021515,0.0006291,-0.0874779,0.2809972,-0.3607842,-0.3003595,0.0000000,0.0000000,0.0000000,0.0590804,0.0000000,0.0000000,0.0000000,0.0000000,0.0564695,0.0000000
-0.0413571,0.0697220,-0.1431296,0.0000000,0.0000000,0.0000000,1.0000000,0.0021387,-0.0006876,-0.0861532,0.2835975,-0.3572055,-0.3048797,-0.0021515,0.0006291,-0.0874779,0.2809972,-0.3607842,-0.3003595,0.0000000,0.0000000,0.0000000,0.0590804,0.0000000,0.0000000,0.0000000,0.0000000,0.0564695,0.0000000
-0.0413571,0.0697220,-0.1431296,0.0000000,0.0000000,0.0000000,1.0000000,0.0021387,-0.0006876,-0.0861532,0.2835975,-0.3572055,-0.3048797,-0.0021515,0.0006291,-0.0874779,0.2809972,-0.3607842,-0.3003595,0.0000000,0.0000000,0.0000000,0.0590804,0.0000000,0.0000000,0.0000000,0.0000000,0.0564695,0.0000000
-0.0413571,0.0697220,-0.1431296,0.0000000,0.0000000,0.0000000,1.0000000,0.0021387,-0.0006876,-0.0861532,0.2835975,-0.3572055,-0.3048797,-0.0021515,0.0006291,-0.0874779,0.2809972,-0.3607842,-0.3003595,0.0000000,0.0000000,0.0000000,0.0590804,0.0000000,0.0000000,0.0000000,0.0000000,0.0564695,0.0000000
-0.0413571,0.0697220,-0.1431296,0.0000000,0.0000000,0.0000000,1.0000000,0.0021387,-0.0006876,-0.0861532,0.2835975,-0.3572055,-0.3048797,-0.0021515,0.0006291,-0.0874779,0.2809972,-0.3607842,-0.3003595,0.0000000,0.0000000,0.0000000,0.0590804,0.0000000,0.0000000,0.0000000,0.0000000,0.0564695,0.0000000
-0.0413571,0.0697220,-0.1431296,0.0000000,0.0000000,0.0000000,1.0000000,0.0021387,-0.0006876,-0.0861532,0.2835975,-0.3572055,-0.3048797,-0.0021515,0.0006291,-0.0874779,0.2809972,-0.3607842,-0.3003595,0.0000000,0.0000000,0.0000000,0.0590804,0.0000000,0.0000000,0.0000000,0.0000000,0.0564695,0.0000000
-0.0413571,0.0697220,-0.1431296,0.0000000,0.0000000,0.0000000,1.0000000,0.0021387,-0.0006876,-0.0861532,0.2835975,-0.3572055,-0.3048797,-0.0021515,0.0006291,-0.0874779,0.2809972,-0.3607842,-0.3003595,0.0000000,0.0000000,0.0000000,0.0590804,0.0000000,0.0000000,0.0000000,0.0000000,0.0564695,0.0000000
-0.0413571,0.0697220,-0.1431296,0.0000000,0.0000000,0.0000000,1.0000000,0.0021387,-0.0006876,-0.0861532,0.2835975,-0.3572055,-0.3048797,-0.0021515,0.0006291,-0.0874779,0.2809972,-0.3607842,-0.3003595,0.0000000,0.0000000,0.0000000,0.0590804,0.0000000,0.0000000,0.0000000,0.0000000,0.0564695,0.0000000
-0.0413571,0.0697220,-0.1431296,0.0000000,0.0000000,0.0000000,1.0000000,0.0021387,-0.0006876,-0.0861532,0.2835975,-0.3572055,-0.3048797,-0.0021515,0.0006291,-0.0874779,0.2809972,-0.3607842,-0.3003595,0.0000000,0.0000000,0.0000000,0.0590804,0.0000000,0.0000000,0.0000000,0.0000000,0.0564695,0.0000000
-0.0413571,0.0697220,-0.1431296,0.0000000,0.0000000,0.0000000,1.0000000,0.0021387,-0.0006876,-0.0861532,0.2835975,-0.3572055,-0.3048797,-0.0021515,0.0006291,-0.0874779,0.2809972,-0.3607842,-0.3003595,0.0000000,0.0000000,0.0000000,0.0590804,0.0000000,0.0000000,0.0000000,0.0000000,0.0564695,0.0000000
-0.0413571,0.0697220,-0.1431296,0.0000000,0.0000000,0.0000000,1.0000000,0.0021387,-0.0006876,-0.0861532,0.2835975,-0.3572055,-0.3048797,-0.0021515,0.0006291,-0.0874779,0.2809972,-0.3607842,-0.3003595,0.0000000,0.0000000,0.0000000,0.0590804,0.0000000,0.0000000,0.0000000,0.0000000,0.0564695,0.0000000
-0.0413571,0.0697220,-0.1431296,0.0000000,0.0000000,0.0000000,1.0000000,0.0021387,-0.0006876,-0.0861532,0.2835975,-0.3572055,-0.3048797,-0.0021515,0.0006291,-0.0874779,0.2809972,-0.3607842,-0.3003595,0.0000000,0.0000000,0.0000000,0.0590804,0.0000000,0.0000000,0.0000000,0.0000000,0.0564695,0.0000000
-0.0413571,0.0697220,-0.1431296,0.0000000,0.0000000,0.0000000,1.0000000,0.0021387,-0.0006876,-0.0861532,0.2835975,-0.3572055,-0.3048797,-0.0021515,0.0006291,-0.0874779,0.2809972,-0.3607842,-0.3003595,0.0000000,0.0000000,0.0000000,0.0590804,0.0000000,0.0000000,0.0000000,0.0000000,0.0564695,0.0000000
-0.0413571,0.0697220,-0.1431296,0.0000000,0.0000000,0.0000000,1.0000000,0.0021387,-0.0006876,-0.0861532,0.2835975,-0.3572055,-0.3048797,-0.0021515,0.0006291,-0.0874779,0.2809972,-0.3607842,-0.3003595,0.0000000,0.0000000,0.0000000,0.0590804,0.0000000,0.0000000,0.0000000,0.0000000,0.0564695,0.0000000
-0.0413571,0.0697220,-0.1431296,0.0000000,0.0000000,0.0000000,1.0000000,0.0021387,-0.0006876,-0.0861532,0.2835975,-0.3572055,-0.3048797,-0.0021515,0.0006291,-0.0874779,0.2809972,-0.3607842,-0.3003595,0.0000000,0.0000000,0.0000000,0.0590804,0.0000000,0.0000000,0.0000000,0.0000000,0.0564695,0.0000000
-0.0413571,0.0697220,-0.1431296,0.0000000,0.0000000,0.0000000,1.0000000,0.0021387,-0.0006876,-0.0861532,0.2835975,-0.3572055,-0.3048797,-0.0021515,0.0006291,-0.0874779,0.2809972,-0.3607842,-0.3003595,0.0000000,0.0000000,0.0000000,0.0590804,0.0000000,0.0000000,0.0000000,0.0000000,0.0564695,0.0000000
-0.0413571,0.0697220,-0.1431296,0.0000000,0.0000000,0.0000000,1.0000000,0.0021387,-0.0006876,-0.0861532,0.2835975,-0.3572055,-0.3048797,-0.0021515,0.0006291,-0.0874779,0.2809972,-0.3607842,-0.3003595,0.0000000,0.0000000,0.0000000,0.0590804,0.0000000,0.0000000,0.0000000,0.0000000,0.0564695,0.0000000
-0.0413571,0.0697220,-0.1431296,0.0000000,0.0000000,0.0000000,1.0000000,0.0021387,-0.0006876,-0.0861532,0.2835975,-0.3572055,-0.3048797,-0.0021515,0.0006291,-0.0874779,0.2809972,-0.3607842,-0.3003595,0.0000000,0.0000000,0.0000000,0.0590804,0.0000000,0.0000000,0.0000000,0.0000000,0.0564695,0.0000000
-0.0413571,0.0697220,-0.1431296,0.0000000,0.0000000,0.0000000,1.0000000,0.0021387,-0.0006876,-0.0861532,0.2835975,-0.3572055,-0.3048797,-0.0021515,0.0006291,-0.0874779,0.2809972,-0.3607842,-0.3003595,0.0000000,0.0000000,0.0000000,0.0590804,0.0000000,0.0000000,0.0000000,0.0000000,0.0564695,0.0000000
-0.0413571,0.0697220,-0.1431296,0.0000000,0.0000000,0.0000000,1.0000000,0.0021387,-0.0006876,-0.0861532,0.2835975,-0.3572055,-0.3048797,-0.0021515,0.0006291,-0.0874779,0.2809972,-0.3607842,-0.3003595,0.0000000,0.0000000,0.0000000,0.0590804,0.0000000,0.0000000,0.0000000,0.0000000,0.0564695,0.0000000
-0.0413571,0.0697220,-0.1431296,0.0000000,0.0000000,0.0000000,1.0000000,0.0021387,-0.0006876,-0.0861532,0.2835975,-0.3572055,-0.3048797,-0.0021515,0.0006291,-0.0874779,0.2809972,-0.3607842,-0.3003595,0.0000000,0.0000000,0.0000000,0.0590804,0.0000000,0.0000000,0.0000000,0.0000000,0.0564695,0.0000000
-0.0413571,0.0697220,-0.1431296,0.0000000,0.0000000,0.0000000,1.0000000,0.0021387,-0.0006876,-0.0861532,0.2835975,-0.3572055,-0.3048797,-0.0021515,0.0006291,-0.0874779,0.2809972,-0.3607842,-0.3003595,0.0000000,0.0000000,0.0000000,0.0590804,0.0000000,0.0000000,0.0000000,0.0000000,0.0564695,0.0000000
-0.0413571,0.0697220,-0.1431296,0.0000000,0.0000000,0.0000000,1.0000000,0.0021387,-0.0006876,-0.0861532,0.2835975,-0.3572055,-0.3048797,-0.0021515,0.0006291,-0.0874779,0.2809972,-0.3607842,-0.3003595,0.0000000,0.0000000,0.0000000,0.0590804,0.0000000,0.0000000,0.0000000,0.0000000,0.0564695,0.0000000
-0.0413571,0.0697220,-0.1431296,0.0000000,0.0000000,0.0000000,1.0000000,0.0021387,-0.0006876,-0.0861532,0.2835975,-0.3572055,-0.3048797,-0.0021515,0.0006291,-0.0874779,0.2809972,-0.3607842,-0.3003595,0.0000000,0.0000000,0.0000000,0.0590804,0.0000000,0.0000000,0.0000000,0.0000000,0.0564695,0.0000000
-0.0413571,0.0697220,-0.1431296,0.0000000,0.0000000,0.0000000,1.0000000,0.0021387,-0.0006876,-0.0861532,0.2835975,-0.3572055,-0.3048797,-0.0021515,0.0006291,-0.0874779,0.2809972,-0.3607842,-0.3003595,0.0000000,0.0000000,0.0000000,0.0590804,0.0000000,0.0000000,0.0000000,0.0000000,0.0564695,0.0000000
-0.0413571,0.0697220,-0.1431296,0.0000000,0.0000000,0.0000000,1.0000000,0.0021387,-0.0006876,-0.0861532,0.2835975,-0.3572055,-0.3048797,-0.0021515,0.0006291,-0.0874779,0.2809972,-0.3607842,-0.3003595,0.0000000,0.0000000,0.0000000,0.0590804,0.0000000,0.0000000,0.0000000,0.0000000,0.0564695,0.0000000
-0.0413571,0.0697220,-0.1431296,0.0000000,0.0000000,0.0000000,1.0000000,0.0021387,-0.0006876,-0.0861532,0.2835975,-0.3572055,-0.3048797,-0.0021515,0.0006291,-0.0874779,0.2809972,-0.3607842,-0.3003595,0.0000000,0.0000000,0.0000000,0.0590804,0.0000000,0.0000000,0.0000000,0.0000000,0.0564695,0.0000000
-0.0413571,0.0697220,-0.1431296,0.0000000,0.0000000,0.0000000,1.0000000,0.0021387,-0.0006876,-0.0861532,0.2835975,-0.3572055,-0.3048797,-0.0021515,0.0006291,-0.0874779,0.2809972,-0.3607842,-0.3003595,0.0000000,0.0000000,0.0000000,0.0590804,0.0000000,0.0000000,0.0000000,0.0000000,0.0564695,0.0000000
-0.0413571,0.0697220,-0.1431296,0.0000000,0.0000000,0.0000000,1.0000000,0.0021387,-0.0006876,-0.0861532,0.2835975,-0.3572055,-0.3048797,-0.0021515,0.0006291,-0.0874779,0.2809972,-0.3607842,-0.3003595,0.0000000,0.0000000,0.0000000,0.0590804,0.0000000,0.0000000,0.0000000,0.0000000,0.0564695,0.0000000
-0.0413571,0.0697220,-0.1431296,0.0000000,0.0000000,0.0000000,1.0000000,0.0021387,-0.0006876,-0.0861532,0.2835975,-0.3572055,-0.3048797,-0.0021515,0.0006291,-0.0874779,0.2809972,-0.3607842,-0.3003595,0.0000000,0.0000000,0.0000000,0.0590804,0.0000000,0.0000000,0.0000000,0.0000000,0.0564695,0.0000000
-0.0413571,0.0697220,-0.1431296,0.0000000,0.0000000,0.0000000,1.0000000,0.0021387,-0.0006876,-0.0861532,0.2835975,-0.3572055,-0.3048797,-0.0021515,0.0006291,-0.0874779,0.2809972,-0.3607842,-0.3003595,0.0000000,0.0000000,0.0000000,0.0590804,0.0000000,0.0000000,0.0000000,0.0000000,0.0564695,0.0000000
-0.0413571,0.0697220,-0.1431296,0.0000000,0.0000000,0.0000000,1.0000000,0.0021387,-0.0006876,-0.0861532,0.2835975,-0.3572055,-0.3048797,-0.0021515,0.0006291,-0.0874779,0.2809972,-0.3607842,-0.3003595,0.0000000,0.0000000,0.0000000,0.0590804,0.0000000,0.0000000,0.0000000,0.0000000,0.0564695,0.0000000
-0.0413571,0.0697220,-0.1431296,0.0000000,0.0000000,0.0000000,1.0000000,0.0021387,-0.0006876,-0.0861532,0.2835975,-0.3572055,-0.3048797,-0.0021515,0.0006291,-0.0874779,0.2809972,-0.3607842,-0.3003595,0.0000000,0.0000000,0.0000000,0.0590804,0.0000000,0.0000000,0.0000000,0.0000000,0.0564695,0.0000000
-0.0413571,0.0697220,-0.1431296,0.0000000,0.0000000,0.0000000,1.0000000,0.0021387,-0.0006876,-0.0861532,0.2835975,-0.3572055,-0.3048797,-0.0021515,0.0006291,-0.0874779,0.2809972,-0.3607842,-0.3003595,0.0000000,0.0000000,0.0000000,0.0590804,0.0000000,0.0000000,0.0000000,0.0000000,0.0564695,0.0000000
-0.0413571,0.0697220,-0.1431296,0.0000000,0.0000000,0.0000000,1.0000000,0.0021387,-0.0006876,-0.0861532,0.2835975,-0.3572055,-0.3048797,-0.0021515,0.0006291,-0.0874779,0.2809972,-0.3607842,-0.3003595,0.0000000,0.0000000,0.0000000,0.0590804,0.0000000,0.0000000,0.0000000,0.0000000,0.0564695,0.0000000
-0.0413571,0.0697220,-0.1431296,0.0000000,0.0000000,0.0000000,1.0000000,0.0021387,-0.0006876,-0.0861532,0.2835975,-0.3572055,-0.3048797,-0.0021515,0.0006291,-0.0874779,0.2809972,-0.3607842,-0.3003595,0.0000000,0.0000000,0.0000000,0.0590804,0.0000000,0.0000000,0.0000000,0.0000000,0.0564695,0.0000000
-0.0413571,0.0697220,-0.1431296,0.0000000,0.0000000,0.0000000,1.0000000,0.0021387,-0.0006876,-0.0861532,0.2835975,-0.3572055,-0.3048797,-0.0021515,0.0006291,-0.0874779,0.2809972,-0.3607842,-0.3003595,0.0000000,0.0000000,0.0000000,0.0590804,0.0000000,0.0000000,0.0000000,0.0000000,0.0564695,0.0000000
-0.0413571,0.0697220,-0.1431296,0.0000000,0.0000000,0.0000000,1.0000000,0.0021387,-0.0006876,-0.0861532,0.2835975,-0.3572055,-0.3048797,-0.0021515,0.0006291,-0.0874779,0.2809972,-0.3607842,-0.3003595,0.0000000,0.0000000,0.0000000,0.0590804,0.0000000,0.0000000,0.0000000,0.0000000,0.0564695,0.0000000
-0.0413571,0.0697220,-0.1431296,0.0000000,0.0000000,0.0000000,1.0000000,0.0021387,-0.0006876,-0.0861532,0.2835975,-0.3572055,-0.3048797,-0.0021515,0.0006291,-0.0874779,0.2809972,-0.3607842,-0.3003595,0.0000000,0.0000000,0.0000000,0.0590804,0.0000000,0.0000000,0.0000000,0.0000000,0.0564695,0.0000000
-0.0413571,0.0697220,-0.1431296,0.0000000,0.0000000,0.0000000,1.0000000,0.0021387,-0.0006876,-0.0861532,0.2835975,-0.3572055,-0.3048797,-0.0021515,0.0006291,-0.0874779,0.2809972,-0.3607842,-0.3003595,0.0000000,0.0000000,0.0000000,0.0590804,0.0000000,0.0000000,0.0000000,0.0000000,0.0564695,0.0000000
-0.0413571,0.0697220,-0.1431297,0.0000000,0.0000000,0.0000000,1.0000000,0.0021387,-0.0006875,-0.0861538,0.2835985,-0.3572070,-0.3048808,-0.0021515,0.0006290,-0.0874785,0.2809982,-0.3607857,-0.3003606,0.0000000,0.0000000,0.0000000,0.0590804,0.0000000,0.0000000,0.0000000,0.0000000,0.0564695,0.0000000
-0.0413571,0.0697220,-0.1431306,0.0000000,0.0000000,0.0000000,1.0000000,0.0021387,-0.0006867,-0.0861579,0.2836053,-0.3572172,-0.3048881,-0.0021515,0.0006282,-0.0874827,0.2810048,-0.3607960,-0.3003678,0.0000000,0.0000000,0.0000000,0.0590804,0.0000000,0.0000000,0.0000000,0.0000000,0.0564695,0.0000000
-0.0413571,0.0697220,-0.1431329,0.0000000,0.0000000,0.0000000,1.0000000,0.0021387,-0.0006848,-0.0861689,0.2836233,-0.3572446,-0.3049077,-0.0021515,0.0006263,-0.0874937,0.2810226,-0.3608235,-0.3003872,0.0000000,0.0000000,0.0000000,0.0590804,0.0000000,0.0000000,0.0000000,0.0000000,0.0564695,0.0000000
-0.0413571,0.0697220,-0.1431374,0.0000000,0.0000000,0.0000000,1.0000000,0.0021388,-0.0006810,-0.0861901,0.2836580,-0.3572969,-0.3049451,-0.0021515,0.0006225,-0.0875149,0.2810567,-0.3608763,-0.3004244,0.0000000,0.0000000,0.0000000,0.0590804,0.0000000,0.0000000,0.0000000,0.0000000,0.0564695,0.0000000
-0.0413571,0.0697220,-0.1431446,0.0000000,0.0000000,0.0000000,1.0000000,0.0021388,-0.0006749,-0.0862244,0.2837141,-0.3573818,-0.3050059,-0.0021515,0.0006164,-0.0875492,0.2811120,-0.3609619,-0.3004847,0.0000000,0.0000000,0.0000000,0.0590804,0.0000000,0.0000000,0.0000000,0.0000000,0.0564695,0.0000000
-0.0413571,0.0697220,-0.1431553,0.0000000,0.0000000,0.0000000,1.0000000,0.0021389,-0.0006660,-0.0862747,0.2837964,-0.3575064,-0.3050951,-0.0021515,0.0006075,-0.0875995,0.2811931,-0.3610875,-0.3005731,0.0000000,0.0000000,0.0000000,0.0590804,0.0000000,0.0000000,0.0000000,0.0000000,0.0564695,0.0000000
-0.0413571,0.0697220,-0.1431699,0.0000000,0.0000000,0.0000000,1.0000000,0.0021390,-0.0006537,-0.0863437,0.2839084,-0.3576772,-0.3052174,-0.0021515,0.0005952,-0.0876685,0.2813043,-0.3612598,-0.3006944,0.0000000,0.0000000,0.0000000,0.0590804,0.0000000,0.0000000,0.0000000,0.0000000,0.0564695,0.0000000
-0.0413571,0.0697220,-0.1431890,0.0000000,0.0000000,0.0000000,1.0000000,0.0021392,-0.0006377,-0.0864339,0.2840547,-0.3579006,-0.3053773,-0.0021516,0.0005792,-0.0877587,0.2814498,-0.3614850,-0.3008529,0.0000000,0.0000000,0.0000000,0.0590804,0.0000000,0.0000000,0.0000000,0.0000000,0.0564695,0.0000000
-0.0413571,0.0697220,-0.1432131,0.0000000,0.0000000,0.0000000,1.0000000,0.0021394,-0.0006175,-0.0865476,0.2842393,-0.3581822,-0.3055790,-0.0021516,0.0005589,-0.0878726,0.2816332,-0.3617690,-0.3010529,0.0000000,0.0000000,0.0000000,0.0590804,0.0000000,0.0000000,0.0000000,0.0000000,0.0564695,0.0000000
-0.0413571,0.0697220,-0.1432427,0.0000000,0.0000000,0.0000000,1.0000000,0.0021396,-0.0005927,-0.0866872,0.2844657,-0.3585276,-0.3058263,-0.0021517,0.0005341,-0.0880121,0.2818581,-0.3621173,-0.3012980,0.0000000,0.0000000,0.0000000,0.0590804,0.0000000,0.0000000,0.0000000,0.0000000,0.0564695,0.0000000
-0.0413571,0.0697220,-0.1432783,0.0000000,0.0000000,0.0000000,1.0000000,0.0021399,-0.0005629,-0.0868544,0.2847371,-0.3589416,-0.3061227,-0.0021517,0.0005044,-0.0881794,0.2821278,-0.3625347,-0.3015919,0.0000000,0.0000000,0.0000000,0.0590804,0.0000000,0.0000000,0.0000000,0.0000000,0.0564695,0.0000000
-0.0413571,0.0697220,-0.1433201,0.0000000,0.0000000,0.0000000,1.0000000,0.0021402,-0.0005280,-0.0870513,0.2850564,-0.3594288,-0.3064714,-0.0021518,0.0004694,-0.0883763,0.2824452,-0.3630259,-0.3019377,0.0000000,0.0000000,0.0000000,0.0590804,0.0000000,0.0000000,0.0000000,0.0000000,0.0564695,0.0000000
-0.0413571,0.0697220,-0.1433688,0.0000000,0.0000000,0.0000000,1.0000000,0.0021407,-0.0004874,-0.0872793,0.2854264,-0.3599931,-0.3068754,-0.0021519,0.0004288,-0.0886044,0.2828129,-0.3635949,-0.3023382,0.0000000,0.0000000,0.0000000,0.0590804,0.0000000,0.0000000,0.0000000,0.0000000,0.0564695,0.0000000
-0.0413571,0.0697220,-0.1434245,0.0000000,0.0000000,0.0000000,1.0000000,0.0021411,-0.0004411,-0.0875400,0.2858495,-0.3606382,-0.3073372,-0.0021520,0.0003825,-0.0888652,0.2832333,-0.3642454,-0.3027961,0.0000000,0.0000000,0.0000000,0.0590804,0.0000000,0.0000000,0.0000000,0.0000000,0.0564695,0.0000000
-0.0413571,0.0697220,-0.1434876,0.0000000,0.0000000,0.0000000,1.0000000,0.0021417,-0.0003887,-0.0878347,0.2863278,-0.3613672,-0.3078591,-0.0021522,0.0003300,-0.0891600,0.2837086,-0.3649806,-0.3033136,0.0000000,0.0000000,0.0000000,0.0590804,0.0000000,0.0000000,0.0000000,0.0000000,0.0564695,0.0000000
-0.0413571,0.0697220,-0.1435584,0.0000000,0.0000000,0.0000000,1.0000000,0.0021424,-0.0003301,-0.0881645,0.2868630,-0.3621830,-0.3084430,-0.0021524,0.0002714,-0.0894900,0.2842374,-0.3658032,-0.3038925,0.0000000,0.0000000,0.0000000,0.0590804,0.0000000,0.0000000,0.0000000,0.0000000,0.0564695,0.0000000
-0.0413571,0.0697220,-0.1436371,0.0000000,0.0000000,0.0000000,1.0000000,0.0021431,-0.0002651,-0.0885304,0.2874569,-0.3630878,-0.3090906,-0.0021526,0.0002063,-0.0898559,0.2848220,-0.3667155,-0.3045346,0.0000000,0.0000000,0.0000000,0.0590804,0.0000000,0.0000000,0.0000000,0.0000000,0.0564695,0.0000000
-0.0413571,0.0697220,-0.1437241,0.0000000,0.0000000,0.0000000,1.0000000,0.0021439,-0.0001935,-0.0889331,0.2881106,-0.3640834,-0.3098032,-0.0021529,0.0001347,-0.0902588,0.2854655,-0.3677195,-0.3052412,0.0000000,0.0000000,0.0000000,0.0590804,0.0000000,0.0000000,0.0000000,0.0000000,0.0564695,0.0000000
-0.0413571,0.0697220,-0.1438195,0.0000000,0.0000000,0.0000000,1.0000000,0.0021449,-0.0001153,-0.0893733,0.2888252,-0.3651714,-0.3105818,-0.0021532,0.0000564,-0.0906991,0.2861689,-0.3688165,-0.3060132,0.0000000,0.0000000,0.0000000,0.0590804,0.0000000,0.0000000,0.0000000,0.0000000,0.0564695,0.0000000
-0.0413571,0.0697220,-0.1439236,0.0000000,0.0000000,0.0000000,1.0000000,0.0021460,-0.0000303,-0.0898514,0.2896013,-0.3663527,-0.3114272,-0.0021537,-0.0000286,-0.0911773,0.2869330,-0.3700078,-0.3068514,0.0000000,0.0000000,0.0000000,0.0590804,0.0000000,0.0000000,0.0000000,0.0000000,0.0564695,0.0000000
-0.0413571,0.0697220,-0.1440364,0.0000000,0.0000000,0.0000000,1.0000000,0.0021472,0.0000614,-0.0903677,0.2904396,-0.3676280,-0.3123399,-0.0021542,-0.0001204,-0.0916937,0.2877582,-0.3712938,-0.3077563,0.0000000,0.0000000,0.0000000,0.0590804,0.0000000,0.0000000,0.0000000,0.0000000,0.0564695,0.0000000
-0.0413571,0.0697220,-0.1441581,0.0000000,0.0000000,0.0000000,1.0000000,0.0021485,0.0001600,-0.0909223,0.2913403,-0.3689976,-0.3133198,-0.0021547,-0.0002190,-0.0922485,0.2886448,-0.3726749,-0.3087279,0.0000000,0.0000000,0.0000000,0.0590804,0.0000000,0.0000000,0.0000000,0.0000000,0.0564695,0.0000000
-0.0413571,0.0697220,-0.1442888,0.0000000,0.0000000,0.0000000,1.0000000,0.0021500,0.0002653,-0.0915152,0.2923033,-0.3704613,-0.3143671,-0.0021554,-0.0003244,-0.0928416,0.2895927,-0.3741509,-0.3097663,0.0000000,0.0000000,0.0000000,0.0590804,0.0000000,0.0000000,0.0000000,0.0000000,0.0564695,0.0000000
-0.0413571,0.0697220,-0.1444286,0.0000000,0.0000000,0.0000000,1.0000000,0.0021517,0.0003775,-0.0921462,0.2933217,-0.3720187,-0.3154812,-0.0021562,-0.0004367,-0.0934729,0.2906019,-0.3757214,-0.3108710,0.0000000,0.0000000,0.0000000,0.0590804,0.0000000,0.0000000,0.0000000,0.0000000,0.0564695,0.0000000
-0.0413571,0.0697220,-0.1445776,0.0000000,0.0000000,0.0000000,1.0000000,0.0021536,0.0004964,-0.0928152,0.2943993,-0.3736688,-0.3166617,-0.0021572,-0.0005556,-0.0941420,0.2916717,-0.3773855,-0.3120414,0.0000000,0.0000000,0.0000000,0.0590804,0.0000000,0.0000000,0.0000000,0.0000000,0.0564695,0.0000000
-0.0413571,0.0697220,-0.1447358,0.0000000,0.0000000,0.0000000,1.0000000,0.0021556,0.0006219,-0.0935216,0.2955375,-0.3754107,-0.3179076,-0.0021582,-0.0006812,-0.0948486,0.2928004,-0.3791421,-0.3132768,0.0000000,0.0000000,0.0000000,0.0590804,0.0000000,0.0000000,0.0000000,0.0000000,0.0564695,0.0000000
-0.0413571,0.0697220,-0.1449033,0.0000000,0.0000000,0.0000000,1.0000000,0.0021579,0.0007540,-0.0942649,0.2967354,-0.3772428,-0.3192179,-0.0021595,-0.0008134,-0.0955922,0.2939786,-0.3809896,-0.3145759,0.0000000,0.0000000,0.0000000,0.0590804,0.0000000,0.0000000,0.0000000,0.0000000,0.0564695,0.0000000
-0.0413571,0.0697220,-0.1450799,0.0000000,0.0000000,0.0000000,1.0000000,0.0021603,0.0008925,-0.0950444,0.2979918,-0.3791633,-0.3205913,-0.0021608,-0.0009520,-0.0963719,0.2952145,-0.3829264,-0.3159377,0.0000000,0.0000000,0.0000000,0.0590804,0.0000000,0.0000000,0.0000000,0.0000000,0.0564695,0.0000000
-0.0413571,0.0697220,-0.1452658,0.0000000,0.0000000,0.0000000,1.0000000,0.0021630,0.0010373,-0.0958594,0.2993057,-0.3811703,-0.3220264,-0.0021624,-0.0010969,-0.0971872,0.2965069,-0.3849505,-0.3173607,0.0000000,0.0000000,0.0000000,0.0590804,0.0000000,0.0000000,0.0000000,0.0000000,0.0564695,0.0000000
-0.0413571,0.0697220,-0.1454609,0.0000000,0.0000000,0.0000000,1.0000000,0.0021659,0.0011883,-0.0967089,0.3006757,-0.3832615,-0.3235216,-0.0021642,-0.0012480,-0.0980370,0.2978544,-0.3870595,-0.3188432,0.0000000,0.0000000,0.0000000,0.0590804,0.0000000,0.0000000,0.0000000,0.0000000,0.0564695,0.0000000
-0.0413571,0.0697220,-0.1456650,0.0000000,0.0000000,0.0000000,1.0000000,0.0021691,0.0013453,-0.0975922,0.3020928,-0.3854345,-0.3250750,-0.0021661,-0.0014050,-0.0989205,0.2992556,-0.3892510,-0.3203834,0.0000000,0.0000000,0.0000000,0.0590804,0.0000000,0.0000000,0.0000000,0.0000000,0.0564695,0.0000000
-0.0413571,0.0697220,-0.1458782,0.0000000,0.0000000,0.0000000,1.0000000,0.0021726,0.0015080,-0.0985080,0.3035572,-0.3876865,-0.3266847,-0.0021683,-0.0015679,-0.0998366,0.3007088,-0.3915738,-0.3219805,0.0000000,0.0000000,0.0000000,0.0590804,0.0000000,0.0000000,0.0000000,0.0000000,0.0564695,0.0000000
-0.0413571,0.0697220,-0.1461003,0.0000000,0.0000000,0.0000000,1.0000000,0.0021763,0.0016763,-0.0994553,0.3050722,-0.3900148,-0.3283487,-0.0021707,-0.0017363,-0.1007842,0.3022054,-0.3940423,-0.3236328,0.0000000,0.0000000,0.0000000,0.0590804,0.0000000,0.0000000,0.0000000,0.0000000,0.0564695,0.0000000
-0.0413571,0.0697220,-0.1463312,0.0000000,0.0000000,0.0000000,1.0000000,0.0021803,0.0018500,-0.1004329,0.3066361,-0.3925136,-0.3300660,-0.0021734,-0.0019101,-0.1017621,0.3037439,-0.3965885,-0.3253367,0.0000000,0.0000000,0.0000000,0.0590804,0.0000000,0.0000000,0.0000000,0.0000000,0.0564695,0.0000000
-0.0413571,0.0697220,-0.1465708,0.0000000,0.0000000,0.0000000,1.0000000,0.0021846,0.0020289,-0.1014395,0.3082469,-0.3951118,-0.3318335,-0.0021763,-0.0020891,-0.1027691,0.3053285,-0.3992116,-0.3270893,0.0000000,0.0000000,0.0000000,0.0590804,0.0000000,0.0000000,0.0000000,0.0000000,0.0564695,0.0000000
-0.0413571,0.0697220,-0.1468189,0.0000000,0.0000000,0.0000000,1.0000000,0.0021892,0.0022127,-0.1024739,0.3099025,-0.3977800,-0.3336483,-0.0021795,-0.0022730,-0.1038038,0.3069573,-0.4019079,-0.3288882,0.0000000,0.0000000,0.0000000,0.0590804,0.0000000,0.0000000,0.0000000,0.0000000,0.0564695,0.0000000
-0.0413571,0.0697220,-0.1470753,0.0000000,0.0000000,0.0000000,1.0000000,0.0021942,0.0024012,-0.1035346,0.3115871,-0.4005147,-0.3355081,-0.0021830,-0.0024616,-0.1048649,0.3086281,-0.4046712,-0.3307316,0.0000000,0.0000000,0.0000000,0.0590804,0.0000000,0.0000000,0.0000000,0.0000000,0.0564695,0.0000000
-0.0413571,0.0697220,-0.1473399,0.0000000,0.0000000,0.0000000,1.0000000,0.0021994,0.0025941,-0.1046204,0.3133110,-0.4033123,-0.3374103,-0.0021868,-0.0026547,-0.1059511,0.3103372,-0.4074981,-0.3326169,0.0000000,0.0000000,0.0000000,0.0590804,0.0000000,0.0000000,0.0000000,0.0000000,0.0564695,0.0000000
-0.0413571,0.0697220,-0.1476124,0.0000000,0.0000000,0.0000000,1.0000000,0.0022050,0.0027912,-0.1057298,0.3150729,-0.4061689,-0.3393523,-0.0021908,-0.0028519,-0.1070609,0.3120702,-0.4103846,-0.3345416,0.0000000,0.0000000,0.0000000,0.0590804,0.0000000,0.0000000,0.0000000,0.0000000,0.0564695,0.0000000
-0.0413571,0.0697220,-0.1478927,0.0000000,0.0000000,0.0000000,1.0000000,0.0022110,0.0029923,-0.1068614,0.3168706,-0.4090808,-0.3413316,-0.0021952,-0.0030531,-0.1081928,0.3138383,-0.4133270,-0.3365032,0.0000000,0.0000000,0.0000000,0.0590804,0.0000000,0.0000000,0.0000000,0.0000000,0.0564695,0.0000000
-0.0413571,0.0697220,-0.1481806,0.0000000,0.0000000,0.0000000,1.0000000,0.0022172,0.0031970,-0.1080137,0.3187017,-0.4120456,-0.3433451,-0.0021999,-0.0032579,-0.1093455,0.3156393,-0.4163213,-0.3384989,0.0000000,0.0000000,0.0000000,0.0590804,0.0000000,0.0000000,0.0000000,0.0000000,0.0564695,0.0000000
-0.0413571,0.0697220,-0.1484757,0.0000000,0.0000000,0.0000000,1.0000000,0.0022239,0.0034051,-0.1091852,0.3205484,-0.4150612,-0.3453895,-0.0022049,-0.0034662,-0.1105174,0.3174710,-0.4193636,-0.3405263,0.0000000,0.0000000,0.0000000,0.0590804,0.0000000,0.0000000,0.0000000,0.0000000,0.0564695,0.0000000
-0.0413571,0.0697220,-0.1487778,0.0000000,0.0000000,0.0000000,1.0000000,0.0022309,0.0036164,-0.1103744,0.3224232,-0.4181204,-0.3474631,-0.0022103,-0.0036776,-0.1117070,0.3193273,-0.4224501,-0.3425826,0.0000000,0.0000000,0.0000000,0.0590804,0.0000000,0.0000000,0.0000000,0.0000000,0.0564695,0.0000000
-0.0413571,0.0697220,-0.1490867,0.0000000,0.0000000,0.0000000,1.0000000,0.0022382,0.0038305,-0.1115799,0.3243242,-0.4212194,-0.3495633,-0.0022160,-0.0038919,-0.1129129,0.3211964,-0.4255767,-0.3446652,0.0000000,0.0000000,0.0000000,0.0590804,0.0000000,0.0000000,0.0000000,0.0000000,0.0564695,0.0000000
-0.0413571,0.0697220,-0.1494020,0.0000000,0.0000000,0.0000000,1.0000000,0.0022459,0.0040473,-0.1128002,0.3262493,-0.4243543,-0.3516873,-0.0022220,-0.0041088,-0.1141336,0.3230890,-0.4287397,-0.3467714,0.0000000,0.0000000,0.0000000,0.0590804,0.0000000,0.0000000,0.0000000,0.0000000,0.0564695,0.0000000
-0.0413571,0.0697220,-0.1497236,0.0000000,0.0000000,0.0000000,1.0000000,0.0022539,0.0042664,-0.1140337,0.3281899,-0.4275212,-0.3538325,-0.0022283,-0.0043280,-0.1153676,0.3250029,-0.4319349,-0.3488988,0.0000000,0.0000000,0.0000000,0.0590804,0.0000000,0.0000000,0.0000000,0.0000000,0.0564695,0.0000000
-0.0413571,0.0697220,-0.1500510,0.0000000,0.0000000,0.0000000,1.0000000,0.0022623,0.0044876,-0.1152791,0.3301388,-0.4307163,-0.3559963,-0.0022350,-0.0045493,-0.1166133,0.3269358,-0.4351587,-0.3510446,0.0000000,0.0000000,0.0000000,0.0590804,0.0000000,0.0000000,0.0000000,0.0000000,0.0564695,0.0000000
-0.0413571,0.0697220,-0.1503841,0.0000000,0.0000000,0.0000000,1.0000000,0.0022711,0.0047106,-0.1165347,0.3321047,-0.4339357,-0.3581762,-0.0022420,-0.0047725,-0.1178694,0.3288746,-0.4384137,-0.3532065,0.0000000,0.0000000,0.0000000,0.0590804,0.0000000,0.0000000,0.0000000,0.0000000,0.0564695,0.0000000
-0.0413571,0.0697220,-0.1507224,0.0000000,0.0000000,0.0000000,1.0000000,0.0022802,0.0049352,-0.1177993,0.3340851,-0.4371757,-0.3603695,-0.0022494,-0.0049972,-0.1191344,0.3308212,-0.4418757,-0.3553849,0.0000000,0.0000000,0.0000000,0.0590804,0.0000000,0.0000000,0.0000000,0.0000000,0.0564695,0.0000000
-0.0413571,0.0697220,-0.1510656,0.0000000,0.0000000,0.0000000,1.0000000,0.0022896,0.0051611,-0.1190712,0.3360780,-0.4405588,-0.3625754,-0.0022571,-0.0052233,-0.1204068,0.3327800,-0.4453557,-0.3575741,0.0000000,0.0000000,0.0000000,0.0590804,0.0000000,0.0000000,0.0000000,0.0000000,0.0564695,0.0000000
-0.0413571,0.0697220,-0.1514134,0.0000000,0.0000000,0.0000000,1.0000000,0.0022994,0.0053881,-0.1203492,0.3380659,-0.4440218,-0.3647905,-0.0022651,-0.0054504,-0.1216852,0.3347488,-0.4488498,-0.3597716,0.0000000,0.0000000,0.0000000,0.0590804,0.0000000,0.0000000,0.0000000,0.0000000,0.0564695,0.0000000
-0.0413571,0.0697220,-0.1517656,0.0000000,0.0000000,0.0000000,1.0000000,0.0023095,0.0056158,-0.1216317,0.3400603,-0.4474949,-0.3670116,-0.0022734,-0.0056783,-0.1229682,0.3367230,-0.4523542,-0.3619750,0.0000000,0.0000000,0.0000000,0.0590804,0.0000000,0.0000000,0.0000000,0.0000000,0.0564695,0.0000000
-0.0413571,0.0697220,-0.1521216,0.0000000,0.0000000,0.0000000,1.0000000,0.0023199,0.0058442,-0.1229175,0.3420605,-0.4509742,-0.3692361,-0.0022821,-0.0059067,-0.1242545,0.3386887,-0.4558651,-0.3641820,0.0000000,0.0000000,0.0000000,0.0590804,0.0000000,0.0000000,0.0000000,0.0000000,0.0564695,0.0000000
-0.0413571,0.0697220,-0.1524812,0.0000000,0.0000000,0.0000000,1.0000000,0.0023306,0.0060728,-0.1242052,0.3440644,-0.4544562,-0.3714618,-0.0022911,-0.0061355,-0.1255426,0.3406580,-0.4593789,-0.3663901,0.0000000,0.0000000,0.0000000,0.0590804,0.0000000,0.0000000,0.0000000,0.0000000,0.0564695,0.0000000
-0.0413571,0.0697220,-0.1528440,0.0000000,0.0000000,0.0000000,1.0000000,0.0023417,0.0063015,-0.1254933,0.3460611,-0.4579373,-0.3736865,-0.0023004,-0.0063644,-0.1268312,0.3426290,-0.4628919,-0.3685972,0.0000000,0.0000000,0.0000000,0.0590804,0.0000000,0.0000000,0.0000000,0.0000000,0.0564695,0.0000000
-0.0413571,0.0697220,-0.1532096,0.0000000,0.0000000,0.0000000,1.0000000,0.0023530,0.0065301,-0.1267807,0.3480497,-0.4614140,-0.3759077,-0.0023099,-0.0065931,-0.1281191,0.3445996,-0.4664005,-0.3708010,0.0000000,0.0000000,0.0000000,0.0590804,0.0000000,0.0000000,0.0000000,0.0000000,0.0564695,0.0000000
-0.0413571,0.0697220,-0.1535777,0.0000000,0.0000000,0.0000000,1.0000000,0.0023646,0.0067583,-0.1280661,0.3500360,-0.4648828,-0.3781235,-0.0023198,-0.0068214,-0.1294049,0.3465559,-0.4699015,-0.3729994,0.0000000,0.0000000,0.0000000,0.0590804,0.0000000,0.0000000,0.0000000,0.0000000,0.0564695,0.0000000
-0.0413571,0.0697220,-0.1539479,0.0000000,0.0000000,0.0000000,1.0000000,0.0023765,0.0069859,-0.1293482,0.3520180,-0.4683404,-0.3803316,-0.0023299,-0.0070492,-0.1306874,0.3485030,-0.4733953,-0.3751922,0.0000000,0.0000000,0.0000000,0.0590804,0.0000000,0.0000000,0.0000000,0.0000000,0.0564695,0.0000000
-0.0413571,0.0697220,-0.1543198,0.0000000,0.0000000,0.0000000,1.0000000,0.0023886,0.0072127,-0.1306257,0.3539919,-0.4717837,-0.3825301,-0.0023403,-0.0072761,-0.1319655,0.3504441,-0.4768774,-0.3773767,0.0000000,0.0000000,0.0000000,0.0590804,0.0000000,0.0000000,0.0000000,0.0000000,0.0564695,0.0000000
-0.0413571,0.0697220,-0.1546931,0.0000000,0.0000000,0.0000000,1.0000000,0.0024010,0.0074384,-0.1318976,0.3559439,-0.4752094,-0.3847168,-0.0023509,-0.0075020,-0.1332378,0.3523773,-0.4803416,-0.3795494,0.0000000,0.0000000,0.0000000,0.0590804,0.0000000,0.0000000,0.0000000,0.0000000,0.0564695,0.0000000
-0.0413571,0.0697220,-0.1550673,0.0000000,0.0000000,0.0000000,1.0000000,0.0024135,0.0076629,-0.1331625,0.3578861,-0.4786145,-0.3868899,-0.0023617,-0.0077267,-0.1345032,0.3542978,-0.4837849,-0.3817085,0.0000000,0.0000000,0.0000000,0.0590804,0.0000000,0.0000000,0.0000000,0.0000000,0.0564695,0.0000000
-0.0413571,0.0697220,-0.1554421,0.0000000,0.0000000,0.0000000,1.0000000,0.0024263,0.0078860,-0.1344195,0.3598168,-0.4819960,-0.3890475,-0.0023728,-0.0079499,-0.1357607,0.3561938,-0.4872809,-0.3838529,0.0000000,0.0000000,0.0000000,0.0590804,0.0000000,0.0000000,0.0000000,0.0000000,0.0564695,0.0000000
-0.0413571,0.0697220,-0.1558171,0.0000000,0.0000000,0.0000000,1.0000000,0.0024393,0.0081075,-0.1356674,0.3617344,-0.4853527,-0.3911889,-0.0023841,-0.0081715,-0.1370091,0.3580769,-0.4909034,-0.3859820,0.0000000,0.0000000,0.0000000,0.0590804,0.0000000,0.0000000,0.0000000,0.0000000,0.0564695,0.0000000
-0.0413571,0.0697220,-0.1561919,0.0000000,0.0000000,0.0000000,1.0000000,0.0024524,0.0083271,-0.1369052,0.3636278,-0.4888609,-0.3933148,-0.0023955,-0.0083912,-0.1382473,0.3599454,-0.4944941,-0.3880917,0.0000000,0.0000000,0.0000000,0.0590804,0.0000000,0.0000000,0.0000000,0.0000000,0.0564695,0.0000000
-0.0413571,0.0697220,-0.1565661,0.0000000,0.0000000,0.0000000,1.0000000,0.0024657,0.0085447,-0.1381317,0.3654984,-0.4923836,-0.3954200,-0.0024071,-0.0086090,-0.1394743,0.3617978,-0.4980502,-0.3901806,0.0000000,0.0000000,0.0000000,0.0590804,0.0000000,0.0000000,0.0000000,0.0000000,0.0564695,0.0000000
-0.0413571,0.0697220,-0.1569394,0.0000000,0.0000000,0.0000000,1.0000000,0.0024792,0.0087602,-0.1393461,0.3673512,-0.4958690,-0.3975023,-0.0024189,-0.0088246,-0.1406891,0.3636251,-0.5015690,-0.3922468,0.0000000,0.0000000,0.0000000,0.0590804,0.0000000,0.0000000,0.0000000,0.0000000,0.0564695,0.0000000
-0.0413571,0.0697220,-0.1573113,0.0000000,0.0000000,0.0000000,1.0000000,0.0024927,0.0089733,-0.1405473,0.3691846,-0.4993145,-0.3995603,-0.0024308,-0.0090379,-0.1418908,0.3654260,-0.5050476,-0.3942890,0.0000000,0.0000000,0.0000000,0.0590804,0.0000000,0.0000000,0.0000000,0.0000000,0.0564695,0.0000000
-0.0413571,0.0697220,-0.1576815,0.0000000,0.0000000,0.0000000,1.0000000,0.0025063,0.0091839,-0.1417344,0.3709974,-0.5027174,-0.4015924,-0.0024428,-0.0092486,-0.1430783,0.3672066,-0.5084834,-0.3963054,0.0000000,0.0000000,0.0000000,0.0590804,0.0000000,0.0000000,0.0000000,0.0000000,0.0564695,0.0000000
-0.0413571,0.0697220,-0.1580496,0.0000000,0.0000000,0.0000000,1.0000000,0.0025201,0.0093918,-0.1429065,0.3727763,-0.5060754,-0.4035971,-0.0024549,-0.0094566,-0.1442509,0.3689653,-0.5118739,-0.3982947,0.0000000,0.0000000,0.0000000,0.0590804,0.0000000,0.0000000,0.0000000,0.0000000,0.0564695,0.0000000
-0.0413571,0.0697220,-0.1584152,0.0000000,0.0000000,0.0000000,1.0000000,0.0025338,0.0095969,-0.1440627,0.3745297,-0.5093859,-0.4055730,-0.0024671,-0.0096618,-0.1454076,0.3707010,-0.5152167,-0.4002555,0.0000000,0.0000000,0.0000000,0.0590804,0.0000000,0.0000000,0.0000000,0.0000000,0.0564695,0.0000000
-0.0413571,0.0697220,-0.1587780,0.0000000,0.0000000,0.0000000,1.0000000,0.0025476,0.0097990,-0.1452022,0.3762585,-0.5126467,-0.4075188,-0.0024794,-0.0098641,-0.1465475,0.3724045,-0.5185095,-0.4021864,0.0000000,0.0000000,0.0000000,0.0590804,0.0000000,0.0000000,0.0000000,0.0000000,0.0564695,0.0000000
-0.0413571,0.0697220,-0.1591376,0.0000000,0.0000000,0.0000000,1.0000000,0.0025614,0.0099980,-0.1463241,0.3779614,-0.5158555,-0.4094331,-0.0024917,-0.0100632,-0.1476699,0.3740760,-0.5217500,-0.4040861,0.0000000,0.0000000,0.0000000,0.0590804,0.0000000,0.0000000,0.0000000,0.0000000,0.0564695,0.0000000
-0.0413571,0.0697220,-0.1594936,0.0000000,0.0000000,0.0000000,1.0000000,0.0025753,0.0101937,-0.1474278,0.3796372,-0.5190103,-0.4113147,-0.0025040,-0.0102590,-0.1487740,0.3757209,-0.5249360,-0.4059534,0.0000000,0.0000000,0.0000000,0.0590804,0.0000000,0.0000000,0.0000000,0.0000000,0.0564695,0.0000000
-0.0413571,0.0697220,-0.1598457,0.0000000,0.0000000,0.0000000,1.0000000,0.0025890,0.0103860,-0.1485124,0.3812750,-0.5221090,-0.4131625,-0.0025163,-0.0104514,-0.1498590,0.3773380,-0.5280655,-0.4077872,0.0000000,0.0000000,0.0000000,0.0590804,0.0000000,0.0000000,0.0000000,0.0000000,0.0564695,0.0000000
-0.0413571,0.0697220,-0.1601936,0.0000000,0.0000000,0.0000000,1.0000000,0.0026028,0.0105748,-0.1495772,0.3828804,-0.5251497,-0.4149752,-0.0025286,-0.0106404,-0.1509242,0.3789263,-0.5311366,-0.4095862,0.0000000,0.0000000,0.0000000,0.0590804,0.0000000,0.0000000,0.0000000,0.0000000,0.0564695,0.0000000
-0.0413571,0.0697220,-0.1605368,0.0000000,0.0000000,0.0000000,1.0000000,0.0026164,0.0107599,-0.1506215,0.3844556,-0.5281305,-0.4167519,-0.0025408,-0.0108256,-0.1519690,0.3804828,-0.5341705,-0.4113497,0.0000000,0.0000000,0.0000000,0.0590804,0.0000000,0.0000000,0.0000000,0.0000000,0.0564695,0.0000000
-0.0413571,0.0697220,-0.1608751,0.0000000,0.0000000,0.0000000,1.0000000,0.0026300,0.0109413,-0.1516448,0.3859995,-0.5310497,-0.4184915,-0.0025530,-0.0110071,-0.1529927,0.3819979,-0.5373511,-0.4130789,0.0000000,0.0000000,0.0000000,0.0590804,0.0000000,0.0000000,0.0000000,0.0000000,0.0564695,0.0000000
-0.0413571,0.0697220,-0.1612082,0.0000000,0.0000000,0.0000000,1.0000000,0.0026435,0.0111189,-0.1526463,0.3875113,-0.5339098,-0.4201930,-0.0025651,-0.0111848,-0.1539946,0.3834815,-0.5404627,-0.4147701,0.0000000,0.0000000,0.0000000,0.0590804,0.0000000,0.0000000,0.0000000,0.0000000,0.0564695,0.0000000
-0.0413571,0.0697220,-0.1615356,0.0000000,0.0000000,0.0000000,1.0000000,0.0026569,0.0112925,-0.1536255,0.3889886,-0.5369222,-0.4218571,-0.0025771,-0.0113585,-0.1549742,0.3849325,-0.5435037,-0.4164226,0.0000000,0.0000000,0.0000000,0.0590804,0.0000000,0.0000000,0.0000000,0.0000000,0.0564695,0.0000000
-0.0413571,0.0697220,-0.1618572,0.0000000,0.0000000,0.0000000,1.0000000,0.0026701,0.0114620,-0.1545819,0.3904227,-0.5398629,-0.4234812,-0.0025890,-0.0115281,-0.1559310,0.3863502,-0.5464725,-0.4180354,0.0000000,0.0000000,0.0000000,0.0590804,0.0000000,0.0000000,0.0000000,0.0000000,0.0564695,0.0000000
-0.0413571,0.0697220,-0.1621725,0.0000000,0.0000000,0.0000000,1.0000000,0.0026831,0.0116273,-0.1555149,0.3918223,-0.5427306,-0.4250646,-0.0026008,-0.0116935,-0.1568644,0.3877337,-0.5493675,-0.4196077,0.0000000,0.0000000,0.0000000,0.0590804,0.0000000,0.0000000,0.0000000,0.0000000,0.0564695,0.0000000
-0.0413571,0.0697220,-0.1624814,0.0000000,0.0000000,0.0000000,1.0000000,0.0026960,0.0117884,-0.1564240,0.3931865,-0.5455237,-0.4266065,-0.0026124,-0.0118548,-0.1577739,0.3890820,-0.5521874,-0.4211389,0.0000000,0.0000000,0.0000000,0.0590804,0.0000000,0.0000000,0.0000000,0.0000000,0.0564695,0.0000000
-0.0413571,0.0697220,-0.1627835,0.0000000,0.0000000,0.0000000,1.0000000,0.0027086,0.0119452,-0.1573088,0.3945147,-0.5482411,-0.4281063,-0.0026239,-0.0120116,-0.1586590,0.3903851,-0.5549343,-0.4226320,0.0000000,0.0000000,0.0000000,0.0590804,0.0000000,0.0000000,0.0000000,0.0000000,0.0564695,0.0000000
-0.0413571,0.0697220,-0.1630786,0.0000000,0.0000000,0.0000000,1.0000000,0.0027211,0.0120976,-0.1581689,0.3958062,-0.5508816,-0.4295633,-0.0026351,-0.0121641,-0.1595194,0.3916522,-0.5576054,-0.4240847,0.0000000,0.0000000,0.0000000,0.0590804,0.0000000,0.0000000,0.0000000,0.0000000,0.0564695,0.0000000
-0.0413571,0.0697220,-0.1633664,0.0000000,0.0000000,0.0000000,1.0000000,0.0027333,0.0122455,-0.1590038,0.3970604,-0.5534439,-0.4309770,-0.0026462,-0.0123122,-0.1603547,0.3928827,-0.5601976,-0.4254940,0.0000000,0.0000000,0.0000000,0.0590804,0.0000000,0.0000000,0.0000000,0.0000000,0.0564695,0.0000000
-0.0413571,0.0697220,-0.1636467,0.0000000,0.0000000,0.0000000,1.0000000,0.0027452,0.0123889,-0.1598132,0.3982714,-0.5559273,-0.4323468,-0.0026571,-0.0124557,-0.1611645,0.3940760,-0.5627097,-0.4268596,0.0000000,0.0000000,0.0000000,0.0590804,0.0000000,0.0000000,0.0000000,0.0000000,0.0564695,0.0000000
-0.0413571,0.0697220,-0.1639193,0.0000000,0.0000000,0.0000000,1.0000000,0.0027569,0.0125278,-0.1605969,0.3994402,-0.5583306,-0.4336722,-0.0026677,-0.0125946,-0.1619485,0.3952316,-0.5651408,-0.4281808,0.0000000,0.0000000,0.0000000,0.0590804,0.0000000,0.0000000,0.0000000,0.0000000,0.0564695,0.0000000
-0.0413571,0.0697220,-0.1641839,0.0000000,0.0000000,0.0000000,1.0000000,0.0027683,0.0126620,-0.1613544,0.4005704,-0.5606533,-0.4349529,-0.0026780,-0.0127288,-0.1627063,0.3963491,-0.5674902,-0.4294573,0.0000000,0.0000000,0.0000000,0.0590804,0.0000000,0.0000000,0.0000000,0.0000000,0.0564695,0.0000000
-0.0413571,0.0697220,-0.1644403,0.0000000,0.0000000,0.0000000,1.0000000,0.0027794,0.0127915,-0.1620856,0.4016617,-0.5628945,-0.4361884,-0.0026881,-0.0128585,-0.1634378,0.3974281,-0.5697572,-0.4306888,0.0000000,0.0000000,0.0000000,0.0590804,0.0000000,0.0000000,0.0000000,0.0000000,0.0564695,0.0000000
-0.0413571,0.0697220,-0.1646884,0.0000000,0.0000000,0.0000000,1.0000000,0.0027901,0.0129163,-0.1627903,0.4027136,-0.5650537,-0.4373786,-0.0026980,-0.0129833,-0.1641428,0.3984631,-0.5719413,-0.4318750,0.0000000,0.0000000,0.0000000,0.0590804,0.0000000,0.0000000,0.0000000,0.0000000,0.0564695,0.0000000
-0.0413571,0.0697220,-0.1649280,0.0000000,0.0000000,0.0000000,1.0000000,0.0028006,0.0130364,-0.1634682,0.4037260,-0.5671311,-0.4385241,-0.0027075,-0.0131035,-0.1648210,0.3994561,-0.5740418,-0.4330156,0.0000000,0.0000000,0.0000000,0.0590804,0.0000000,0.0000000,0.0000000,0.0000000,0.0564695,0.0000000
-0.0413571,0.0697220,-0.1651589,0.0000000,0.0000000,0.0000000,1.0000000,0.0028107,0.0131517,-0.1641193,0.4046984,-0.5691283,-0.4396273,-0.0027167,-0.0132189,-0.1654724,0.4004100,-0.5760586,-0.4341105,0.0000000,0.0000000,0.0000000,0.0590804,0.0000000,0.0000000,0.0000000,0.0000000,0.0564695,0.0000000
-0.0413571,0.0697220,-0.1653810,0.0000000,0.0000000,0.0000000,1.0000000,0.0028205,0.0132622,-0.1647434,0.4056309,-0.5710422,-0.4406845,-0.0027256,-0.0133295,-0.1660968,0.4013246,-0.5779913,-0.4351596,0.0000000,0.0000000,0.0000000,0.0590804,0.0000000,0.0000000,0.0000000,0.0000000,0.0564695,0.0000000
-0.0413571,0.0697220,-0.1655942,0.0000000,0.0000000,0.0000000,1.0000000,0.0028299,0.0133679,-0.1653405,0.4065220,-0.5728727,-0.4416953,-0.0027343,-0.0134353,-0.1666941,0.4021998,-0.5798398,-0.4361628,0.0000000,0.0000000,0.0000000,0.0590804,0.0000000,0.0000000,0.0000000,0.0000000,0.0564695,0.0000000
-0.0413571,0.0697220,-0.1657983,0.0000000,0.0000000,0.0000000,1.0000000,0.0028389,0.0134689,-0.1659105,0.4073682,-0.5746199,-0.4426600,-0.0027425,-0.0135363,-0.1672643,0.4030356,-0.5816041,-0.4371202,0.0000000,0.0000000,0.0000000,0.0590804,0.0000000,0.0000000,0.0000000,0.0000000,0.0564695,0.0000000
-0.0413571,0.0697220,-0.1659934,0.0000000,0.0000000,0.0000000,1.0000000,0.0028476,0.0135650,-0.1664535,0.4081743,-0.5762837,-0.4435786,-0.0027505,-0.0136325,-0.1678076,0.4038319,-0.5834357,-0.4380330,0.0000000,0.0000000,0.0000000,0.0590804,0.0000000,0.0000000,0.0000000,0.0000000,0.0564695,0.0000000
-0.0413571,0.0697220,-0.1661793,0.0000000,0.0000000,0.0000000,1.0000000,0.0028559,0.0136564,-0.1669695,0.4089406,-0.5778645,-0.4444512,-0.0027580,-0.0137239,-0.1683238,0.4045888,-0.5851784,-0.4389002,0.0000000,0.0000000,0.0000000,0.0590804,0.0000000,0.0000000,0.0000000,0.0000000,0.0564695,0.0000000
-0.0413571,0.0697220,-0.1663559,0.0000000,0.0000000,0.0000000,1.0000000,0.0028638,0.0137430,-0.1674586,0.4096672,-0.5793626,-0.4452780,-0.0027653,-0.0138105,-0.1688131,0.4053064,-0.5868299,-0.4397219,0.0000000,0.0000000,0.0000000,0.0590804,0.0000000,0.0000000,0.0000000,0.0000000,0.0564695,0.0000000
-0.0413571,0.0697220,-0.1665234,0.0000000,0.0000000,0.0000000,1.0000000,0.0028713,0.0138248,-0.1679210,0.4103541,-0.5807786,-0.4460594,-0.0027722,-0.0138925,-0.1692758,0.4059850,-0.5883910,-0.4404985,0.0000000,0.0000000,0.0000000,0.0590804,0.0000000,0.0000000,0.0000000,0.0000000,0.0564695,0.0000000
-0.0413571,0.0697220,-0.1666816,0.0000000,0.0000000,0.0000000,1.0000000,0.0028784,0.0139020,-0.1683569,0.4110018,-0.5821573,-0.4467960,-0.0027787,-0.0139697,-0.1697118,0.4066246,-0.5898622,-0.4412303,0.0000000,0.0000000,0.0000000,0.0590804,0.0000000,0.0000000,0.0000000,0.0000000,0.0564695,0.0000000
-0.0413571,0.0697220,-0.1668306,0.0000000,0.0000000,0.0000000,1.0000000,0.0028851,0.0139745,-0.1687665,0.4116105,-0.5835260,-0.4474883,-0.0027849,-0.0140422,-0.1701216,0.4072214,-0.5912444,-0.4419177,0.0000000,0.0000000,0.0000000,0.0590804,0.0000000,0.0000000,0.0000000,0.0000000,0.0564695,0.0000000
-0.0413571,0.0697220,-0.1669704,0.0000000,0.0000000,0.0000000,1.0000000,0.0028915,0.0140424,-0.1691500,0.4121806,-0.5848076,-0.4481365,-0.0027906,-0.0141102,-0.1705053,0.4077803,-0.5925386,-0.4425613,0.0000000,0.0000000,0.0000000,0.0590804,0.0000000,0.0000000,0.0000000,0.0000000,0.0564695,0.0000000
-0.0413571,0.0697220,-0.1671011,0.0000000,0.0000000,0.0000000,1.0000000,0.0028974,0.0141057,-0.1695079,0.4127127,-0.5860032,-0.4487411,-0.0027961,-0.0141735,-0.1708633,0.4083019,-0.5937460,-0.4431616,0.0000000,0.0000000,0.0000000,0.0590804,0.0000000,0.0000000,0.0000000,0.0000000,0.0564695,0.0000000
-0.0413571,0.0697220,-0.1672228,0.0000000,0.0000000,0.0000000,1.0000000,0.0029029,0.0141646,-0.1698404,0.4132071,-0.5871142,-0.4493028,-0.0028011,-0.0142325,-0.1711960,0.4087867,-0.5948680,-0.4437194,0.0000000,0.0000000,0.0000000,0.0590804,0.0000000,0.0000000,0.0000000,0.0000000,0.0564695,0.0000000
-0.0413571,0.0697220,-0.1673356,0.0000000,0.0000000,0.0000000,1.0000000,0.0029080,0.0142191,-0.1701482,0.4136647,-0.5881419,-0.4498224,-0.0028059,-0.0142870,-0.1715038,0.4092353,-0.5959059,-0.4442354,0.0000000,0.0000000,0.0000000,0.0590804,0.0000000,0.0000000,0.0000000,0.0000000,0.0564695,0.0000000
-0.0413571,0.0697220,-0.1674396,0.0000000,0.0000000,0.0000000,1.0000000,0.0029127,0.0142692,-0.1704315,0.4140861,-0.5890881,-0.4503008,-0.0028102,-0.0143371,-0.1717873,0.4096485,-0.5968615,-0.4447104,0.0000000,0.0000000,0.0000000,0.0590804,0.0000000,0.0000000,0.0000000,0.0000000,0.0564695,0.0000000
-0.0413571,0.0697220,-0.1675351,0.0000000,0.0000000,0.0000000,1.0000000,0.0029171,0.0143151,-0.1706910,0.4144721,-0.5899547,-0.4507388,-0.0028142,-0.0143831,-0.1720469,0.4100269,-0.5977367,-0.4451454,0.0000000,0.0000000,0.0000000,0.0590804,0.0000000,0.0000000,0.0000000,0.0000000,0.0564695,0.0000000
-0.0413571,0.0697220,-0.1676220,0.0000000,0.0000000,0.0000000,1.0000000,0.0029211,0.0143570,-0.1709273,0.4148237,-0.5907437,-0.4511377,-0.0028178,-0.0144249,-0.1722833,0.4103715,-0.5985335,-0.4455414,0.0000000,0.0000000,0.0000000,0.0590804,0.0000000,0.0000000,0.0000000,0.0000000,0.0564695,0.0000000
-0.0413571,0.0697220,-0.1677008,0.0000000,0.0000000,0.0000000,1.0000000,0.0029247,0.0143948,-0.1711410,0.4151417,-0.5914573,-0.4514983,-0.0028212,-0.0144628,-0.1724972,0.4106833,-0.5992543,-0.4458995,0.0000000,0.0000000,0.0000000,0.0590804,0.0000000,0.0000000,0.0000000,0.0000000,0.0564695,0.0000000
-0.0413571,0.0697220,-0.1677716,0.0000000,0.0000000,0.0000000,1.0000000,0.0029279,0.0144288,-0.1713330,0.4154251,-0.5920980,-0.4518221,-0.0028241,-0.0144968,-0.1726892,0.4109632,-0.5999013,-0.4462211,0.0000000,0.0000000,0.0000000,0.0590804,0.0000000,0.0000000,0.0000000,0.0000000,0.0564695,0.0000000
-0.0413571,0.0697220,-0.1678347,0.0000000,0.0000000,0.0000000,1.0000000,0.0029308,0.0144590,-0.1715038,0.4156775,-0.5926684,-0.4521104,-0.0028268,-0.0145270,-0.1728601,0.4112125,-0.6004774,-0.4465073,0.0000000,0.0000000,0.0000000,0.0590804,0.0000000,0.0000000,0.0000000,0.0000000,0.0564695,0.0000000
-0.0413571,0.0697220,-0.1678904,0.0000000,0.0000000,0.0000000,1.0000000,0.0029333,0.0144857,-0.1716545,0.4159001,-0.5931714,-0.4523646,-0.0028291,-0.0145537,-0.1730109,0.4114324,-0.6009855,-0.4467597,0.0000000,0.0000000,0.0000000,0.0590804,0.0000000,0.0000000,0.0000000,0.0000000,0.0564695,0.0000000
-0.0413571,0.0697220,-0.1679390,0.0000000,0.0000000,0.0000000,1.0000000,0.0029356,0.0145089,-0.1717860,0.4160943,-0.5936101,-0.4525863,-0.0028312,-0.0145770,-0.1731424,0.4116241,-0.6014285,-0.4469798,0.0000000,0.0000000,0.0000000,0.0590804,0.0000000,0.0000000,0.0000000,0.0000000,0.0564695,0.0000000
-0.0413571,0.0697220,-0.1679809,0.0000000,0.0000000,0.0000000,1.0000000,0.0029375,0.0145290,-0.1718991,0.4162614,-0.5939878,-0.4527772,-0.0028330,-0.0145971,-0.1732556,0.4117893,-0.6018100,-0.4471694,0.0000000,0.0000000,0.0000000,0.0590804,0.0000000,0.0000000,0.0000000,0.0000000,0.0564695,0.0000000
-0.0413571,0.0697220,-0.1680165,0.0000000,0.0000000,0.0000000,1.0000000,0.0029391,0.0145459,-0.1719951,0.4164032,-0.5943081,-0.4529390,-0.0028345,-0.0146140,-0.1733516,0.4119293,-0.6021335,-0.4473301,0.0000000,0.0000000,0.0000000,0.0590804,0.0000000,0.0000000,0.0000000,0.0000000,0.0564695,0.0000000
-0.0413571,0.0697220,-0.1680461,0.0000000,0.0000000,0.0000000,1.0000000,0.0029405,0.0145601,-0.1720750,0.4165213,-0.5945748,-0.4530738,-0.0028357,-0.0146282,-0.1734316,0.4120459,-0.6024029,-0.4474639,0.0000000,0.0000000,0.0000000,0.0590804,0.0000000,0.0000000,0.0000000,0.0000000,0.0564695,0.0000000
-0.0413571,0.0697220,-0.1680702,0.0000000,0.0000000,0.0000000,1.0000000,0.0029416,0.0145716,-0.1721401,0.4166174,-0.5947919,-0.4531835,-0.0028367,-0.0146397,-0.1734967,0.4121409,-0.6026222,-0.4475729,0.0000000,0.0000000,0.0000000,0.0590804,0.0000000,0.0000000,0.0000000,0.0000000,0.0564695,0.0000000
-0.0413571,0.0697220,-0.1680893,0.0000000,0.0000000,0.0000000,1.0000000,0.0029425,0.0145807,-0.1721916,0.4166936,-0.5949639,-0.4532704,-0.0028375,-0.0146488,-0.1735482,0.4122161,-0.6027959,-0.4476592,0.0000000,0.0000000,0.0000000,0.0590804,0.0000000,0.0000000,0.0000000,0.0000000,0.0564695,0.0000000
-0.0413571,0.0697220,-0.1681039,0.0000000,0.0000000,0.0000000,1.0000000,0.0029431,0.0145877,-0.1722310,0.4167518,-0.5950953,-0.4533368,-0.0028382,-0.0146558,-0.1735876,0.4122735,-0.6029287,-0.4477251,0.0000000,0.0000000,0.0000000,0.0590804,0.0000000,0.0000000,0.0000000,0.0000000,0.0564695,0.0000000
-0.0413571,0.0697220,-0.1681145,0.0000000,0.0000000,0.0000000,1.0000000,0.0029436,0.0145928,-0.1722597,0.4167942,-0.5951911,-0.4533852,-0.0028386,-0.0146609,-0.1736163,0.4123154,-0.6030254,-0.4477731,0.0000000,0.0000000,0.0000000,0.0590804,0.0000000,0.0000000,0.0000000,0.0000000,0.0564695,0.0000000
-0.0413571,0.0697220,-0.1681218,0.0000000,0.0000000,0.0000000,1.0000000,0.0029440,0.0145962,-0.1722793,0.4168230,-0.5952563,-0.4534181,-0.0028389,-0.0146644,-0.1736359,0.4123439,-0.6030913,-0.4478059,0.0000000,0.0000000,0.0000000,0.0590804,0.0000000,0.0000000,0.0000000,0.0000000,0.0564695,0.0000000
-0.0413571,0.0697220,-0.1681263,0.0000000,0.0000000,0.0000000,1.0000000,0.0029442,0.0145984,-0.1722913,0.4168409,-0.5952965,-0.4534385,-0.0028391,-0.0146665,-0.1736479,0.4123615,-0.6031319,-0.4478260,0.0000000,0.0000000,0.0000000,0.0590804,0.0000000,0.0000000,0.0000000,0.0000000,0.0564695,0.0000000
-0.0413571,0.0697220,-0.1681286,0.0000000,0.0000000,0.0000000,1.0000000,0.0029443,0.0145995,-0.1722976,0.4168501,-0.5953175,-0.4534491,-0.0028392,-0.0146676,-0.1736542,0.4123707,-0.6031531,-0.4478366,0.0000000,0.0000000,0.0000000,0.0590804,0.0000000,0.0000000,0.0000000,0.0000000,0.0564695,0.0000000
-0.0413571,0.0697220,-0.1681295,0.0000000,0.0000000,0.0000000,1.0000000,0.0029443,0.0145999,-0.1722999,0.4168536,-0.5953254,-0.4534530,-0.0028392,-0.0146680,-0.1736566,0.4123741,-0.6031610,-0.4478405,0.0000000,0.0000000,0.0000000,0.0590804,0.0000000,0.0000000,0.0000000,0.0000000,0.0564695,0.0000000
-0.0413571,0.0697220,-0.1681296,0.0000000,0.0000000,0.0000000,1.0000000,0.0029443,0.0146000,-0.1723003,0.4168541,-0.5953265,-0.4534536,-0.0028392,-0.0146681,-0.1736569,0.4123746,-0.6031622,-0.4478411,0.0000000,0.0000000,0.0000000,0.0590804,0.0000000,0.0000000,0.0000000,0.0000000,0.0564695,0.0000000
-0.0413571,0.0697220,-0.1681296,0.0000000,0.0000000,0.0000000,1.0000000,0.0029443,0.0146000,-0.1723003,0.4168541,-0.5953265,-0.4534536,-0.0028392,-0.0146681,-0.1736569,0.4123746,-0.6031622,-0.4478411,0.0000000,0.0000000,0.0000000,0.0590804,0.0000000,0.0000000,0.0000000,0.0000000,0.0564695,0.0000000
-0.0413571,0.0697220,-0.1681296,0.0000000,0.0000000,0.0000000,1.0000000,0.0029443,0.0146000,-0.1723003,0.4168541,-0.5953265,-0.4534536,-0.0028392,-0.0146681,-0.1736569,0.4123746,-0.6031622,-0.4478411,0.0000000,0.0000000,0.0000000,0.0590804,0.0000000,0.0000000,0.0000000,0.0000000,0.0564695,0.0000000
-0.0413571,0.0697220,-0.1681296,0.0000000,0.0000000,0.0000000,1.0000000,0.0029443,0.0146000,-0.1723003,0.4168541,-0.5953265,-0.4534536,-0.0028392,-0.0146681,-0.1736569,0.4123746,-0.6031622,-0.4478411,0.0000000,0.0000000,0.0000000,0.0590804,0.0000000,0.0000000,0.0000000,0.0000000,0.0564695,0.0000000
-0.0413571,0.0697220,-0.1681296,0.0000000,0.0000000,0.0000000,1.0000000,0.0029443,0.0146000,-0.1723003,0.4168541,-0.5953265,-0.4534536,-0.0028392,-0.0146681,-0.1736569,0.4123746,-0.6031622,-0.4478411,0.0000000,0.0000000,0.0000000,0.0590804,0.0000000,0.0000000,0.0000000,0.0000000,0.0564695,0.0000000
-0.0413571,0.0697220,-0.1681296,0.0000000,0.0000000,0.0000000,1.0000000,0.0029443,0.0146000,-0.1723003,0.4168541,-0.5953265,-0.4534536,-0.0028392,-0.0146681,-0.1736569,0.4123746,-0.6031622,-0.4478411,0.0000000,0.0000000,0.0000000,0.0590804,0.0000000,0.0000000,0.0000000,0.0000000,0.0564695,0.0000000
-0.0413571,0.0697220,-0.1681296,0.0000000,0.0000000,0.0000000,1.0000000,0.0029443,0.0146000,-0.1723003,0.4168541,-0.5953265,-0.4534536,-0.0028392,-0.0146681,-0.1736569,0.4123746,-0.6031622,-0.4478411,0.0000000,0.0000000,0.0000000,0.0590804,0.0000000,0.0000000,0.0000000,0.0000000,0.0564695,0.0000000
-0.0413571,0.0697220,-0.1681296,0.0000000,0.0000000,0.0000000,1.0000000,0.0029443,0.0146000,-0.1723003,0.4168541,-0.5953265,-0.4534536,-0.0028392,-0.0146681,-0.1736569,0.4123746,-0.6031622,-0.4478411,0.0000000,0.0000000,0.0000000,0.0590804,0.0000000,0.0000000,0.0000000,0.0000000,0.0564695,0.0000000
-0.0413571,0.0697220,-0.1681296,0.0000000,0.0000000,0.0000000,1.0000000,0.0029443,0.0146000,-0.1723003,0.4168541,-0.5953265,-0.4534536,-0.0028392,-0.0146681,-0.1736569,0.4123746,-0.6031622,-0.4478411,0.0000000,0.0000000,0.0000000,0.0590804,0.0000000,0.0000000,0.0000000,0.0000000,0.0564695,0.0000000
-0.0413571,0.0697220,-0.1681296,0.0000000,0.0000000,0.0000000,1.0000000,0.0029443,0.0146000,-0.1723003,0.4168541,-0.5953265,-0.4534536,-0.0028392,-0.0146681,-0.1736569,0.4123746,-0.6031622,-0.4478411,0.0000000,0.0000000,0.0000000,0.0590804,0.0000000,0.0000000,0.0000000,0.0000000,0.0564695,0.0000000
-0.0413571,0.0697220,-0.1681296,0.0000000,0.0000000,0.0000000,1.0000000,0.0029443,0.0146000,-0.1723003,0.4168541,-0.5953265,-0.4534536,-0.0028392,-0.0146681,-0.1736569,0.4123746,-0.6031622,-0.4478411,0.0000000,0.0000000,0.0000000,0.0590804,0.0000000,0.0000000,0.0000000,0.0000000,0.0564695,0.0000000
-0.0413571,0.0697220,-0.1681296,0.0000000,0.0000000,0.0000000,1.0000000,0.0029443,0.0146000,-0.1723003,0.4168541,-0.5953265,-0.4534536,-0.0028392,-0.0146681,-0.1736569,0.4123746,-0.6031622,-0.4478411,0.0000000,0.0000000,0.0000000,0.0590804,0.0000000,0.0000000,0.0000000,0.0000000,0.0564695,0.0000000
-0.0413571,0.0697220,-0.1681296,0.0000000,0.0000000,0.0000000,1.0000000,0.0029443,0.0146000,-0.1723003,0.4168541,-0.5953265,-0.4534536,-0.0028392,-0.0146681,-0.1736569,0.4123746,-0.6031622,-0.4478411,0.0000000,0.0000000,0.0000000,0.0590804,0.0000000,0.0000000,0.0000000,0.0000000,0.0564695,0.0000000
-0.0413571,0.0697220,-0.1681296,0.0000000,0.0000000,0.0000000,1.0000000,0.0029443,0.0146000,-0.1723003,0.4168541,-0.5953265,-0.4534536,-0.0028392,-0.0146681,-0.1736569,0.4123746,-0.6031622,-0.4478411,0.0000000,0.0000000,0.0000000,0.0590804,0.0000000,0.0000000,0.0000000,0.0000000,0.0564695,0.0000000
-0.0413571,0.0697220,-0.1681296,0.0000000,0.0000000,0.0000000,1.0000000,0.0029443,0.0146000,-0.1723003,0.4168541,-0.5953265,-0.4534536,-0.0028392,-0.0146681,-0.1736569,0.4123746,-0.6031622,-0.4478411,0.0000000,0.0000000,0.0000000,0.0590804,0.0000000,0.0000000,0.0000000,0.0000000,0.0564695,0.0000000
-0.0413571,0.0697220,-0.1681296,0.0000000,0.0000000,0.0000000,1.0000000,0.0029443,0.0146000,-0.1723003,0.4168541,-0.5953265,-0.4534536,-0.0028392,-0.0146681,-0.1736569,0.4123746,-0.6031622,-0.4478411,0.0000000,0.0000000,0.0000000,0.0590804,0.0000000,0.0000000,0.0000000,0.0000000,0.0564695,0.0000000
-0.0413571,0.0697220,-0.1681296,0.0000000,0.0000000,0.0000000,1.0000000,0.0029443,0.0146000,-0.1723003,0.4168541,-0.5953265,-0.4534536,-0.0028392,-0.0146681,-0.1736569,0.4123746,-0.6031622,-0.4478411,0.0000000,0.0000000,0.0000000,0.0590804,0.0000000,0.0000000,0.0000000,0.0000000,0.0564695,0.0000000
-0.0413571,0.0697220,-0.1681296,0.0000000,0.0000000,0.0000000,1.0000000,0.0029443,0.0146000,-0.1723003,0.4168541,-0.5953265,-0.4534536,-0.0028392,-0.0146681,-0.1736569,0.4123746,-0.6031622,-0.4478411,0.0000000,0.0000000,0.0000000,0.0590804,0.0000000,0.0000000,0.0000000,0.0000000,0.0564695,0.0000000
-0.0413571,0.0697220,-0.1681296,0.0000000,0.0000000,0.0000000,1.0000000,0.0029443,0.0146000,-0.1723003,0.4168541,-0.5953265,-0.4534536,-0.0028392,-0.0146681,-0.1736569,0.4123746,-0.6031622,-0.4478411,0.0000000,0.0000000,0.0000000,0.0590804,0.0000000,0.0000000,0.0000000,0.0000000,0.0564695,0.0000000
-0.0413571,0.0697220,-0.1681296,0.0000000,0.0000000,0.0000000,1.0000000,0.0029443,0.0146000,-0.1723003,0.4168541,-0.5953265,-0.4534536,-0.0028392,-0.0146681,-0.1736569,0.4123746,-0.6031622,-0.4478411,0.0000000,0.0000000,0.0000000,0.0590804,0.0000000,0.0000000,0.0000000,0.0000000,0.0564695,0.0000000
-0.0413571,0.0697220,-0.1681296,0.0000000,0.0000000,0.0000000,1.0000000,0.0029443,0.0146000,-0.1723003,0.4168541,-0.5953265,-0.4534536,-0.0028392,-0.0146681,-0.1736569,0.4123746,-0.6031622,-0.4478411,0.0000000,0.0000000,0.0000000,0.0590804,0.0000000,0.0000000,0.0000000,0.0000000,0.0564695,0.0000000
-0.0413571,0.0697220,-0.1681296,0.0000000,0.0000000,0.0000000,1.0000000,0.0029443,0.0146000,-0.1723003,0.4168541,-0.5953265,-0.4534536,-0.0028392,-0.0146681,-0.1736569,0.4123746,-0.6031622,-0.4478411,0.0000000,0.0000000,0.0000000,0.0590804,0.0000000,0.0000000,0.0000000,0.0000000,0.0564695,0.0000000
-0.0413571,0.0697220,-0.1681296,0.0000000,0.0000000,0.0000000,1.0000000,0.0029443,0.0146000,-0.1723003,0.4168541,-0.5953265,-0.4534536,-0.0028392,-0.0146681,-0.1736569,0.4123746,-0.6031622,-0.4478411,0.0000000,0.0000000,0.0000000,0.0590804,0.0000000,0.0000000,0.0000000,0.0000000,0.0564695,0.0000000
-0.0413571,0.0697220,-0.1681296,0.0000000,0.0000000,0.0000000,1.0000000,0.0029443,0.0146000,-0.1723003,0.4168541,-0.5953265,-0.4534536,-0.0028392,-0.0146681,-0.1736569,0.4123746,-0.6031622,-0.4478411,0.0000000,0.0000000,0.0000000,0.0590804,0.0000000,0.0000000,0.0000000,0.0000000,0.0564695,0.0000000
-0.0413571,0.0697220,-0.1681296,0.0000000,0.0000000,0.0000000,1.0000000,0.0029443,0.0146000,-0.1723003,0.4168541,-0.5953265,-0.4534536,-0.0028392,-0.0146681,-0.1736569,0.4123746,-0.6031622,-0.4478411,0.0000000,0.0000000,0.0000000,0.0590804,0.0000000,0.0000000,0.0000000,0.0000000,0.0564695,0.0000000
-0.0413571,0.0697220,-0.1681296,0.0000000,0.0000000,0.0000000,1.0000000,0.0029443,0.0146000,-0.1723003,0.4168541,-0.5953265,-0.4534536,-0.0028392,-0.0146681,-0.1736569,0.4123746,-0.6031622,-0.4478411,0.0000000,0.0000000,0.0000000,0.0590804,0.0000000,0.0000000,0.0000000,0.0000000,0.0564695,0.0000000
-0.0413571,0.0697220,-0.1681296,0.0000000,0.0000000,0.0000000,1.0000000,0.0029443,0.0146000,-0.1723003,0.4168541,-0.5953265,-0.4534536,-0.0028392,-0.0146681,-0.1736569,0.4123746,-0.6031622,-0.4478411,0.0000000,0.0000000,0.0000000,0.0590804,0.0000000,0.0000000,0.0000000,0.0000000,0.0564695,0.0000000
-0.0413571,0.0697220,-0.1681296,0.0000000,0.0000000,0.0000000,1.0000000,0.0029443,0.0146000,-0.1723003,0.4168541,-0.5953265,-0.4534536,-0.0028392,-0.0146681,-0.1736569,0.4123746,-0.6031622,-0.4478411,0.0000000,0.0000000,0.0000000,0.0590804,0.0000000,0.0000000,0.0000000,0.0000000,0.0564695,0.0000000
-0.0413571,0.0697220,-0.1681296,0.0000000,0.0000000,0.0000000,1.0000000,0.0029443,0.0146000,-0.1723003,0.4168541,-0.5953265,-0.4534536,-0.0028392,-0.0146681,-0.1736569,0.4123746,-0.6031622,-0.4478411,0.0000000,0.0000000,0.0000000,0.0590804,0.0000000,0.0000000,0.0000000,0.0000000,0.0564695,0.0000000
-0.0413571,0.0697220,-0.1681296,0.0000000,0.0000000,0.0000000,1.0000000,0.0029443,0.0146000,-0.1723003,0.4168541,-0.5953265,-0.4534536,-0.0028392,-0.0146681,-0.1736569,0.4123746,-0.6031622,-0.4478411,0.0000000,0.0000000,0.0000000,0.0590804,0.0000000,0.0000000,0.0000000,0.0000000,0.0564695,0.0000000
-0.0413571,0.0697220,-0.1681296,0.0000000,0.0000000,0.0000000,1.0000000,0.0029443,0.0146000,-0.1723003,0.4168541,-0.5953265,-0.4534536,-0.0028392,-0.0146681,-0.1736569,0.4123746,-0.6031622,-0.4478411,0.0000000,0.0000000,0.0000000,0.0590804,0.0000000,0.0000000,0.0000000,0.0000000,0.0564695,0.0000000
-0.0413571,0.0697220,-0.1681296,0.0000000,0.0000000,0.0000000,1.0000000,0.0029443,0.0146000,-0.1723003,0.4168541,-0.5953265,-0.4534536,-0.0028392,-0.0146681,-0.1736569,0.4123746,-0.6031622,-0.4478411,0.0000000,0.0000000,0.0000000,0.0590804,0.0000000,0.0000000,0.0000000,0.0000000,0.0564695,0.0000000
-0.0413571,0.0697220,-0.1681296,0.0000000,0.0000000,0.0000000,1.0000000,0.0029443,0.0146000,-0.1723003,0.4168541,-0.5953265,-0.4534536,-0.0028392,-0.0146681,-0.1736569,0.4123746,-0.6031622,-0.4478411,0.0000000,0.0000000,0.0000000,0.0590804,0.0000000,0.0000000,0.0000000,0.0000000,0.0564695,0.0000000
-0.0413571,0.0697220,-0.1681296,0.0000000,0.0000000,0.0000000,1.0000000,0.0029443,0.0146000,-0.1723003,0.4168541,-0.5953265,-0.4534536,-0.0028392,-0.0146681,-0.1736569,0.4123746,-0.6031622,-0.4478411,0.0000000,0.0000000,0.0000000,0.0590804,0.0000000,0.0000000,0.0000000,0.0000000,0.0564695,0.0000000
-0.0413571,0.0697220,-0.1681296,0.0000000,0.0000000,0.0000000,1.0000000,0.0029443,0.0146000,-0.1723003,0.4168541,-0.5953265,-0.4534536,-0.0028392,-0.0146681,-0.1736569,0.4123746,-0.6031622,-0.4478411,0.0000000,0.0000000,0.0000000,0.0590804,0.0000000,0.0000000,0.0000000,0.0000000,0.0564695,0.0000000
-0.0413571,0.0697220,-0.1681296,0.0000000,0.0000000,0.0000000,1.0000000,0.0029443,0.0146000,-0.1723003,0.4168541,-0.5953265,-0.4534536,-0.0028392,-0.0146681,-0.1736569,0.4123746,-0.6031622,-0.4478411,0.0000000,0.0000000,0.0000000,0.0590804,0.0000000,0.0000000,0.0000000,0.0000000,0.0564695,0.0000000
-0.0413571,0.0697220,-0.1681296,0.0000000,0.0000000,0.0000000,1.0000000,0.0029443,0.0146000,-0.1723003,0.4168541,-0.5953265,-0.4534536,-0.0028392,-0.0146681,-0.1736569,0.4123746,-0.6031622,-0.4478411,0.0000000,0.0000000,0.0000000,0.0590804,0.0000000,0.0000000,0.0000000,0.0000000,0.0564695,0.0000000
-0.0413571,0.0697220,-0.1681296,0.0000000,0.0000000,0.0000000,1.0000000,0.0029443,0.0146000,-0.1723003,0.4168541,-0.5953265,-0.4534536,-0.0028392,-0.0146681,-0.1736569,0.4123746,-0.6031622,-0.4478411,0.0000000,0.0000000,0.0000000,0.0590804,0.0000000,0.0000000,0.0000000,0.0000000,0.0564695,0.0000000
-0.0413571,0.0697220,-0.1681296,0.0000000,0.0000000,0.0000000,1.0000000,0.0029443,0.0146000,-0.1723003,0.4168541,-0.5953265,-0.4534536,-0.0028392,-0.0146681,-0.1736569,0.4123746,-0.6031622,-0.4478411,0.0000000,0.0000000,0.0000000,0.0590804,0.0000000,0.0000000,0.0000000,0.0000000,0.0564695,0.0000000
-0.0413571,0.0697220,-0.1681296,0.0000000,0.0000000,0.0000000,1.0000000,0.0029443,0.0146000,-0.1723003,0.4168541,-0.5953265,-0.4534536,-0.0028392,-0.0146681,-0.1736569,0.4123746,-0.6031622,-0.4478411,0.0000000,0.0000000,0.0000000,0.0590804,0.0000000,0.0000000,0.0000000,0.0000000,0.0564695,0.0000000
-0.0413571,0.0697220,-0.1681296,0.0000000,0.0000000,0.0000000,1.0000000,0.0029443,0.0146000,-0.1723003,0.4168541,-0.5953265,-0.4534536,-0.0028392,-0.0146681,-0.1736569,0.4123746,-0.6031622,-0.4478411,0.0000000,0.0000000,0.0000000,0.0590804,0.0000000,0.0000000,0.0000000,0.0000000,0.0564695,0.0000000
-0.0413571,0.0697220,-0.1681296,0.0000000,0.0000000,0.0000000,1.0000000,0.0029443,0.0146000,-0.1723003,0.4168541,-0.5953265,-0.4534536,-0.0028392,-0.0146681,-0.1736569,0.4123746,-0.6031622,-0.4478411,0.0000000,0.0000000,0.0000000,0.0590804,0.0000000,0.0000000,0.0000000,0.0000000,0.0564695,0.0000000
-0.0413571,0.0697220,-0.1681296,0.0000000,0.0000000,0.0000000,1.0000000,0.0029443,0.0146000,-0.1723003,0.4168541,-0.5953265,-0.4534536,-0.0028392,-0.0146681,-0.1736569,0.4123746,-0.6031622,-0.4478411,0.0000000,0.0000000,0.0000000,0.0590804,0.0000000,0.0000000,0.0000000,0.0000000,0.0564695,0.0000000
-0.0413571,0.0697220,-0.1681296,0.0000000,0.0000000,0.0000000,1.0000000,0.0029443,0.0146000,-0.1723003,0.4168541,-0.5953265,-0.4534536,-0.0028392,-0.0146681,-0.1736569,0.4123746,-0.6031622,-0.4478411,0.0000000,0.0000000,0.0000000,0.0590804,0.0000000,0.0000000,0.0000000,0.0000000,0.0564695,0.0000000
-0.0413571,0.0697220,-0.1681296,0.0000000,0.0000000,0.0000000,1.0000000,0.0029443,0.0146000,-0.1723003,0.4168541,-0.5953265,-0.4534536,-0.0028392,-0.0146681,-0.1736569,0.4123746,-0.6031622,-0.4478411,0.0000000,0.0000000,0.0000000,0.0590804,0.0000000,0.0000000,0.0000000,0.0000000,0.0564695,0.0000000
-0.0413571,0.0697220,-0.1681296,0.0000000,0.0000000,0.0000000,1.0000000,0.0029443,0.0146000,-0.1723003,0.4168541,-0.5953265,-0.4534536,-0.0028392,-0.0146681,-0.1736569,0.4123746,-0.6031622,-0.4478411,0.0000000,0.0000000,0.0000000,0.0590804,0.0000000,0.0000000,0.0000000,0.0000000,0.0564695,0.0000000
-0.0413571,0.0697220,-0.1681296,0.0000000,0.0000000,0.0000000,1.0000000,0.0029443,0.0146000,-0.1723003,0.4168541,-0.5953265,-0.4534536,-0.0028392,-0.0146681,-0.1736569,0.4123746,-0.6031622,-0.4478411,0.0000000,0.0000000,0.0000000,0.0590804,0.0000000,0.0000000,0.0000000,0.0000000,0.0564695,0.0000000
-0.0413571,0.0697220,-0.1681296,0.0000000,0.0000000,0.0000000,1.0000000,0.0029443,0.0146000,-0.1723003,0.4168541,-0.5953265,-0.4534536,-0.0028392,-0.0146681,-0.1736569,0.4123746,-0.6031622,-0.4478411,0.0000000,0.0000000,0.0000000,0.0590804,0.0000000,0.0000000,0.0000000,0.0000000,0.0564695,0.0000000
-0.0413571,0.0697220,-0.1681296,0.0000000,0.0000000,0.0000000,1.0000000,0.0029443,0.0146000,-0.1723003,0.4168541,-0.5953265,-0.4534536,-0.0028392,-0.0146681,-0.1736569,0.4123746,-0.6031622,-0.4478411,0.0000000,0.0000000,0.0000000,0.0590804,0.0000000,0.0000000,0.0000000,0.0000000,0.0564695,0.0000000
-0.0413571,0.0697220,-0.1681296,0.0000000,0.0000000,0.0000000,1.0000000,0.0029443,0.0146000,-0.1723003,0.4168541,-0.5953265,-0.4534536,-0.0028392,-0.0146681,-0.1736569,0.4123746,-0.6031622,-0.4478411,0.0000000,0.0000000,0.0000000,0.0590804,0.0000000,0.0000000,0.0000000,0.0000000,0.0564695,0.0000000
-0.0413571,0.0697220,-0.1681296,0.0000000,0.0000000,0.0000000,1.0000000,0.0029443,0.0146000,-0.1723003,0.4168541,-0.5953265,-0.4534536,-0.0028392,-0.0146681,-0.1736569,0.4123746,-0.6031622,-0.4478411,0.0000000,0.0000000,0.0000000,0.0590804,0.0000000,0.0000000,0.0000000,0.0000000,0.0564695,0.0000000
-0.0413571,0.0697220,-0.1681295,0.0000000,0.0000000,0.0000000,1.0000000,0.0029443,0.0145999,-0.1722999,0.4168536,-0.5953254,-0.4534530,-0.0028392,-0.0146680,-0.1736566,0.4123741,-0.6031610,-0.4478405,0.0000000,0.0000000,0.0000000,0.0590804,0.0000000,0.0000000,0.0000000,0.0000000,0.0564695,0.0000000
-0.0413571,0.0697220,-0.1681286,0.0000000,0.0000000,0.0000000,1.0000000,0.0029443,0.0145995,-0.1722976,0.4168501,-0.5953175,-0.4534491,-0.0028392,-0.0146676,-0.1736542,0.4123707,-0.6031531,-0.4478366,0.0000000,0.0000000,0.0000000,0.0590804,0.0000000,0.0000000,0.0000000,0.0000000,0.0564695,0.0000000
-0.0413571,0.0697220,-0.1681263,0.0000000,0.0000000,0.0000000,1.0000000,0.0029442,0.0145984,-0.1722913,0.4168409,-0.5952965,-0.4534385,-0.0028391,-0.0146665,-0.1736479,0.4123615,-0.6031319,-0.4478260,0.0000000,0.0000000,0.0000000,0.0590804,0.0000000,0.0000000,0.0000000,0.0000000,0.0564695,0.0000000
-0.0413571,0.0697220,-0.1681218,0.0000000,0.0000000,0.0000000,1.0000000,0.0029440,0.0145962,-0.1722793,0.4168230,-0.5952563,-0.4534181,-0.0028389,-0.0146644,-0.1736359,0.4123439,-0.6030913,-0.4478059,0.0000000,0.0000000,0.0000000,0.0590804,0.0000000,0.0000000,0.0000000,0.0000000,0.0564695,0.0000000
-0.0413571,0.0697220,-0.1681145,0.0000000,0.0000000,0.0000000,1.0000000,0.0029436,0.0145928,-0.1722597,0.4167942,-0.5951911,-0.4533852,-0.0028386,-0.0146609,-0.1736163,0.4123154,-0.6030254,-0.4477731,0.0000000,0.0000000,0.0000000,0.0590804,0.0000000,0.0000000,0.0000000,0.0000000,0.0564695,0.0000000
-0.0413571,0.0697220,-0.1681039,0.0000000,0.0000000,0.0000000,1.0000000,0.0029431,0.0145877,-0.1722310,0.4167518,-0.5950953,-0.4533368,-0.0028382,-0.0146558,-0.1735876,0.4122735,-0.6029287,-0.4477251,0.0000000,0.0000000,0.0000000,0.0590804,0.0000000,0.0000000,0.0000000,0.0000000,0.0564695,0.0000000
-0.0413571,0.0697220,-0.1680893,0.0000000,0.0000000,0.0000000,1.0000000,0.0029425,0.0145807,-0.1721916,0.4166936,-0.5949639,-0.4532704,-0.0028375,-0.0146488,-0.1735482,0.4122161,-0.6027959,-0.4476592,0.0000000,0.0000000,0.0000000,0.0590804,0.0000000,0.0000000,0.0000000,0.0000000,0.0564695,0.0000000
-0.0413571,0.0697220,-0.1680702,0.0000000,0.0000000,0.0000000,1.0000000,0.0029416,0.0145716,-0.1721401,0.4166174,-0.5947919,-0.4531835,-0.0028367,-0.0146397,-0.1734967,0.4121409,-0.6026222,-0.4475729,0.0000000,0.0000000,0.0000000,0.0590804,0.0000000,0.0000000,0.0000000,0.0000000,0.0564695,0.0000000
-0.0413571,0.0697220,-0.1680461,0.0000000,0.0000000,0.0000000,1.0000000,0.0029405,0.0145601,-0.1720750,0.4165213,-0.5945748,-0.4530738,-0.0028357,-0.0146282,-0.1734316,0.4120459,-0.6024029,-0.4474639,0.0000000,0.0000000,0.0000000,0.0590804,0.0000000,0.0000000,0.0000000,0.0000000,0.0564695,0.0000000
-0.0413571,0.0697220,-0.1680165,0.0000000,0.0000000,0.0000000,1.0000000,0.0029391,0.0145459,-0.1719951,0.4164032,-0.5943081,-0.4529390,-0.0028345,-0.0146140,-0.1733516,0.4119293,-0.6021335,-0.4473301,0.0000000,0.0000000,0.0000000,0.0590804,0.0000000,0.0000000,0.0000000,0.0000000,0.0564695,0.0000000
-0.0413571,0.0697220,-0.1679809,0.0000000,0.0000000,0.0000000,1.0000000,0.0029375,0.0145290,-0.1718991,0.4162614,-0.5939878,-0.4527772,-0.0028330,-0.0145971,-0.1732556,0.4117893,-0.6018100,-0.4471694,0.0000000,0.0000000,0.0000000,0.0590804,0.0000000,0.0000000,0.0000000,0.0000000,0.0564695,0.0000000
-0.0413571,0.0697220,-0.1679390,0.0000000,0.0000000,0.0000000,1.0000000,0.0029356,0.0145089,-0.1717860,0.4160943,-0.5936101,-0.4525863,-0.0028312,-0.0145770,-0.1731424,0.4116241,-0.6014285,-0.4469798,0.0000000,0.0000000,0.0000000,0.0590804,0.0000000,0.0000000,0.0000000,0.0000000,0.0564695,0.0000000
-0.0413571,0.0697220,-0.1678904,0.0000000,0.0000000,0.0000000,1.0000000,0.0029333,0.0144857,-0.1716545,0.4159001,-0.5931714,-0.4523646,-0.0028291,-0.0145537,-0.1730109,0.4114324,-0.6009855,-0.4467597,0.0000000,0.0000000,0.0000000,0.0590804,0.0000000,0.0000000,0.0000000,0.0000000,0.0564695,0.0000000
-0.0413571,0.0697220,-0.1678347,0.0000000,0.0000000,0.0000000,1.0000000,0.0029308,0.0144590,-0.1715038,0.4156775,-0.5926684,-0.4521104,-0.0028268,-0.0145270,-0.1728601,0.4112125,-0.6004774,-0.4465073,0.0000000,0.0000000,0.0000000,0.0590804,0.0000000,0.0000000,0.0000000,0.0000000,0.0564695,0.0000000
-0.0413571,0.0697220,-0.1677716,0.0000000,0.0000000,0.0000000,1.0000000,0.0029279,0.0144288,-0.1713330,0.4154251,-0.5920980,-0.4518221,-0.0028241,-0.0144968,-0.1726892,0.4109632,-0.5999013,-0.4462211,0.0000000,0.0000000,0.0000000,0.0590804,0.0000000,0.0000000,0.0000000,0.0000000,0.0564695,0.0000000
-0.0413571,0.0697220,-0.1677008,0.0000000,0.0000000,0.0000000,1.0000000,0.0029247,0.0143948,-0.1711410,0.4151417,-0.5914573,-0.4514983,-0.0028212,-0.0144628,-0.1724972,0.4106833,-0.5992543,-0.4458995,0.0000000,0.0000000,0.0000000,0.0590804,0.0000000,0.0000000,0.0000000,0.0000000,0.0564695,0.0000000
-0.0413571,0.0697220,-0.1676220,0.0000000,0.0000000,0.0000000,1.0000000,0.0029211,0.0143570,-0.1709273,0.4148237,-0.5907437,-0.4511377,-0.0028178,-0.0144249,-0.1722833,0.4103715,-0.5985335,-0.4455414,0.0000000,0.0000000,0.0000000,0.0590804,0.0000000,0.0000000,0.0000000,0.0000000,0.0564695,0.0000000
-0.0413571,0.0697220,-0.1675351,0.0000000,0.0000000,0.0000000,1.0000000,0.0029171,0.0143151,-0.1706910,0.4144721,-0.5899547,-0.4507388,-0.0028142,-0.0143831,-0.1720469,0.4100269,-0.5977367,-0.4451454,0.0000000,0.0000000,0.0000000,0.0590804,0.0000000,0.0000000,0.0000000,0.0000000,0.0564695,0.0000000
-0.0413571,0.0697220,-0.1674396,0.0000000,0.0000000,0.0000000,1.0000000,0.0029127,0.0142692,-0.1704315,0.4140861,-0.5890881,-0.4503008,-0.0028102,-0.0143371,-0.1717873,0.4096485,-0.5968615,-0.4447104,0.0000000,0.0000000,0.0000000,0.0590804,0.0000000,0.0000000,0.0000000,0.0000000,0.0564695,0.0000000
-0.0413571,0.0697220,-0.1673356,0.0000000,0.0000000,0.0000000,1.0000000,0.0029080,0.0142191,-0.1701482,0.4136647,-0.5881419,-0.4498224,-0.0028059,-0.0142870,-0.1715038,0.4092353,-0.5959059,-0.4442354,0.0000000,0.0000000,0.0000000,0.0590804,0.0000000,0.0000000,0.0000000,0.0000000,0.0564695,0.0000000
-0.0413571,0.0697220,-0.1672228,0.0000000,0.0000000,0.0000000,1.0000000,0.0029029,0.0141646,-0.1698404,0.4132071,-0.5871142,-0.4493028,-0.0028011,-0.0142325,-0.1711960,0.4087867,-0.5948680,-0.4437194,0.0000000,0.0000000,0.0000000,0.0590804,0.0000000,0.0000000,0.0000000,0.0000000,0.0564695,0.0000000
-0.0413571,0.0697220,-0.1671011,0.0000000,0.0000000,0.0000000,1.0000000,0.0028974,0.0141057,-0.1695079,0.4127127,-0.5860032,-0.4487411,-0.0027961,-0.0141735,-0.1708633,0.4083019,-0.5937460,-0.4431616,0.0000000,0.0000000,0.0000000,0.0590804,0.0000000,0.0000000,0.0000000,0.0000000,0.0564695,0.0000000
-0.0413571,0.0697220,-0.1669704,0.0000000,0.0000000,0.0000000,1.0000000,0.0028915,0.0140424,-0.1691500,0.4121806,-0.5848076,-0.4481365,-0.0027906,-0.0141102,-0.1705053,0.4077803,-0.5925386,-0.4425613,0.0000000,0.0000000,0.0000000,0.0590804,0.0000000,0.0000000,0.0000000,0.0000000,0.0564695,0.0000000
-0.0413571,0.0697220,-0.1668306,0.0000000,0.0000000,0.0000000,1.0000000,0.0028851,0.0139745,-0.1687665,0.4116105,-0.5835260,-0.4474883,-0.0027849,-0.0140422,-0.1701216,0.4072214,-0.5912444,-0.4419177,0.0000000,0.0000000,0.0000000,0.0590804,0.0000000,0.0000000,0.0000000,0.0000000,0.0564695,0.0000000
-0.0413571,0.0697220,-0.1666816,0.0000000,0.0000000,0.0000000,1.0000000,0.0028784,0.0139020,-0.1683569,0.4110018,-0.5821573,-0.4467960,-0.0027787,-0.0139697,-0.1697118,0.4066246,-0.5898622,-0.4412303,0.0000000,0.0000000,0.0000000,0.0590804,0.0000000,0.0000000,0.0000000,0.0000000,0.0564695,0.0000000
-0.0413571,0.0697220,-0.1665234,0.0000000,0.0000000,0.0000000,1.0000000,0.0028713,0.0138248,-0.1679210,0.4103541,-0.5807786,-0.4460594,-0.0027722,-0.0138925,-0.1692758,0.4059850,-0.5883910,-0.4404985,0.0000000,0.0000000,0.0000000,0.0590804,0.0000000,0.0000000,0.0000000,0.0000000,0.0564695,0.0000000
-0.0413571,0.0697220,-0.1663559,0.0000000,0.0000000,0.0000000,1.0000000,0.0028638,0.0137430,-0.1674586,0.4096672,-0.5793626,-0.4452780,-0.0027653,-0.0138105,-0.1688131,0.4053064,-0.5868299,-0.4397219,0.0000000,0.0000000,0.0000000,0.0590804,0.0000000,0.0000000,0.0000000,0.0000000,0.0564695,0.0000000
-0.0413571,0.0697220,-0.1661793,0.0000000,0.0000000,0.0000000,1.0000000,0.0028559,0.0136564,-0.1669695,0.4089406,-0.5778645,-0.4444512,-0.0027580,-0.0137239,-0.1683238,0.4045888,-0.5851784,-0.4389002,0.0000000,0.0000000,0.0000000,0.0590804,0.0000000,0.0000000,0.0000000,0.0000000,0.0564695,0.0000000
-0.0413571,0.0697220,-0.1659934,0.0000000,0.0000000,0.0000000,1.0000000,0.0028476,0.0135650,-0.1664535,0.4081743,-0.5762837,-0.4435786,-0.0027505,-0.0136325,-0.1678076,0.4038319,-0.5834357,-0.4380330,0.0000000,0.0000000,0.0000000,0.0590804,0.0000000,0.0000000,0.0000000,0.0000000,0.0564695,0.0000000
-0.0413571,0.0697220,-0.1657983,0.0000000,0.0000000,0.0000000,1.0000000,0.0028389,0.0134689,-0.1659105,0.4073682,-0.5746199,-0.4426600,-0.0027425,-0.0135363,-0.1672643,0.4030356,-0.5816041,-0.4371202,0.0000000,0.0000000,0.0000000,0.0590804,0.0000000,0.0000000,0.0000000,0.0000000,0.0564695,0.0000000
-0.0413571,0.0697220,-0.1655942,0.0000000,0.0000000,0.0000000,1.0000000,0.0028299,0.0133679,-0.1653405,0.4065220,-0.5728727,-0.4416953,-0.0027343,-0.0134353,-0.1666941,0.4021998,-0.5798398,-0.4361628,0.0000000,0.0000000,0.0000000,0.0590804,0.0000000,0.0000000,0.0000000,0.0000000,0.0564695,0.0000000
-0.0413571,0.0697220,-0.1653810,0.0000000,0.0000000,0.0000000,1.0000000,0.0028205,0.0132622,-0.1647434,0.4056309,-0.5710422,-0.4406845,-0.0027256,-0.0133295,-0.1660968,0.4013246,-0.5779913,-0.4351596,0.0000000,0.0000000,0.0000000,0.0590804,0.0000000,0.0000000,0.0000000,0.0000000,0.0564695,0.0000000
-0.0413571,0.0697220,-0.1651589,0.0000000,0.0000000,0.0000000,1.0000000,0.0028107,0.0131517,-0.1641193,0.4046984,-0.5691283,-0.4396273,-0.0027167,-0.0132189,-0.1654724,0.4004100,-0.5760586,-0.4341105,0.0000000,0.0000000,0.0000000,0.0590804,0.0000000,0.0000000,0.0000000,0.0000000,0.0564695,0.0000000
-0.0413571,0.0697220,-0.1649280,0.0000000,0.0000000,0.0000000,1.0000000,0.0028006,0.0130364,-0.1634682,0.4037260,-0.5671311,-0.4385241,-0.0027075,-0.0131035,-0.1648210,0.3994561,-0.5740418,-0.4330156,0.0000000,0.0000000,0.0000000,0.0590804,0.0000000,0.0000000,0.0000000,0.0000000,0.0564695,0.0000000
-0.0413571,0.0697220,-0.1646884,0.0000000,0.0000000,0.0000000,1.0000000,0.0027901,0.0129163,-0.1627903,0.4027136,-0.5650537,-0.4373786,-0.0026980,-0.0129833,-0.1641428,0.3984631,-0.5719413,-0.4318750,0.0000000,0.0000000,0.0000000,0.0590804,0.0000000,0.0000000,0.0000000,0.0000000,0.0564695,0.0000000
-0.0413571,0.0697220,-0.1644403,0.0000000,0.0000000,0.0000000,1.0000000,0.0027794,0.0127915,-0.1620856,0.4016617,-0.5628945,-0.4361884,-0.0026881,-0.0128585,-0.1634378,0.3974281,-0.5697572,-0.4306888,0.0000000,0.0000000,0.0000000,0.0590804,0.0000000,0.0000000,0.0000000,0.0000000,0.0564695,0.0000000
-0.0413571,0.0697220,-0.1641839,0.0000000,0.0000000,0.0000000,1.0000000,0.0027683,0.0126620,-0.1613544,0.4005704,-0.5606533,-0.4349529,-0.0026780,-0.0127288,-0.1627063,0.3963491,-0.5674902,-0.4294573,0.0000000,0.0000000,0.0000000,0.0590804,0.0000000,0.0000000,0.0000000,0.0000000,0.0564695,0.0000000
-0.0413571,0.0697220,-0.1639193,0.0000000,0.0000000,0.0000000,1.0000000,0.0027569,0.0125278,-0.1605969,0.3994402,-0.5583306,-0.4336722,-0.0026677,-0.0125946,-0.1619485,0.3952316,-0.5651408,-0.4281808,0.0000000,0.0000000,0.0000000,0.0590804,0.0000000,0.0000000,0.0000000,0.0000000,0.0564695,0.0000000
-0.0413571,0.0697220,-0.1636467,0.0000000,0.0000000,0.0000000,1.0000000,0.0027452,0.0123889,-0.1598132,0.3982714,-0.5559273,-0.4323468,-0.0026571,-0.0124557,-0.1611645,0.3940760,-0.5627097,-0.4268596,0.0000000,0.0000000,0.0000000,0.0590804,0.0000000,0.0000000,0.0000000,0.0000000,0.0564695,0.0000000
-0.0413571,0.0697220,-0.1633664,0.0000000,0.0000000,0.0000000,1.0000000,0.0027333,0.0122455,-0.1590038,0.3970604,-0.5534439,-0.4309770,-0.0026462,-0.0123122,-0.1603547,0.3928827,-0.5601976,-0.4254940,0.0000000,0.0000000,0.0000000,0.0590804,0.0000000,0.0000000,0.0000000,0.0000000,0.0564695,0.0000000
-0.0413571,0.0697220,-0.1630786,0.0000000,0.0000000,0.0000000,1.0000000,0.0027211,0.0120976,-0.1581689,0.3958062,-0.5508816,-0.4295633,-0.0026351,-0.0121641,-0.1595194,0.3916522,-0.5576054,-0.4240847,0.0000000,0.0000000,0.0000000,0.0590804,0.0000000,0.0000000,0.0000000,0.0000000,0.0564695,0.0000000
-0.0413571,0.0697220,-0.1627835,0.0000000,0.0000000,0.0000000,1.0000000,0.0027086,0.0119452,-0.1573088,0.3945147,-0.5482411,-0.4281063,-0.0026239,-0.0120116,-0.1586590,0.3903851,-0.5549343,-0.4226320,0.0000000,0.0000000,0.0000000,0.0590804,0.0000000,0.0000000,0.0000000,0.0000000,0.0564695,0.0000000
-0.0413571,0.0697220,-0.1624814,0.0000000,0.0000000,0.0000000,1.0000000,0.0026960,0.0117884,-0.1564240,0.3931865,-0.5455237,-0.4266065,-0.0026124,-0.0118548,-0.1577739,0.3890820,-0.5521874,-0.4211389,0.0000000,0.0000000,0.0000000,0.0590804,0.0000000,0.0000000,0.0000000,0.0000000,0.0564695,0.0000000
-0.0413571,0.0697220,-0.1621725,0.0000000,0.0000000,0.0000000,1.0000000,0.0026831,0.0116273,-0.1555149,0.3918223,-0.5427306,-0.4250646,-0.0026008,-0.0116935,-0.1568644,0.3877337,-0.5493675,-0.4196077,0.0000000,0.0000000,0.0000000,0.0590804,0.0000000,0.0000000,0.0000000,0.0000000,0.0564695,0.0000000
-0.0413571,0.0697220,-0.1618572,0.0000000,0.0000000,0.0000000,1.0000000,0.0026701,0.0114620,-0.1545819,0.3904227,-0.5398629,-0.4234812,-0.0025890,-0.0115281,-0.1559310,0.3863502,-0.5464725,-0.4180354,0.0000000,0.0000000,0.0000000,0.0590804,0.0000000,0.0000000,0.0000000,0.0000000,0.0564695,0.0000000
-0.0413571,0.0697220,-0.1615356,0.0000000,0.0000000,0.0000000,1.0000000,0.0026569,0.0112925,-0.1536255,0.3889886,-0.5369222,-0.4218571,-0.0025771,-0.0113585,-0.1549742,0.3849325,-0.5435037,-0.4164226,0.0000000,0.0000000,0.0000000,0.0590804,0.0000000,0.0000000,0.0000000,0.0000000,0.0564695,0.0000000
-0.0413571,0.0697220,-0.1612082,0.0000000,0.0000000,0.0000000,1.0000000,0.0026435,0.0111189,-0.1526463,0.3875113,-0.5339098,-0.4201930,-0.0025651,-0.0111848,-0.1539946,0.3834815,-0.5404627,-0.4147701,0.0000000,0.0000000,0.0000000,0.0590804,0.0000000,0.0000000,0.0000000,0.0000000,0.0564695,0.0000000
-0.0413571,0.0697220,-0.1608751,0.0000000,0.0000000,0.0000000,1.0000000,0.0026300,0.0109413,-0.1516448,0.3859995,-0.5310497,-0.4184915,-0.0025530,-0.0110071,-0.1529927,0.3819979,-0.5373511,-0.4130789,0.0000000,0.0000000,0.0000000,0.0590804,0.0000000,0.0000000,0.0000000,0.0000000,0.0564695,0.0000000
-0.0413571,0.0697220,-0.1605368,0.0000000,0.0000000,0.0000000,1.0000000,0.0026164,0.0107599,-0.1506215,0.3844556,-0.5281305,-0.4167519,-0.0025408,-0.0108256,-0.1519690,0.3804828,-0.5341705,-0.4113497,0.0000000,0.0000000,0.0000000,0.0590804,0.0000000,0.0000000,0.0000000,0.0000000,0.0564695,0.0000000
-0.0413571,0.0697220,-0.1601936,0.0000000,0.0000000,0.0000000,1.0000000,0.0026028,0.0105748,-0.1495772,0.3828804,-0.5251497,-0.4149752,-0.0025286,-0.0106404,-0.1509242,0.3789263,-0.5311366,-0.4095862,0.0000000,0.0000000,0.0000000,0.0590804,0.0000000,0.0000000,0.0000000,0.0000000,0.0564695,0.0000000
-0.0413571,0.0697220,-0.1598457,0.0000000,0.0000000,0.0000000,1.0000000,0.0025890,0.0103860,-0.1485124,0.3812750,-0.5221090,-0.4131625,-0.0025163,-0.0104514,-0.1498590,0.3773380,-0.5280655,-0.4077872,0.0000000,0.0000000,0.0000000,0.0590804,0.0000000,0.0000000,0.0000000,0.0000000,0.0564695,0.0000000
-0.0413571,0.0697220,-0.1594936,0.0000000,0.0000000,0.0000000,1.0000000,0.0025753,0.0101937,-0.1474278,0.3796372,-0.5190103,-0.4113147,-0.0025040,-0.0102590,-0.1487740,0.3757209,-0.5249360,-0.4059534,0.0000000,0.0000000,0.0000000,0.0590804,0.0000000,0.0000000,0.0000000,0.0000000,0.0564695,0.0000000
-0.0413571,0.0697220,-0.1591376,0.0000000,0.0000000,0.0000000,1.0000000,0.0025614,0.0099980,-0.1463241,0.3779614,-0.5158555,-0.4094331,-0.0024917,-0.0100632,-0.1476699,0.3740760,-0.5217500,-0.4040861,0.0000000,0.0000000,0.0000000,0.0590804,0.0000000,0.0000000,0.0000000,0.0000000,0.0564695,0.0000000
-0.0413571,0.0697220,-0.1587780,0.0000000,0.0000000,0.0000000,1.0000000,0.0025476,0.0097990,-0.1452022,0.3762585,-0.5126467,-0.4075188,-0.0024794,-0.0098641,-0.1465475,0.3724045,-0.5185095,-0.4021864,0.0000000,0.0000000,0.0000000,0.0590804,0.0000000,0.0000000,0.0000000,0.0000000,0.0564695,0.0000000
-0.0413571,0.0697220,-0.1584152,0.0000000,0.0000000,0.0000000,1.0000000,0.0025338,0.0095969,-0.1440627,0.3745297,-0.5093859,-0.4055730,-0.0024671,-0.0096618,-0.1454076,0.3707010,-0.5152167,-0.4002555,0.0000000,0.0000000,0.0000000,0.0590804,0.0000000,0.0000000,0.0000000,0.0000000,0.0564695,0.0000000
-0.0413571,0.0697220,-0.1580496,0.0000000,0.0000000,0.0000000,1.0000000,0.0025201,0.0093918,-0.1429065,0.3727763,-0.5060754,-0.4035971,-0.0024549,-0.0094566,-0.1442509,0.3689653,-0.5118739,-0.3982947,0.0000000,0.0000000,0.0000000,0.0590804,0.0000000,0.0000000,0.0000000,0.0000000,0.0564695,0.0000000
-0.0413571,0.0697220,-0.1576815,0.0000000,0.0000000,0.0000000,1.0000000,0.0025063,0.0091839,-0.1417344,0.3709974,-0.5027174,-0.4015924,-0.0024428,-0.0092486,-0.1430783,0.3672066,-0.5084834,-0.3963054,0.0000000,0.0000000,0.0000000,0.0590804,0.0000000,0.0000000,0.0000000,0.0000000,0.0564695,0.0000000
-0.0413571,0.0697220,-0.1573113,0.0000000,0.0000000,0.0000000,1.0000000,0.0024927,0.0089733,-0.1405473,0.3691846,-0.4993145,-0.3995603,-0.0024308,-0.0090379,-0.1418908,0.3654260,-0.5050476,-0.3942890,0.0000000,0.0000000,0.0000000,0.0590804,0.0000000,0.0000000,0.0000000,0.0000000,0.0564695,0.0000000
-0.0413571,0.0697220,-0.1569394,0.0000000,0.0000000,0.0000000,1.0000000,0.0024792,0.0087602,-0.1393461,0.3673512,-0.4958690,-0.3975023,-0.0024189,-0.0088246,-0.1406891,0.3636251,-0.5015690,-0.3922468,0.0000000,0.0000000,0.0000000,0.0590804,0.0000000,0.0000000,0.0000000,0.0000000,0.0564695,0.0000000
-0.0413571,0.0697220,-0.1565661,0.0000000,0.0000000,0.0000000,1.0000000,0.0024657,0.0085447,-0.1381317,0.3654984,-0.4923836,-0.3954200,-0.0024071,-0.0086090,-0.1394743,0.3617978,-0.4980502,-0.3901806,0.0000000,0.0000000,0.0000000,0.0590804,0.0000000,0.0000000,0.0000000,0.0000000,0.0564695,0.0000000
-0.0413571,0.0697220,-0.1561919,0.0000000,0.0000000,0.0000000,1.0000000,0.0024524,0.0083271,-0.1369052,0.3636278,-0.4888609,-0.3933148,-0.0023955,-0.0083912,-0.1382473,0.3599454,-0.4944941,-0.3880917,0.0000000,0.0000000,0.0000000,0.0590804,0.0000000,0.0000000,0.0000000,0.0000000,0.0564695,0.0000000
-0.0413571,0.0697220,-0.1558171,0.0000000,0.0000000,0.0000000,1.0000000,0.0024393,0.0081075,-0.1356674,0.3617344,-0.4853527,-0.3911889,-0.0023841,-0.0081715,-0.1370091,0.3580769,-0.4909034,-0.3859820,0.0000000,0.0000000,0.0000000,0.0590804,0.0000000,0.0000000,0.0000000,0.0000000,0.0564695,0.0000000
-0.0413571,0.0697220,-0.1554421,0.0000000,0.0000000,0.0000000,1.0000000,0.0024263,0.0078860,-0.1344195,0.3598168,-0.4819960,-0.3890475,-0.0023728,-0.0079499,-0.1357607,0.3561938,-0.4872809,-0.3838529,0.0000000,0.0000000,0.0000000,0.0590804,0.0000000,0.0000000,0.0000000,0.0000000,0.0564695,0.0000000
-0.0413571,0.0697220,-0.1550673,0.0000000,0.0000000,0.0000000,1.0000000,0.0024135,0.0076629,-0.1331625,0.3578861,-0.4786145,-0.3868899,-0.0023617,-0.0077267,-0.1345032,0.3542978,-0.4837849,-0.3817085,0.0000000,0.0000000,0.0000000,0.0590804,0.0000000,0.0000000,0.0000000,0.0000000,0.0564695,0.0000000
-0.0413571,0.0697220,-0.1546931,0.0000000,0.0000000,0.0000000,1.0000000,0.0024010,0.0074384,-0.1318976,0.3559439,-0.4752094,-0.3847168,-0.0023509,-0.0075020,-0.1332378,0.3523773,-0.4803416,-0.3795494,0.0000000,0.0000000,0.0000000,0.0590804,0.0000000,0.0000000,0.0000000,0.0000000,0.0564695,0.0000000
-0.0413571,0.0697220,-0.1543198,0.0000000,0.0000000,0.0000000,1.0000000,0.0023886,0.0072127,-0.1306257,0.3539919,-0.4717837,-0.3825301,-0.0023403,-0.0072761,-0.1319655,0.3504441,-0.4768774,-0.3773767,0.0000000,0.0000000,0.0000000,0.0590804,0.0000000,0.0000000,0.0000000,0.0000000,0.0564695,0.0000000
-0.0413571,0.0697220,-0.1539479,0.0000000,0.0000000,0.0000000,1.0000000,0.0023765,0.0069859,-0.1293482,0.3520180,-0.4683404,-0.3803316,-0.0023299,-0.0070492,-0.1306874,0.3485030,-0.4733953,-0.3751922,0.0000000,0.0000000,0.0000000,0.0590804,0.0000000,0.0000000,0.0000000,0.0000000,0.0564695,0.0000000
-0.0413571,0.0697220,-0.1535777,0.0000000,0.0000000,0.0000000,1.0000000,0.0023646,0.0067583,-0.1280661,0.3500360,-0.4648828,-0.3781235,-0.0023198,-0.0068214,-0.1294049,0.3465559,-0.4699015,-0.3729994,0.0000000,0.0000000,0.0000000,0.0590804,0.0000000,0.0000000,0.0000000,0.0000000,0.0564695,0.0000000
-0.0413571,0.0697220,-0.1532096,0.0000000,0.0000000,0.0000000,1.0000000,0.0023530,0.0065301,-0.1267807,0.3480497,-0.4614140,-0.3759077,-0.0023099,-0.0065931,-0.1281191,0.3445996,-0.4664005,-0.3708010,0.0000000,0.0000000,0.0000000,0.0590804,0.0000000,0.0000000,0.0000000,0.0000000,0.0564695,0.0000000
-0.0413571,0.0697220,-0.1528440,0.0000000,0.0000000,0.0000000,1.0000000,0.0023417,0.0063015,-0.1254933,0.3460611,-0.4579373,-0.3736865,-0.0023004,-0.0063644,-0.1268312,0.3426290,-0.4628919,-0.3685972,0.0000000,0.0000000,0.0000000,0.0590804,0.0000000,0.0000000,0.0000000,0.0000000,0.0564695,0.0000000
-0.0413571,0.0697220,-0.1524812,0.0000000,0.0000000,0.0000000,1.0000000,0.0023306,0.0060728,-0.1242052,0.3440644,-0.4544562,-0.3714618,-0.0022911,-0.0061355,-0.1255426,0.3406580,-0.4593789,-0.3663901,0.0000000,0.0000000,0.0000000,0.0590804,0.0000000,0.0000000,0.0000000,0.0000000,0.0564695,0.0000000
-0.0413571,0.0697220,-0.1521216,0.0000000,0.0000000,0.0000000,1.0000000,0.0023199,0.0058442,-0.1229175,0.3420605,-0.4509742,-0.3692361,-0.0022821,-0.0059067,-0.1242545,0.3386887,-0.4558651,-0.3641820,0.0000000,0.0000000,0.0000000,0.0590804,0.0000000,0.0000000,0.0000000,0.0000000,0.0564695,0.0000000
-0.0413571,0.0697220,-0.1517656,0.0000000,0.0000000,0.0000000,1.0000000,0.0023095,0.0056158,-0.1216317,0.3400603,-0.4474949,-0.3670116,-0.0022734,-0.0056783,-0.1229682,0.3367230,-0.4523542,-0.3619750,0.0000000,0.0000000,0.0000000,0.0590804,0.0000000,0.0000000,0.0000000,0.0000000,0.0564695,0.0000000
-0.0413571,0.0697220,-0.1514134,0.0000000,0.0000000,0.0000000,1.0000000,0.0022994,0.0053881,-0.1203492,0.3380659,-0.4440218,-0.3647905,-0.0022651,-0.0054504,-0.1216852,0.3347488,-0.4488498,-0.3597716,0.0000000,0.0000000,0.0000000,0.0590804,0.0000000,0.0000000,0.0000000,0.0000000,0.0564695,0.0000000
-0.0413571,0.0697220,-0.1510656,0.0000000,0.0000000,0.0000000,1.0000000,0.0022896,0.0051611,-0.1190712,0.3360780,-0.4405588,-0.3625754,-0.0022571,-0.0052233,-0.1204068,0.3327800,-0.4453557,-0.3575741,0.0000000,0.0000000,0.0000000,0.0590804,0.0000000,0.0000000,0.0000000,0.0000000,0.0564695,0.0000000
-0.0413571,0.0697220,-0.1507224,0.0000000,0.0000000,0.0000000,1.0000000,0.0022802,0.0049352,-0.1177993,0.3340851,-0.4371757,-0.3603695,-0.0022494,-0.0049972,-0.1191344,0.3308212,-0.4418757,-0.3553849,0.0000000,0.0000000,0.0000000,0.0590804,0.0000000,0.0000000,0.0000000,0.0000000,0.0564695,0.0000000
-0.0413571,0.0697220,-0.1503841,0.0000000,0.0000000,0.0000000,1.0000000,0.0022711,0.0047106,-0.1165347,0.3321047,-0.4339357,-0.3581762,-0.0022420,-0.0047725,-0.1178694,0.3288746,-0.4384137,-0.3532065,0.0000000,0.0000000,0.0000000,0.0590804,0.0000000,0.0000000,0.0000000,0.0000000,0.0564695,0.0000000
-0.0413571,0.0697220,-0.1500510,0.0000000,0.0000000,0.0000000,1.0000000,0.0022623,0.0044876,-0.1152791,0.3301388,-0.4307163,-0.3559963,-0.0022350,-0.0045493,-0.1166133,0.3269358,-0.4351587,-0.3510446,0.0000000,0.0000000,0.0000000,0.0590804,0.0000000,0.0000000,0.0000000,0.0000000,0.0564695,0.0000000
-0.0413571,0.0697220,-0.1497236,0.0000000,0.0000000,0.0000000,1.0000000,0.0022539,0.0042664,-0.1140337,0.3281899,-0.4275212,-0.3538325,-0.0022283,-0.0043280,-0.1153676,0.3250029,-0.4319349,-0.3488988,0.0000000,0.0000000,0.0000000,0.0590804,0.0000000,0.0000000,0.0000000,0.0000000,0.0564695,0.0000000
-0.0413571,0.0697220,-0.1494020,0.0000000,0.0000000,0.0000000,1.0000000,0.0022459,0.0040473,-0.1128002,0.3262493,-0.4243543,-0.3516873,-0.0022220,-0.0041088,-0.1141336,0.3230890,-0.4287397,-0.3467714,0.0000000,0.0000000,0.0000000,0.0590804,0.0000000,0.0000000,0.0000000,0.0000000,0.0564695,0.0000000
-0.0413571,0.0697220,-0.1490867,0.0000000,0.0000000,0.0000000,1.0000000,0.0022382,0.0038305,-0.1115799,0.3243242,-0.4212194,-0.3495633,-0.0022160,-0.0038919,-0.1129129,0.3211964,-0.4255767,-0.3446652,0.0000000,0.0000000,0.0000000,0.0590804,0.0000000,0.0000000,0.0000000,0.0000000,0.0564695,0.0000000
-0.0413571,0.0697220,-0.1487778,0.0000000,0.0000000,0.0000000,1.0000000,0.0022309,0.0036164,-0.1103744,0.3224232,-0.4181204,-0.3474631,-0.0022103,-0.0036776,-0.1117070,0.3193273,-0.4224501,-0.3425826,0.0000000,0.0000000,0.0000000,0.0590804,0.0000000,0.0000000,0.0000000,0.0000000,0.0564695,0.0000000
-0.0413571,0.0697220,-0.1484757,0.0000000,0.0000000,0.0000000,1.0000000,0.0022239,0.0034051,-0.1091852,0.3205484,-0.4150612,-0.3453895,-0.0022049,-0.0034662,-0.1105174,0.3174710,-0.4193636,-0.3405263,0.0000000,0.0000000,0.0000000,0.0590804,0.0000000,0.0000000,0.0000000,0.0000000,0.0564695,0.0000000
-0.0413571,0.0697220,-0.1481806,0.0000000,0.0000000,0.0000000,1.0000000,0.0022172,0.0031970,-0.1080137,0.3187017,-0.4120456,-0.3433451,-0.0021999,-0.0032579,-0.1093455,0.3156393,-0.4163213,-0.3384989,0.0000000,0.0000000,0.0000000,0.0590804,0.0000000,0.0000000,0.0000000,0.0000000,0.0564695,0.0000000
-0.0413571,0.0697220,-0.1478927,0.0000000,0.0000000,0.0000000,1.0000000,0.0022110,0.0029923,-0.1068614,0.3168706,-0.4090808,-0.3413316,-0.0021952,-0.0030531,-0.1081928,0.3138383,-0.4133270,-0.3365032,0.0000000,0.0000000,0.0000000,0.0590804,0.0000000,0.0000000,0.0000000,0.0000000,0.0564695,0.0000000
-0.0413571,0.0697220,-0.1476124,0.0000000,0.0000000,0.0000000,1.0000000,0.0022050,0.0027912,-0.1057298,0.3150729,-0.4061689,-0.3393523,-0.0021908,-0.0028519,-0.1070609,0.3120702,-0.4103846,-0.3345416,0.0000000,0.0000000,0.0000000,0.0590804,0.0000000,0.0000000,0.0000000,0.0000000,0.0564695,0.0000000
-0.0413571,0.0697220,-0.1473399,0.0000000,0.0000000,0.0000000,1.0000000,0.0021994,0.0025941,-0.1046204,0.3133110,-0.4033123,-0.3374103,-0.0021868,-0.0026547,-0.1059511,0.3103372,-0.4074981,-0.3326169,0.0000000,0.0000000,0.0000000,0.0590804,0.0000000,0.0000000,0.0000000,0.0000000,0.0564695,0.0000000
-0.0413571,0.0697220,-0.1470753,0.0000000,0.0000000,0.0000000,1.0000000,0.0021942,0.0024012,-0.1035346,0.3115871,-0.4005147,-0.3355081,-0.0021830,-0.0024616,-0.1048649,0.3086281,-0.4046712,-0.3307316,0.0000000,0.0000000,0.0000000,0.0590804,0.0000000,0.0000000,0.0000000,0.0000000,0.0564695,0.0000000
-0.0413571,0.0697220,-0.1468189,0.0000000,0.0000000,0.0000000,1.0000000,0.0021892,0.0022127,-0.1024739,0.3099025,-0.3977800,-0.3336483,-0.0021795,-0.0022730,-0.1038038,0.3069573,-0.4019079,-0.3288882,0.0000000,0.0000000,0.0000000,0.0590804,0.0000000,0.0000000,0.0000000,0.0000000,0.0564695,0.0000000
-0.0413571,0.0697220,-0.1465708,0.0000000,0.0000000,0.0000000,1.0000000,0.0021846,0.0020289,-0.1014395,0.3082469,-0.3951118,-0.3318335,-0.0021763,-0.0020891,-0.1027691,0.3053285,-0.3992116,-0.3270893,0.0000000,0.0000000,0.0000000,0.0590804,0.0000000,0.0000000,0.0000000,0.0000000,0.0564695,0.0000000
-0.0413571,0.0697220,-0.1463312,0.0000000,0.0000000,0.0000000,1.0000000,0.0021803,0.0018500,-0.1004329,0.3066361,-0.3925136,-0.3300660,-0.0021734,-0.0019101,-0.1017621,0.3037439,-0.3965885,-0.3253367,0.0000000,0.0000000,0.0000000,0.0590804,0.0000000,0.0000000,0.0000000,0.0000000,0.0564695,0.0000000
-0.0413571,0.0697220,-0.1461003,0.0000000,0.0000000,0.0000000,1.0000000,0.0021763,0.0016763,-0.0994553,0.3050722,-0.3900148,-0.3283487,-0.0021707,-0.0017363,-0.1007842,0.3022054,-0.3940423,-0.3236328,0.0000000,0.0000000,0.0000000,0.0590804,0.0000000,0.0000000,0.0000000,0.0000000,0.0564695,0.0000000
-0.0413571,0.0697220,-0.1458782,0.0000000,0.0000000,0.0000000,1.0000000,0.0021726,0.0015080,-0.0985080,0.3035572,-0.3876865,-0.3266847,-0.0021683,-0.0015679,-0.0998366,0.3007088,-0.3915738,-0.3219805,0.0000000,0.0000000,0.0000000,0.0590804,0.0000000,0.0000000,0.0000000,0.0000000,0.0564695,0.0000000
-0.0413571,0.0697220,-0.1456650,0.0000000,0.0000000,0.0000000,1.0000000,0.0021691,0.0013453,-0.0975922,0.3020928,-0.3854345,-0.3250750,-0.0021661,-0.0014050,-0.0989205,0.2992556,-0.3892510,-0.3203834,0.0000000,0.0000000,0.0000000,0.0590804,0.0000000,0.0000000,0.0000000,0.0000000,0.0564695,0.0000000
-0.0413571,0.0697220,-0.1454609,0.0000000,0.0000000,0.0000000,1.0000000,0.0021659,0.0011883,-0.0967089,0.3006757,-0.3832615,-0.3235216,-0.0021642,-0.0012480,-0.0980370,0.2978544,-0.3870595,-0.3188432,0.0000000,0.0000000,0.0000000,0.0590804,0.0000000,0.0000000,0.0000000,0.0000000,0.0564695,0.0000000
-0.0413571,0.0697220,-0.1452658,0.0000000,0.0000000,0.0000000,1.0000000,0.0021630,0.0010373,-0.0958594,0.2993057,-0.3811703,-0.3220264,-0.0021624,-0.0010969,-0.0971872,0.2965069,-0.3849505,-0.3173607,0.0000000,0.0000000,0.0000000,0.0590804,0.0000000,0.0000000,0.0000000,0.0000000,0.0564695,0.0000000
-0.0413571,0.0697220,-0.1450799,0.0000000,0.0000000,0.0000000,1.0000000,0.0021603,0.0008925,-0.0950444,0.2979918,-0.3791633,-0.3205913,-0.0021608,-0.0009520,-0.0963719,0.2952145,-0.3829264,-0.3159377,0.0000000,0.0000000,0.0000000,0.0590804,0.0000000,0.0000000,0.0000000,0.0000000,0.0564695,0.0000000
-0.0413571,0.0697220,-0.1449033,0.0000000,0.0000000,0.0000000,1.0000000,0.0021579,0.0007540,-0.0942649,0.2967354,-0.3772428,-0.3192179,-0.0021595,-0.0008134,-0.0955922,0.2939786,-0.3809896,-0.3145759,0.0000000,0.0000000,0.0000000,0.0590804,0.0000000,0.0000000,0.0000000,0.0000000,0.0564695,0.0000000
-0.0413571,0.0697220,-0.1447358,0.0000000,0.0000000,0.0000000,1.0000000,0.0021556,0.0006219,-0.0935216,0.2955375,-0.3754107,-0.3179076,-0.0021582,-0.0006812,-0.0948486,0.2928004,-0.3791421,-0.3132768,0.0000000,0.0000000,0.0000000,0.0590804,0.0000000,0.0000000,0.0000000,0.0000000,0.0564695,0.0000000
-0.0413571,0.0697220,-0.1445776,0.0000000,0.0000000,0.0000000,1.0000000,0.0021536,0.0004964,-0.0928152,0.2943993,-0.3736688,-0.3166617,-0.0021572,-0.0005556,-0.0941420,0.2916717,-0.3773855,-0.3120414,0.0000000,0.0000000,0.0000000,0.0590804,0.0000000,0.0000000,0.0000000,0.0000000,0.0564695,0.0000000
-0.0413571,0.0697220,-0.1444286,0.0000000,0.0000000,0.0000000,1.0000000,0.0021517,0.0003775,-0.0921462,0.2933217,-0.3720187,-0.3154812,-0.0021562,-0.0004367,-0.0934729,0.2906019,-0.3757214,-0.3108710,0.0000000,0.0000000,0.0000000,0.0590804,0.0000000,0.0000000,0.0000000,0.0000000,0.0564695,0.0000000
-0.0413571,0.0697220,-0.1442888,0.0000000,0.0000000,0.0000000,1.0000000,0.0021500,0.0002653,-0.0915152,0.2923033,-0.3704613,-0.3143671,-0.0021554,-0.0003244,-0.0928416,0.2895927,-0.3741509,-0.3097663,0.0000000,0.0000000,0.0000000,0.0590804,0.0000000,0.0000000,0.0000000,0.0000000,0.0564695,0.0000000
-0.0413571,0.0697220,-0.1441581,0.0000000,0.0000000,0.0000000,1.0000000,0.0021485,0.0001600,-0.0909223,0.2913403,-0.3689976,-0.3133198,-0.0021547,-0.0002190,-0.0922485,0.2886448,-0.3726749,-0.3087279,0.0000000,0.0000000,0.0000000,0.0590804,0.0000000,0.0000000,0.0000000,0.0000000,0.0564695,0.0000000
-0.0413571,0.0697220,-0.1440364,0.0000000,0.0000000,0.0000000,1.0000000,0.0021472,0.0000614,-0.0903677,0.2904396,-0.3676280,-0.3123399,-0.0021542,-0.0001204,-0.0916937,0.2877582,-0.3712938,-0.3077563,0.0000000,0.0000000,0.0000000,0.0590804,0.0000000,0.0000000,0.0000000,0.0000000,0.0564695,0.0000000
-0.0413571,0.0697220,-0.1439236,0.0000000,0.0000000,0.0000000,1.0000000,0.0021460,-0.0000303,-0.0898514,0.2896013,-0.3663527,-0.3114272,-0.0021537,-0.0000286,-0.0911773,0.2869330,-0.3700078,-0.3068514,0.0000000,0.0000000,0.0000000,0.0590804,0.0000000,0.0000000,0.0000000,0.0000000,0.0564695,0.0000000
-0.0413571,0.0697220,-0.1438195,0.0000000,0.0000000,0.0000000,1.0000000,0.0021449,-0.0001153,-0.0893733,0.2888252,-0.3651714,-0.3105818,-0.0021532,0.0000564,-0.0906991,0.2861689,-0.3688165,-0.3060132,0.0000000,0.0000000,0.0000000,0.0590804,0.0000000,0.0000000,0.0000000,0.0000000,0.0564695,0.0000000
-0.0413571,0.0697220,-0.1437241,0.0000000,0.0000000,0.0000000,1.0000000,0.0021439,-0.0001935,-0.0889331,0.2881106,-0.3640834,-0.3098032,-0.0021529,0.0001347,-0.0902588,0.2854655,-0.3677195,-0.3052412,0.0000000,0.0000000,0.0000000,0.0590804,0.0000000,0.0000000,0.0000000,0.0000000,0.0564695,0.0000000
-0.0413571,0.0697220,-0.1436371,0.0000000,0.0000000,0.0000000,1.0000000,0.0021431,-0.0002651,-0.0885304,0.2874569,-0.3630878,-0.3090906,-0.0021526,0.0002063,-0.0898559,0.2848220,-0.3667155,-0.3045346,0.0000000,0.0000000,0.0000000,0.0590804,0.0000000,0.0000000,0.0000000,0.0000000,0.0564695,0.0000000
-0.0413571,0.0697220,-0.1435584,0.0000000,0.0000000,0.0000000,1.0000000,0.0021424,-0.0003301,-0.0881645,0.2868630,-0.3621830,-0.3084430,-0.0021524,0.0002714,-0.0894900,0.2842374,-0.3658032,-0.3038925,0.0000000,0.0000000,0.0000000,0.0590804,0.0000000,0.0000000,0.0000000,0.0000000,0.0564695,0.0000000
-0.0413571,0.0697220,-0.1434876,0.0000000,0.0000000,0.0000000,1.0000000,0.0021417,-0.0003887,-0.0878347,0.2863278,-0.3613672,-0.3078591,-0.0021522,0.0003300,-0.0891600,0.2837086,-0.3649806,-0.3033136,0.0000000,0.0000000,0.0000000,0.0590804,0.0000000,0.0000000,0.0000000,0.0000000,0.0564695,0.0000000
-0.0413571,0.0697220,-0.1434245,0.0000000,0.0000000,0.0000000,1.0000000,0.0021411,-0.0004411,-0.0875400,0.2858495,-0.3606382,-0.3073372,-0.0021520,0.0003825,-0.0888652,0.2832333,-0.3642454,-0.3027961,0.0000000,0.0000000,0.0000000,0.0590804,0.0000000,0.0000000,0.0000000,0.0000000,0.0564695,0.0000000
-0.0413571,0.0697220,-0.1433688,0.0000000,0.0000000,0.0000000,1.0000000,0.0021407,-0.0004874,-0.0872793,0.2854264,-0.3599931,-0.3068754,-0.0021519,0.0004288,-0.0886044,0.2828129,-0.3635949,-0.3023382,0.0000000,0.0000000,0.0000000,0.0590804,0.0000000,0.0000000,0.0000000,0.0000000,0.0564695,0.0000000
-0.0413571,0.0697220,-0.1433201,0.0000000,0.0000000,0.0000000,1.0000000,0.0021402,-0.0005280,-0.0870513,0.2850564,-0.3594288,-0.3064714,-0.0021518,0.0004694,-0.0883763,0.2824452,-0.3630259,-0.3019377,0.0000000,0.0000000,0.0000000,0.0590804,0.0000000,0.0000000,0.0000000,0.0000000,0.0564695,0.0000000
-0.0413571,0.0697220,-0.1432783,0.0000000,0.0000000,0.0000000,1.0000000,0.0021399,-0.0005629,-0.0868544,0.2847371,-0.3589416,-0.3061227,-0.0021517,0.0005044,-0.0881794,0.2821278,-0.3625347,-0.3015919,0.0000000,0.0000000,0.0000000,0.0590804,0.0000000,0.0000000,0.0000000,0.0000000,0.0564695,0.0000000
-0.0413571,0.0697220,-0.1432427,0.0000000,0.0000000,0.0000000,1.0000000,0.0021396,-0.0005927,-0.0866872,0.2844657,-0.3585276,-0.3058263,-0.0021517,0.0005341,-0.0880121,0.2818581,-0.3621173,-0.3012980,0.0000000,0.0000000,0.0000000,0.0590804,0.0000000,0.0000000,0.0000000,0.0000000,0.0564695,0.0000000
-0.0413571,0.0697220,-0.1432131,0.0000000,0.0000000,0.0000000,1.0000000,0.0021394,-0.0006175,-0.0865476,0.2842393,-0.3581822,-0.3055790,-0.0021516,0.0005589,-0.0878726,0.2816332,-0.3617690,-0.3010529,0.0000000,0.0000000,0.0000000,0.0590804,0.0000000,0.0000000,0.0000000,0.0000000,0.0564695,0.0000000
-0.0413571,0.0697220,-0.1431890,0.0000000,0.0000000,0.0000000,1.0000000,0.0021392,-0.0006377,-0.0864339,0.2840547,-0.3579006,-0.3053773,-0.0021516,0.0005792,-0.0877587,0.2814498,-0.3614850,-0.3008529,0.0000000,0.0000000,0.0000000,0.0590804,0.0000000,0.0000000,0.0000000,0.0000000,0.0564695,0.0000000
-0.0413571,0.0697220,-0.1431699,0.0000000,0.0000000,0.0000000,1.0000000,0.0021390,-0.0006537,-0.0863437,0.2839084,-0.3576772,-0.3052174,-0.0021515,0.0005952,-0.0876685,0.2813043,-0.3612598,-0.3006944,0.0000000,0.0000000,0.0000000,0.0590804,0.0000000,0.0000000,0.0000000,0.0000000,0.0564695,0.0000000
-0.0413571,0.0697220,-0.1431553,0.0000000,0.0000000,0.0000000,1.0000000,0.0021389,-0.0006660,-0.0862747,0.2837964,-0.3575064,-0.3050951,-0.0021515,0.0006075,-0.0875995,0.2811931,-0.3610875,-0.3005731,0.0000000,0.0000000,0.0000000,0.0590804,0.0000000,0.0000000,0.0000000,0.0000000,0.0564695,0.0000000
-0.0413571,0.0697220,-0.1431446,0.0000000,0.0000000,0.0000000,1.0000000,0.0021388,-0.0006749,-0.0862244,0.2837141,-0.3573818,-0.3050059,-0.0021515,0.0006164,-0.0875492,0.2811120,-0.3609619,-0.3004847,0.0000000,0.0000000,0.0000000,0.0590804,0.0000000,0.0000000,0.0000000,0.0000000,0.0564695,0.0000000
-0.0413571,0.0697220,-0.1431374,0.0000000,0.0000000,0.0000000,1.0000000,0.0021388,-0.0006810,-0.0861901,0.2836580,-0.3572969,-0.3049451,-0.0021515,0.0006225,-0.0875149,0.2810567,-0.3608763,-0.3004244,0.0000000,0.0000000,0.0000000,0.0590804,0.0000000,0.0000000,0.0000000,0.0000000,0.0564695,0.0000000
-0.0413571,0.0697220,-0.1431329,0.0000000,0.0000000,0.0000000,1.0000000,0.0021387,-0.0006848,-0.0861689,0.2836233,-0.3572446,-0.3049077,-0.0021515,0.0006263,-0.0874937,0.2810226,-0.3608235,-0.3003872,0.0000000,0.0000000,0.0000000,0.0590804,0.0000000,0.0000000,0.0000000,0.0000000,0.0564695,0.0000000
-0.0413571,0.0697220,-0.1431306,0.0000000,0.0000000,0.0000000,1.0000000,0.0021387,-0.0006867,-0.0861579,0.2836053,-0.3572172,-0.3048881,-0.0021515,0.0006282,-0.0874827,0.2810048,-0.3607960,-0.3003678,0.0000000,0.0000000,0.0000000,0.0590804,0.0000000,0.0000000,0.0000000,0.0000000,0.0564695,0.0000000
-0.0413571,0.0697220,-0.1431297,0.0000000,0.0000000,0.0000000,1.0000000,0.0021387,-0.0006875,-0.0861538,0.2835985,-0.3572070,-0.3048808,-0.0021515,0.0006290,-0.0874785,0.2809982,-0.3607857,-0.3003606,0.0000000,0.0000000,0.0000000,0.0590804,0.0000000,0.0000000,0.0000000,0.0000000,0.0564695,0.0000000
-0.0413571,0.0697220,-0.1431296,0.0000000,0.0000000,0.0000000,1.0000000,0.0021387,-0.0006876,-0.0861532,0.2835975,-0.3572055,-0.3048797,-0.0021515,0.0006291,-0.0874779,0.2809972,-0.3607842,-0.3003595,0.0000000,0.0000000,0.0000000,0.0590804,0.0000000,0.0000000,0.0000000,0.0000000,0.0564695,0.0000000
-0.0413571,0.0697220,-0.1431296,0.0000000,0.0000000,0.0000000,1.0000000,0.0021387,-0.0006876,-0.0861532,0.2835975,-0.3572055,-0.3048797,-0.0021515,0.0006291,-0.0874779,0.2809972,-0.3607842,-0.3003595,0.0000000,0.0000000,0.0000000,0.0590804,0.0000000,0.0000000,0.0000000,0.0000000,0.0564695,0.0000000
-0.0413571,0.0697220,-0.1431296,0.0000000,0.0000000,0.0000000,1.0000000,0.0021387,-0.0006876,-0.0861532,0.2835975,-0.3572055,-0.3048797,-0.0021515,0.0006291,-0.0874779,0.2809972,-0.3607842,-0.3003595,0.0000000,0.0000000,0.0000000,0.0590804,0.0000000,0.0000000,0.0000000,0.0000000,0.0564695,0.0000000
-0.0413571,0.0697220,-0.1431296,0.0000000,0.0000000,0.0000000,1.0000000,0.0021387,-0.0006876,-0.0861532,0.2835975,-0.3572055,-0.3048797,-0.0021515,0.0006291,-0.0874779,0.2809972,-0.3607842,-0.3003595,0.0000000,0.0000000,0.0000000,0.0590804,0.0000000,0.0000000,0.0000000,0.0000000,0.0564695,0.0000000
-0.0413571,0.0697220,-0.1431296,0.0000000,0.0000000,0.0000000,1.0000000,0.0021387,-0.0006876,-0.0861532,0.2835975,-0.3572055,-0.3048797,-0.0021515,0.0006291,-0.0874779,0.2809972,-0.3607842,-0.3003595,0.0000000,0.0000000,0.0000000,0.0590804,0.0000000,0.0000000,0.0000000,0.0000000,0.0564695,0.0000000
-0.0413571,0.0697220,-0.1431296,0.0000000,0.0000000,0.0000000,1.0000000,0.0021387,-0.0006876,-0.0861532,0.2835975,-0.3572055,-0.3048797,-0.0021515,0.0006291,-0.0874779,0.2809972,-0.3607842,-0.3003595,0.0000000,0.0000000,0.0000000,0.0590804,0.0000000,0.0000000,0.0000000,0.0000000,0.0564695,0.0000000
-0.0413571,0.0697220,-0.1431296,0.0000000,0.0000000,0.0000000,1.0000000,0.0021387,-0.0006876,-0.0861532,0.2835975,-0.3572055,-0.3048797,-0.0021515,0.0006291,-0.0874779,0.2809972,-0.3607842,-0.3003595,0.0000000,0.0000000,0.0000000,0.0590804,0.0000000,0.0000000,0.0000000,0.0000000,0.0564695,0.0000000
-0.0413571,0.0697220,-0.1431296,0.0000000,0.0000000,0.0000000,1.0000000,0.0021387,-0.0006876,-0.0861532,0.2835975,-0.3572055,-0.3048797,-0.0021515,0.0006291,-0.0874779,0.2809972,-0.3607842,-0.3003595,0.0000000,0.0000000,0.0000000,0.0590804,0.0000000,0.0000000,0.0000000,0.0000000,0.0564695,0.0000000
-0.0413571,0.0697220,-0.1431296,0.0000000,0.0000000,0.0000000,1.0000000,0.0021387,-0.0006876,-0.0861532,0.2835975,-0.3572055,-0.3048797,-0.0021515,0.0006291,-0.0874779,0.2809972,-0.3607842,-0.3003595,0.0000000,0.0000000,0.0000000,0.0590804,0.0000000,0.0000000,0.0000000,0.0000000,0.0564695,0.0000000
-0.0413571,0.0697220,-0.1431296,0.0000000,0.0000000,0.0000000,1.0000000,0.0021387,-0.0006876,-0.0861532,0.2835975,-0.3572055,-0.3048797,-0.0021515,0.0006291,-0.0874779,0.2809972,-0.3607842,-0.3003595,0.0000000,0.0000000,0.0000000,0.0590804,0.0000000,0.0000000,0.0000000,0.0000000,0.0564695,0.0000000
-0.0413571,0.0697220,-0.1431296,0.0000000,0.0000000,0.0000000,1.0000000,0.0021387,-0.0006876,-0.0861532,0.2835975,-0.3572055,-0.3048797,-0.0021515,0.0006291,-0.0874779,0.2809972,-0.3607842,-0.3003595,0.0000000,0.0000000,0.0000000,0.0590804,0.0000000,0.0000000,0.0000000,0.0000000,0.0564695,0.0000000
-0.0413571,0.0697220,-0.1431296,0.0000000,0.0000000,0.0000000,1.0000000,0.0021387,-0.0006876,-0.0861532,0.2835975,-0.3572055,-0.3048797,-0.0021515,0.0006291,-0.0874779,0.2809972,-0.3607842,-0.3003595,0.0000000,0.0000000,0.0000000,0.0590804,0.0000000,0.0000000,0.0000000,0.0000000,0.0564695,0.0000000
-0.0413571,0.0697220,-0.1431296,0.0000000,0.0000000,0.0000000,1.0000000,0.0021387,-0.0006876,-0.0861532,0.2835975,-0.3572055,-0.3048797,-0.0021515,0.0006291,-0.0874779,0.2809972,-0.3607842,-0.3003595,0.0000000,0.0000000,0.0000000,0.0590804,0.0000000,0.0000000,0.0000000,0.0000000,0.0564695,0.0000000
-0.0413571,0.0697220,-0.1431296,0.0000000,0.0000000,0.0000000,1.0000000,0.0021387,-0.0006876,-0.0861532,0.2835975,-0.3572055,-0.3048797,-0.0021515,0.0006291,-0.0874779,0.2809972,-0.3607842,-0.3003595,0.0000000,0.0000000,0.0000000,0.0590804,0.0000000,0.0000000,0.0000000,0.0000000,0.0564695,0.0000000
-0.0413571,0.0697220,-0.1431296,0.0000000,0.0000000,0.0000000,1.0000000,0.0021387,-0.0006876,-0.0861532,0.2835975,-0.3572055,-0.3048797,-0.0021515,0.0006291,-0.0874779,0.2809972,-0.3607842,-0.3003595,0.0000000,0.0000000,0.0000000,0.0590804,0.0000000,0.0000000,0.0000000,0.0000000,0.0564695,0.0000000
-0.0413571,0.0697220,-0.1431296,0.0000000,0.0000000,0.0000000,1.0000000,0.0021387,-0.0006876,-0.0861532,0.2835975,-0.3572055,-0.3048797,-0.0021515,0.0006291,-0.0874779,0.2809972,-0.3607842,-0.3003595,0.0000000,0.0000000,0.0000000,0.0590804,0.0000000,0.0000000,0.0000000,0.0000000,0.0564695,0.0000000
-0.0413571,0.0697220,-0.1431296,0.0000000,0.0000000,0.0000000,1.0000000,0.0021387,-0.0006876,-0.0861532,0.2835975,-0.3572055,-0.3048797,-0.0021515,0.0006291,-0.0874779,0.2809972,-0.3607842,-0.3003595,0.0000000,0.0000000,0.0000000,0.0590804,0.0000000,0.0000000,0.0000000,0.0000000,0.0564695,0.0000000
-0.0413571,0.0697220,-0.1431296,0.0000000,0.0000000,0.0000000,1.0000000,0.0021387,-0.0006876,-0.0861532,0.2835975,-0.3572055,-0.3048797,-0.0021515,0.0006291,-0.0874779,0.2809972,-0.3607842,-0.3003595,0.0000000,0.0000000,0.0000000,0.0590804,0.0000000,0.0000000,0.0000000,0.0000000,0.0564695,0.0000000
-0.0413571,0.0697220,-0.1431296,0.0000000,0.0000000,0.0000000,1.0000000,0.0021387,-0.0006876,-0.0861532,0.2835975,-0.3572055,-0.3048797,-0.0021515,0.0006291,-0.0874779,0.2809972,-0.3607842,-0.3003595,0.0000000,0.0000000,0.0000000,0.0590804,0.0000000,0.0000000,0.0000000,0.0000000,0.0564695,0.0000000
-0.0413571,0.0697220,-0.1431296,0.0000000,0.0000000,0.0000000,1.0000000,0.0021387,-0.0006876,-0.0861532,0.2835975,-0.3572055,-0.3048797,-0.0021515,0.0006291,-0.0874779,0.2809972,-0.3607842,-0.3003595,0.0000000,0.0000000,0.0000000,0.0590804,0.0000000,0.0000000,0.0000000,0.0000000,0.0564695,0.0000000
-0.0413571,0.0697220,-0.1431296,0.0000000,0.0000000,0.0000000,1.0000000,0.0021387,-0.0006876,-0.0861532,0.2835975,-0.3572055,-0.3048797,-0.0021515,0.0006291,-0.0874779,0.2809972,-0.3607842,-0.3003595,0.0000000,0.0000000,0.0000000,0.0590804,0.0000000,0.0000000,0.0000000,0.0000000,0.0564695,0.0000000
-0.0413571,0.0697220,-0.1431296,0.0000000,0.0000000,0.0000000,1.0000000,0.0021387,-0.0006876,-0.0861532,0.2835975,-0.3572055,-0.3048797,-0.0021515,0.0006291,-0.0874779,0.2809972,-0.3607842,-0.3003595,0.0000000,0.0000000,0.0000000,0.0590804,0.0000000,0.0000000,0.0000000,0.0000000,0.0564695,0.0000000
-0.0413571,0.0697220,-0.1431296,0.0000000,0.0000000,0.0000000,1.0000000,0.0021387,-0.0006876,-0.0861532,0.2835975,-0.3572055,-0.3048797,-0.0021515,0.0006291,-0.0874779,0.2809972,-0.3607842,-0.3003595,0.0000000,0.0000000,0.0000000,0.0590804,0.0000000,0.0000000,0.0000000,0.0000000,0.0564695,0.0000000
-0.0413571,0.0697220,-0.1431296,0.0000000,0.0000000,0.0000000,1.0000000,0.0021387,-0.0006876,-0.0861532,0.2835975,-0.3572055,-0.3048797,-0.0021515,0.0006291,-0.0874779,0.2809972,-0.3607842,-0.3003595,0.0000000,0.0000000,0.0000000,0.0590804,0.0000000,0.0000000,0.0000000,0.0000000,0.0564695,0.0000000
-0.0413571,0.0697220,-0.1431296,0.0000000,0.0000000,0.0000000,1.0000000,0.0021387,-0.0006876,-0.0861532,0.2835975,-0.3572055,-0.3048797,-0.0021515,0.0006291,-0.0874779,0.2809972,-0.3607842,-0.3003595,0.0000000,0.0000000,0.0000000,0.0590804,0.0000000,0.0000000,0.0000000,0.0000000,0.0564695,0.0000000
-0.0413571,0.0697220,-0.1431296,0.0000000,0.0000000,0.0000000,1.0000000,0.0021387,-0.0006876,-0.0861532,0.2835975,-0.3572055,-0.3048797,-0.0021515,0.0006291,-0.0874779,0.2809972,-0.3607842,-0.3003595,0.0000000,0.0000000,0.0000000,0.0590804,0.0000000,0.0000000,0.0000000,0.0000000,0.0564695,0.0000000
-0.0413571,0.0697220,-0.1431296,0.0000000,0.0000000,0.0000000,1.0000000,0.0021387,-0.0006876,-0.0861532,0.2835975,-0.3572055,-0.3048797,-0.0021515,0.0006291,-0.0874779,0.2809972,-0.3607842,-0.3003595,0.0000000,0.0000000,0.0000000,0.0590804,0.0000000,0.0000000,0.0000000,0.0000000,0.0564695,0.0000000
-0.0413571,0.0697220,-0.1431296,0.0000000,0.0000000,0.0000000,1.0000000,0.0021387,-0.0006876,-0.0861532,0.2835975,-0.3572055,-0.3048797,-0.0021515,0.0006291,-0.0874779,0.2809972,-0.3607842,-0.3003595,0.0000000,0.0000000,0.0000000,0.0590804,0.0000000,0.0000000,0.0000000,0.0000000,0.0564695,0.0000000
-0.0413571,0.0697220,-0.1431296,0.0000000,0.0000000,0.0000000,1.0000000,0.0021387,-0.0006876,-0.0861532,0.2835975,-0.3572055,-0.3048797,-0.0021515,0.0006291,-0.0874779,0.2809972,-0.3607842,-0.3003595,0.0000000,0.0000000,0.0000000,0.0590804,0.0000000,0.0000000,0.0000000,0.0000000,0.0564695,0.0000000
-0.0413571,0.0697220,-0.1431296,0.0000000,0.0000000,0.0000000,1.0000000,0.0021387,-0.0006876,-0.0861532,0.2835975,-0.3572055,-0.3048797,-0.0021515,0.0006291,-0.0874779,0.2809972,-0.3607842,-0.3003595,0.0000000,0.0000000,0.0000000,0.0590804,0.0000000,0.0000000,0.0000000,0.0000000,0.0564695,0.0000000
-0.0413571,0.0697220,-0.1431296,0.0000000,0.0000000,0.0000000,1.0000000,0.0021387,-0.0006876,-0.0861532,0.2835975,-0.3572055,-0.3048797,-0.0021515,0.0006291,-0.0874779,0.2809972,-0.3607842,-0.3003595,0.0000000,0.0000000,0.0000000,0.0590804,0.0000000,0.0000000,0.0000000,0.0000000,0.0564695,0.0000000
-0.0413571,0.0697220,-0.1431296,0.0000000,0.0000000,0.0000000,1.0000000,0.0021387,-0.0006876,-0.0861532,0.2835975,-0.3572055,-0.3048797,-0.0021515,0.0006291,-0.0874779,0.2809972,-0.3607842,-0.3003595,0.0000000,0.0000000,0.0000000,0.0590804,0.0000000,0.0000000,0.0000000,0.0000000,0.0564695,0.0000000
-0.0413571,0.0697220,-0.1431296,0.0000000,0.0000000,0.0000000,1.0000000,0.0021387,-0.0006876,-0.0861532,0.2835975,-0.3572055,-0.3048797,-0.0021515,0.0006291,-0.0874779,0.2809972,-0.3607842,-0.3003595,0.0000000,0.0000000,0.0000000,0.0590804,0.0000000,0.0000000,0.0000000,0.0000000,0.0564695,0.0000000
-0.0413571,0.0697220,-0.1431296,0.0000000,0.0000000,0.0000000,1.0000000,0.0021387,-0.0006876,-0.0861532,0.2835975,-0.3572055,-0.3048797,-0.0021515,0.0006291,-0.0874779,0.2809972,-0.3607842,-0.3003595,0.0000000,0.0000000,0.0000000,0.0590804,0.0000000,0.0000000,0.0000000,0.0000000,0.0564695,0.0000000
-0.0413571,0.0697220,-0.1431296,0.0000000,0.0000000,0.0000000,1.0000000,0.0021387,-0.0006876,-0.0861532,0.2835975,-0.3572055,-0.3048797,-0.0021515,0.0006291,-0.0874779,0.2809972,-0.3607842,-0.3003595,0.0000000,0.0000000,0.0000000,0.0590804,0.0000000,0.0000000,0.0000000,0.0000000,0.0564695,0.0000000
-0.0413571,0.0697220,-0.1431296,0.0000000,0.0000000,0.0000000,1.0000000,0.0021387,-0.0006876,-0.0861532,0.2835975,-0.3572055,-0.3048797,-0.0021515,0.0006291,-0.0874779,0.2809972,-0.3607842,-0.3003595,0.0000000,0.0000000,0.0000000,0.0590804,0.0000000,0.0000000,0.0000000,0.0000000,0.0564695,0.0000000
-0.0413571,0.0697220,-0.1431296,0.0000000,0.0000000,0.0000000,1.0000000,0.0021387,-0.0006876,-0.0861532,0.2835975,-0.3572055,-0.3048797,-0.0021515,0.0006291,-0.0874779,0.2809972,-0.3607842,-0.3003595,0.0000000,0.0000000,0.0000000,0.0590804,0.0000000,0.0000000,0.0000000,0.0000000,0.0564695,0.0000000
-0.0413571,0.0697220,-0.1431296,0.0000000,0.0000000,0.0000000,1.0000000,0.0021387,-0.0006876,-0.0861532,0.2835975,-0.3572055,-0.3048797,-0.0021515,0.0006291,-0.0874779,0.2809972,-0.3607842,-0.3003595,0.0000000,0.0000000,0.0000000,0.0590804,0.0000000,0.0000000,0.0000000,0.0000000,0.0564695,0.0000000
-0.0413571,0.0697220,-0.1431296,0.0000000,0.0000000,0.0000000,1.0000000,0.0021387,-0.0006876,-0.0861532,0.2835975,-0.3572055,-0.3048797,-0.0021515,0.0006291,-0.0874779,0.2809972,-0.3607842,-0.3003595,0.0000000,0.0000000,0.0000000,0.0590804,0.0000000,0.0000000,0.0000000,0.0000000,0.0564695,0.0000000
-0.0413571,0.0697220,-0.1431296,0.0000000,0.0000000,0.0000000,1.0000000,0.0021387,-0.0006876,-0.0861532,0.2835975,-0.3572055,-0.3048797,-0.0021515,0.0006291,-0.0874779,0.2809972,-0.3607842,-0.3003595,0.0000000,0.0000000,0.0000000,0.0590804,0.0000000,0.0000000,0.0000000,0.0000000,0.0564695,0.0000000
-0.0413571,0.0697220,-0.1431296,0.0000000,0.0000000,0.0000000,1.0000000,0.0021387,-0.0006876,-0.0861532,0.2835975,-0.3572055,-0.3048797,-0.0021515,0.0006291,-0.0874779,0.2809972,-0.3607842,-0.3003595,0.0000000,0.0000000,0.0000000,0.0590804,0.0000000,0.0000000,0.0000000,0.0000000,0.0564695,0.0000000
-0.0413571,0.0697220,-0.1431296,0.0000000,0.0000000,0.0000000,1.0000000,0.0021387,-0.0006876,-0.0861532,0.2835975,-0.3572055,-0.3048797,-0.0021515,0.0006291,-0.0874779,0.2809972,-0.3607842,-0.3003595,0.0000000,0.0000000,0.0000000,0.0590804,0.0000000,0.0000000,0.0000000,0.0000000,0.0564695,0.0000000
-0.0413571,0.0697220,-0.1431296,0.0000000,0.0000000,0.0000000,1.0000000,0.0021387,-0.0006876,-0.0861532,0.2835975,-0.3572055,-0.3048797,-0.0021515,0.0006291,-0.0874779,0.2809972,-0.3607842,-0.3003595,0.0000000,0.0000000,0.0000000,0.0590804,0.0000000,0.0000000,0.0000000,0.0000000,0.0564695,0.0000000
-0.0413571,0.0697220,-0.1431296,0.0000000,0.0000000,0.0000000,1.0000000,0.0021387,-0.0006876,-0.0861532,0.2835975,-0.3572055,-0.3048797,-0.0021515,0.0006291,-0.0874779,0.2809972,-0.3607842,-0.3003595,0.0000000,0.0000000,0.0000000,0.0590804,0.0000000,0.0000000,0.0000000,0.0000000,0.0564695,0.0000000
-0.0413571,0.0697220,-0.1431296,0.0000000,0.0000000,0.0000000,1.0000000,0.0021387,-0.0006876,-0.0861532,0.2835975,-0.3572055,-0.3048797,-0.0021515,0.0006291,-0.0874779,0.2809972,-0.3607842,-0.3003595,0.0000000,0.0000000,0.0000000,0.0590804,0.0000000,0.0000000,0.0000000,0.0000000,0.0564695,0.0000000
-0.0413571,0.0697220,-0.1431296,0.0000000,0.0000000,0.0000000,1.0000000,0.0021387,-0.0006876,-0.0861532,0.2835975,-0.3572055,-0.3048797,-0.0021515,0.0006291,-0.0874779,0.2809972,-0.3607842,-0.3003595,0.0000000,0.0000000,0.0000000,0.0590804,0.0000000,0.0000000,0.0000000,0.0000000,0.0564695,0.0000000
-0.0413571,0.0697220,-0.1431296,0.0000000,0.0000000,0.0000000,1.0000000,0.0021387,-0.0006876,-0.0861532,0.2835975,-0.3572055,-0.3048797,-0.0021515,0.0006291,-0.0874779,0.2809972,-0.3607842,-0.3003595,0.0000000,0.0000000,0.0000000,0.0590804,0.0000000,0.0000000,0.0000000,0.0000000,0.0564695,0.0000000
-0.0413571,0.0697220,-0.1431296,0.0000000,0.0000000,0.0000000,1.0000000,0.0021387,-0.0006876,-0.0861532,0.2835975,-0.3572055,-0.3048797,-0.0021515,0.0006291,-0.0874779,0.2809972,-0.3607842,-0.3003595,0.0000000,0.0000000,0.0000000,0.0590804,0.0000000,0.0000000,0.0000000,0.0000000,0.0564695,0.0000000
-0.0413571,0.0697220,-0.1431296,0.0000000,0.0000000,0.0000000,1.0000000,0.0021387,-0.0006876,-0.0861532,0.2835975,-0.3572055,-0.3048797,-0.0021515,0.0006291,-0.0874779,0.2809972,-0.3607842,-0.3003595,0.0000000,0.0000000,0.0000000,0.0590804,0.0000000,0.0000000,0.0000000,0.0000000,0.0564695,0.0000000
-0.0413571,0.0697220,-0.1431296,0.0000000,0.0000000,0.0000000,1.0000000,0.0021387,-0.0006876,-0.0861532,0.2835975,-0.3572055,-0.3048797,-0.0021515,0.0006291,-0.0874779,0.2809972,-0.3607842,-0.3003595,0.0000000,0.0000000,0.0000000,0.0590804,0.0000000,0.0000000,0.0000000,0.0000000,0.0564695,0.0000000
-0.0413571,0.0697220,-0.1431296,0.0000000,0.0000000,0.0000000,1.0000000,0.0021387,-0.0006876,-0.0861532,0.2835975,-0.3572055,-0.3048797,-0.0021515,0.0006291,-0.0874779,0.2809972,-0.3607842,-0.3003595,0.0000000,0.0000000,0.0000000,0.0590804,0.0000000,0.0000000,0.0000000,0.0000000,0.0564695,0.0000000
-0.0413571,0.0697220,-0.1431296,0.0000000,0.0000000,0.0000000,1.0000000,0.0021387,-0.0006876,-0.0861532,0.2835975,-0.3572055,-0.3048797,-0.0021515,0.0006291,-0.0874779,0.2809972,-0.3607842,-0.3003595,0.0000000,0.0000000,0.0000000,0.0590804,0.0000000,0.0000000,0.0000000,0.0000000,0.0564695,0.0000000
-0.0413571,0.0697220,-0.1431296,0.0000000,0.0000000,0.0000000,1.0000000,0.0021387,-0.0006876,-0.0861532,0.2835975,-0.3572055,-0.3048797,-0.0021515,0.0006291,-0.0874779,0.2809972,-0.3607842,-0.3003595,0.0000000,0.0000000,0.0000000,0.0590804,0.0000000,0.0000000,0.0000000,0.0000000,0.0564695,0.0000000
-0.0413571,0.0697220,-0.1431296,0.0000000,0.0000000,0.0000000,1.0000000,0.0021387,-0.0006876,-0.0861532,0.2835975,-0.3572055,-0.3048797,-0.0021515,0.0006291,-0.0874779,0.2809972,-0.3607842,-0.3003595,0.0000000,0.0000000,0.0000000,0.0590804,0.0000000,0.0000000,0.0000000,0.0000000,0.0564695,0.0000000
-0.0413571,0.0697220,-0.1431296,0.0000000,0.0000000,0.0000000,1.0000000,0.0021387,-0.0006876,-0.0861532,0.2835975,-0.3572055,-0.3048797,-0.0021515,0.0006291,-0.0874779,0.2809972,-0.3607842,-0.3003595,0.0000000,0.0000000,0.0000000,0.0590804,0.0000000,0.0000000,0.0000000,0.0000000,0.0564695,0.0000000
-0.0413571,0.0697220,-0.1431296,0.0000000,0.0000000,0.0000000,1.0000000,0.0021387,-0.0006876,-0.0861532,0.2835975,-0.3572055,-0.3048797,-0.0021515,0.0006291,-0.0874779,0.2809972,-0.3607842,-0.3003595,0.0000000,0.0000000,0.0000000,0.0590804,0.0000000,0.0000000,0.0000000,0.0000000,0.0564695,0.0000000
-0.0413571,0.0697220,-0.1431296,0.0000000,0.0000000,0.0000000,1.0000000,0.0021387,-0.0006876,-0.0861532,0.2835975,-0.3572055,-0.3048797,-0.0021515,0.0006291,-0.0874779,0.2809972,-0.3607842,-0.3003595,0.0000000,0.0000000,0.0000000,0.0590804,0.0000000,0.0000000,0.0000000,0.0000000,0.0564695,0.0000000
-0.0413571,0.0697220,-0.1431296,0.0000000,0.0000000,0.0000000,1.0000000,0.0021387,-0.0006876,-0.0861532,0.2835975,-0.3572055,-0.3048797,-0.0021515,0.0006291,-0.0874779,0.2809972,-0.3607842,-0.3003595,0.0000000,0.0000000,0.0000000,0.0590804,0.0000000,0.0000000,0.0000000,0.0000000,0.0564695,0.0000000
-0.0413571,0.0697220,-0.1431296,0.0000000,0.0000000,0.0000000,1.0000000,0.0021387,-0.0006876,-0.0861532,0.2835975,-0.3572055,-0.3048797,-0.0021515,0.0006291,-0.0874779,0.2809972,-0.3607842,-0.3003595,0.0000000,0.0000000,0.0000000,0.0590804,0.0000000,0.0000000,0.0000000,0.0000000,0.0564695,0.0000000
-0.0413571,0.0697220,-0.1431296,0.0000000,0.0000000,0.0000000,1.0000000,0.0021387,-0.0006876,-0.0861532,0.2835975,-0.3572055,-0.3048797,-0.0021515,0.0006291,-0.0874779,0.2809972,-0.3607842,-0.3003595,0.0000000,0.0000000,0.0000000,0.0590804,0.0000000,0.0000000,0.0000000,0.0000000,0.0564695,0.0000000
-0.0413571,0.0697220,-0.1431296,0.0000000,0.0000000,0.0000000,1.0000000,0.0021387,-0.0006876,-0.0861532,0.2835975,-0.3572055,-0.3048797,-0.0021515,0.0006291,-0.0874779,0.2809972,-0.3607842,-0.3003595,0.0000000,0.0000000,0.0000000,0.0590804,0.0000000,0.0000000,0.0000000,0.0000000,0.0564695,0.0000000
-0.0413571,0.0697220,-0.1431296,0.0000000,0.0000000,0.0000000,1.0000000,0.0021387,-0.0006876,-0.0861532,0.2835975,-0.3572055,-0.3048797,-0.0021515,0.0006291,-0.0874779,0.2809972,-0.3607842,-0.3003595,0.0000000,0.0000000,0.0000000,0.0590804,0.0000000,0.0000000,0.0000000,0.0000000,0.0564695,0.0000000
-0.0413571,0.0697220,-0.1431296,0.0000000,0.0000000,0.0000000,1.0000000,0.0021387,-0.0006876,-0.0861532,0.2835975,-0.3572055,-0.3048797,-0.0021515,0.0006291,-0.0874779,0.2809972,-0.3607842,-0.3003595,0.0000000,0.0000000,0.0000000,0.0590804,0.0000000,0.0000000,0.0000000,0.0000000,0.0564695,0.0000000
-0.0413571,0.0697220,-0.1431296,0.0000000,0.0000000,0.0000000,1.0000000,0.0021387,-0.0006876,-0.0861532,0.2835975,-0.3572055,-0.3048797,-0.0021515,0.0006291,-0.0874779,0.2809972,-0.3607842,-0.3003595,0.0000000,0.0000000,0.0000000,0.0590804,0.0000000,0.0000000,0.0000000,0.0000000,0.0564695,0.0000000
-0.0413571,0.0697220,-0.1431296,0.0000000,0.0000000,0.0000000,1.0000000,0.0021387,-0.0006876,-0.0861532,0.2835975,-0.3572055,-0.3048797,-0.0021515,0.0006291,-0.0874779,0.2809972,-0.3607842,-0.3003595,0.0000000,0.0000000,0.0000000,0.0590804,0.0000000,0.0000000,0.0000000,0.0000000,0.0564695,0.0000000
-0.0413571,0.0697220,-0.1431296,0.0000000,0.0000000,0.0000000,1.0000000,0.0021387,-0.0006876,-0.0861532,0.2835975,-0.3572055,-0.3048797,-0.0021515,0.0006291,-0.0874779,0.2809972,-0.3607842,-0.3003595,0.0000000,0.0000000,0.0000000,0.0590804,0.0000000,0.0000000,0.0000000,0.0000000,0.0564695,0.0000000
-0.0413571,0.0697220,-0.1431296,0.0000000,0.0000000,0.0000000,1.0000000,0.0021387,-0.0006876,-0.0861532,0.2835975,-0.3572055,-0.3048797,-0.0021515,0.0006291,-0.0874779,0.2809972,-0.3607842,-0.3003595,0.0000000,0.0000000,0.0000000,0.0590804,0.0000000,0.0000000,0.0000000,0.0000000,0.0564695,0.0000000
-0.0413571,0.0697220,-0.1431296,0.0000000,0.0000000,0.0000000,1.0000000,0.0021387,-0.0006876,-0.0861532,0.2835975,-0.3572055,-0.3048797,-0.0021515,0.0006291,-0.0874779,0.2809972,-0.3607842,-0.3003595,0.0000000,0.0000000,0.0000000,0.0590804,0.0000000,0.0000000,0.0000000,0.0000000,0.0564695,0.0000000
-0.0413571,0.0697220,-0.1431296,0.0000000,0.0000000,0.0000000,1.0000000,0.0021387,-0.0006876,-0.0861532,0.2835975,-0.3572055,-0.3048797,-0.0021515,0.0006291,-0.0874779,0.2809972,-0.3607842,-0.3003595,0.0000000,0.0000000,0.0000000,0.0590804,0.0000000,0.0000000,0.0000000,0.0000000,0.0564695,0.0000000
-0.0413571,0.0697220,-0.1431296,0.0000000,0.0000000,0.0000000,1.0000000,0.0021387,-0.0006876,-0.0861532,0.2835975,-0.3572055,-0.3048797,-0.0021515,0.0006291,-0.0874779,0.2809972,-0.3607842,-0.3003595,0.0000000,0.0000000,0.0000000,0.0590804,0.0000000,0.0000000,0.0000000,0.0000000,0.0564695,0.0000000
-0.0413571,0.0697220,-0.1431296,0.0000000,0.0000000,0.0000000,1.0000000,0.0021387,-0.0006876,-0.0861532,0.2835975,-0.3572055,-0.3048797,-0.0021515,0.0006291,-0.0874779,0.2809972,-0.3607842,-0.3003595,0.0000000,0.0000000,0.0000000,0.0590804,0.0000000,0.0000000,0.0000000,0.0000000,0.0564695,0.0000000
-0.0413571,0.0697220,-0.1431296,0.0000000,0.0000000,0.0000000,1.0000000,0.0021387,-0.0006876,-0.0861532,0.2835975,-0.3572055,-0.3048797,-0.0021515,0.0006291,-0.0874779,0.2809972,-0.3607842,-0.3003595,0.0000000,0.0000000,0.0000000,0.0590804,0.0000000,0.0000000,0.0000000,0.0000000,0.0564695,0.0000000
-0.0413571,0.0697220,-0.1431296,0.0000000,0.0000000,0.0000000,1.0000000,0.0021387,-0.0006876,-0.0861532,0.2835975,-0.3572055,-0.3048797,-0.0021515,0.0006291,-0.0874779,0.2809972,-0.3607842,-0.3003595,0.0000000,0.0000000,0.0000000,0.0590804,0.0000000,0.0000000,0.0000000,0.0000000,0.0564695,0.0000000
-0.0413571,0.0697220,-0.1431296,0.0000000,0.0000000,0.0000000,1.0000000,0.0021387,-0.0006876,-0.0861532,0.2835975,-0.3572055,-0.3048797,-0.0021515,0.0006291,-0.0874779,0.2809972,-0.3607842,-0.3003595,0.0000000,0.0000000,0.0000000,0.0590804,0.0000000,0.0000000,0.0000000,0.0000000,0.0564695,0.0000000
-0.0413571,0.0697220,-0.1431296,0.0000000,0.0000000,0.0000000,1.0000000,0.0021387,-0.0006876,-0.0861532,0.2835975,-0.3572055,-0.3048797,-0.0021515,0.0006291,-0.0874779,0.2809972,-0.3607842,-0.3003595,0.0000000,0.0000000,0.0000000,0.0590804,0.0000000,0.0000000,0.0000000,0.0000000,0.0564695,0.0000000
-0.0413571,0.0697220,-0.1431296,0.0000000,0.0000000,0.0000000,1.0000000,0.0021387,-0.0006876,-0.0861532,0.2835975,-0.3572055,-0.3048797,-0.0021515,0.0006291,-0.0874779,0.2809972,-0.3607842,-0.3003595,0.0000000,0.0000000,0.0000000,0.0590804,0.0000000,0.0000000,0.0000000,0.0000000,0.0564695,0.0000000
-0.0413571,0.0697220,-0.1431296,0.0000000,0.0000000,0.0000000,1.0000000,0.0021387,-0.0006876,-0.0861532,0.2835975,-0.3572055,-0.3048797,-0.0021515,0.0006291,-0.0874779,0.2809972,-0.3607842,-0.3003595,0.0000000,0.0000000,0.0000000,0.0590804,0.0000000,0.0000000,0.0000000,0.0000000,0.0564695,0.0000000
-0.0413571,0.0697220,-0.1431296,0.0000000,0.0000000,0.0000000,1.0000000,0.0021387,-0.0006876,-0.0861532,0.2835975,-0.3572055,-0.3048797,-0.0021515,0.0006291,-0.0874779,0.2809972,-0.3607842,-0.3003595,0.0000000,0.0000000,0.0000000,0.0590804,0.0000000,0.0000000,0.0000000,0.0000000,0.0564695,0.0000000
-0.0413571,0.0697220,-0.1431296,0.0000000,0.0000000,0.0000000,1.0000000,0.0021387,-0.0006876,-0.0861532,0.2835975,-0.3572055,-0.3048797,-0.0021515,0.0006291,-0.0874779,0.2809972,-0.3607842,-0.3003595,0.0000000,0.0000000,0.0000000,0.0590804,0.0000000,0.0000000,0.0000000,0.0000000,0.0564695,0.0000000
-0.0413571,0.0697220,-0.1431296,0.0000000,0.0000000,0.0000000,1.0000000,0.0021387,-0.0006876,-0.0861532,0.2835975,-0.3572055,-0.3048797,-0.0021515,0.0006291,-0.0874779,0.2809972,-0.3607842,-0.3003595,0.0000000,0.0000000,0.0000000,0.0590804,0.0000000,0.0000000,0.0000000,0.0000000,0.0564695,0.0000000
-0.0413571,0.0697220,-0.1431296,0.0000000,0.0000000,0.0000000,1.0000000,0.0021387,-0.0006876,-0.0861532,0.2835975,-0.3572055,-0.3048797,-0.0021515,0.0006291,-0.0874779,0.2809972,-0.3607842,-0.3003595,0.0000000,0.0000000,0.0000000,0.0590804,0.0000000,0.0000000,0.0000000,0.0000000,0.0564695,0.0000000
-0.0413571,0.0697220,-0.1431296,0.0000000,0.0000000,0.0000000,1.0000000,0.0021387,-0.0006876,-0.0861532,0.2835975,-0.3572055,-0.3048797,-0.0021515,0.0006291,-0.0874779,0.2809972,-0.3607842,-0.3003595,0.0000000,0.0000000,0.0000000,0.0590804,0.0000000,0.0000000,0.0000000,0.0000000,0.0564695,0.0000000
-0.0413571,0.0697220,-0.1431296,0.0000000,0.0000000,0.0000000,1.0000000,0.0021387,-0.0006876,-0.0861532,0.2835975,-0.3572055,-0.3048797,-0.0021515,0.0006291,-0.0874779,0.2809972,-0.3607842,-0.3003595,0.0000000,0.0000000,0.0000000,0.0590804,0.0000000,0.0000000,0.0000000,0.0000000,0.0564695,0.0000000
-0.0413571,0.0697220,-0.1431296,0.0000000,0.0000000,0.0000000,1.0000000,0.0021387,-0.0006876,-0.0861532,0.2835975,-0.3572055,-0.3048797,-0.0021515,0.0006291,-0.0874779,0.2809972,-0.3607842,-0.3003595,0.0000000,0.0000000,0.0000000,0.0590804,0.0000000,0.0000000,0.0000000,0.0000000,0.0564695,0.0000000
-0.0413571,0.0697220,-0.1431296,0.0000000,0.0000000,0.0000000,1.0000000,0.0021387,-0.0006876,-0.0861532,0.2835975,-0.3572055,-0.3048797,-0.0021515,0.0006291,-0.0874779,0.2809972,-0.3607842,-0.3003595,0.0000000,0.0000000,0.0000000,0.0590804,0.0000000,0.0000000,0.0000000,0.0000000,0.0564695,0.0000000
-0.0413571,0.0697220,-0.1431296,0.0000000,0.0000000,0.0000000,1.0000000,0.0021387,-0.0006876,-0.0861532,0.2835975,-0.3572055,-0.3048797,-0.0021515,0.0006291,-0.0874779,0.2809972,-0.3607842,-0.3003595,0.0000000,0.0000000,0.0000000,0.0590804,0.0000000,0.0000000,0.0000000,0.0000000,0.0564695,0.0000000
-0.0413571,0.0697220,-0.1431296,0.0000000,0.0000000,0.0000000,1.0000000,0.0021387,-0.0006876,-0.0861532,0.2835975,-0.3572055,-0.3048797,-0.0021515,0.0006291,-0.0874779,0.2809972,-0.3607842,-0.3003595,0.0000000,0.0000000,0.0000000,0.0590804,0.0000000,0.0000000,0.0000000,0.0000000,0.0564695,0.0000000
-0.0413571,0.0697220,-0.1431296,0.0000000,0.0000000,0.0000000,1.0000000,0.0021387,-0.0006876,-0.0861532,0.2835975,-0.3572055,-0.3048797,-0.0021515,0.0006291,-0.0874779,0.2809972,-0.3607842,-0.3003595,0.0000000,0.0000000,0.0000000,0.0590804,0.0000000,0.0000000,0.0000000,0.0000000,0.0564695,0.0000000
-0.0413571,0.0697220,-0.1431296,0.0000000,0.0000000,0.0000000,1.0000000,0.0021387,-0.0006876,-0.0861532,0.2835975,-0.3572055,-0.3048797,-0.0021515,0.0006291,-0.0874779,0.2809972,-0.3607842,-0.3003595,0.0000000,0.0000000,0.0000000,0.0590804,0.0000000,0.0000000,0.0000000,0.0000000,0.0564695,0.0000000
-0.0413571,0.0697220,-0.1431296,0.0000000,0.0000000,0.0000000,1.0000000,0.0021387,-0.0006876,-0.0861532,0.2835975,-0.3572055,-0.3048797,-0.0021515,0.0006291,-0.0874779,0.2809972,-0.3607842,-0.3003595,0.0000000,0.0000000,0.0000000,0.0590804,0.0000000,0.0000000,0.0000000,0.0000000,0.0564695,0.0000000
-0.0413571,0.0697220,-0.1431296,0.0000000,0.0000000,0.0000000,1.0000000,0.0021387,-0.0006876,-0.0861532,0.2835975,-0.3572055,-0.3048797,-0.0021515,0.0006291,-0.0874779,0.2809972,-0.3607842,-0.3003595,0.0000000,0.0000000,0.0000000,0.0590804,0.0000000,0.0000000,0.0000000,0.0000000,0.0564695,0.0000000
-0.0413571,0.0697220,-0.1431296,0.0000000,0.0000000,0.0000000,1.0000000,0.0021387,-0.0006876,-0.0861532,0.2835975,-0.3572055,-0.3048797,-0.0021515,0.0006291,-0.0874779,0.2809972,-0.3607842,-0.3003595,0.0000000,0.0000000,0.0000000,0.0590804,0.0000000,0.0000000,0.0000000,0.0000000,0.0564695,0.0000000
-0.0413571,0.0697220,-0.1431296,0.0000000,0.0000000,0.0000000,1.0000000,0.0021387,-0.0006876,-0.0861532,0.2835975,-0.3572055,-0.3048797,-0.0021515,0.0006291,-0.0874779,0.2809972,-0.3607842,-0.3003595,0.0000000,0.0000000,0.0000000,0.0590804,0.0000000,0.0000000,0.0000000,0.0000000,0.0564695,0.0000000
-0.0413571,0.0697220,-0.1431296,0.0000000,0.0000000,0.0000000,1.0000000,0.0021387,-0.0006876,-0.0861532,0.2835975,-0.3572055,-0.3048797,-0.0021515,0.0006291,-0.0874779,0.2809972,-0.3607842,-0.3003595,0.0000000,0.0000000,0.0000000,0.0590804,0.0000000,0.0000000,0.0000000,0.0000000,0.0564695,0.0000000
-0.0413571,0.0697220,-0.1431296,0.0000000,0.0000000,0.0000000,1.0000000,0.0021387,-0.0006876,-0.0861532,0.2835975,-0.3572055,-0.3048797,-0.0021515,0.0006291,-0.0874779,0.2809972,-0.3607842,-0.3003595,0.0000000,0.0000000,0.0000000,0.0590804,0.0000000,0.0000000,0.0000000,0.0000000,0.0564695,0.0000000
-0.0413571,0.0697220,-0.1431296,0.0000000,0.0000000,0.0000000,1.0000000,0.0021387,-0.0006876,-0.0861532,0.2835975,-0.3572055,-0.3048797,-0.0021515,0.0006291,-0.0874779,0.2809972,-0.3607842,-0.3003595,0.0000000,0.0000000,0.0000000,0.0590804,0.0000000,0.0000000,0.0000000,0.0000000,0.0564695,0.0000000
-0.0413571,0.0697220,-0.1431296,0.0000000,0.0000000,0.0000000,1.0000000,0.0021387,-0.0006876,-0.0861532,0.2835975,-0.3572055,-0.3048797,-0.0021515,0.0006291,-0.0874779,0.2809972,-0.3607842,-0.3003595,0.0000000,0.0000000,0.0000000,0.0590804,0.0000000,0.0000000,0.0000000,0.0000000,0.0564695,0.0000000
-0.0413571,0.0697220,-0.1431296,0.0000000,0.0000000,0.0000000,1.0000000,0.0021387,-0.0006876,-0.0861532,0.2835975,-0.3572055,-0.3048797,-0.0021515,0.0006291,-0.0874779,0.2809972,-0.3607842,-0.3003595,0.0000000,0.0000000,0.0000000,0.0590804,0.0000000,0.0000000,0.0000000,0.0000000,0.0564695,0.0000000
-0.0413571,0.0697220,-0.1431296,0.0000000,0.0000000,0.0000000,1.0000000,0.0021387,-0.0006876,-0.0861532,0.2835975,-0.3572055,-0.3048797,-0.0021515,0.0006291,-0.0874779,0.2809972,-0.3607842,-0.3003595,0.0000000,0.0000000,0.0000000,0.0590804,0.0000000,0.0000000,0.0000000,0.0000000,0.0564695,0.0000000
-0.0413571,0.0697220,-0.1431296,0.0000000,0.0000000,0.0000000,1.0000000,0.0021387,-0.0006876,-0.0861532,0.2835975,-0.3572055,-0.3048797,-0.0021515,0.0006291,-0.0874779,0.2809972,-0.3607842,-0.3003595,0.0000000,0.0000000,0.0000000,0.0590804,0.0000000,0.0000000,0.0000000,0.0000000,0.0564695,0.0000000
-0.0413571,0.0697220,-0.1431296,0.0000000,0.0000000,0.0000000,1.0000000,0.0021387,-0.0006876,-0.0861532,0.2835975,-0.3572055,-0.3048797,-0.0021515,0.0006291,-0.0874779,0.2809972,-0.3607842,-0.3003595,0.0000000,0.0000000,0.0000000,0.0590804,0.0000000,0.0000000,0.0000000,0.0000000,0.0564695,0.0000000
-0.0413571,0.0697220,-0.1431296,0.0000000,0.0000000,0.0000000,1.0000000,0.0021387,-0.0006876,-0.0861532,0.2835975,-0.3572055,-0.3048797,-0.0021515,0.0006291,-0.0874779,0.2809972,-0.3607842,-0.3003595,0.0000000,0.0000000,0.0000000,0.0590804,0.0000000,0.0000000,0.0000000,0.0000000,0.0564695,0.0000000
-0.0413571,0.0697220,-0.1431296,0.0000000,0.0000000,0.0000000,1.0000000,0.0021387,-0.0006876,-0.0861532,0.2835975,-0.3572055,-0.3048797,-0.0021515,0.0006291,-0.0874779,0.2809972,-0.3607842,-0.3003595,0.0000000,0.0000000,0.0000000,0.0590804,0.0000000,0.0000000,0.0000000,0.0000000,0.0564695,0.0000000
-0.0413571,0.0697220,-0.1431296,0.0000000,0.0000000,0.0000000,1.0000000,0.0021387,-0.0006876,-0.0861532,0.2835975,-0.3572055,-0.3048797,-0.0021515,0.0006291,-0.0874779,0.2809972,-0.3607842,-0.3003595,0.0000000,0.0000000,0.0000000,0.0590804,0.0000000,0.0000000,0.0000000,0.0000000,0.0564695,0.0000000
-0.0413571,0.0697220,-0.1431296,0.0000000,0.0000000,0.0000000,1.0000000,0.0021387,-0.0006876,-0.0861532,0.2835975,-0.3572055,-0.3048797,-0.0021515,0.0006291,-0.0874779,0.2809972,-0.3607842,-0.3003595,0.0000000,0.0000000,0.0000000,0.0590804,0.0000000,0.0000000,0.0000000,0.0000000,0.0564695,0.0000000
-0.0413571,0.0697220,-0.1431296,0.0000000,0.0000000,0.0000000,1.0000000,0.0021387,-0.0006876,-0.0861532,0.2835975,-0.3572055,-0.3048797,-0.0021515,0.0006291,-0.0874779,0.2809972,-0.3607842,-0.3003595,0.0000000,0.0000000,0.0000000,0.0590804,0.0000000,0.0000000,0.0000000,0.0000000,0.0564695,0.0000000
-0.0413571,0.0697220,-0.1431296,0.0000000,0.0000000,0.0000000,1.0000000,0.0021387,-0.0006876,-0.0861532,0.2835975,-0.3572055,-0.3048797,-0.0021515,0.0006291,-0.0874779,0.2809972,-0.3607842,-0.3003595,0.0000000,0.0000000,0.0000000,0.0590804,0.0000000,0.0000000,0.0000000,0.0000000,0.0564695,0.0000000
-0.0413571,0.0697220,-0.1431296,0.0000000,0.0000000,0.0000000,1.0000000,0.0021387,-0.0006876,-0.0861532,0.2835975,-0.3572055,-0.3048797,-0.0021515,0.0006291,-0.0874779,0.2809972,-0.3607842,-0.3003595,0.0000000,0.0000000,0.0000000,0.0590804,0.0000000,0.0000000,0.0000000,0.0000000,0.0564695,0.0000000
-0.0413571,0.0697220,-0.1431296,0.0000000,0.0000000,0.0000000,1.0000000,0.0021387,-0.0006876,-0.0861532,0.2835975,-0.3572055,-0.3048797,-0.0021515,0.0006291,-0.0874779,0.2809972,-0.3607842,-0.3003595,0.0000000,0.0000000,0.0000000,0.0590804,0.0000000,0.0000000,0.0000000,0.0000000,0.0564695,0.0000000
-0.0413571,0.0697220,-0.1431296,0.0000000,0.0000000,0.0000000,1.0000000,0.0021387,-0.0006876,-0.0861532,0.2835975,-0.3572055,-0.3048797,-0.0021515,0.0006291,-0.0874779,0.2809972,-0.3607842,-0.3003595,0.0000000,0.0000000,0.0000000,0.0590804,0.0000000,0.0000000,0.0000000,0.0000000,0.0564695,0.0000000
-0.0413571,0.0697220,-0.1431296,0.0000000,0.0000000,0.0000000,1.0000000,0.0021387,-0.0006876,-0.0861532,0.2835975,-0.3572055,-0.3048797,-0.0021515,0.0006291,-0.0874779,0.2809972,-0.3607842,-0.3003595,0.0000000,0.0000000,0.0000000,0.0590804,0.0000000,0.0000000,0.0000000,0.0000000,0.0564695,0.0000000
-0.0413571,0.0697220,-0.1431296,0.0000000,0.0000000,0.0000000,1.0000000,0.0021387,-0.0006876,-0.0861532,0.2835975,-0.3572055,-0.3048797,-0.0021515,0.0006291,-0.0874779,0.2809972,-0.3607842,-0.3003595,0.0000000,0.0000000,0.0000000,0.0590804,0.0000000,0.0000000,0.0000000,0.0000000,0.0564695,0.0000000
-0.0413571,0.0697220,-0.1431296,0.0000000,0.0000000,0.0000000,1.0000000,0.0021387,-0.0006876,-0.0861532,0.2835975,-0.3572055,-0.3048797,-0.0021515,0.0006291,-0.0874779,0.2809972,-0.3607842,-0.3003595,0.0000000,0.0000000,0.0000000,0.0590804,0.0000000,0.0000000,0.0000000,0.0000000,0.0564695,0.0000000
-0.0413571,0.0697220,-0.1431296,0.0000000,0.0000000,0.0000000,1.0000000,0.0021387,-0.0006876,-0.0861532,0.2835975,-0.3572055,-0.3048797,-0.0021515,0.0006291,-0.0874779,0.2809972,-0.3607842,-0.3003595,0.0000000,0.0000000,0.0000000,0.0590804,0.0000000,0.0000000,0.0000000,0.0000000,0.0564695,0.0000000
-0.0413571,0.0697220,-0.1431296,0.0000000,0.0000000,0.0000000,1.0000000,0.0021387,-0.0006876,-0.0861532,0.2835975,-0.3572055,-0.3048797,-0.0021515,0.0006291,-0.0874779,0.2809972,-0.3607842,-0.3003595,0.0000000,0.0000000,0.0000000,0.0590804,0.0000000,0.0000000,0.0000000,0.0000000,0.0564695,0.0000000
-0.0413571,0.0697220,-0.1431296,0.0000000,0.0000000,0.0000000,1.0000000,0.0021387,-0.0006876,-0.0861532,0.2835975,-0.3572055,-0.3048797,-0.0021515,0.0006291,-0.0874779,0.2809972,-0.3607842,-0.3003595,0.0000000,0.0000000,0.0000000,0.0590804,0.0000000,0.0000000,0.0000000,0.0000000,0.0564695,0.0000000
-0.0413571,0.0697220,-0.1431296,0.0000000,0.0000000,0.0000000,1.0000000,0.0021387,-0.0006876,-0.0861532,0.2835975,-0.3572055,-0.3048797,-0.0021515,0.0006291,-0.0874779,0.2809972,-0.3607842,-0.3003595,0.0000000,0.0000000,0.0000000,0.0590804,0.0000000,0.0000000,0.0000000,0.0000000,0.0564695,0.0000000
-0.0413571,0.0697220,-0.1431296,0.0000000,0.0000000,0.0000000,1.0000000,0.0021387,-0.0006876,-0.0861532,0.2835975,-0.3572055,-0.3048797,-0.0021515,0.0006291,-0.0874779,0.2809972,-0.3607842,-0.3003595,0.0000000,0.0000000,0.0000000,0.0590804,0.0000000,0.0000000,0.0000000,0.0000000,0.0564695,0.0000000
-0.0413571,0.0697220,-0.1431296,0.0000000,0.0000000,0.0000000,1.0000000,0.0021387,-0.0006876,-0.0861532,0.2835975,-0.3572055,-0.3048797,-0.0021515,0.0006291,-0.0874779,0.2809972,-0.3607842,-0.3003595,0.0000000,0.0000000,0.0000000,0.0590804,0.0000000,0.0000000,0.0000000,0.0000000,0.0564695,0.0000000
-0.0413571,0.0697220,-0.1431296,0.0000000,0.0000000,0.0000000,1.0000000,0.0021387,-0.0006876,-0.0861532,0.2835975,-0.3572055,-0.3048797,-0.0021515,0.0006291,-0.0874779,0.2809972,-0.3607842,-0.3003595,0.0000000,0.0000000,0.0000000,0.0590804,0.0000000,0.0000000,0.0000000,0.0000000,0.0564695,0.0000000
-0.0413571,0.0697220,-0.1431296,0.0000000,0.0000000,0.0000000,1.0000000,0.0021387,-0.0006876,-0.0861532,0.2835975,-0.3572055,-0.3048797,-0.0021515,0.0006291,-0.0874779,0.2809972,-0.3607842,-0.3003595,0.0000000,0.0000000,0.0000000,0.0590804,0.0000000,0.0000000,0.0000000,0.0000000,0.0564695,0.0000000
-0.0413571,0.0697220,-0.1431296,0.0000000,0.0000000,0.0000000,1.0000000,0.0021387,-0.0006876,-0.0861532,0.2835975,-0.3572055,-0.3048797,-0.0021515,0.0006291,-0.0874779,0.2809972,-0.3607842,-0.3003595,0.0000000,0.0000000,0.0000000,0.0590804,0.0000000,0.0000000,0.0000000,0.0000000,0.0564695,0.0000000
-0.0413571,0.0697220,-0.1431296,0.0000000,0.0000000,0.0000000,1.0000000,0.0021387,-0.0006876,-0.0861532,0.2835975,-0.3572055,-0.3048797,-0.0021515,0.0006291,-0.0874779,0.2809972,-0.3607842,-0.3003595,0.0000000,0.0000000,0.0000000,0.0590804,0.0000000,0.0000000,0.0000000,0.0000000,0.0564695,0.0000000
-0.0413571,0.0697220,-0.1431296,0.0000000,0.0000000,0.0000000,1.0000000,0.0021387,-0.0006876,-0.0861532,0.2835975,-0.3572055,-0.3048797,-0.0021515,0.0006291,-0.0874779,0.2809972,-0.3607842,-0.3003595,0.0000000,0.0000000,0.0000000,0.0590804,0.0000000,0.0000000,0.0000000,0.0000000,0.0564695,0.0000000
-0.0413571,0.0697220,-0.1431296,0.0000000,0.0000000,0.0000000,1.0000000,0.0021387,-0.0006876,-0.0861532,0.2835975,-0.3572055,-0.3048797,-0.0021515,0.0006291,-0.0874779,0.2809972,-0.3607842,-0.3003595,0.0000000,0.0000000,0.0000000,0.0590804,0.0000000,0.0000000,0.0000000,0.0000000,0.0564695,0.0000000
-0.0413571,0.0697220,-0.1431296,0.0000000,0.0000000,0.0000000,1.0000000,0.0021387,-0.0006876,-0.0861532,0.2835975,-0.3572055,-0.3048797,-0.0021515,0.0006291,-0.0874779,0.2809972,-0.3607842,-0.3003595,0.0000000,0.0000000,0.0000000,0.0590804,0.0000000,0.0000000,0.0000000,0.0000000,0.0564695,0.0000000
-0.0413571,0.0697220,-0.1431297,0.0000000,0.0000000,0.0000000,1.0000000,0.0021387,-0.0006875,-0.0861538,0.2835985,-0.3572070,-0.3048808,-0.0021515,0.0006290,-0.0874785,0.2809982,-0.3607857,-0.3003606,0.0000000,0.0000000,0.0000000,0.0590804,0.0000000,0.0000000,0.0000000,0.0000000,0.0564695,0.0000000
-0.0413571,0.0697220,-0.1431306,0.0000000,0.0000000,0.0000000,1.0000000,0.0021387,-0.0006867,-0.0861579,0.2836053,-0.3572172,-0.3048881,-0.0021515,0.0006282,-0.0874827,0.2810048,-0.3607960,-0.3003678,0.0000000,0.0000000,0.0000000,0.0590804,0.0000000,0.0000000,0.0000000,0.0000000,0.0564695,0.0000000
-0.0413571,0.0697220,-0.1431329,0.0000000,0.0000000,0.0000000,1.0000000,0.0021387,-0.0006848,-0.0861689,0.2836233,-0.3572446,-0.3049077,-0.0021515,0.0006263,-0.0874937,0.2810226,-0.3608235,-0.3003872,0.0000000,0.0000000,0.0000000,0.0590804,0.0000000,0.0000000,0.0000000,0.0000000,0.0564695,0.0000000
-0.0413571,0.0697220,-0.1431374,0.0000000,0.0000000,0.0000000,1.0000000,0.0021388,-0.0006810,-0.0861901,0.2836580,-0.3572969,-0.3049451,-0.0021515,0.0006225,-0.0875149,0.2810567,-0.3608763,-0.3004244,0.0000000,0.0000000,0.0000000,0.0590804,0.0000000,0.0000000,0.0000000,0.0000000,0.0564695,0.0000000
-0.0413571,0.0697220,-0.1431446,0.0000000,0.0000000,0.0000000,1.0000000,0.0021388,-0.0006749,-0.0862244,0.2837141,-0.3573818,-0.3050059,-0.0021515,0.0006164,-0.0875492,0.2811120,-0.3609619,-0.3004847,0.0000000,0.0000000,0.0000000,0.0590804,0.0000000,0.0000000,0.0000000,0.0000000,0.0564695,0.0000000
-0.0413571,0.0697220,-0.1431553,0.0000000,0.0000000,0.0000000,1.0000000,0.0021389,-0.0006660,-0.0862747,0.2837964,-0.3575064,-0.3050951,-0.0021515,0.0006075,-0.0875995,0.2811931,-0.3610875,-0.3005731,0.0000000,0.0000000,0.0000000,0.0590804,0.0000000,0.0000000,0.0000000,0.0000000,0.0564695,0.0000000
-0.0413571,0.0697220,-0.1431699,0.0000000,0.0000000,0.0000000,1.0000000,0.0021390,-0.0006537,-0.0863437,0.2839084,-0.3576772,-0.3052174,-0.0021515,0.0005952,-0.0876685,0.2813043,-0.3612598,-0.3006944,0.0000000,0.0000000,0.0000000,0.0590804,0.0000000,0.0000000,0.0000000,0.0000000,0.0564695,0.0000000
-0.0413571,0.0697220,-0.1431890,0.0000000,0.0000000,0.0000000,1.0000000,0.0021392,-0.0006377,-0.0864339,0.2840547,-0.3579006,-0.3053773,-0.0021516,0.0005792,-0.0877587,0.2814498,-0.3614850,-0.3008529,0.0000000,0.0000000,0.0000000,0.0590804,0.0000000,0.0000000,0.0000000,0.0000000,0.0564695,0.0000000
-0.0413571,0.0697220,-0.1432131,0.0000000,0.0000000,0.0000000,1.0000000,0.0021394,-0.0006175,-0.0865476,0.2842393,-0.3581822,-0.3055790,-0.0021516,0.0005589,-0.0878726,0.2816332,-0.3617690,-0.3010529,0.0000000,0.0000000,0.0000000,0.0590804,0.0000000,0.0000000,0.0000000,0.0000000,0.0564695,0.0000000
-0.0413571,0.0697220,-0.1432427,0.0000000,0.0000000,0.0000000,1.0000000,0.0021396,-0.0005927,-0.0866872,0.2844657,-0.3585276,-0.3058263,-0.0021517,0.0005341,-0.0880121,0.2818581,-0.3621173,-0.3012980,0.0000000,0.0000000,0.0000000,0.0590804,0.0000000,0.0000000,0.0000000,0.0000000,0.0564695,0.0000000
-0.0413571,0.0697220,-0.1432783,0.0000000,0.0000000,0.0000000,1.0000000,0.0021399,-0.0005629,-0.0868544,0.2847371,-0.3589416,-0.3061227,-0.0021517,0.0005044,-0.0881794,0.2821278,-0.3625347,-0.3015919,0.0000000,0.0000000,0.0000000,0.0590804,0.0000000,0.0000000,0.0000000,0.0000000,0.0564695,0.0000000
-0.0413571,0.0697220,-0.1433201,0.0000000,0.0000000,0.0000000,1.0000000,0.0021402,-0.0005280,-0.0870513,0.2850564,-0.3594288,-0.3064714,-0.0021518,0.0004694,-0.0883763,0.2824452,-0.3630259,-0.3019377,0.0000000,0.0000000,0.0000000,0.0590804,0.0000000,0.0000000,0.0000000,0.0000000,0.0564695,0.0000000
-0.0413571,0.0697220,-0.1433688,0.0000000,0.0000000,0.0000000,1.0000000,0.0021407,-0.0004874,-0.0872793,0.2854264,-0.3599931,-0.3068754,-0.0021519,0.0004288,-0.0886044,0.2828129,-0.3635949,-0.3023382,0.0000000,0.0000000,0.0000000,0.0590804,0.0000000,0.0000000,0.0000000,0.0000000,0.0564695,0.0000000
-0.0413571,0.0697220,-0.1434245,0.0000000,0.0000000,0.0000000,1.0000000,0.0021411,-0.0004411,-0.0875400,0.2858495,-0.3606382,-0.3073372,-0.0021520,0.0003825,-0.0888652,0.2832333,-0.3642454,-0.3027961,0.0000000,0.0000000,0.0000000,0.0590804,0.0000000,0.0000000,0.0000000,0.0000000,0.0564695,0.0000000
-0.0413571,0.0697220,-0.1434876,0.0000000,0.0000000,0.0000000,1.0000000,0.0021417,-0.0003887,-0.0878347,0.2863278,-0.3613672,-0.3078591,-0.0021522,0.0003300,-0.0891600,0.2837086,-0.3649806,-0.3033136,0.0000000,0.0000000,0.0000000,0.0590804,0.0000000,0.0000000,0.0000000,0.0000000,0.0564695,0.0000000
-0.0413571,0.0697220,-0.1435584,0.0000000,0.0000000,0.0000000,1.0000000,0.0021424,-0.0003301,-0.0881645,0.2868630,-0.3621830,-0.3084430,-0.0021524,0.0002714,-0.0894900,0.2842374,-0.3658032,-0.3038925,0.0000000,0.0000000,0.0000000,0.0590804,0.0000000,0.0000000,0.0000000,0.0000000,0.0564695,0.0000000
-0.0413571,0.0697220,-0.1436371,0.0000000,0.0000000,0.0000000,1.0000000,0.0021431,-0.0002651,-0.0885304,0.2874569,-0.3630878,-0.3090906,-0.0021526,0.0002063,-0.0898559,0.2848220,-0.3667155,-0.3045346,0.0000000,0.0000000,0.0000000,0.0590804,0.0000000,0.0000000,0.0000000,0.0000000,0.0564695,0.0000000
-0.0413571,0.0697220,-0.1437241,0.0000000,0.0000000,0.0000000,1.0000000,0.0021439,-0.0001935,-0.0889331,0.2881106,-0.3640834,-0.3098032,-0.0021529,0.0001347,-0.0902588,0.2854655,-0.3677195,-0.3052412,0.0000000,0.0000000,0.0000000,0.0590804,0.0000000,0.0000000,0.0000000,0.0000000,0.0564695,0.0000000
-0.0413571,0.0697220,-0.1438195,0.0000000,0.0000000,0.0000000,1.0000000,0.0021449,-0.0001153,-0.0893733,0.2888252,-0.3651714,-0.3105818,-0.0021532,0.0000564,-0.0906991,0.2861689,-0.3688165,-0.3060132,0.0000000,0.0000000,0.0000000,0.0590804,0.0000000,0.0000000,0.0000000,0.0000000,0.0564695,0.0000000
-0.0413571,0.0697220,-0.1439236,0.0000000,0.0000000,0.0000000,1.0000000,0.0021460,-0.0000303,-0.0898514,0.2896013,-0.3663527,-0.3114272,-0.0021537,-0.0000286,-0.0911773,0.2869330,-0.3700078,-0.3068514,0.0000000,0.0000000,0.0000000,0.0590804,0.0000000,0.0000000,0.0000000,0.0000000,0.0564695,0.0000000
-0.0413571,0.0697220,-0.1440364,0.0000000,0.0000000,0.0000000,1.0000000,0.0021472,0.0000614,-0.0903677,0.2904396,-0.3676280,-0.3123399,-0.0021542,-0.0001204,-0.0916937,0.2877582,-0.3712938,-0.3077563,0.0000000,0.0000000,0.0000000,0.0590804,0.0000000,0.0000000,0.0000000,0.0000000,0.0564695,0.0000000
-0.0413571,0.0697220,-0.1441581,0.0000000,0.0000000,0.0000000,1.0000000,0.0021485,0.0001600,-0.0909223,0.2913403,-0.3689976,-0.3133198,-0.0021547,-0.0002190,-0.0922485,0.2886448,-0.3726749,-0.3087279,0.0000000,0.0000000,0.0000000,0.0590804,0.0000000,0.0000000,0.0000000,0.0000000,0.0564695,0.0000000
-0.0413571,0.0697220,-0.1442888,0.0000000,0.0000000,0.0000000,1.0000000,0.0021500,0.0002653,-0.0915152,0.2923033,-0.3704613,-0.3143671,-0.0021554,-0.0003244,-0.0928416,0.2895927,-0.3741509,-0.3097663,0.0000000,0.0000000,0.0000000,0.0590804,0.0000000,0.0000000,0.0000000,0.0000000,0.0564695,0.0000000
-0.0413571,0.0697220,-0.1444286,0.0000000,0.0000000,0.0000000,1.0000000,0.0021517,0.0003775,-0.0921462,0.2933217,-0.3720187,-0.3154812,-0.0021562,-0.0004367,-0.0934729,0.2906019,-0.3757214,-0.3108710,0.0000000,0.0000000,0.0000000,0.0590804,0.0000000,0.0000000,0.0000000,0.0000000,0.0564695,0.0000000
-0.0413571,0.0697220,-0.1445776,0.0000000,0.0000000,0.0000000,1.0000000,0.0021536,0.0004964,-0.0928152,0.2943993,-0.3736688,-0.3166617,-0.0021572,-0.0005556,-0.0941420,0.2916717,-0.3773855,-0.3120414,0.0000000,0.0000000,0.0000000,0.0590804,0.0000000,0.0000000,0.0000000,0.0000000,0.0564695,0.0000000
-0.0413571,0.0697220,-0.1447358,0.0000000,0.0000000,0.0000000,1.0000000,0.0021556,0.0006219,-0.0935216,0.2955375,-0.3754107,-0.3179076,-0.0021582,-0.0006812,-0.0948486,0.2928004,-0.3791421,-0.3132768,0.0000000,0.0000000,0.0000000,0.0590804,0.0000000,0.0000000,0.0000000,0.0000000,0.0564695,0.0000000
-0.0413571,0.0697220,-0.1449033,0.0000000,0.0000000,0.0000000,1.0000000,0.0021579,0.0007540,-0.0942649,0.2967354,-0.3772428,-0.3192179,-0.0021595,-0.0008134,-0.0955922,0.2939786,-0.3809896,-0.3145759,0.0000000,0.0000000,0.0000000,0.0590804,0.0000000,0.0000000,0.0000000,0.0000000,0.0564695,0.0000000
-0.0413571,0.0697220,-0.1450799,0.0000000,0.0000000,0.0000000,1.0000000,0.0021603,0.0008925,-0.0950444,0.2979918,-0.3791633,-0.3205913,-0.0021608,-0.0009520,-0.0963719,0.2952145,-0.3829264,-0.3159377,0.0000000,0.0000000,0.0000000,0.0590804,0.0000000,0.0000000,0.0000000,0.0000000,0.0564695,0.0000000
-0.0413571,0.0697220,-0.1452658,0.0000000,0.0000000,0.0000000,1.0000000,0.0021630,0.0010373,-0.0958594,0.2993057,-0.3811703,-0.3220264,-0.0021624,-0.0010969,-0.0971872,0.2965069,-0.3849505,-0.3173607,0.0000000,0.0000000,0.0000000,0.0590804,0.0000000,0.0000000,0.0000000,0.0000000,0.0564695,0.0000000
-0.0413571,0.0697220,-0.1454609,0.0000000,0.0000000,0.0000000,1.0000000,0.0021659,0.0011883,-0.0967089,0.3006757,-0.3832615,-0.3235216,-0.0021642,-0.0012480,-0.0980370,0.2978544,-0.3870595,-0.3188432,0.0000000,0.0000000,0.0000000,0.0590804,0.0000000,0.0000000,0.0000000,0.0000000,0.0564695,0.0000000
-0.0413571,0.0697220,-0.1456650,0.0000000,0.0000000,0.0000000,1.0000000,0.0021691,0.0013453,-0.0975922,0.3020928,-0.3854345,-0.3250750,-0.0021661,-0.0014050,-0.0989205,0.2992556,-0.3892510,-0.3203834,0.0000000,0.0000000,0.0000000,0.0590804,0.0000000,0.0000000,0.0000000,0.0000000,0.0564695,0.0000000
-0.0413571,0.0697220,-0.1458782,0.0000000,0.0000000,0.0000000,1.0000000,0.0021726,0.0015080,-0.0985080,0.3035572,-0.3876865,-0.3266847,-0.0021683,-0.0015679,-0.0998366,0.3007088,-0.3915738,-0.3219805,0.0000000,0.0000000,0.0000000,0.0590804,0.0000000,0.0000000,0.0000000,0.0000000,0.0564695,0.0000000
-0.0413571,0.0697220,-0.1461003,0.0000000,0.0000000,0.0000000,1.0000000,0.0021763,0.0016763,-0.0994553,0.3050722,-0.3900148,-0.3283487,-0.0021707,-0.0017363,-0.1007842,0.3022054,-0.3940423,-0.3236328,0.0000000,0.0000000,0.0000000,0.0590804,0.0000000,0.0000000,0.0000000,0.0000000,0.0564695,0.0000000
-0.0413571,0.0697220,-0.1463312,0.0000000,0.0000000,0.0000000,1.0000000,0.0021803,0.0018500,-0.1004329,0.3066361,-0.3925136,-0.3300660,-0.0021734,-0.0019101,-0.1017621,0.3037439,-0.3965885,-0.3253367,0.0000000,0.0000000,0.0000000,0.0590804,0.0000000,0.0000000,0.0000000,0.0000000,0.0564695,0.0000000
-0.0413571,0.0697220,-0.1465708,0.0000000,0.0000000,0.0000000,1.0000000,0.0021846,0.0020289,-0.1014395,0.3082469,-0.3951118,-0.3318335,-0.0021763,-0.0020891,-0.1027691,0.3053285,-0.3992116,-0.3270893,0.0000000,0.0000000,0.0000000,0.0590804,0.0000000,0.0000000,0.0000000,0.0000000,0.0564695,0.0000000
-0.0413571,0.0697220,-0.1468189,0.0000000,0.0000000,0.0000000,1.0000000,0.0021892,0.0022127,-0.1024739,0.3099025,-0.3977800,-0.3336483,-0.0021795,-0.0022730,-0.1038038,0.3069573,-0.4019079,-0.3288882,0.0000000,0.0000000,0.0000000,0.0590804,0.0000000,0.0000000,0.0000000,0.0000000,0.0564695,0.0000000
-0.0413571,0.0697220,-0.1470753,0.0000000,0.0000000,0.0000000,1.0000000,0.0021942,0.0024012,-0.1035346,0.3115871,-0.4005147,-0.3355081,-0.0021830,-0.0024616,-0.1048649,0.3086281,-0.4046712,-0.3307316,0.0000000,0.0000000,0.0000000,0.0590804,0.0000000,0.0000000,0.0000000,0.0000000,0.0564695,0.0000000
-0.0413571,0.0697220,-0.1473399,0.0000000,0.0000000,0.0000000,1.0000000,0.0021994,0.0025941,-0.1046204,0.3133110,-0.4033123,-0.3374103,-0.0021868,-0.0026547,-0.1059511,0.3103372,-0.4074981,-0.3326169,0.0000000,0.0000000,0.0000000,0.0590804,0.0000000,0.0000000,0.0000000,0.0000000,0.0564695,0.0000000
-0.0413571,0.0697220,-0.1476124,0.0000000,0.0000000,0.0000000,1.0000000,0.0022050,0.0027912,-0.1057298,0.3150729,-0.4061689,-0.3393523,-0.0021908,-0.0028519,-0.1070609,0.3120702,-0.4103846,-0.3345416,0.0000000,0.0000000,0.0000000,0.0590804,0.0000000,0.0000000,0.0000000,0.0000000,0.0564695,0.0000000
-0.0413571,0.0697220,-0.1478927,0.0000000,0.0000000,0.0000000,1.0000000,0.0022110,0.0029923,-0.1068614,0.3168706,-0.4090808,-0.3413316,-0.0021952,-0.0030531,-0.1081928,0.3138383,-0.4133270,-0.3365032,0.0000000,0.0000000,0.0000000,0.0590804,0.0000000,0.0000000,0.0000000,0.0000000,0.0564695,0.0000000
-0.0413571,0.0697220,-0.1481806,0.0000000,0.0000000,0.0000000,1.0000000,0.0022172,0.0031970,-0.1080137,0.3187017,-0.4120456,-0.3433451,-0.0021999,-0.0032579,-0.1093455,0.3156393,-0.4163213,-0.3384989,0.0000000,0.0000000,0.0000000,0.0590804,0.0000000,0.0000000,0.0000000,0.0000000,0.0564695,0.0000000
-0.0413571,0.0697220,-0.1484757,0.0000000,0.0000000,0.0000000,1.0000000,0.0022239,0.0034051,-0.1091852,0.3205484,-0.4150612,-0.3453895,-0.0022049,-0.0034662,-0.1105174,0.3174710,-0.4193636,-0.3405263,0.0000000,0.0000000,0.0000000,0.0590804,0.0000000,0.0000000,0.0000000,0.0000000,0.0564695,0.0000000
-0.0413571,0.0697220,-0.1487778,0.0000000,0.0000000,0.0000000,1.0000000,0.0022309,0.0036164,-0.1103744,0.3224232,-0.4181204,-0.3474631,-0.0022103,-0.0036776,-0.1117070,0.3193273,-0.4224501,-0.3425826,0.0000000,0.0000000,0.0000000,0.0590804,0.0000000,0.0000000,0.0000000,0.0000000,0.0564695,0.0000000
-0.0413571,0.0697220,-0.1490867,0.0000000,0.0000000,0.0000000,1.0000000,0.0022382,0.0038305,-0.1115799,0.3243242,-0.4212194,-0.3495633,-0.0022160,-0.0038919,-0.1129129,0.3211964,-0.4255767,-0.3446652,0.0000000,0.0000000,0.0000000,0.0590804,0.0000000,0.0000000,0.0000000,0.0000000,0.0564695,0.0000000
-0.0413571,0.0697220,-0.1494020,0.0000000,0.0000000,0.0000000,1.0000000,0.0022459,0.0040473,-0.1128002,0.3262493,-0.4243543,-0.3516873,-0.0022220,-0.0041088,-0.1141336,0.3230890,-0.4287397,-0.3467714,0.0000000,0.0000000,0.0000000,0.0590804,0.0000000,0.0000000,0.0000000,0.0000000,0.0564695,0.0000000
-0.0413571,0.0697220,-0.1497236,0.0000000,0.0000000,0.0000000,1.0000000,0.0022539,0.0042664,-0.1140337,0.3281899,-0.4275212,-0.3538325,-0.0022283,-0.0043280,-0.1153676,0.3250029,-0.4319349,-0.3488988,0.0000000,0.0000000,0.0000000,0.0590804,0.0000000,0.0000000,0.0000000,0.0000000,0.0564695,0.0000000
-0.0413571,0.0697220,-0.1500510,0.0000000,0.0000000,0.0000000,1.0000000,0.0022623,0.0044876,-0.1152791,0.3301388,-0.4307163,-0.3559963,-0.0022350,-0.0045493,-0.1166133,0.3269358,-0.4351587,-0.3510446,0.0000000,0.0000000,0.0000000,0.0590804,0.0000000,0.0000000,0.0000000,0.0000000,0.0564695,0.0000000
-0.0413571,0.0697220,-0.1503841,0.0000000,0.0000000,0.0000000,1.0000000,0.0022711,0.0047106,-0.1165347,0.3321047,-0.4339357,-0.3581762,-0.0022420,-0.0047725,-0.1178694,0.3288746,-0.4384137,-0.3532065,0.0000000,0.0000000,0.0000000,0.0590804,0.0000000,0.0000000,0.0000000,0.0000000,0.0564695,0.0000000
-0.0413571,0.0697220,-0.1507224,0.0000000,0.0000000,0.0000000,1.0000000,0.0022802,0.0049352,-0.1177993,0.3340851,-0.4371757,-0.3603695,-0.0022494,-0.0049972,-0.1191344,0.3308212,-0.4418757,-0.3553849,0.0000000,0.0000000,0.0000000,0.0590804,0.0000000,0.0000000,0.0000000,0.0000000,0.0564695,0.0000000
-0.0413571,0.0697220,-0.1510656,0.0000000,0.0000000,0.0000000,1.0000000,0.0022896,0.0051611,-0.1190712,0.3360780,-0.4405588,-0.3625754,-0.0022571,-0.0052233,-0.1204068,0.3327800,-0.4453557,-0.3575741,0.0000000,0.0000000,0.0000000,0.0590804,0.0000000,0.0000000,0.0000000,0.0000000,0.0564695,0.0000000
-0.0413571,0.0697220,-0.1514134,0.0000000,0.0000000,0.0000000,1.0000000,0.0022994,0.0053881,-0.1203492,0.3380659,-0.4440218,-0.3647905,-0.0022651,-0.0054504,-0.1216852,0.3347488,-0.4488498,-0.3597716,0.0000000,0.0000000,0.0000000,0.0590804,0.0000000,0.0000000,0.0000000,0.0000000,0.0564695,0.0000000
-0.0413571,0.0697220,-0.1517656,0.0000000,0.0000000,0.0000000,1.0000000,0.0023095,0.0056158,-0.1216317,0.3400603,-0.4474949,-0.3670116,-0.0022734,-0.0056783,-0.1229682,0.3367230,-0.4523542,-0.3619750,0.0000000,0.0000000,0.0000000,0.0590804,0.0000000,0.0000000,0.0000000,0.0000000,0.0564695,0.0000000
-0.0413571,0.0697220,-0.1521216,0.0000000,0.0000000,0.0000000,1.0000000,0.0023199,0.0058442,-0.1229175,0.3420605,-0.4509742,-0.3692361,-0.0022821,-0.0059067,-0.1242545,0.3386887,-0.4558651,-0.3641820,0.0000000,0.0000000,0.0000000,0.0590804,0.0000000,0.0000000,0.0000000,0.0000000,0.0564695,0.0000000
-0.0413571,0.0697220,-0.1524812,0.0000000,0.0000000,0.0000000,1.0000000,0.0023306,0.0060728,-0.1242052,0.3440644,-0.4544562,-0.3714618,-0.0022911,-0.0061355,-0.1255426,0.3406580,-0.4593789,-0.3663901,0.0000000,0.0000000,0.0000000,0.0590804,0.0000000,0.0000000,0.0000000,0.0000000,0.0564695,0.0000000
-0.0413571,0.0697220,-0.1528440,0.0000000,0.0000000,0.0000000,1.0000000,0.0023417,0.0063015,-0.1254933,0.3460611,-0.4579373,-0.3736865,-0.0023004,-0.0063644,-0.1268312,0.3426290,-0.4628919,-0.3685972,0.0000000,0.0000000,0.0000000,0.0590804,0.0000000,0.0000000,0.0000000,0.0000000,0.0564695,0.0000000
-0.0413571,0.0697220,-0.1532096,0.0000000,0.0000000,0.0000000,1.0000000,0.0023530,0.0065301,-0.1267807,0.3480497,-0.4614140,-0.3759077,-0.0023099,-0.0065931,-0.1281191,0.3445996,-0.4664005,-0.3708010,0.0000000,0.0000000,0.0000000,0.0590804,0.0000000,0.0000000,0.0000000,0.0000000,0.0564695,0.0000000
-0.0413571,0.0697220,-0.1535777,0.0000000,0.0000000,0.0000000,1.0000000,0.0023646,0.0067583,-0.1280661,0.3500360,-0.4648828,-0.3781235,-0.0023198,-0.0068214,-0.1294049,0.3465559,-0.4699015,-0.3729994,0.0000000,0.0000000,0.0000000,0.0590804,0.0000000,0.0000000,0.0000000,0.0000000,0.0564695,0.0000000
-0.0413571,0.0697220,-0.1539479,0.0000000,0.0000000,0.0000000,1.0000000,0.0023765,0.0069859,-0.1293482,0.3520180,-0.4683404,-0.3803316,-0.0023299,-0.0070492,-0.1306874,0.3485030,-0.4733953,-0.3751922,0.0000000,0.0000000,0.0000000,0.0590804,0.0000000,0.0000000,0.0000000,0.0000000,0.0564695,0.0000000
-0.0413571,0.0697220,-0.1543198,0.0000000,0.0000000,0.0000000,1.0000000,0.0023886,0.0072127,-0.1306257,0.3539919,-0.4717837,-0.3825301,-0.0023403,-0.0072761,-0.1319655,0.3504441,-0.4768774,-0.3773767,0.0000000,0.0000000,0.0000000,0.0590804,0.0000000,0.0000000,0.0000000,0.0000000,0.0564695,0.0000000
-0.0413571,0.0697220,-0.1546931,0.0000000,0.0000000,0.0000000,1.0000000,0.0024010,0.0074384,-0.1318976,0.3559439,-0.4752094,-0.3847168,-0.0023509,-0.0075020,-0.1332378,0.3523773,-0.4803416,-0.3795494,0.0000000,0.0000000,0.0000000,0.0590804,0.0000000,0.0000000,0.0000000,0.0000000,0.0564695,0.0000000
-0.0413571,0.0697220,-0.1550673,0.0000000,0.0000000,0.0000000,1.0000000,0.0024135,0.0076629,-0.1331625,0.3578861,-0.4786145,-0.3868899,-0.0023617,-0.0077267,-0.1345032,0.3542978,-0.4837849,-0.3817085,0.0000000,0.0000000,0.0000000,0.0590804,0.0000000,0.0000000,0.0000000,0.0000000,0.0564695,0.0000000
-0.0413571,0.0697220,-0.1554421,0.0000000,0.0000000,0.0000000,1.0000000,0.0024263,0.0078860,-0.1344195,0.3598168,-0.4819960,-0.3890475,-0.0023728,-0.0079499,-0.1357607,0.3561938,-0.4872809,-0.3838529,0.0000000,0.0000000,0.0000000,0.0590804,0.0000000,0.0000000,0.0000000,0.0000000,0.0564695,0.0000000
-0.0413571,0.0697220,-0.1558171,0.0000000,0.0000000,0.0000000,1.0000000,0.0024393,0.0081075,-0.1356674,0.3617344,-0.4853527,-0.3911889,-0.0023841,-0.0081715,-0.1370091,0.3580769,-0.4909034,-0.3859820,0.0000000,0.0000000,0.0000000,0.0590804,0.0000000,0.0000000,0.0000000,0.0000000,0.0564695,0.0000000
-0.0413571,0.0697220,-0.1561919,0.0000000,0.0000000,0.0000000,1.0000000,0.0024524,0.0083271,-0.1369052,0.3636278,-0.4888609,-0.3933148,-0.0023955,-0.0083912,-0.1382473,0.3599454,-0.4944941,-0.3880917,0.0000000,0.0000000,0.0000000,0.0590804,0.0000000,0.0000000,0.0000000,0.0000000,0.0564695,0.0000000
-0.0413571,0.0697220,-0.1565661,0.0000000,0.0000000,0.0000000,1.0000000,0.0024657,0.0085447,-0.1381317,0.3654984,-0.4923836,-0.3954200,-0.0024071,-0.0086090,-0.1394743,0.3617978,-0.4980502,-0.3901806,0.0000000,0.0000000,0.0000000,0.0590804,0.0000000,0.0000000,0.0000000,0.0000000,0.0564695,0.0000000
-0.0413571,0.0697220,-0.1569394,0.0000000,0.0000000,0.0000000,1.0000000,0.0024792,0.0087602,-0.1393461,0.3673512,-0.4958690,-0.3975023,-0.0024189,-0.0088246,-0.1406891,0.3636251,-0.5015690,-0.3922468,0.0000000,0.0000000,0.0000000,0.0590804,0.0000000,0.0000000,0.0000000,0.0000000,0.0564695,0.0000000
-0.0413571,0.0697220,-0.1573113,0.0000000,0.0000000,0.0000000,1.0000000,0.0024927,0.0089733,-0.1405473,0.3691846,-0.4993145,-0.3995603,-0.0024308,-0.0090379,-0.1418908,0.3654260,-0.5050476,-0.3942890,0.0000000,0.0000000,0.0000000,0.0590804,0.0000000,0.0000000,0.0000000,0.0000000,0.0564695,0.0000000
-0.0413571,0.0697220,-0.1576815,0.0000000,0.0000000,0.0000000,1.0000000,0.0025063,0.0091839,-0.1417344,0.3709974,-0.5027174,-0.4015924,-0.0024428,-0.0092486,-0.1430783,0.3672066,-0.5084834,-0.3963054,0.0000000,0.0000000,0.0000000,0.0590804,0.0000000,0.0000000,0.0000000,0.0000000,0.0564695,0.0000000
-0.0413571,0.0697220,-0.1580496,0.0000000,0.0000000,0.0000000,1.0000000,0.0025201,0.0093918,-0.1429065,0.3727763,-0.5060754,-0.4035971,-0.0024549,-0.0094566,-0.1442509,0.3689653,-0.5118739,-0.3982947,0.0000000,0.0000000,0.0000000,0.0590804,0.0000000,0.0000000,0.0000000,0.0000000,0.0564695,0.0000000
-0.0413571,0.0697220,-0.1584152,0.0000000,0.0000000,0.0000000,1.0000000,0.0025338,0.0095969,-0.1440627,0.3745297,-0.5093859,-0.4055730,-0.0024671,-0.0096618,-0.1454076,0.3707010,-0.5152167,-0.4002555,0.0000000,0.0000000,0.0000000,0.0590804,0.0000000,0.0000000,0.0000000,0.0000000,0.0564695,0.0000000
-0.0413571,0.0697220,-0.1587780,0.0000000,0.0000000,0.0000000,1.0000000,0.0025476,0.0097990,-0.1452022,0.3762585,-0.5126467,-0.4075188,-0.0024794,-0.0098641,-0.1465475,0.3724045,-0.5185095,-0.4021864,0.0000000,0.0000000,0.0000000,0.0590804,0.0000000,0.0000000,0.0000000,0.0000000,0.0564695,0.0000000
-0.0413571,0.0697220,-0.1591376,0.0000000,0.0000000,0.0000000,1.0000000,0.0025614,0.0099980,-0.1463241,0.3779614,-0.5158555,-0.4094331,-0.0024917,-0.0100632,-0.1476699,0.3740760,-0.5217500,-0.4040861,0.0000000,0.0000000,0.0000000,0.0590804,0.0000000,0.0000000,0.0000000,0.0000000,0.0564695,0.0000000
-0.0413571,0.0697220,-0.1594936,0.0000000,0.0000000,0.0000000,1.0000000,0.0025753,0.0101937,-0.1474278,0.3796372,-0.5190103,-0.4113147,-0.0025040,-0.0102590,-0.1487740,0.3757209,-0.5249360,-0.4059534,0.0000000,0.0000000,0.0000000,0.0590804,0.0000000,0.0000000,0.0000000,0.0000000,0.0564695,0.0000000
-0.0413571,0.0697220,-0.1598457,0.0000000,0.0000000,0.0000000,1.0000000,0.0025890,0.0103860,-0.1485124,0.3812750,-0.5221090,-0.4131625,-0.0025163,-0.0104514,-0.1498590,0.3773380,-0.5280655,-0.4077872,0.0000000,0.0000000,0.0000000,0.0590804,0.0000000,0.0000000,0.0000000,0.0000000,0.0564695,0.0000000
-0.0413571,0.0697220,-0.1601936,0.0000000,0.0000000,0.0000000,1.0000000,0.0026028,0.0105748,-0.1495772,0.3828804,-0.5251497,-0.4149752,-0.0025286,-0.0106404,-0.1509242,0.3789263,-0.5311366,-0.4095862,0.0000000,0.0000000,0.0000000,0.0590804,0.0000000,0.0000000,0.0000000,0.0000000,0.0564695,0.0000000
-0.0413571,0.0697220,-0.1605368,0.0000000,0.0000000,0.0000000,1.0000000,0.0026164,0.0107599,-0.1506215,0.3844556,-0.5281305,-0.4167519,-0.0025408,-0.0108256,-0.1519690,0.3804828,-0.5341705,-0.4113497,0.0000000,0.0000000,0.0000000,0.0590804,0.0000000,0.0000000,0.0000000,0.0000000,0.0564695,0.0000000
-0.0413571,0.0697220,-0.1608751,0.0000000,0.0000000,0.0000000,1.0000000,0.0026300,0.0109413,-0.1516448,0.3859995,-0.5310497,-0.4184915,-0.0025530,-0.0110071,-0.1529927,0.3819979,-0.5373511,-0.4130789,0.0000000,0.0000000,0.0000000,0.0590804,0.0000000,0.0000000,0.0000000,0.0000000,0.0564695,0.0000000
-0.0413571,0.0697220,-0.1612082,0.0000000,0.0000000,0.0000000,1.0000000,0.0026435,0.0111189,-0.1526463,0.3875113,-0.5339098,-0.4201930,-0.0025651,-0.0111848,-0.1539946,0.3834815,-0.5404627,-0.4147701,0.0000000,0.0000000,0.0000000,0.0590804,0.0000000,0.0000000,0.0000000,0.0000000,0.0564695,0.0000000
-0.0413571,0.0697220,-0.1615356,0.0000000,0.0000000,0.0000000,1.0000000,0.0026569,0.0112925,-0.1536255,0.3889886,-0.5369222,-0.4218571,-0.0025771,-0.0113585,-0.1549742,0.3849325,-0.5435037,-0.4164226,0.0000000,0.0000000,0.0000000,0.0590804,0.0000000,0.0000000,0.0000000,0.0000000,0.0564695,0.0000000
-0.0413571,0.0697220,-0.1618572,0.0000000,0.0000000,0.0000000,1.0000000,0.0026701,0.0114620,-0.1545819,0.3904227,-0.5398629,-0.4234812,-0.0025890,-0.0115281,-0.1559310,0.3863502,-0.5464725,-0.4180354,0.0000000,0.0000000,0.0000000,0.0590804,0.0000000,0.0000000,0.0000000,0.0000000,0.0564695,0.0000000
-0.0413571,0.0697220,-0.1621725,0.0000000,0.0000000,0.0000000,1.0000000,0.0026831,0.0116273,-0.1555149,0.3918223,-0.5427306,-0.4250646,-0.0026008,-0.0116935,-0.1568644,0.3877337,-0.5493675,-0.4196077,0.0000000,0.0000000,0.0000000,0.0590804,0.0000000,0.0000000,0.0000000,0.0000000,0.0564695,0.0000000
-0.0413571,0.0697220,-0.1624814,0.0000000,0.0000000,0.0000000,1.0000000,0.0026960,0.0117884,-0.1564240,0.3931865,-0.5455237,-0.4266065,-0.0026124,-0.0118548,-0.1577739,0.3890820,-0.5521874,-0.4211389,0.0000000,0.0000000,0.0000000,0.0590804,0.0000000,0.0000000,0.0000000,0.0000000,0.0564695,0.0000000
-0.0413571,0.0697220,-0.1627835,0.0000000,0.0000000,0.0000000,1.0000000,0.0027086,0.0119452,-0.1573088,0.3945147,-0.5482411,-0.4281063,-0.0026239,-0.0120116,-0.1586590,0.3903851,-0.5549343,-0.4226320,0.0000000,0.0000000,0.0000000,0.0590804,0.0000000,0.0000000,0.0000000,0.0000000,0.0564695,0.0000000
-0.0413571,0.0697220,-0.1630786,0.0000000,0.0000000,0.0000000,1.0000000,0.0027211,0.0120976,-0.1581689,0.3958062,-0.5508816,-0.4295633,-0.0026351,-0.0121641,-0.1595194,0.3916522,-0.5576054,-0.4240847,0.0000000,0.0000000,0.0000000,0.0590804,0.0000000,0.0000000,0.0000000,0.0000000,0.0564695,0.0000000
-0.0413571,0.0697220,-0.1633664,0.0000000,0.0000000,0.0000000,1.0000000,0.0027333,0.0122455,-0.1590038,0.3970604,-0.5534439,-0.4309770,-0.0026462,-0.0123122,-0.1603547,0.3928827,-0.5601976,-0.4254940,0.0000000,0.0000000,0.0000000,0.0590804,0.0000000,0.0000000,0.0000000,0.0000000,0.0564695,0.0000000
-0.0413571,0.0697220,-0.1636467,0.0000000,0.0000000,0.0000000,1.0000000,0.0027452,0.0123889,-0.1598132,0.3982714,-0.5559273,-0.4323468,-0.0026571,-0.0124557,-0.1611645,0.3940760,-0.5627097,-0.4268596,0.0000000,0.0000000,0.0000000,0.0590804,0.0000000,0.0000000,0.0000000,0.0000000,0.0564695,0.0000000
-0.0413571,0.0697220,-0.1639193,0.0000000,0.0000000,0.0000000,1.0000000,0.0027569,0.0125278,-0.1605969,0.3994402,-0.5583306,-0.4336722,-0.0026677,-0.0125946,-0.1619485,0.3952316,-0.5651408,-0.4281808,0.0000000,0.0000000,0.0000000,0.0590804,0.0000000,0.0000000,0.0000000,0.0000000,0.0564695,0.0000000
-0.0413571,0.0697220,-0.1641839,0.0000000,0.0000000,0.0000000,1.0000000,0.0027683,0.0126620,-0.1613544,0.4005704,-0.5606533,-0.4349529,-0.0026780,-0.0127288,-0.1627063,0.3963491,-0.5674902,-0.4294573,0.0000000,0.0000000,0.0000000,0.0590804,0.0000000,0.0000000,0.0000000,0.0000000,0.0564695,0.0000000
-0.0413571,0.0697220,-0.1644403,0.0000000,0.0000000,0.0000000,1.0000000,0.0027794,0.0127915,-0.1620856,0.4016617,-0.5628945,-0.4361884,-0.0026881,-0.0128585,-0.1634378,0.3974281,-0.5697572,-0.4306888,0.0000000,0.0000000,0.0000000,0.0590804,0.0000000,0.0000000,0.0000000,0.0000000,0.0564695,0.0000000
-0.0413571,0.0697220,-0.1646884,0.0000000,0.0000000,0.0000000,1.0000000,0.0027901,0.0129163,-0.1627903,0.4027136,-0.5650537,-0.4373786,-0.0026980,-0.0129833,-0.1641428,0.3984631,-0.5719413,-0.4318750,0.0000000,0.0000000,0.0000000,0.0590804,0.0000000,0.0000000,0.0000000,0.0000000,0.0564695,0.0000000
-0.0413571,0.0697220,-0.1649280,0.0000000,0.0000000,0.0000000,1.0000000,0.0028006,0.0130364,-0.1634682,0.4037260,-0.5671311,-0.4385241,-0.0027075,-0.0131035,-0.1648210,0.3994561,-0.5740418,-0.4330156,0.0000000,0.0000000,0.0000000,0.0590804,0.0000000,0.0000000,0.0000000,0.0000000,0.0564695,0.0000000
-0.0413571,0.0697220,-0.1651589,0.0000000,0.0000000,0.0000000,1.0000000,0.0028107,0.0131517,-0.1641193,0.4046984,-0.5691283,-0.4396273,-0.0027167,-0.0132189,-0.1654724,0.4004100,-0.5760586,-0.4341105,0.0000000,0.0000000,0.0000000,0.0590804,0.0000000,0.0000000,0.0000000,0.0000000,0.0564695,0.0000000
-0.0413571,0.0697220,-0.1653810,0.0000000,0.0000000,0.0000000,1.0000000,0.0028205,0.0132622,-0.1647434,0.4056309,-0.5710422,-0.4406845,-0.0027256,-0.0133295,-0.1660968,0.4013246,-0.5779913,-0.4351596,0.0000000,0.0000000,0.0000000,0.0590804,0.0000000,0.0000000,0.0000000,0.0000000,0.0564695,0.0000000
-0.0413571,0.0697220,-0.1655942,0.0000000,0.0000000,0.0000000,1.0000000,0.0028299,0.0133679,-0.1653405,0.4065220,-0.5728727,-0.4416953,-0.0027343,-0.0134353,-0.1666941,0.4021998,-0.5798398,-0.4361628,0.0000000,0.0000000,0.0000000,0.0590804,0.0000000,0.0000000,0.0000000,0.0000000,0.0564695,0.0000000
-0.0413571,0.0697220,-0.1657983,0.0000000,0.0000000,0.0000000,1.0000000,0.0028389,0.0134689,-0.1659105,0.4073682,-0.5746199,-0.4426600,-0.0027425,-0.0135363,-0.1672643,0.4030356,-0.5816041,-0.4371202,0.0000000,0.0000000,0.0000000,0.0590804,0.0000000,0.0000000,0.0000000,0.0000000,0.0564695,0.0000000
-0.0413571,0.0697220,-0.1659934,0.0000000,0.0000000,0.0000000,1.0000000,0.0028476,0.0135650,-0.1664535,0.4081743,-0.5762837,-0.4435786,-0.0027505,-0.0136325,-0.1678076,0.4038319,-0.5834357,-0.4380330,0.0000000,0.0000000,0.0000000,0.0590804,0.0000000,0.0000000,0.0000000,0.0000000,0.0564695,0.0000000
-0.0413571,0.0697220,-0.1661793,0.0000000,0.0000000,0.0000000,1.0000000,0.0028559,0.0136564,-0.1669695,0.4089406,-0.5778645,-0.4444512,-0.0027580,-0.0137239,-0.1683238,0.4045888,-0.5851784,-0.4389002,0.0000000,0.0000000,0.0000000,0.0590804,0.0000000,0.0000000,0.0000000,0.0000000,0.0564695,0.0000000
-0.0413571,0.0697220,-0.1663559,0.0000000,0.0000000,0.0000000,1.0000000,0.0028638,0.0137430,-0.1674586,0.4096672,-0.5793626,-0.4452780,-0.0027653,-0.0138105,-0.1688131,0.4053064,-0.5868299,-0.4397219,0.0000000,0.0000000,0.0000000,0.0590804,0.0000000,0.0000000,0.0000000,0.0000000,0.0564695,0.0000000
-0.0413571,0.0697220,-0.1665234,0.0000000,0.0000000,0.0000000,1.0000000,0.0028713,0.0138248,-0.1679210,0.4103541,-0.5807786,-0.4460594,-0.0027722,-0.0138925,-0.1692758,0.4059850,-0.5883910,-0.4404985,0.0000000,0.0000000,0.0000000,0.0590804,0.0000000,0.0000000,0.0000000,0.0000000,0.0564695,0.0000000
-0.0413571,0.0697220,-0.1666816,0.0000000,0.0000000,0.0000000,1.0000000,0.0028784,0.0139020,-0.1683569,0.4110018,-0.5821573,-0.4467960,-0.0027787,-0.0139697,-0.1697118,0.4066246,-0.5898622,-0.4412303,0.0000000,0.0000000,0.0000000,0.0590804,0.0000000,0.0000000,0.0000000,0.0000000,0.0564695,0.0000000
-0.0413571,0.0697220,-0.1668306,0.0000000,0.0000000,0.0000000,1.0000000,0.0028851,0.0139745,-0.1687665,0.4116105,-0.5835260,-0.4474883,-0.0027849,-0.0140422,-0.1701216,0.4072214,-0.5912444,-0.4419177,0.0000000,0.0000000,0.0000000,0.0590804,0.0000000,0.0000000,0.0000000,0.0000000,0.0564695,0.0000000
-0.0413571,0.0697220,-0.1669704,0.0000000,0.0000000,0.0000000,1.0000000,0.0028915,0.0140424,-0.1691500,0.4121806,-0.5848076,-0.4481365,-0.0027906,-0.0141102,-0.1705053,0.4077803,-0.5925386,-0.4425613,0.0000000,0.0000000,0.0000000,0.0590804,0.0000000,0.0000000,0.0000000,0.0000000,0.0564695,0.0000000
-0.0413571,0.0697220,-0.1671011,0.0000000,0.0000000,0.0000000,1.0000000,0.0028974,0.0141057,-0.1695079,0.4127127,-0.5860032,-0.4487411,-0.0027961,-0.0141735,-0.1708633,0.4083019,-0.5937460,-0.4431616,0.0000000,0.0000000,0.0000000,0.0590804,0.0000000,0.0000000,0.0000000,0.0000000,0.0564695,0.0000000
-0.0413571,0.0697220,-0.1672228,0.0000000,0.0000000,0.0000000,1.0000000,0.0029029,0.0141646,-0.1698404,0.4132071,-0.5871142,-0.4493028,-0.0028011,-0.0142325,-0.1711960,0.4087867,-0.5948680,-0.4437194,0.0000000,0.0000000,0.0000000,0.0590804,0.0000000,0.0000000,0.0000000,0.0000000,0.0564695,0.0000000
-0.0413571,0.0697220,-0.1673356,0.0000000,0.0000000,0.0000000,1.0000000,0.0029080,0.0142191,-0.1701482,0.4136647,-0.5881419,-0.4498224,-0.0028059,-0.0142870,-0.1715038,0.4092353,-0.5959059,-0.4442354,0.0000000,0.0000000,0.0000000,0.0590804,0.0000000,0.0000000,0.0000000,0.0000000,0.0564695,0.0000000
-0.0413571,0.0697220,-0.1674396,0.0000000,0.0000000,0.0000000,1.0000000,0.0029127,0.0142692,-0.1704315,0.4140861,-0.5890881,-0.4503008,-0.0028102,-0.0143371,-0.1717873,0.4096485,-0.5968615,-0.4447104,0.0000000,0.0000000,0.0000000,0.0590804,0.0000000,0.0000000,0.0000000,0.0000000,0.0564695,0.0000000
-0.0413571,0.0697220,-0.1675351,0.0000000,0.0000000,0.0000000,1.0000000,0.0029171,0.0143151,-0.1706910,0.4144721,-0.5899547,-0.4507388,-0.0028142,-0.0143831,-0.1720469,0.4100269,-0.5977367,-0.4451454,0.0000000,0.0000000,0.0000000,0.0590804,0.0000000,0.0000000,0.0000000,0.0000000,0.0564695,0.0000000
-0.0413571,0.0697220,-0.1676220,0.0000000,0.0000000,0.0000000,1.0000000,0.0029211,0.0143570,-0.1709273,0.4148237,-0.5907437,-0.4511377,-0.0028178,-0.0144249,-0.1722833,0.4103715,-0.5985335,-0.4455414,0.0000000,0.0000000,0.0000000,0.0590804,0.0000000,0.0000000,0.0000000,0.0000000,0.0564695,0.0000000
-0.0413571,0.0697220,-0.1677008,0.0000000,0.0000000,0.0000000,1.0000000,0.0029247,0.0143948,-0.1711410,0.4151417,-0.5914573,-0.4514983,-0.0028212,-0.0144628,-0.1724972,0.4106833,-0.5992543,-0.4458995,0.0000000,0.0000000,0.0000000,0.0590804,0.0000000,0.0000000,0.0000000,0.0000000,0.0564695,0.0000000
-0.0413571,0.0697220,-0.1677716,0.0000000,0.0000000,0.0000000,1.0000000,0.0029279,0.0144288,-0.1713330,0.4154251,-0.5920980,-0.4518221,-0.0028241,-0.0144968,-0.1726892,0.4109632,-0.5999013,-0.4462211,0.0000000,0.0000000,0.0000000,0.0590804,0.0000000,0.0000000,0.0000000,0.0000000,0.0564695,0.0000000
-0.0413571,0.0697220,-0.1678347,0.0000000,0.0000000,0.0000000,1.0000000,0.0029308,0.0144590,-0.1715038,0.4156775,-0.5926684,-0.4521104,-0.0028268,-0.0145270,-0.1728601,0.4112125,-0.6004774,-0.4465073,0.0000000,0.0000000,0.0000000,0.0590804,0.0000000,0.0000000,0.0000000,0.0000000,0.0564695,0.0000000
-0.0413571,0.0697220,-0.1678904,0.0000000,0.0000000,0.0000000,1.0000000,0.0029333,0.0144857,-0.1716545,0.4159001,-0.5931714,-0.4523646,-0.0028291,-0.0145537,-0.1730109,0.4114324,-0.6009855,-0.4467597,0.0000000,0.0000000,0.0000000,0.0590804,0.0000000,0.0000000,0.0000000,0.0000000,0.0564695,0.0000000
-0.0413571,0.0697220,-0.1679390,0.0000000,0.0000000,0.0000000,1.0000000,0.0029356,0.0145089,-0.1717860,0.4160943,-0.5936101,-0.4525863,-0.0028312,-0.0145770,-0.1731424,0.4116241,-0.6014285,-0.4469798,0.0000000,0.0000000,0.0000000,0.0590804,0.0000000,0.0000000,0.0000000,0.0000000,0.0564695,0.0000000
-0.0413571,0.0697220,-0.1679809,0.0000000,0.0000000,0.0000000,1.0000000,0.0029375,0.0145290,-0.1718991,0.4162614,-0.5939878,-0.4527772,-0.0028330,-0.0145971,-0.1732556,0.4117893,-0.6018100,-0.4471694,0.0000000,0.0000000,0.0000000,0.0590804,0.0000000,0.0000000,0.0000000,0.0000000,0.0564695,0.0000000
-0.0413571,0.0697220,-0.1680165,0.0000000,0.0000000,0.0000000,1.0000000,0.0029391,0.0145459,-0.1719951,0.4164032,-0.5943081,-0.4529390,-0.0028345,-0.0146140,-0.1733516,0.4119293,-0.6021335,-0.4473301,0.0000000,0.0000000,0.0000000,0.0590804,0.0000000,0.0000000,0.0000000,0.0000000,0.0564695,0.0000000
-0.0413571,0.0697220,-0.1680461,0.0000000,0.0000000,0.0000000,1.0000000,0.0029405,0.0145601,-0.1720750,0.4165213,-0.5945748,-0.4530738,-0.0028357,-0.0146282,-0.1734316,0.4120459,-0.6024029,-0.4474639,0.0000000,0.0000000,0.0000000,0.0590804,0.0000000,0.0000000,0.0000000,0.0000000,0.0564695,0.0000000
-0.0413571,0.0697220,-0.1680702,0.0000000,0.0000000,0.0000000,1.0000000,0.0029416,0.0145716,-0.1721401,0.4166174,-0.5947919,-0.4531835,-0.0028367,-0.0146397,-0.1734967,0.4121409,-0.6026222,-0.4475729,0.0000000,0.0000000,0.0000000,0.0590804,0.0000000,0.0000000,0.0000000,0.0000000,0.0564695,0.0000000
-0.0413571,0.0697220,-0.1680893,0.0000000,0.0000000,0.0000000,1.0000000,0.0029425,0.0145807,-0.1721916,0.4166936,-0.5949639,-0.4532704,-0.0028375,-0.0146488,-0.1735482,0.4122161,-0.6027959,-0.4476592,0.0000000,0.0000000,0.0000000,0.0590804,0.0000000,0.0000000,0.0000000,0.0000000,0.0564695,0.0000000
-0.0413571,0.0697220,-0.1681039,0.0000000,0.0000000,0.0000000,1.0000000,0.0029431,0.0145877,-0.1722310,0.4167518,-0.5950953,-0.4533368,-0.0028382,-0.0146558,-0.1735876,0.4122735,-0.6029287,-0.4477251,0.0000000,0.0000000,0.0000000,0.0590804,0.0000000,0.0000000,0.0000000,0.0000000,0.0564695,0.0000000
-0.0413571,0.0697220,-0.1681145,0.0000000,0.0000000,0.0000000,1.0000000,0.0029436,0.0145928,-0.1722597,0.4167942,-0.5951911,-0.4533852,-0.0028386,-0.0146609,-0.1736163,0.4123154,-0.6030254,-0.4477731,0.0000000,0.0000000,0.0000000,0.0590804,0.0000000,0.0000000,0.0000000,0.0000000,0.0564695,0.0000000
-0.0413571,0.0697220,-0.1681218,0.0000000,0.0000000,0.0000000,1.0000000,0.0029440,0.0145962,-0.1722793,0.4168230,-0.5952563,-0.4534181,-0.0028389,-0.0146644,-0.1736359,0.4123439,-0.6030913,-0.4478059,0.0000000,0.0000000,0.0000000,0.0590804,0.0000000,0.0000000,0.0000000,0.0000000,0.0564695,0.0000000
-0.0413571,0.0697220,-0.1681263,0.0000000,0.0000000,0.0000000,1.0000000,0.0029442,0.0145984,-0.1722913,0.4168409,-0.5952965,-0.4534385,-0.0028391,-0.0146665,-0.1736479,0.4123615,-0.6031319,-0.4478260,0.0000000,0.0000000,0.0000000,0.0590804,0.0000000,0.0000000,0.0000000,0.0000000,0.0564695,0.0000000
-0.0413571,0.0697220,-0.1681286,0.0000000,0.0000000,0.0000000,1.0000000,0.0029443,0.0145995,-0.1722976,0.4168501,-0.5953175,-0.4534491,-0.0028392,-0.0146676,-0.1736542,0.4123707,-0.6031531,-0.4478366,0.0000000,0.0000000,0.0000000,0.0590804,0.0000000,0.0000000,0.0000000,0.0000000,0.0564695,0.0000000
-0.0413571,0.0697220,-0.1681295,0.0000000,0.0000000,0.0000000,1.0000000,0.0029443,0.0145999,-0.1722999,0.4168536,-0.5953254,-0.4534530,-0.0028392,-0.0146680,-0.1736566,0.4123741,-0.6031610,-0.4478405,0.0000000,0.0000000,0.0000000,0.0590804,0.0000000,0.0000000,0.0000000,0.0000000,0.0564695,0.0000000
-0.0413571,0.0697220,-0.1681296,0.0000000,0.0000000,0.0000000,1.0000000,0.0029443,0.0146000,-0.1723003,0.4168541,-0.5953265,-0.4534536,-0.0028392,-0.0146681,-0.1736569,0.4123746,-0.6031622,-0.4478411,0.0000000,0.0000000,0.0000000,0.0590804,0.0000000,0.0000000,0.0000000,0.0000000,0.0564695,0.0000000
-0.0413571,0.0697220,-0.1681296,0.0000000,0.0000000,0.0000000,1.0000000,0.0029443,0.0146000,-0.1723003,0.4168541,-0.5953265,-0.4534536,-0.0028392,-0.0146681,-0.1736569,0.4123746,-0.6031622,-0.4478411,0.0000000,0.0000000,0.0000000,0.0590804,0.0000000,0.0000000,0.0000000,0.0000000,0.0564695,0.0000000
-0.0413571,0.0697220,-0.1681296,0.0000000,0.0000000,0.0000000,1.0000000,0.0029443,0.0146000,-0.1723003,0.4168541,-0.5953265,-0.4534536,-0.0028392,-0.0146681,-0.1736569,0.4123746,-0.6031622,-0.4478411,0.0000000,0.0000000,0.0000000,0.0590804,0.0000000,0.0000000,0.0000000,0.0000000,0.0564695,0.0000000
-0.0413571,0.0697220,-0.1681296,0.0000000,0.0000000,0.0000000,1.0000000,0.0029443,0.0146000,-0.1723003,0.4168541,-0.5953265,-0.4534536,-0.0028392,-0.0146681,-0.1736569,0.4123746,-0.6031622,-0.4478411,0.0000000,0.0000000,0.0000000,0.0590804,0.0000000,0.0000000,0.0000000,0.0000000,0.0564695,0.0000000
-0.0413571,0.0697220,-0.1681296,0.0000000,0.0000000,0.0000000,1.0000000,0.0029443,0.0146000,-0.1723003,0.4168541,-0.5953265,-0.4534536,-0.0028392,-0.0146681,-0.1736569,0.4123746,-0.6031622,-0.4478411,0.0000000,0.0000000,0.0000000,0.0590804,0.0000000,0.0000000,0.0000000,0.0000000,0.0564695,0.0000000
-0.0413571,0.0697220,-0.1681296,0.0000000,0.0000000,0.0000000,1.0000000,0.0029443,0.0146000,-0.1723003,0.4168541,-0.5953265,-0.4534536,-0.0028392,-0.0146681,-0.1736569,0.4123746,-0.6031622,-0.4478411,0.0000000,0.0000000,0.0000000,0.0590804,0.0000000,0.0000000,0.0000000,0.0000000,0.0564695,0.0000000
-0.0413571,0.0697220,-0.1681296,0.0000000,0.0000000,0.0000000,1.0000000,0.0029443,0.0146000,-0.1723003,0.4168541,-0.5953265,-0.4534536,-0.0028392,-0.0146681,-0.1736569,0.4123746,-0.6031622,-0.4478411,0.0000000,0.0000000,0.0000000,0.0590804,0.0000000,0.0000000,0.0000000,0.0000000,0.0564695,0.0000000
-0.0413571,0.0697220,-0.1681296,0.0000000,0.0000000,0.0000000,1.0000000,0.0029443,0.0146000,-0.1723003,0.4168541,-0.5953265,-0.4534536,-0.0028392,-0.0146681,-0.1736569,0.4123746,-0.6031622,-0.4478411,0.0000000,0.0000000,0.0000000,0.0590804,0.0000000,0.0000000,0.0000000,0.0000000,0.0564695,0.0000000
-0.0413571,0.0697220,-0.1681296,0.0000000,0.0000000,0.0000000,1.0000000,0.0029443,0.0146000,-0.1723003,0.4168541,-0.5953265,-0.4534536,-0.0028392,-0.0146681,-0.1736569,0.4123746,-0.6031622,-0.4478411,0.0000000,0.0000000,0.0000000,0.0590804,0.0000000,0.0000000,0.0000000,0.0000000,0.0564695,0.0000000
-0.0413571,0.0697220,-0.1681296,0.0000000,0.0000000,0.0000000,1.0000000,0.0029443,0.0146000,-0.1723003,0.4168541,-0.5953265,-0.4534536,-0.0028392,-0.0146681,-0.1736569,0.4123746,-0.6031622,-0.4478411,0.0000000,0.0000000,0.0000000,0.0590804,0.0000000,0.0000000,0.0000000,0.0000000,0.0564695,0.0000000
-0.0413571,0.0697220,-0.1681296,0.0000000,0.0000000,0.0000000,1.0000000,0.0029443,0.0146000,-0.1723003,0.4168541,-0.5953265,-0.4534536,-0.0028392,-0.0146681,-0.1736569,0.4123746,-0.6031622,-0.4478411,0.0000000,0.0000000,0.0000000,0.0590804,0.0000000,0.0000000,0.0000000,0.0000000,0.0564695,0.0000000
-0.0413571,0.0697220,-0.1681296,0.0000000,0.0000000,0.0000000,1.0000000,0.0029443,0.0146000,-0.1723003,0.4168541,-0.5953265,-0.4534536,-0.0028392,-0.0146681,-0.1736569,0.4123746,-0.6031622,-0.4478411,0.0000000,0.0000000,0.0000000,0.0590804,0.0000000,0.0000000,0.0000000,0.0000000,0.0564695,0.0000000
-0.0413571,0.0697220,-0.1681296,0.0000000,0.0000000,0.0000000,1.0000000,0.0029443,0.0146000,-0.1723003,0.4168541,-0.5953265,-0.4534536,-0.0028392,-0.0146681,-0.1736569,0.4123746,-0.6031622,-0.4478411,0.0000000,0.0000000,0.0000000,0.0590804,0.0000000,0.0000000,0.0000000,0.0000000,0.0564695,0.0000000
-0.0413571,0.0697220,-0.1681296,0.0000000,0.0000000,0.0000000,1.0000000,0.0029443,0.0146000,-0.1723003,0.4168541,-0.5953265,-0.4534536,-0.0028392,-0.0146681,-0.1736569,0.4123746,-0.6031622,-0.4478411,0.0000000,0.0000000,0.0000000,0.0590804,0.0000000,0.0000000,0.0000000,0.0000000,0.0564695,0.0000000
-0.0413571,0.0697220,-0.1681296,0.0000000,0.0000000,0.0000000,1.0000000,0.0029443,0.0146000,-0.1723003,0.4168541,-0.5953265,-0.4534536,-0.0028392,-0.0146681,-0.1736569,0.4123746,-0.6031622,-0.4478411,0.0000000,0.0000000,0.0000000,0.0590804,0.0000000,0.0000000,0.0000000,0.0000000,0.0564695,0.0000000
-0.0413571,0.0697220,-0.1681296,0.0000000,0.0000000,0.0000000,1.0000000,0.0029443,0.0146000,-0.1723003,0.4168541,-0.5953265,-0.4534536,-0.0028392,-0.0146681,-0.1736569,0.4123746,-0.6031622,-0.4478411,0.0000000,0.0000000,0.0000000,0.0590804,0.0000000,0.0000000,0.0000000,0.0000000,0.0564695,0.0000000
-0.0413571,0.0697220,-0.1681296,0.0000000,0.0000000,0.0000000,1.0000000,0.0029443,0.0146000,-0.1723003,0.4168541,-0.5953265,-0.4534536,-0.0028392,-0.0146681,-0.1736569,0.4123746,-0.6031622,-0.4478411,0.0000000,0.0000000,0.0000000,0.0590804,0.0000000,0.0000000,0.0000000,0.0000000,0.0564695,0.0000000
-0.0413571,0.0697220,-0.1681296,0.0000000,0.0000000,0.0000000,1.0000000,0.0029443,0.0146000,-0.1723003,0.4168541,-0.5953265,-0.4534536,-0.0028392,-0.0146681,-0.1736569,0.4123746,-0.6031622,-0.4478411,0.0000000,0.0000000,0.0000000,0.0590804,0.0000000,0.0000000,0.0000000,0.0000000,0.0564695,0.0000000
-0.0413571,0.0697220,-0.1681296,0.0000000,0.0000000,0.0000000,1.0000000,0.0029443,0.0146000,-0.1723003,0.4168541,-0.5953265,-0.4534536,-0.0028392,-0.0146681,-0.1736569,0.4123746,-0.6031622,-0.4478411,0.0000000,0.0000000,0.0000000,0.0590804,0.0000000,0.0000000,0.0000000,0.0000000,0.0564695,0.0000000
-0.0413571,0.0697220,-0.1681296,0.0000000,0.0000000,0.0000000,1.0000000,0.0029443,0.0146000,-0.1723003,0.4168541,-0.5953265,-0.4534536,-0.0028392,-0.0146681,-0.1736569,0.4123746,-0.6031622,-0.4478411,0.0000000,0.0000000,0.0000000,0.0590804,0.0000000,0.0000000,0.0000000,0.0000000,0.0564695,0.0000000
-0.0413571,0.0697220,-0.1681296,0.0000000,0.0000000,0.0000000,1.0000000,0.0029443,0.0146000,-0.1723003,0.4168541,-0.5953265,-0.4534536,-0.0028392,-0.0146681,-0.1736569,0.4123746,-0.6031622,-0.4478411,0.0000000,0.0000000,0.0000000,0.0590804,0.0000000,0.0000000,0.0000000,0.0000000,0.0564695,0.0000000
-0.0413571,0.0697220,-0.1681296,0.0000000,0.0000000,0.0000000,1.0000000,0.0029443,0.0146000,-0.1723003,0.4168541,-0.5953265,-0.4534536,-0.0028392,-0.0146681,-0.1736569,0.4123746,-0.6031622,-0.4478411,0.0000000,0.0000000,0.0000000,0.0590804,0.0000000,0.0000000,0.0000000,0.0000000,0.0564695,0.0000000
-0.0413571,0.0697220,-0.1681296,0.0000000,0.0000000,0.0000000,1.0000000,0.0029443,0.0146000,-0.1723003,0.4168541,-0.5953265,-0.4534536,-0.0028392,-0.0146681,-0.1736569,0.4123746,-0.6031622,-0.4478411,0.0000000,0.0000000,0.0000000,0.0590804,0.0000000,0.0000000,0.0000000,0.0000000,0.0564695,0.0000000
-0.0413571,0.0697220,-0.1681296,0.0000000,0.0000000,0.0000000,1.0000000,0.0029443,0.0146000,-0.1723003,0.4168541,-0.5953265,-0.4534536,-0.0028392,-0.0146681,-0.1736569,0.4123746,-0.6031622,-0.4478411,0.0000000,0.0000000,0.0000000,0.0590804,0.0000000,0.0000000,0.0000000,0.0000000,0.0564695,0.0000000
-0.0413571,0.0697220,-0.1681296,0.0000000,0.0000000,0.0000000,1.0000000,0.0029443,0.0146000,-0.1723003,0.4168541,-0.5953265,-0.4534536,-0.0028392,-0.0146681,-0.1736569,0.4123746,-0.6031622,-0.4478411,0.0000000,0.0000000,0.0000000,0.0590804,0.0000000,0.0000000,0.0000000,0.0000000,0.0564695,0.0000000
-0.0413571,0.0697220,-0.1681296,0.0000000,0.0000000,0.0000000,1.0000000,0.0029443,0.0146000,-0.1723003,0.4168541,-0.5953265,-0.4534536,-0.0028392,-0.0146681,-0.1736569,0.4123746,-0.6031622,-0.4478411,0.0000000,0.0000000,0.0000000,0.0590804,0.0000000,0.0000000,0.0000000,0.0000000,0.0564695,0.0000000
-0.0413571,0.0697220,-0.1681296,0.0000000,0.0000000,0.0000000,1.0000000,0.0029443,0.0146000,-0.1723003,0.4168541,-0.5953265,-0.4534536,-0.0028392,-0.0146681,-0.1736569,0.4123746,-0.6031622,-0.4478411,0.0000000,0.0000000,0.0000000,0.0590804,0.0000000,0.0000000,0.0000000,0.0000000,0.0564695,0.0000000
-0.0413571,0.0697220,-0.1681296,0.0000000,0.0000000,0.0000000,1.0000000,0.0029443,0.0146000,-0.1723003,0.4168541,-0.5953265,-0.4534536,-0.0028392,-0.0146681,-0.1736569,0.4123746,-0.6031622,-0.4478411,0.0000000,0.0000000,0.0000000,0.0590804,0.0000000,0.0000000,0.0000000,0.0000000,0.0564695,0.0000000
-0.0413571,0.0697220,-0.1681296,0.0000000,0.0000000,0.0000000,1.0000000,0.0029443,0.0146000,-0.1723003,0.4168541,-0.5953265,-0.4534536,-0.0028392,-0.0146681,-0.1736569,0.4123746,-0.6031622,-0.4478411,0.0000000,0.0000000,0.0000000,0.0590804,0.0000000,0.0000000,0.0000000,0.0000000,0.0564695,0.0000000
-0.0413571,0.0697220,-0.1681296,0.0000000,0.0000000,0.0000000,1.0000000,0.0029443,0.0146000,-0.1723003,0.4168541,-0.5953265,-0.4534536,-0.0028392,-0.0146681,-0.1736569,0.4123746,-0.6031622,-0.4478411,0.0000000,0.0000000,0.0000000,0.0590804,0.0000000,0.0000000,0.0000000,0.0000000,0.0564695,0.0000000
-0.0413571,0.0697220,-0.1681296,0.0000000,0.0000000,0.0000000,1.0000000,0.0029443,0.0146000,-0.1723003,0.4168541,-0.5953265,-0.4534536,-0.0028392,-0.0146681,-0.1736569,0.4123746,-0.6031622,-0.4478411,0.0000000,0.0000000,0.0000000,0.0590804,0.0000000,0.0000000,0.0000000,0.0000000,0.0564695,0.0000000
-0.0413571,0.0697220,-0.1681296,0.0000000,0.0000000,0.0000000,1.0000000,0.0029443,0.0146000,-0.1723003,0.4168541,-0.5953265,-0.4534536,-0.0028392,-0.0146681,-0.1736569,0.4123746,-0.6031622,-0.4478411,0.0000000,0.0000000,0.0000000,0.0590804,0.0000000,0.0000000,0.0000000,0.0000000,0.0564695,0.0000000
-0.0413571,0.0697220,-0.1681296,0.0000000,0.0000000,0.0000000,1.0000000,0.0029443,0.0146000,-0.1723003,0.4168541,-0.5953265,-0.4534536,-0.0028392,-0.0146681,-0.1736569,0.4123746,-0.6031622,-0.4478411,0.0000000,0.0000000,0.0000000,0.0590804,0.0000000,0.0000000,0.0000000,0.0000000,0.0564695,0.0000000
-0.0413571,0.0697220,-0.1681296,0.0000000,0.0000000,0.0000000,1.0000000,0.0029443,0.0146000,-0.1723003,0.4168541,-0.5953265,-0.4534536,-0.0028392,-0.0146681,-0.1736569,0.4123746,-0.6031622,-0.4478411,0.0000000,0.0000000,0.0000000,0.0590804,0.0000000,0.0000000,0.0000000,0.0000000,0.0564695,0.0000000
-0.0413571,0.0697220,-0.1681296,0.0000000,0.0000000,0.0000000,1.0000000,0.0029443,0.0146000,-0.1723003,0.4168541,-0.5953265,-0.4534536,-0.0028392,-0.0146681,-0.1736569,0.4123746,-0.6031622,-0.4478411,0.0000000,0.0000000,0.0000000,0.0590804,0.0000000,0.0000000,0.0000000,0.0000000,0.0564695,0.0000000
-0.0413571,0.0697220,-0.1681296,0.0000000,0.0000000,0.0000000,1.0000000,0.0029443,0.0146000,-0.1723003,0.4168541,-0.5953265,-0.4534536,-0.0028392,-0.0146681,-0.1736569,0.4123746,-0.6031622,-0.4478411,0.0000000,0.0000000,0.0000000,0.0590804,0.0000000,0.0000000,0.0000000,0.0000000,0.0564695,0.0000000
-0.0413571,0.0697220,-0.1681296,0.0000000,0.0000000,0.0000000,1.0000000,0.0029443,0.0146000,-0.1723003,0.4168541,-0.5953265,-0.4534536,-0.0028392,-0.0146681,-0.1736569,0.4123746,-0.6031622,-0.4478411,0.0000000,0.0000000,0.0000000,0.0590804,0.0000000,0.0000000,0.0000000,0.0000000,0.0564695,0.0000000
-0.0413571,0.0697220,-0.1681296,0.0000000,0.0000000,0.0000000,1.0000000,0.0029443,0.0146000,-0.1723003,0.4168541,-0.5953265,-0.4534536,-0.0028392,-0.0146681,-0.1736569,0.4123746,-0.6031622,-0.4478411,0.0000000,0.0000000,0.0000000,0.0590804,0.0000000,0.0000000,0.0000000,0.0000000,0.0564695,0.0000000
-0.0413571,0.0697220,-0.1681296,0.0000000,0.0000000,0.0000000,1.0000000,0.0029443,0.0146000,-0.1723003,0.4168541,-0.5953265,-0.4534536,-0.0028392,-0.0146681,-0.1736569,0.4123746,-0.6031622,-0.4478411,0.0000000,0.0000000,0.0000000,0.0590804,0.0000000,0.0000000,0.0000000,0.0000000,0.0564695,0.0000000
-0.0413571,0.0697220,-0.1681296,0.0000000,0.0000000,0.0000000,1.0000000,0.0029443,0.0146000,-0.1723003,0.4168541,-0.5953265,-0.4534536,-0.0028392,-0.0146681,-0.1736569,0.4123746,-0.6031622,-0.4478411,0.0000000,0.0000000,0.0000000,0.0590804,0.0000000,0.0000000,0.0000000,0.0000000,0.0564695,0.0000000
-0.0413571,0.0697220,-0.1681296,0.0000000,0.0000000,0.0000000,1.0000000,0.0029443,0.0146000,-0.1723003,0.4168541,-0.5953265,-0.4534536,-0.0028392,-0.0146681,-0.1736569,0.4123746,-0.6031622,-0.4478411,0.0000000,0.0000000,0.0000000,0.0590804,0.0000000,0.0000000,0.0000000,0.0000000,0.0564695,0.0000000
-0.0413571,0.0697220,-0.1681296,0.0000000,0.0000000,0.0000000,1.0000000,0.0029443,0.0146000,-0.1723003,0.4168541,-0.5953265,-0.4534536,-0.0028392,-0.0146681,-0.1736569,0.4123746,-0.6031622,-0.4478411,0.0000000,0.0000000,0.0000000,0.0590804,0.0000000,0.0000000,0.0000000,0.0000000,0.0564695,0.0000000
-0.0413571,0.0697220,-0.1681296,0.0000000,0.0000000,0.0000000,1.0000000,0.0029443,0.0146000,-0.1723003,0.4168541,-0.5953265,-0.4534536,-0.0028392,-0.0146681,-0.1736569,0.4123746,-0.6031622,-0.4478411,0.0000000,0.0000000,0.0000000,0.0590804,0.0000000,0.0000000,0.0000000,0.0000000,0.0564695,0.0000000
-0.0413571,0.0697220,-0.1681296,0.0000000,0.0000000,0.0000000,1.0000000,0.0029443,0.0146000,-0.1723003,0.4168541,-0.5953265,-0.4534536,-0.0028392,-0.0146681,-0.1736569,0.4123746,-0.6031622,-0.4478411,0.0000000,0.0000000,0.0000000,0.0590804,0.0000000,0.0000000,0.0000000,0.0000000,0.0564695,0.0000000
-0.0413571,0.0697220,-0.1681296,0.0000000,0.0000000,0.0000000,1.0000000,0.0029443,0.0146000,-0.1723003,0.4168541,-0.5953265,-0.4534536,-0.0028392,-0.0146681,-0.1736569,0.4123746,-0.6031622,-0.4478411,0.0000000,0.0000000,0.0000000,0.0590804,0.0000000,0.0000000,0.0000000,0.0000000,0.0564695,0.0000000
-0.0413571,0.0697220,-0.1681296,0.0000000,0.0000000,0.0000000,1.0000000,0.0029443,0.0146000,-0.1723003,0.4168541,-0.5953265,-0.4534536,-0.0028392,-0.0146681,-0.1736569,0.4123746,-0.6031622,-0.4478411,0.0000000,0.0000000,0.0000000,0.0590804,0.0000000,0.0000000,0.0000000,0.0000000,0.0564695,0.0000000
-0.0413571,0.0697220,-0.1681296,0.0000000,0.0000000,0.0000000,1.0000000,0.0029443,0.0146000,-0.1723003,0.4168541,-0.5953265,-0.4534536,-0.0028392,-0.0146681,-0.1736569,0.4123746,-0.6031622,-0.4478411,0.0000000,0.0000000,0.0000000,0.0590804,0.0000000,0.0000000,0.0000000,0.0000000,0.0564695,0.0000000
-0.0413571,0.0697220,-0.1681296,0.0000000,0.0000000,0.0000000,1.0000000,0.0029443,0.0146000,-0.1723003,0.4168541,-0.5953265,-0.4534536,-0.0028392,-0.0146681,-0.1736569,0.4123746,-0.6031622,-0.4478411,0.0000000,0.0000000,0.0000000,0.0590804,0.0000000,0.0000000,0.0000000,0.0000000,0.0564695,0.0000000
-0.0413571,0.0697220,-0.1681296,0.0000000,0.0000000,0.0000000,1.0000000,0.0029443,0.0146000,-0.1723003,0.4168541,-0.5953265,-0.4534536,-0.0028392,-0.0146681,-0.1736569,0.4123746,-0.6031622,-0.4478411,0.0000000,0.0000000,0.0000000,0.0590804,0.0000000,0.0000000,0.0000000,0.0000000,0.0564695,0.0000000
-0.0413571,0.0697220,-0.1681296,0.0000000,0.0000000,0.0000000,1.0000000,0.0029443,0.0146000,-0.1723003,0.4168541,-0.5953265,-0.4534536,-0.0028392,-0.0146681,-0.1736569,0.4123746,-0.6031622,-0.4478411,0.0000000,0.0000000,0.0000000,0.0590804,0.0000000,0.0000000,0.0000000,0.0000000,0.0564695,0.0000000
-0.0413571,0.0697220,-0.1681296,0.0000000,0.0000000,0.0000000,1.0000000,0.0029443,0.0146000,-0.1723003,0.4168541,-0.5953265,-0.4534536,-0.0028392,-0.0146681,-0.1736569,0.4123746,-0.6031622,-0.4478411,0.0000000,0.0000000,0.0000000,0.0590804,0.0000000,0.0000000,0.0000000,0.0000000,0.0564695,0.0000000
-0.0413571,0.0697220,-0.1681295,0.0000000,0.0000000,0.0000000,1.0000000,0.0029443,0.0145999,-0.1722999,0.4168536,-0.5953254,-0.4534530,-0.0028392,-0.0146680,-0.1736566,0.4123741,-0.6031610,-0.4478405,0.0000000,0.0000000,0.0000000,0.0590804,0.0000000,0.0000000,0.0000000,0.0000000,0.0564695,0.0000000
-0.0413571,0.0697220,-0.1681286,0.0000000,0.0000000,0.0000000,1.0000000,0.0029443,0.0145995,-0.1722976,0.4168501,-0.5953175,-0.4534491,-0.0028392,-0.0146676,-0.1736542,0.4123707,-0.6031531,-0.4478366,0.0000000,0.0000000,0.0000000,0.0590804,0.0000000,0.0000000,0.0000000,0.0000000,0.0564695,0.0000000
-0.0413571,0.0697220,-0.1681263,0.0000000,0.0000000,0.0000000,1.0000000,0.0029442,0.0145984,-0.1722913,0.4168409,-0.5952965,-0.4534385,-0.0028391,-0.0146665,-0.1736479,0.4123615,-0.6031319,-0.4478260,0.0000000,0.0000000,0.0000000,0.0590804,0.0000000,0.0000000,0.0000000,0.0000000,0.0564695,0.0000000
-0.0413571,0.0697220,-0.1681218,0.0000000,0.0000000,0.0000000,1.0000000,0.0029440,0.0145962,-0.1722793,0.4168230,-0.5952563,-0.4534181,-0.0028389,-0.0146644,-0.1736359,0.4123439,-0.6030913,-0.4478059,0.0000000,0.0000000,0.0000000,0.0590804,0.0000000,0.0000000,0.0000000,0.0000000,0.0564695,0.0000000
-0.0413571,0.0697220,-0.1681145,0.0000000,0.0000000,0.0000000,1.0000000,0.0029436,0.0145928,-0.1722597,0.4167942,-0.5951911,-0.4533852,-0.0028386,-0.0146609,-0.1736163,0.4123154,-0.6030254,-0.4477731,0.0000000,0.0000000,0.0000000,0.0590804,0.0000000,0.0000000,0.0000000,0.0000000,0.0564695,0.0000000
-0.0413571,0.0697220,-0.1681039,0.0000000,0.0000000,0.0000000,1.0000000,0.0029431,0.0145877,-0.1722310,0.4167518,-0.5950953,-0.4533368,-0.0028382,-0.0146558,-0.1735876,0.4122735,-0.6029287,-0.4477251,0.0000000,0.0000000,0.0000000,0.0590804,0.0000000,0.0000000,0.0000000,0.0000000,0.0564695,0.0000000
-0.0413571,0.0697220,-0.1680893,0.0000000,0.0000000,0.0000000,1.0000000,0.0029425,0.0145807,-0.1721916,0.4166936,-0.5949639,-0.4532704,-0.0028375,-0.0146488,-0.1735482,0.4122161,-0.6027959,-0.4476592,0.0000000,0.0000000,0.0000000,0.0590804,0.0000000,0.0000000,0.0000000,0.0000000,0.0564695,0.0000000
-0.0413571,0.0697220,-0.1680702,0.0000000,0.0000000,0.0000000,1.0000000,0.0029416,0.0145716,-0.1721401,0.4166174,-0.5947919,-0.4531835,-0.0028367,-0.0146397,-0.1734967,0.4121409,-0.6026222,-0.4475729,0.0000000,0.0000000,0.0000000,0.0590804,0.0000000,0.0000000,0.0000000,0.0000000,0.0564695,0.0000000
-0.0413571,0.0697220,-0.1680461,0.0000000,0.0000000,0.0000000,1.0000000,0.0029405,0.0145601,-0.1720750,0.4165213,-0.5945748,-0.4530738,-0.0028357,-0.0146282,-0.1734316,0.4120459,-0.6024029,-0.4474639,0.0000000,0.0000000,0.0000000,0.0590804,0.0000000,0.0000000,0.0000000,0.0000000,0.0564695,0.0000000
-0.0413571,0.0697220,-0.1680165,0.0000000,0.0000000,0.0000000,1.0000000,0.0029391,0.0145459,-0.1719951,0.4164032,-0.5943081,-0.4529390,-0.0028345,-0.0146140,-0.1733516,0.4119293,-0.6021335,-0.4473301,0.0000000,0.0000000,0.0000000,0.0590804,0.0000000,0.0000000,0.0000000,0.0000000,0.0564695,0.0000000
-0.0413571,0.0697220,-0.1679809,0.0000000,0.0000000,0.0000000,1.0000000,0.0029375,0.0145290,-0.1718991,0.4162614,-0.5939878,-0.4527772,-0.0028330,-0.0145971,-0.1732556,0.4117893,-0.6018100,-0.4471694,0.0000000,0.0000000,0.0000000,0.0590804,0.0000000,0.0000000,0.0000000,0.0000000,0.0564695,0.0000000
-0.0413571,0.0697220,-0.1679390,0.0000000,0.0000000,0.0000000,1.0000000,0.0029356,0.0145089,-0.1717860,0.4160943,-0.5936101,-0.4525863,-0.0028312,-0.0145770,-0.1731424,0.4116241,-0.6014285,-0.4469798,0.0000000,0.0000000,0.0000000,0.0590804,0.0000000,0.0000000,0.0000000,0.0000000,0.0564695,0.0000000
-0.0413571,0.0697220,-0.1678904,0.0000000,0.0000000,0.0000000,1.0000000,0.0029333,0.0144857,-0.1716545,0.4159001,-0.5931714,-0.4523646,-0.0028291,-0.0145537,-0.1730109,0.4114324,-0.6009855,-0.4467597,0.0000000,0.0000000,0.0000000,0.0590804,0.0000000,0.0000000,0.0000000,0.0000000,0.0564695,0.0000000
-0.0413571,0.0697220,-0.1678347,0.0000000,0.0000000,0.0000000,1.0000000,0.0029308,0.0144590,-0.1715038,0.4156775,-0.5926684,-0.4521104,-0.0028268,-0.0145270,-0.1728601,0.4112125,-0.6004774,-0.4465073,0.0000000,0.0000000,0.0000000,0.0590804,0.0000000,0.0000000,0.0000000,0.0000000,0.0564695,0.0000000
-0.0413571,0.0697220,-0.1677716,0.0000000,0.0000000,0.0000000,1.0000000,0.0029279,0.0144288,-0.1713330,0.4154251,-0.5920980,-0.4518221,-0.0028241,-0.0144968,-0.1726892,0.4109632,-0.5999013,-0.4462211,0.0000000,0.0000000,0.0000000,0.0590804,0.0000000,0.0000000,0.0000000,0.0000000,0.0564695,0.0000000
-0.0413571,0.0697220,-0.1677008,0.0000000,0.0000000,0.0000000,1.0000000,0.0029247,0.0143948,-0.1711410,0.4151417,-0.5914573,-0.4514983,-0.0028212,-0.0144628,-0.1724972,0.4106833,-0.5992543,-0.4458995,0.0000000,0.0000000,0.0000000,0.0590804,0.0000000,0.0000000,0.0000000,0.0000000,0.0564695,0.0000000
-0.0413571,0.0697220,-0.1676220,0.0000000,0.0000000,0.0000000,1.0000000,0.0029211,0.0143570,-0.1709273,0.4148237,-0.5907437,-0.4511377,-0.0028178,-0.0144249,-0.1722833,0.4103715,-0.5985335,-0.4455414,0.0000000,0.0000000,0.0000000,0.0590804,0.0000000,0.0000000,0.0000000,0.0000000,0.0564695,0.0000000
-0.0413571,0.0697220,-0.1675351,0.0000000,0.0000000,0.0000000,1.0000000,0.0029171,0.0143151,-0.1706910,0.4144721,-0.5899547,-0.4507388,-0.0028142,-0.0143831,-0.1720469,0.4100269,-0.5977367,-0.4451454,0.0000000,0.0000000,0.0000000,0.0590804,0.0000000,0.0000000,0.0000000,0.0000000,0.0564695,0.0000000
-0.0413571,0.0697220,-0.1674396,0.0000000,0.0000000,0.0000000,1.0000000,0.0029127,0.0142692,-0.1704315,0.4140861,-0.5890881,-0.4503008,-0.0028102,-0.0143371,-0.1717873,0.4096485,-0.5968615,-0.4447104,0.0000000,0.0000000,0.0000000,0.0590804,0.0000000,0.0000000,0.0000000,0.0000000,0.0564695,0.0000000
-0.0413571,0.0697220,-0.1673356,0.0000000,0.0000000,0.0000000,1.0000000,0.0029080,0.0142191,-0.1701482,0.4136647,-0.5881419,-0.4498224,-0.0028059,-0.0142870,-0.1715038,0.4092353,-0.5959059,-0.4442354,0.0000000,0.0000000,0.0000000,0.0590804,0.0000000,0.0000000,0.0000000,0.0000000,0.0564695,0.0000000
-0.0413571,0.0697220,-0.1672228,0.0000000,0.0000000,0.0000000,1.0000000,0.0029029,0.0141646,-0.1698404,0.4132071,-0.5871142,-0.4493028,-0.0028011,-0.0142325,-0.1711960,0.4087867,-0.5948680,-0.4437194,0.0000000,0.0000000,0.0000000,0.0590804,0.0000000,0.0000000,0.0000000,0.0000000,0.0564695,0.0000000
-0.0413571,0.0697220,-0.1671011,0.0000000,0.0000000,0.0000000,1.0000000,0.0028974,0.0141057,-0.1695079,0.4127127,-0.5860032,-0.4487411,-0.0027961,-0.0141735,-0.1708633,0.4083019,-0.5937460,-0.4431616,0.0000000,0.0000000,0.0000000,0.0590804,0.0000000,0.0000000,0.0000000,0.0000000,0.0564695,0.0000000
-0.0413571,0.0697220,-0.1669704,0.0000000,0.0000000,0.0000000,1.0000000,0.0028915,0.0140424,-0.1691500,0.4121806,-0.5848076,-0.4481365,-0.0027906,-0.0141102,-0.1705053,0.4077803,-0.5925386,-0.4425613,0.0000000,0.0000000,0.0000000,0.0590804,0.0000000,0.0000000,0.0000000,0.0000000,0.0564695,0.0000000
-0.0413571,0.0697220,-0.1668306,0.0000000,0.0000000,0.0000000,1.0000000,0.0028851,0.0139745,-0.1687665,0.4116105,-0.5835260,-0.4474883,-0.0027849,-0.0140422,-0.1701216,0.4072214,-0.5912444,-0.4419177,0.0000000,0.0000000,0.0000000,0.0590804,0.0000000,0.0000000,0.0000000,0.0000000,0.0564695,0.0000000
-0.0413571,0.0697220,-0.1666816,0.0000000,0.0000000,0.0000000,1.0000000,0.0028784,0.0139020,-0.1683569,0.4110018,-0.5821573,-0.4467960,-0.0027787,-0.0139697,-0.1697118,0.4066246,-0.5898622,-0.4412303,0.0000000,0.0000000,0.0000000,0.0590804,0.0000000,0.0000000,0.0000000,0.0000000,0.0564695,0.0000000
-0.0413571,0.0697220,-0.1665234,0.0000000,0.0000000,0.0000000,1.0000000,0.0028713,0.0138248,-0.1679210,0.4103541,-0.5807786,-0.4460594,-0.0027722,-0.0138925,-0.1692758,0.4059850,-0.5883910,-0.4404985,0.0000000,0.0000000,0.0000000,0.0590804,0.0000000,0.0000000,0.0000000,0.0000000,0.0564695,0.0000000
-0.0413571,0.0697220,-0.1663559,0.0000000,0.0000000,0.0000000,1.0000000,0.0028638,0.0137430,-0.1674586,0.4096672,-0.5793626,-0.4452780,-0.0027653,-0.0138105,-0.1688131,0.4053064,-0.5868299,-0.4397219,0.0000000,0.0000000,0.0000000,0.0590804,0.0000000,0.0000000,0.0000000,0.0000000,0.0564695,0.0000000
-0.0413571,0.0697220,-0.1661793,0.0000000,0.0000000,0.0000000,1.0000000,0.0028559,0.0136564,-0.1669695,0.4089406,-0.5778645,-0.4444512,-0.0027580,-0.0137239,-0.1683238,0.4045888,-0.5851784,-0.4389002,0.0000000,0.0000000,0.0000000,0.0590804,0.0000000,0.0000000,0.0000000,0.0000000,0.0564695,0.0000000
-0.0413571,0.0697220,-0.1659934,0.0000000,0.0000000,0.0000000,1.0000000,0.0028476,0.0135650,-0.1664535,0.4081743,-0.5762837,-0.4435786,-0.0027505,-0.0136325,-0.1678076,0.4038319,-0.5834357,-0.4380330,0.0000000,0.0000000,0.0000000,0.0590804,0.0000000,0.0000000,0.0000000,0.0000000,0.0564695,0.0000000
-0.0413571,0.0697220,-0.1657983,0.0000000,0.0000000,0.0000000,1.0000000,0.0028389,0.0134689,-0.1659105,0.4073682,-0.5746199,-0.4426600,-0.0027425,-0.0135363,-0.1672643,0.4030356,-0.5816041,-0.4371202,0.0000000,0.0000000,0.0000000,0.0590804,0.0000000,0.0000000,0.0000000,0.0000000,0.0564695,0.0000000
-0.0413571,0.0697220,-0.1655942,0.0000000,0.0000000,0.0000000,1.0000000,0.0028299,0.0133679,-0.1653405,0.4065220,-0.5728727,-0.4416953,-0.0027343,-0.0134353,-0.1666941,0.4021998,-0.5798398,-0.4361628,0.0000000,0.0000000,0.0000000,0.0590804,0.0000000,0.0000000,0.0000000,0.0000000,0.0564695,0.0000000
-0.0413571,0.0697220,-0.1653810,0.0000000,0.0000000,0.0000000,1.0000000,0.0028205,0.0132622,-0.1647434,0.4056309,-0.5710422,-0.4406845,-0.0027256,-0.0133295,-0.1660968,0.4013246,-0.5779913,-0.4351596,0.0000000,0.0000000,0.0000000,0.0590804,0.0000000,0.0000000,0.0000000,0.0000000,0.0564695,0.0000000
-0.0413571,0.0697220,-0.1651589,0.0000000,0.0000000,0.0000000,1.0000000,0.0028107,0.0131517,-0.1641193,0.4046984,-0.5691283,-0.4396273,-0.0027167,-0.0132189,-0.1654724,0.4004100,-0.5760586,-0.4341105,0.0000000,0.0000000,0.0000000,0.0590804,0.0000000,0.0000000,0.0000000,0.0000000,0.0564695,0.0000000
-0.0413571,0.0697220,-0.1649280,0.0000000,0.0000000,0.0000000,1.0000000,0.0028006,0.0130364,-0.1634682,0.4037260,-0.5671311,-0.4385241,-0.0027075,-0.0131035,-0.1648210,0.3994561,-0.5740418,-0.4330156,0.0000000,0.0000000,0.0000000,0.0590804,0.0000000,0.0000000,0.0000000,0.0000000,0.0564695,0.0000000
-0.0413571,0.0697220,-0.1646884,0.0000000,0.0000000,0.0000000,1.0000000,0.0027901,0.0129163,-0.1627903,0.4027136,-0.5650537,-0.4373786,-0.0026980,-0.0129833,-0.1641428,0.3984631,-0.5719413,-0.4318750,0.0000000,0.0000000,0.0000000,0.0590804,0.0000000,0.0000000,0.0000000,0.0000000,0.0564695,0.0000000
-0.0413571,0.0697220,-0.1644403,0.0000000,0.0000000,0.0000000,1.0000000,0.0027794,0.0127915,-0.1620856,0.4016617,-0.5628945,-0.4361884,-0.0026881,-0.0128585,-0.1634378,0.3974281,-0.5697572,-0.4306888,0.0000000,0.0000000,0.0000000,0.0590804,0.0000000,0.0000000,0.0000000,0.0000000,0.0564695,0.0000000
-0.0413571,0.0697220,-0.1641839,0.0000000,0.0000000,0.0000000,1.0000000,0.0027683,0.0126620,-0.1613544,0.4005704,-0.5606533,-0.4349529,-0.0026780,-0.0127288,-0.1627063,0.3963491,-0.5674902,-0.4294573,0.0000000,0.0000000,0.0000000,0.0590804,0.0000000,0.0000000,0.0000000,0.0000000,0.0564695,0.0000000
-0.0413571,0.0697220,-0.1639193,0.0000000,0.0000000,0.0000000,1.0000000,0.0027569,0.0125278,-0.1605969,0.3994402,-0.5583306,-0.4336722,-0.0026677,-0.0125946,-0.1619485,0.3952316,-0.5651408,-0.4281808,0.0000000,0.0000000,0.0000000,0.0590804,0.0000000,0.0000000,0.0000000,0.0000000,0.0564695,0.0000000
-0.0413571,0.0697220,-0.1636467,0.0000000,0.0000000,0.0000000,1.0000000,0.0027452,0.0123889,-0.1598132,0.3982714,-0.5559273,-0.4323468,-0.0026571,-0.0124557,-0.1611645,0.3940760,-0.5627097,-0.4268596,0.0000000,0.0000000,0.0000000,0.0590804,0.0000000,0.0000000,0.0000000,0.0000000,0.0564695,0.0000000
-0.0413571,0.0697220,-0.1633664,0.0000000,0.0000000,0.0000000,1.0000000,0.0027333,0.0122455,-0.1590038,0.3970604,-0.5534439,-0.4309770,-0.0026462,-0.0123122,-0.1603547,0.3928827,-0.5601976,-0.4254940,0.0000000,0.0000000,0.0000000,0.0590804,0.0000000,0.0000000,0.0000000,0.0000000,0.0564695,0.0000000
-0.0413571,0.0697220,-0.1630786,0.0000000,0.0000000,0.0000000,1.0000000,0.0027211,0.0120976,-0.1581689,0.3958062,-0.5508816,-0.4295633,-0.0026351,-0.0121641,-0.1595194,0.3916522,-0.5576054,-0.4240847,0.0000000,0.0000000,0.0000000,0.0590804,0.0000000,0.0000000,0.0000000,0.0000000,0.0564695,0.0000000
-0.0413571,0.0697220,-0.1627835,0.0000000,0.0000000,0.0000000,1.0000000,0.0027086,0.0119452,-0.1573088,0.3945147,-0.5482411,-0.4281063,-0.0026239,-0.0120116,-0.1586590,0.3903851,-0.5549343,-0.4226320,0.0000000,0.0000000,0.0000000,0.0590804,0.0000000,0.0000000,0.0000000,0.0000000,0.0564695,0.0000000
-0.0413571,0.0697220,-0.1624814,0.0000000,0.0000000,0.0000000,1.0000000,0.0026960,0.0117884,-0.1564240,0.3931865,-0.5455237,-0.4266065,-0.0026124,-0.0118548,-0.1577739,0.3890820,-0.5521874,-0.4211389,0.0000000,0.0000000,0.0000000,0.0590804,0.0000000,0.0000000,0.0000000,0.0000000,0.0564695,0.0000000
-0.0413571,0.0697220,-0.1621725,0.0000000,0.0000000,0.0000000,1.0000000,0.0026831,0.0116273,-0.1555149,0.3918223,-0.5427306,-0.4250646,-0.0026008,-0.0116935,-0.1568644,0.3877337,-0.5493675,-0.4196077,0.0000000,0.0000000,0.0000000,0.0590804,0.0000000,0.0000000,0.0000000,0.0000000,0.0564695,0.0000000
-0.0413571,0.0697220,-0.1618572,0.0000000,0.0000000,0.0000000,1.0000000,0.0026701,0.0114620,-0.1545819,0.3904227,-0.5398629,-0.4234812,-0.0025890,-0.0115281,-0.1559310,0.3863502,-0.5464725,-0.4180354,0.0000000,0.0000000,0.0000000,0.0590804,0.0000000,0.0000000,0.0000000,0.0000000,0.0564695,0.0000000
-0.0413571,0.0697220,-0.1615356,0.0000000,0.0000000,0.0000000,1.0000000,0.0026569,0.0112925,-0.1536255,0.3889886,-0.5369222,-0.4218571,-0.0025771,-0.0113585,-0.1549742,0.3849325,-0.5435037,-0.4164226,0.0000000,0.0000000,0.0000000,0.0590804,0.0000000,0.0000000,0.0000000,0.0000000,0.0564695,0.0000000
-0.0413571,0.0697220,-0.1612082,0.0000000,0.0000000,0.0000000,1.0000000,0.0026435,0.0111189,-0.1526463,0.3875113,-0.5339098,-0.4201930,-0.0025651,-0.0111848,-0.1539946,0.3834815,-0.5404627,-0.4147701,0.0000000,0.0000000,0.0000000,0.0590804,0.0000000,0.0000000,0.0000000,0.0000000,0.0564695,0.0000000
-0.0413571,0.0697220,-0.1608751,0.0000000,0.0000000,0.0000000,1.0000000,0.0026300,0.0109413,-0.1516448,0.3859995,-0.5310497,-0.4184915,-0.0025530,-0.0110071,-0.1529927,0.3819979,-0.5373511,-0.4130789,0.0000000,0.0000000,0.0000000,0.0590804,0.0000000,0.0000000,0.0000000,0.0000000,0.0564695,0.0000000
-0.0413571,0.0697220,-0.1605368,0.0000000,0.0000000,0.0000000,1.0000000,0.0026164,0.0107599,-0.1506215,0.3844556,-0.5281305,-0.4167519,-0.0025408,-0.0108256,-0.1519690,0.3804828,-0.5341705,-0.4113497,0.0000000,0.0000000,0.0000000,0.0590804,0.0000000,0.0000000,0.0000000,0.0000000,0.0564695,0.0000000
-0.0413571,0.0697220,-0.1601936,0.0000000,0.0000000,0.0000000,1.0000000,0.0026028,0.0105748,-0.1495772,0.3828804,-0.5251497,-0.4149752,-0.0025286,-0.0106404,-0.1509242,0.3789263,-0.5311366,-0.4095862,0.0000000,0.0000000,0.0000000,0.0590804,0.0000000,0.0000000,0.0000000,0.0000000,0.0564695,0.0000000
-0.0413571,0.0697220,-0.1598457,0.0000000,0.0000000,0.0000000,1.0000000,0.0025890,0.0103860,-0.1485124,0.3812750,-0.5221090,-0.4131625,-0.0025163,-0.0104514,-0.1498590,0.3773380,-0.5280655,-0.4077872,0.0000000,0.0000000,0.0000000,0.0590804,0.0000000,0.0000000,0.0000000,0.0000000,0.0564695,0.0000000
-0.0413571,0.0697220,-0.1594936,0.0000000,0.0000000,0.0000000,1.0000000,0.0025753,0.0101937,-0.1474278,0.3796372,-0.5190103,-0.4113147,-0.0025040,-0.0102590,-0.1487740,0.3757209,-0.5249360,-0.4059534,0.0000000,0.0000000,0.0000000,0.0590804,0.0000000,0.0000000,0.0000000,0.0000000,0.0564695,0.0000000
-0.0413571,0.0697220,-0.1591376,0.0000000,0.0000000,0.0000000,1.0000000,0.0025614,0.0099980,-0.1463241,0.3779614,-0.5158555,-0.4094331,-0.0024917,-0.0100632,-0.1476699,0.3740760,-0.5217500,-0.4040861,0.0000000,0.0000000,0.0000000,0.0590804,0.0000000,0.0000000,0.0000000,0.0000000,0.0564695,0.0000000
-0.0413571,0.0697220,-0.1587780,0.0000000,0.0000000,0.0000000,1.0000000,0.0025476,0.0097990,-0.1452022,0.3762585,-0.5126467,-0.4075188,-0.0024794,-0.0098641,-0.1465475,0.3724045,-0.5185095,-0.4021864,0.0000000,0.0000000,0.0000000,0.0590804,0.0000000,0.0000000,0.0000000,0.0000000,0.0564695,0.0000000
-0.0413571,0.0697220,-0.1584152,0.0000000,0.0000000,0.0000000,1.0000000,0.0025338,0.0095969,-0.1440627,0.3745297,-0.5093859,-0.4055730,-0.0024671,-0.0096618,-0.1454076,0.3707010,-0.5152167,-0.4002555,0.0000000,0.0000000,0.0000000,0.0590804,0.0000000,0.0000000,0.0000000,0.0000000,0.0564695,0.0000000
-0.0413571,0.0697220,-0.1580496,0.0000000,0.0000000,0.0000000,1.0000000,0.0025201,0.0093918,-0.1429065,0.3727763,-0.5060754,-0.4035971,-0.0024549,-0.0094566,-0.1442509,0.3689653,-0.5118739,-0.3982947,0.0000000,0.0000000,0.0000000,0.0590804,0.0000000,0.0000000,0.0000000,0.0000000,0.0564695,0.0000000
-0.0413571,0.0697220,-0.1576815,0.0000000,0.0000000,0.0000000,1.0000000,0.0025063,0.0091839,-0.1417344,0.3709974,-0.5027174,-0.4015924,-0.0024428,-0.0092486,-0.1430783,0.3672066,-0.5084834,-0.3963054,0.0000000,0.0000000,0.0000000,0.0590804,0.0000000,0.0000000,0.0000000,0.0000000,0.0564695,0.0000000
-0.0413571,0.0697220,-0.1573113,0.0000000,0.0000000,0.0000000,1.0000000,0.0024927,0.0089733,-0.1405473,0.3691846,-0.4993145,-0.3995603,-0.0024308,-0.0090379,-0.1418908,0.3654260,-0.5050476,-0.3942890,0.0000000,0.0000000,0.0000000,0.0590804,0.0000000,0.0000000,0.0000000,0.0000000,0.0564695,0.0000000
-0.0413571,0.0697220,-0.1569394,0.0000000,0.0000000,0.0000000,1.0000000,0.0024792,0.0087602,-0.1393461,0.3673512,-0.4958690,-0.3975023,-0.0024189,-0.0088246,-0.1406891,0.3636251,-0.5015690,-0.3922468,0.0000000,0.0000000,0.0000000,0.0590804,0.0000000,0.0000000,0.0000000,0.0000000,0.0564695,0.0000000
-0.0413571,0.0697220,-0.1565661,0.0000000,0.0000000,0.0000000,1.0000000,0.0024657,0.0085447,-0.1381317,0.3654984,-0.4923836,-0.3954200,-0.0024071,-0.0086090,-0.1394743,0.3617978,-0.4980502,-0.3901806,0.0000000,0.0000000,0.0000000,0.0590804,0.0000000,0.0000000,0.0000000,0.0000000,0.0564695,0.0000000
-0.0413571,0.0697220,-0.1561919,0.0000000,0.0000000,0.0000000,1.0000000,0.0024524,0.0083271,-0.1369052,0.3636278,-0.4888609,-0.3933148,-0.0023955,-0.0083912,-0.1382473,0.3599454,-0.4944941,-0.3880917,0.0000000,0.0000000,0.0000000,0.0590804,0.0000000,0.0000000,0.0000000,0.0000000,0.0564695,0.0000000
-0.0413571,0.0697220,-0.1558171,0.0000000,0.0000000,0.0000000,1.0000000,0.0024393,0.0081075,-0.1356674,0.3617344,-0.4853527,-0.3911889,-0.0023841,-0.0081715,-0.1370091,0.3580769,-0.4909034,-0.3859820,0.0000000,0.0000000,0.0000000,0.0590804,0.0000000,0.0000000,0.0000000,0.0000000,0.0564695,0.0000000
-0.0413571,0.0697220,-0.1554421,0.0000000,0.0000000,0.0000000,1.0000000,0.0024263,0.0078860,-0.1344195,0.3598168,-0.4819960,-0.3890475,-0.0023728,-0.0079499,-0.1357607,0.3561938,-0.4872809,-0.3838529,0.0000000,0.0000000,0.0000000,0.0590804,0.0000000,0.0000000,0.0000000,0.0000000,0.0564695,0.0000000
-0.0413571,0.0697220,-0.1550673,0.0000000,0.0000000,0.0000000,1.0000000,0.0024135,0.0076629,-0.1331625,0.3578861,-0.4786145,-0.3868899,-0.0023617,-0.0077267,-0.1345032,0.3542978,-0.4837849,-0.3817085,0.0000000,0.0000000,0.0000000,0.0590804,0.0000000,0.0000000,0.0000000,0.0000000,0.0564695,0.0000000
-0.0413571,0.0697220,-0.1546931,0.0000000,0.0000000,0.0000000,1.0000000,0.0024010,0.0074384,-0.1318976,0.3559439,-0.4752094,-0.3847168,-0.0023509,-0.0075020,-0.1332378,0.3523773,-0.4803416,-0.3795494,0.0000000,0.0000000,0.0000000,0.0590804,0.0000000,0.0000000,0.0000000,0.0000000,0.0564695,0.0000000
-0.0413571,0.0697220,-0.1543198,0.0000000,0.0000000,0.0000000,1.0000000,0.0023886,0.0072127,-0.1306257,0.3539919,-0.4717837,-0.3825301,-0.0023403,-0.0072761,-0.1319655,0.3504441,-0.4768774,-0.3773767,0.0000000,0.0000000,0.0000000,0.0590804,0.0000000,0.0000000,0.0000000,0.0000000,0.0564695,0.0000000
-0.0413571,0.0697220,-0.1539479,0.0000000,0.0000000,0.0000000,1.0000000,0.0023765,0.0069859,-0.1293482,0.3520180,-0.4683404,-0.3803316,-0.0023299,-0.0070492,-0.1306874,0.3485030,-0.4733953,-0.3751922,0.0000000,0.0000000,0.0000000,0.0590804,0.0000000,0.0000000,0.0000000,0.0000000,0.0564695,0.0000000
-0.0413571,0.0697220,-0.1535777,0.0000000,0.0000000,0.0000000,1.0000000,0.0023646,0.0067583,-0.1280661,0.3500360,-0.4648828,-0.3781235,-0.0023198,-0.0068214,-0.1294049,0.3465559,-0.4699015,-0.3729994,0.0000000,0.0000000,0.0000000,0.0590804,0.0000000,0.0000000,0.0000000,0.0000000,0.0564695,0.0000000
-0.0413571,0.0697220,-0.1532096,0.0000000,0.0000000,0.0000000,1.0000000,0.0023530,0.0065301,-0.1267807,0.3480497,-0.4614140,-0.3759077,-0.0023099,-0.0065931,-0.1281191,0.3445996,-0.4664005,-0.3708010,0.0000000,0.0000000,0.0000000,0.0590804,0.0000000,0.0000000,0.0000000,0.0000000,0.0564695,0.0000000
-0.0413571,0.0697220,-0.1528440,0.0000000,0.0000000,0.0000000,1.0000000,0.0023417,0.0063015,-0.1254933,0.3460611,-0.4579373,-0.3736865,-0.0023004,-0.0063644,-0.1268312,0.3426290,-0.4628919,-0.3685972,0.0000000,0.0000000,0.0000000,0.0590804,0.0000000,0.0000000,0.0000000,0.0000000,0.0564695,0.0000000
-0.0413571,0.0697220,-0.1524812,0.0000000,0.0000000,0.0000000,1.0000000,0.0023306,0.0060728,-0.1242052,0.3440644,-0.4544562,-0.3714618,-0.0022911,-0.0061355,-0.1255426,0.3406580,-0.4593789,-0.3663901,0.0000000,0.0000000,0.0000000,0.0590804,0.0000000,0.0000000,0.0000000,0.0000000,0.0564695,0.0000000
-0.0413571,0.0697220,-0.1521216,0.0000000,0.0000000,0.0000000,1.0000000,0.0023199,0.0058442,-0.1229175,0.3420605,-0.4509742,-0.3692361,-0.0022821,-0.0059067,-0.1242545,0.3386887,-0.4558651,-0.3641820,0.0000000,0.0000000,0.0000000,0.0590804,0.0000000,0.0000000,0.0000000,0.0000000,0.0564695,0.0000000
-0.0413571,0.0697220,-0.1517656,0.0000000,0.0000000,0.0000000,1.0000000,0.0023095,0.0056158,-0.1216317,0.3400603,-0.4474949,-0.3670116,-0.0022734,-0.0056783,-0.1229682,0.3367230,-0.4523542,-0.3619750,0.0000000,0.0000000,0.0000000,0.0590804,0.0000000,0.0000000,0.0000000,0.0000000,0.0564695,0.0000000
-0.0413571,0.0697220,-0.1514134,0.0000000,0.0000000,0.0000000,1.0000000,0.0022994,0.0053881,-0.1203492,0.3380659,-0.4440218,-0.3647905,-0.0022651,-0.0054504,-0.1216852,0.3347488,-0.4488498,-0.3597716,0.0000000,0.0000000,0.0000000,0.0590804,0.0000000,0.0000000,0.0000000,0.0000000,0.0564695,0.0000000
-0.0413571,0.0697220,-0.1510656,0.0000000,0.0000000,0.0000000,1.0000000,0.0022896,0.0051611,-0.1190712,0.3360780,-0.4405588,-0.3625754,-0.0022571,-0.0052233,-0.1204068,0.3327800,-0.4453557,-0.3575741,0.0000000,0.0000000,0.0000000,0.0590804,0.0000000,0.0000000,0.0000000,0.0000000,0.0564695,0.0000000
-0.0413571,0.0697220,-0.1507224,0.0000000,0.0000000,0.0000000,1.0000000,0.0022802,0.0049352,-0.1177993,0.3340851,-0.4371757,-0.3603695,-0.0022494,-0.0049972,-0.1191344,0.3308212,-0.4418757,-0.3553849,0.0000000,0.0000000,0.0000000,0.0590804,0.0000000,0.0000000,0.0000000,0.0000000,0.0564695,0.0000000
-0.0413571,0.0697220,-0.1503841,0.0000000,0.0000000,0.0000000,1.0000000,0.0022711,0.0047106,-0.1165347,0.3321047,-0.4339357,-0.3581762,-0.0022420,-0.0047725,-0.1178694,0.3288746,-0.4384137,-0.3532065,0.0000000,0.0000000,0.0000000,0.0590804,0.0000000,0.0000000,0.0000000,0.0000000,0.0564695,0.0000000
-0.0413571,0.0697220,-0.1500510,0.0000000,0.0000000,0.0000000,1.0000000,0.0022623,0.0044876,-0.1152791,0.3301388,-0.4307163,-0.3559963,-0.0022350,-0.0045493,-0.1166133,0.3269358,-0.4351587,-0.3510446,0.0000000,0.0000000,0.0000000,0.0590804,0.0000000,0.0000000,0.0000000,0.0000000,0.0564695,0.0000000
-0.0413571,0.0697220,-0.1497236,0.0000000,0.0000000,0.0000000,1.0000000,0.0022539,0.0042664,-0.1140337,0.3281899,-0.4275212,-0.3538325,-0.0022283,-0.0043280,-0.1153676,0.3250029,-0.4319349,-0.3488988,0.0000000,0.0000000,0.0000000,0.0590804,0.0000000,0.0000000,0.0000000,0.0000000,0.0564695,0.0000000
-0.0413571,0.0697220,-0.1494020,0.0000000,0.0000000,0.0000000,1.0000000,0.0022459,0.0040473,-0.1128002,0.3262493,-0.4243543,-0.3516873,-0.0022220,-0.0041088,-0.1141336,0.3230890,-0.4287397,-0.3467714,0.0000000,0.0000000,0.0000000,0.0590804,0.0000000,0.0000000,0.0000000,0.0000000,0.0564695,0.0000000
-0.0413571,0.0697220,-0.1490867,0.0000000,0.0000000,0.0000000,1.0000000,0.0022382,0.0038305,-0.1115799,0.3243242,-0.4212194,-0.3495633,-0.0022160,-0.0038919,-0.1129129,0.3211964,-0.4255767,-0.3446652,0.0000000,0.0000000,0.0000000,0.0590804,0.0000000,0.0000000,0.0000000,0.0000000,0.0564695,0.0000000
-0.0413571,0.0697220,-0.1487778,0.0000000,0.0000000,0.0000000,1.0000000,0.0022309,0.0036164,-0.1103744,0.3224232,-0.4181204,-0.3474631,-0.0022103,-0.0036776,-0.1117070,0.3193273,-0.4224501,-0.3425826,0.0000000,0.0000000,0.0000000,0.0590804,0.0000000,0.0000000,0.0000000,0.0000000,0.0564695,0.0000000
-0.0413571,0.0697220,-0.1484757,0.0000000,0.0000000,0.0000000,1.0000000,0.0022239,0.0034051,-0.1091852,0.3205484,-0.4150612,-0.3453895,-0.0022049,-0.0034662,-0.1105174,0.3174710,-0.4193636,-0.3405263,0.0000000,0.0000000,0.0000000,0.0590804,0.0000000,0.0000000,0.0000000,0.0000000,0.0564695,0.0000000
-0.0413571,0.0697220,-0.1481806,0.0000000,0.0000000,0.0000000,1.0000000,0.0022172,0.0031970,-0.1080137,0.3187017,-0.4120456,-0.3433451,-0.0021999,-0.0032579,-0.1093455,0.3156393,-0.4163213,-0.3384989,0.0000000,0.0000000,0.0000000,0.0590804,0.0000000,0.0000000,0.0000000,0.0000000,0.0564695,0.0000000
-0.0413571,0.0697220,-0.1478927,0.0000000,0.0000000,0.0000000,1.0000000,0.0022110,0.0029923,-0.1068614,0.3168706,-0.4090808,-0.3413316,-0.0021952,-0.0030531,-0.1081928,0.3138383,-0.4133270,-0.3365032,0.0000000,0.0000000,0.0000000,0.0590804,0.0000000,0.0000000,0.0000000,0.0000000,0.0564695,0.0000000
-0.0413571,0.0697220,-0.1476124,0.0000000,0.0000000,0.0000000,1.0000000,0.0022050,0.0027912,-0.1057298,0.3150729,-0.4061689,-0.3393523,-0.0021908,-0.0028519,-0.1070609,0.3120702,-0.4103846,-0.3345416,0.0000000,0.0000000,0.0000000,0.0590804,0.0000000,0.0000000,0.0000000,0.0000000,0.0564695,0.0000000
-0.0413571,0.0697220,-0.1473399,0.0000000,0.0000000,0.0000000,1.0000000,0.0021994,0.0025941,-0.1046204,0.3133110,-0.4033123,-0.3374103,-0.0021868,-0.0026547,-0.1059511,0.3103372,-0.4074981,-0.3326169,0.0000000,0.0000000,0.0000000,0.0590804,0.0000000,0.0000000,0.0000000,0.0000000,0.0564695,0.0000000
-0.0413571,0.0697220,-0.1470753,0.0000000,0.0000000,0.0000000,1.0000000,0.0021942,0.0024012,-0.1035346,0.3115871,-0.4005147,-0.3355081,-0.0021830,-0.0024616,-0.1048649,0.3086281,-0.4046712,-0.3307316,0.0000000,0.0000000,0.0000000,0.0590804,0.0000000,0.0000000,0.0000000,0.0000000,0.0564695,0.0000000
-0.0413571,0.0697220,-0.1468189,0.0000000,0.0000000,0.0000000,1.0000000,0.0021892,0.0022127,-0.1024739,0.3099025,-0.3977800,-0.3336483,-0.0021795,-0.0022730,-0.1038038,0.3069573,-0.4019079,-0.3288882,0.0000000,0.0000000,0.0000000,0.0590804,0.0000000,0.0000000,0.0000000,0.0000000,0.0564695,0.0000000
-0.0413571,0.0697220,-0.1465708,0.0000000,0.0000000,0.0000000,1.0000000,0.0021846,0.0020289,-0.1014395,0.3082469,-0.3951118,-0.3318335,-0.0021763,-0.0020891,-0.1027691,0.3053285,-0.3992116,-0.3270893,0.0000000,0.0000000,0.0000000,0.0590804,0.0000000,0.0000000,0.0000000,0.0000000,0.0564695,0.0000000
-0.0413571,0.0697220,-0.1463312,0.0000000,0.0000000,0.0000000,1.0000000,0.0021803,0.0018500,-0.1004329,0.3066361,-0.3925136,-0.3300660,-0.0021734,-0.0019101,-0.1017621,0.3037439,-0.3965885,-0.3253367,0.0000000,0.0000000,0.0000000,0.0590804,0.0000000,0.0000000,0.0000000,0.0000000,0.0564695,0.0000000
-0.0413571,0.0697220,-0.1461003,0.0000000,0.0000000,0.0000000,1.0000000,0.0021763,0.0016763,-0.0994553,0.3050722,-0.3900148,-0.3283487,-0.0021707,-0.0017363,-0.1007842,0.3022054,-0.3940423,-0.3236328,0.0000000,0.0000000,0.0000000,0.0590804,0.0000000,0.0000000,0.0000000,0.0000000,0.0564695,0.0000000
-0.0413571,0.0697220,-0.1458782,0.0000000,0.0000000,0.0000000,1.0000000,0.0021726,0.0015080,-0.0985080,0.3035572,-0.3876865,-0.3266847,-0.0021683,-0.0015679,-0.0998366,0.3007088,-0.3915738,-0.3219805,0.0000000,0.0000000,0.0000000,0.0590804,0.0000000,0.0000000,0.0000000,0.0000000,0.0564695,0.0000000
-0.0413571,0.0697220,-0.1456650,0.0000000,0.0000000,0.0000000,1.0000000,0.0021691,0.0013453,-0.0975922,0.3020928,-0.3854345,-0.3250750,-0.0021661,-0.0014050,-0.0989205,0.2992556,-0.3892510,-0.3203834,0.0000000,0.0000000,0.0000000,0.0590804,0.0000000,0.0000000,0.0000000,0.0000000,0.0564695,0.0000000
-0.0413571,0.0697220,-0.1454609,0.0000000,0.0000000,0.0000000,1.0000000,0.0021659,0.0011883,-0.0967089,0.3006757,-0.3832615,-0.3235216,-0.0021642,-0.0012480,-0.0980370,0.2978544,-0.3870595,-0.3188432,0.0000000,0.0000000,0.0000000,0.0590804,0.0000000,0.0000000,0.0000000,0.0000000,0.0564695,0.0000000
-0.0413571,0.0697220,-0.1452658,0.0000000,0.0000000,0.0000000,1.0000000,0.0021630,0.0010373,-0.0958594,0.2993057,-0.3811703,-0.3220264,-0.0021624,-0.0010969,-0.0971872,0.2965069,-0.3849505,-0.3173607,0.0000000,0.0000000,0.0000000,0.0590804,0.0000000,0.0000000,0.0000000,0.0000000,0.0564695,0.0000000
-0.0413571,0.0697220,-0.1450799,0.0000000,0.0000000,0.0000000,1.0000000,0.0021603,0.0008925,-0.0950444,0.2979918,-0.3791633,-0.3205913,-0.0021608,-0.0009520,-0.0963719,0.2952145,-0.3829264,-0.3159377,0.0000000,0.0000000,0.0000000,0.0590804,0.0000000,0.0000000,0.0000000,0.0000000,0.0564695,0.0000000
-0.0413571,0.0697220,-0.1449033,0.0000000,0.0000000,0.0000000,1.0000000,0.0021579,0.0007540,-0.0942649,0.2967354,-0.3772428,-0.3192179,-0.0021595,-0.0008134,-0.0955922,0.2939786,-0.3809896,-0.3145759,0.0000000,0.0000000,0.0000000,0.0590804,0.0000000,0.0000000,0.0000000,0.0000000,0.0564695,0.0000000
-0.0413571,0.0697220,-0.1447358,0.0000000,0.0000000,0.0000000,1.0000000,0.0021556,0.0006219,-0.0935216,0.2955375,-0.3754107,-0.3179076,-0.0021582,-0.0006812,-0.0948486,0.2928004,-0.3791421,-0.3132768,0.0000000,0.0000000,0.0000000,0.0590804,0.0000000,0.0000000,0.0000000,0.0000000,0.0564695,0.0000000
-0.0413571,0.0697220,-0.1445776,0.0000000,0.0000000,0.0000000,1.0000000,0.0021536,0.0004964,-0.0928152,0.2943993,-0.3736688,-0.3166617,-0.0021572,-0.0005556,-0.0941420,0.2916717,-0.3773855,-0.3120414,0.0000000,0.0000000,0.0000000,0.0590804,0.0000000,0.0000000,0.0000000,0.0000000,0.0564695,0.0000000
-0.0413571,0.0697220,-0.1444286,0.0000000,0.0000000,0.0000000,1.0000000,0.0021517,0.0003775,-0.0921462,0.2933217,-0.3720187,-0.3154812,-0.0021562,-0.0004367,-0.0934729,0.2906019,-0.3757214,-0.3108710,0.0000000,0.0000000,0.0000000,0.0590804,0.0000000,0.0000000,0.0000000,0.0000000,0.0564695,0.0000000
-0.0413571,0.0697220,-0.1442888,0.0000000,0.0000000,0.0000000,1.0000000,0.0021500,0.0002653,-0.0915152,0.2923033,-0.3704613,-0.3143671,-0.0021554,-0.0003244,-0.0928416,0.2895927,-0.3741509,-0.3097663,0.0000000,0.0000000,0.0000000,0.0590804,0.0000000,0.0000000,0.0000000,0.0000000,0.0564695,0.0000000
-0.0413571,0.0697220,-0.1441581,0.0000000,0.0000000,0.0000000,1.0000000,0.0021485,0.0001600,-0.0909223,0.2913403,-0.3689976,-0.3133198,-0.0021547,-0.0002190,-0.0922485,0.2886448,-0.3726749,-0.3087279,0.0000000,0.0000000,0.0000000,0.0590804,0.0000000,0.0000000,0.0000000,0.0000000,0.0564695,0.0000000
-0.0413571,0.0697220,-0.1440364,0.0000000,0.0000000,0.0000000,1.0000000,0.0021472,0.0000614,-0.0903677,0.2904396,-0.3676280,-0.3123399,-0.0021542,-0.0001204,-0.0916937,0.2877582,-0.3712938,-0.3077563,0.0000000,0.0000000,0.0000000,0.0590804,0.0000000,0.0000000,0.0000000,0.0000000,0.0564695,0.0000000
-0.0413571,0.0697220,-0.1439236,0.0000000,0.0000000,0.0000000,1.0000000,0.0021460,-0.0000303,-0.0898514,0.2896013,-0.3663527,-0.3114272,-0.0021537,-0.0000286,-0.0911773,0.2869330,-0.3700078,-0.3068514,0.0000000,0.0000000,0.0000000,0.0590804,0.0000000,0.0000000,0.0000000,0.0000000,0.0564695,0.0000000
-0.0413571,0.0697220,-0.1438195,0.0000000,0.0000000,0.0000000,1.0000000,0.0021449,-0.0001153,-0.0893733,0.2888252,-0.3651714,-0.3105818,-0.0021532,0.0000564,-0.0906991,0.2861689,-0.3688165,-0.3060132,0.0000000,0.0000000,0.0000000,0.0590804,0.0000000,0.0000000,0.0000000,0.0000000,0.0564695,0.0000000
-0.0413571,0.0697220,-0.1437241,0.0000000,0.0000000,0.0000000,1.0000000,0.0021439,-0.0001935,-0.0889331,0.2881106,-0.3640834,-0.3098032,-0.0021529,0.0001347,-0.0902588,0.2854655,-0.3677195,-0.3052412,0.0000000,0.0000000,0.0000000,0.0590804,0.0000000,0.0000000,0.0000000,0.0000000,0.0564695,0.0000000
-0.0413571,0.0697220,-0.1436371,0.0000000,0.0000000,0.0000000,1.0000000,0.0021431,-0.0002651,-0.0885304,0.2874569,-0.3630878,-0.3090906,-0.0021526,0.0002063,-0.0898559,0.2848220,-0.3667155,-0.3045346,0.0000000,0.0000000,0.0000000,0.0590804,0.0000000,0.0000000,0.0000000,0.0000000,0.0564695,0.0000000
-0.0413571,0.0697220,-0.1435584,0.0000000,0.0000000,0.0000000,1.0000000,0.0021424,-0.0003301,-0.0881645,0.2868630,-0.3621830,-0.3084430,-0.0021524,0.0002714,-0.0894900,0.2842374,-0.3658032,-0.3038925,0.0000000,0.0000000,0.0000000,0.0590804,0.0000000,0.0000000,0.0000000,0.0000000,0.0564695,0.0000000
-0.0413571,0.0697220,-0.1434876,0.0000000,0.0000000,0.0000000,1.0000000,0.0021417,-0.0003887,-0.0878347,0.2863278,-0.3613672,-0.3078591,-0.0021522,0.0003300,-0.0891600,0.2837086,-0.3649806,-0.3033136,0.0000000,0.0000000,0.0000000,0.0590804,0.0000000,0.0000000,0.0000000,0.0000000,0.0564695,0.0000000
-0.0413571,0.0697220,-0.1434245,0.0000000,0.0000000,0.0000000,1.0000000,0.0021411,-0.0004411,-0.0875400,0.2858495,-0.3606382,-0.3073372,-0.0021520,0.0003825,-0.0888652,0.2832333,-0.3642454,-0.3027961,0.0000000,0.0000000,0.0000000,0.0590804,0.0000000,0.0000000,0.0000000,0.0000000,0.0564695,0.0000000
-0.0413571,0.0697220,-0.1433688,0.0000000,0.0000000,0.0000000,1.0000000,0.0021407,-0.0004874,-0.0872793,0.2854264,-0.3599931,-0.3068754,-0.0021519,0.0004288,-0.0886044,0.2828129,-0.3635949,-0.3023382,0.0000000,0.0000000,0.0000000,0.0590804,0.0000000,0.0000000,0.0000000,0.0000000,0.0564695,0.0000000
-0.0413571,0.0697220,-0.1433201,0.0000000,0.0000000,0.0000000,1.0000000,0.0021402,-0.0005280,-0.0870513,0.2850564,-0.3594288,-0.3064714,-0.0021518,0.0004694,-0.0883763,0.2824452,-0.3630259,-0.3019377,0.0000000,0.0000000,0.0000000,0.0590804,0.0000000,0.0000000,0.0000000,0.0000000,0.0564695,0.0000000
-0.0413571,0.0697220,-0.1432783,0.0000000,0.0000000,0.0000000,1.0000000,0.0021399,-0.0005629,-0.0868544,0.2847371,-0.3589416,-0.3061227,-0.0021517,0.0005044,-0.0881794,0.2821278,-0.3625347,-0.3015919,0.0000000,0.0000000,0.0000000,0.0590804,0.0000000,0.0000000,0.0000000,0.0000000,0.0564695,0.0000000
-0.0413571,0.0697220,-0.1432427,0.0000000,0.0000000,0.0000000,1.0000000,0.0021396,-0.0005927,-0.0866872,0.2844657,-0.3585276,-0.3058263,-0.0021517,0.0005341,-0.0880121,0.2818581,-0.3621173,-0.3012980,0.0000000,0.0000000,0.0000000,0.0590804,0.0000000,0.0000000,0.0000000,0.0000000,0.0564695,0.0000000
-0.0413571,0.0697220,-0.1432131,0.0000000,0.0000000,0.0000000,1.0000000,0.0021394,-0.0006175,-0.0865476,0.2842393,-0.3581822,-0.3055790,-0.0021516,0.0005589,-0.0878726,0.2816332,-0.3617690,-0.3010529,0.0000000,0.0000000,0.0000000,0.0590804,0.0000000,0.0000000,0.0000000,0.0000000,0.0564695,0.0000000
-0.0413571,0.0697220,-0.1431890,0.0000000,0.0000000,0.0000000,1.0000000,0.0021392,-0.0006377,-0.0864339,0.2840547,-0.3579006,-0.3053773,-0.0021516,0.0005792,-0.0877587,0.2814498,-0.3614850,-0.3008529,0.0000000,0.0000000,0.0000000,0.0590804,0.0000000,0.0000000,0.0000000,0.0000000,0.0564695,0.0000000
-0.0413571,0.0697220,-0.1431699,0.0000000,0.0000000,0.0000000,1.0000000,0.0021390,-0.0006537,-0.0863437,0.2839084,-0.3576772,-0.3052174,-0.0021515,0.0005952,-0.0876685,0.2813043,-0.3612598,-0.3006944,0.0000000,0.0000000,0.0000000,0.0590804,0.0000000,0.0000000,0.0000000,0.0000000,0.0564695,0.0000000
-0.0413571,0.0697220,-0.1431553,0.0000000,0.0000000,0.0000000,1.0000000,0.0021389,-0.0006660,-0.0862747,0.2837964,-0.3575064,-0.3050951,-0.0021515,0.0006075,-0.0875995,0.2811931,-0.3610875,-0.3005731,0.0000000,0.0000000,0.0000000,0.0590804,0.0000000,0.0000000,0.0000000,0.0000000,0.0564695,0.0000000
-0.0413571,0.0697220,-0.1431446,0.0000000,0.0000000,0.0000000,1.0000000,0.0021388,-0.0006749,-0.0862244,0.2837141,-0.3573818,-0.3050059,-0.0021515,0.0006164,-0.0875492,0.2811120,-0.3609619,-0.3004847,0.0000000,0.0000000,0.0000000,0.0590804,0.0000000,0.0000000,0.0000000,0.0000000,0.0564695,0.0000000
-0.0413571,0.0697220,-0.1431374,0.0000000,0.0000000,0.0000000,1.0000000,0.0021388,-0.0006810,-0.0861901,0.2836580,-0.3572969,-0.3049451,-0.0021515,0.0006225,-0.0875149,0.2810567,-0.3608763,-0.3004244,0.0000000,0.0000000,0.0000000,0.0590804,0.0000000,0.0000000,0.0000000,0.0000000,0.0564695,0.0000000
-0.0413571,0.0697220,-0.1431329,0.0000000,0.0000000,0.0000000,1.0000000,0.0021387,-0.0006848,-0.0861689,0.2836233,-0.3572446,-0.3049077,-0.0021515,0.0006263,-0.0874937,0.2810226,-0.3608235,-0.3003872,0.0000000,0.0000000,0.0000000,0.0590804,0.0000000,0.0000000,0.0000000,0.0000000,0.0564695,0.0000000
-0.0413571,0.0697220,-0.1431306,0.0000000,0.0000000,0.0000000,1.0000000,0.0021387,-0.0006867,-0.0861579,0.2836053,-0.3572172,-0.3048881,-0.0021515,0.0006282,-0.0874827,0.2810048,-0.3607960,-0.3003678,0.0000000,0.0000000,0.0000000,0.0590804,0.0000000,0.0000000,0.0000000,0.0000000,0.0564695,0.0000000
-0.0413571,0.0697220,-0.1431297,0.0000000,0.0000000,0.0000000,1.0000000,0.0021387,-0.0006875,-0.0861538,0.2835985,-0.3572070,-0.3048808,-0.0021515,0.0006290,-0.0874785,0.2809982,-0.3607857,-0.3003606,0.0000000,0.0000000,0.0000000,0.0590804,0.0000000,0.0000000,0.0000000,0.0000000,0.0564695,0.0000000
-0.0413571,0.0697220,-0.1431296,0.0000000,0.0000000,0.0000000,1.0000000,0.0021387,-0.0006876,-0.0861532,0.2835975,-0.3572055,-0.3048797,-0.0021515,0.0006291,-0.0874779,0.2809972,-0.3607842,-0.3003595,0.0000000,0.0000000,0.0000000,0.0590804,0.0000000,0.0000000,0.0000000,0.0000000,0.0564695,0.0000000
-0.0413571,0.0697220,-0.1431296,0.0000000,0.0000000,0.0000000,1.0000000,0.0021387,-0.0006876,-0.0861532,0.2835975,-0.3572055,-0.3048797,-0.0021515,0.0006291,-0.0874779,0.2809972,-0.3607842,-0.3003595,0.0000000,0.0000000,0.0000000,0.0590804,0.0000000,0.0000000,0.0000000,0.0000000,0.0564695,0.0000000
-0.0413571,0.0697220,-0.1431296,0.0000000,0.0000000,0.0000000,1.0000000,0.0021387,-0.0006876,-0.0861532,0.2835975,-0.3572055,-0.3048797,-0.0021515,0.0006291,-0.0874779,0.2809972,-0.3607842,-0.3003595,0.0000000,0.0000000,0.0000000,0.0590804,0.0000000,0.0000000,0.0000000,0.0000000,0.0564695,0.0000000
-0.0413571,0.0697220,-0.1431296,0.0000000,0.0000000,0.0000000,1.0000000,0.0021387,-0.0006876,-0.0861532,0.2835975,-0.3572055,-0.3048797,-0.0021515,0.0006291,-0.0874779,0.2809972,-0.3607842,-0.3003595,0.0000000,0.0000000,0.0000000,0.0590804,0.0000000,0.0000000,0.0000000,0.0000000,0.0564695,0.0000000
-0.0413571,0.0697220,-0.1431296,0.0000000,0.0000000,0.0000000,1.0000000,0.0021387,-0.0006876,-0.0861532,0.2835975,-0.3572055,-0.3048797,-0.0021515,0.0006291,-0.0874779,0.2809972,-0.3607842,-0.3003595,0.0000000,0.0000000,0.0000000,0.0590804,0.0000000,0.0000000,0.0000000,0.0000000,0.0564695,0.0000000
-0.0413571,0.0697220,-0.1431296,0.0000000,0.0000000,0.0000000,1.0000000,0.0021387,-0.0006876,-0.0861532,0.2835975,-0.3572055,-0.3048797,-0.0021515,0.0006291,-0.0874779,0.2809972,-0.3607842,-0.3003595,0.0000000,0.0000000,0.0000000,0.0590804,0.0000000,0.0000000,0.0000000,0.0000000,0.0564695,0.0000000
-0.0413571,0.0697220,-0.1431296,0.0000000,0.0000000,0.0000000,1.0000000,0.0021387,-0.0006876,-0.0861532,0.2835975,-0.3572055,-0.3048797,-0.0021515,0.0006291,-0.0874779,0.2809972,-0.3607842,-0.3003595,0.0000000,0.0000000,0.0000000,0.0590804,0.0000000,0.0000000,0.0000000,0.0000000,0.0564695,0.0000000
-0.0413571,0.0697220,-0.1431296,0.0000000,0.0000000,0.0000000,1.0000000,0.0021387,-0.0006876,-0.0861532,0.2835975,-0.3572055,-0.3048797,-0.0021515,0.0006291,-0.0874779,0.2809972,-0.3607842,-0.3003595,0.0000000,0.0000000,0.0000000,0.0590804,0.0000000,0.0000000,0.0000000,0.0000000,0.0564695,0.0000000
-0.0413571,0.0697220,-0.1431296,0.0000000,0.0000000,0.0000000,1.0000000,0.0021387,-0.0006876,-0.0861532,0.2835975,-0.3572055,-0.3048797,-0.0021515,0.0006291,-0.0874779,0.2809972,-0.3607842,-0.3003595,0.0000000,0.0000000,0.0000000,0.0590804,0.0000000,0.0000000,0.0000000,0.0000000,0.0564695,0.0000000
-0.0413571,0.0697220,-0.1431296,0.0000000,0.0000000,0.0000000,1.0000000,0.0021387,-0.0006876,-0.0861532,0.2835975,-0.3572055,-0.3048797,-0.0021515,0.0006291,-0.0874779,0.2809972,-0.3607842,-0.3003595,0.0000000,0.0000000,0.0000000,0.0590804,0.0000000,0.0000000,0.0000000,0.0000000,0.0564695,0.0000000
-0.0413571,0.0697220,-0.1431296,0.0000000,0.0000000,0.0000000,1.0000000,0.0021387,-0.0006876,-0.0861532,0.2835975,-0.3572055,-0.3048797,-0.0021515,0.0006291,-0.0874779,0.2809972,-0.3607842,-0.3003595,0.0000000,0.0000000,0.0000000,0.0590804,0.0000000,0.0000000,0.0000000,0.0000000,0.0564695,0.0000000
-0.0413571,0.0697220,-0.1431296,0.0000000,0.0000000,0.0000000,1.0000000,0.0021387,-0.0006876,-0.0861532,0.2835975,-0.3572055,-0.3048797,-0.0021515,0.0006291,-0.0874779,0.2809972,-0.3607842,-0.3003595,0.0000000,0.0000000,0.0000000,0.0590804,0.0000000,0.0000000,0.0000000,0.0000000,0.0564695,0.0000000
-0.0413571,0.0697220,-0.1431296,0.0000000,0.0000000,0.0000000,1.0000000,0.0021387,-0.0006876,-0.0861532,0.2835975,-0.3572055,-0.3048797,-0.0021515,0.0006291,-0.0874779,0.2809972,-0.3607842,-0.3003595,0.0000000,0.0000000,0.0000000,0.0590804,0.0000000,0.0000000,0.0000000,0.0000000,0.0564695,0.0000000
-0.0413571,0.0697220,-0.1431296,0.0000000,0.0000000,0.0000000,1.0000000,0.0021387,-0.0006876,-0.0861532,0.2835975,-0.3572055,-0.3048797,-0.0021515,0.0006291,-0.0874779,0.2809972,-0.3607842,-0.3003595,0.0000000,0.0000000,0.0000000,0.0590804,0.0000000,0.0000000,0.0000000,0.0000000,0.0564695,0.0000000
-0.0413571,0.0697220,-0.1431296,0.0000000,0.0000000,0.0000000,1.0000000,0.0021387,-0.0006876,-0.0861532,0.2835975,-0.3572055,-0.3048797,-0.0021515,0.0006291,-0.0874779,0.2809972,-0.3607842,-0.3003595,0.0000000,0.0000000,0.0000000,0.0590804,0.0000000,0.0000000,0.0000000,0.0000000,0.0564695,0.0000000
-0.0413571,0.0697220,-0.1431296,0.0000000,0.0000000,0.0000000,1.0000000,0.0021387,-0.0006876,-0.0861532,0.2835975,-0.3572055,-0.3048797,-0.0021515,0.0006291,-0.0874779,0.2809972,-0.3607842,-0.3003595,0.0000000,0.0000000,0.0000000,0.0590804,0.0000000,0.0000000,0.0000000,0.0000000,0.0564695,0.0000000
-0.0413571,0.0697220,-0.1431296,0.0000000,0.0000000,0.0000000,1.0000000,0.0021387,-0.0006876,-0.0861532,0.2835975,-0.3572055,-0.3048797,-0.0021515,0.0006291,-0.0874779,0.2809972,-0.3607842,-0.3003595,0.0000000,0.0000000,0.0000000,0.0590804,0.0000000,0.0000000,0.0000000,0.0000000,0.0564695,0.0000000
-0.0413571,0.0697220,-0.1431296,0.0000000,0.0000000,0.0000000,1.0000000,0.0021387,-0.0006876,-0.0861532,0.2835975,-0.3572055,-0.3048797,-0.0021515,0.0006291,-0.0874779,0.2809972,-0.3607842,-0.3003595,0.0000000,0.0000000,0.0000000,0.0590804,0.0000000,0.0000000,0.0000000,0.0000000,0.0564695,0.0000000
-0.0413571,0.0697220,-0.1431296,0.0000000,0.0000000,0.0000000,1.0000000,0.0021387,-0.0006876,-0.0861532,0.2835975,-0.3572055,-0.3048797,-0.0021515,0.0006291,-0.0874779,0.2809972,-0.3607842,-0.3003595,0.0000000,0.0000000,0.0000000,0.0590804,0.0000000,0.0000000,0.0000000,0.0000000,0.0564695,0.0000000
-0.0413571,0.0697220,-0.1431296,0.0000000,0.0000000,0.0000000,1.0000000,0.0021387,-0.0006876,-0.0861532,0.2835975,-0.3572055,-0.3048797,-0.0021515,0.0006291,-0.0874779,0.2809972,-0.3607842,-0.3003595,0.0000000,0.0000000,0.0000000,0.0590804,0.0000000,0.0000000,0.0000000,0.0000000,0.0564695,0.0000000
-0.0413571,0.0697220,-0.1431296,0.0000000,0.0000000,0.0000000,1.0000000,0.0021387,-0.0006876,-0.0861532,0.2835975,-0.3572055,-0.3048797,-0.0021515,0.0006291,-0.0874779,0.2809972,-0.3607842,-0.3003595,0.0000000,0.0000000,0.0000000,0.0590804,0.0000000,0.0000000,0.0000000,0.0000000,0.0564695,0.0000000
-0.0413571,0.0697220,-0.1431296,0.0000000,0.0000000,0.0000000,1.0000000,0.0021387,-0.0006876,-0.0861532,0.2835975,-0.3572055,-0.3048797,-0.0021515,0.0006291,-0.0874779,0.2809972,-0.3607842,-0.3003595,0.0000000,0.0000000,0.0000000,0.0590804,0.0000000,0.0000000,0.0000000,0.0000000,0.0564695,0.0000000
-0.0413571,0.0697220,-0.1431296,0.0000000,0.0000000,0.0000000,1.0000000,0.0021387,-0.0006876,-0.0861532,0.2835975,-0.3572055,-0.3048797,-0.0021515,0.0006291,-0.0874779,0.2809972,-0.3607842,-0.3003595,0.0000000,0.0000000,0.0000000,0.0590804,0.0000000,0.0000000,0.0000000,0.0000000,0.0564695,0.0000000
-0.0413571,0.0697220,-0.1431296,0.0000000,0.0000000,0.0000000,1.0000000,0.0021387,-0.0006876,-0.0861532,0.2835975,-0.3572055,-0.3048797,-0.0021515,0.0006291,-0.0874779,0.2809972,-0.3607842,-0.3003595,0.0000000,0.0000000,0.0000000,0.0590804,0.0000000,0.0000000,0.0000000,0.0000000,0.0564695,0.0000000
-0.0413571,0.0697220,-0.1431296,0.0000000,0.0000000,0.0000000,1.0000000,0.0021387,-0.0006876,-0.0861532,0.2835975,-0.3572055,-0.3048797,-0.0021515,0.0006291,-0.0874779,0.2809972,-0.3607842,-0.3003595,0.0000000,0.0000000,0.0000000,0.0590804,0.0000000,0.0000000,0.0000000,0.0000000,0.0564695,0.0000000
-0.0413571,0.0697220,-0.1431296,0.0000000,0.0000000,0.0000000,1.0000000,0.0021387,-0.0006876,-0.0861532,0.2835975,-0.3572055,-0.3048797,-0.0021515,0.0006291,-0.0874779,0.2809972,-0.3607842,-0.3003595,0.0000000,0.0000000,0.0000000,0.0590804,0.0000000,0.0000000,0.0000000,0.0000000,0.0564695,0.0000000
-0.0413571,0.0697220,-0.1431296,0.0000000,0.0000000,0.0000000,1.0000000,0.0021387,-0.0006876,-0.0861532,0.2835975,-0.3572055,-0.3048797,-0.0021515,0.0006291,-0.0874779,0.2809972,-0.3607842,-0.3003595,0.0000000,0.0000000,0.0000000,0.0590804,0.0000000,0.0000000,0.0000000,0.0000000,0.0564695,0.0000000
-0.0413571,0.0697220,-0.1431296,0.0000000,0.0000000,0.0000000,1.0000000,0.0021387,-0.0006876,-0.0861532,0.2835975,-0.3572055,-0.3048797,-0.0021515,0.0006291,-0.0874779,0.2809972,-0.3607842,-0.3003595,0.0000000,0.0000000,0.0000000,0.0590804,0.0000000,0.0000000,0.0000000,0.0000000,0.0564695,0.0000000
-0.0413571,0.0697220,-0.1431296,0.0000000,0.0000000,0.0000000,1.0000000,0.0021387,-0.0006876,-0.0861532,0.2835975,-0.3572055,-0.3048797,-0.0021515,0.0006291,-0.0874779,0.2809972,-0.3607842,-0.3003595,0.0000000,0.0000000,0.0000000,0.0590804,0.0000000,0.0000000,0.0000000,0.0000000,0.0564695,0.0000000
-0.0413571,0.0697220,-0.1431296,0.0000000,0.0000000,0.0000000,1.0000000,0.0021387,-0.0006876,-0.0861532,0.2835975,-0.3572055,-0.3048797,-0.0021515,0.0006291,-0.0874779,0.2809972,-0.3607842,-0.3003595,0.0000000,0.0000000,0.0000000,0.0590804,0.0000000,0.0000000,0.0000000,0.0000000,0.0564695,0.0000000
-0.0413571,0.0697220,-0.1431296,0.0000000,0.0000000,0.0000000,1.0000000,0.0021387,-0.0006876,-0.0861532,0.2835975,-0.3572055,-0.3048797,-0.0021515,0.0006291,-0.0874779,0.2809972,-0.3607842,-0.3003595,0.0000000,0.0000000,0.0000000,0.0590804,0.0000000,0.0000000,0.0000000,0.0000000,0.0564695,0.0000000
-0.0413571,0.0697220,-0.1431296,0.0000000,0.0000000,0.0000000,1.0000000,0.0021387,-0.0006876,-0.0861532,0.2835975,-0.3572055,-0.3048797,-0.0021515,0.0006291,-0.0874779,0.2809972,-0.3607842,-0.3003595,0.0000000,0.0000000,0.0000000,0.0590804,0.0000000,0.0000000,0.0000000,0.0000000,0.0564695,0.0000000
-0.0413571,0.0697220,-0.1431296,0.0000000,0.0000000,0.0000000,1.0000000,0.0021387,-0.0006876,-0.0861532,0.2835975,-0.3572055,-0.3048797,-0.0021515,0.0006291,-0.0874779,0.2809972,-0.3607842,-0.3003595,0.0000000,0.0000000,0.0000000,0.0590804,0.0000000,0.0000000,0.0000000,0.0000000,0.0564695,0.0000000
-0.0413571,0.0697220,-0.1431296,0.0000000,0.0000000,0.0000000,1.0000000,0.0021387,-0.0006876,-0.0861532,0.2835975,-0.3572055,-0.3048797,-0.0021515,0.0006291,-0.0874779,0.2809972,-0.3607842,-0.3003595,0.0000000,0.0000000,0.0000000,0.0590804,0.0000000,0.0000000,0.0000000,0.0000000,0.0564695,0.0000000
-0.0413571,0.0697220,-0.1431296,0.0000000,0.0000000,0.0000000,1.0000000,0.0021387,-0.0006876,-0.0861532,0.2835975,-0.3572055,-0.3048797,-0.0021515,0.0006291,-0.0874779,0.2809972,-0.3607842,-0.3003595,0.0000000,0.0000000,0.0000000,0.0590804,0.0000000,0.0000000,0.0000000,0.0000000,0.0564695,0.0000000
-0.0413571,0.0697220,-0.1431296,0.0000000,0.0000000,0.0000000,1.0000000,0.0021387,-0.0006876,-0.0861532,0.2835975,-0.3572055,-0.3048797,-0.0021515,0.0006291,-0.0874779,0.2809972,-0.3607842,-0.3003595,0.0000000,0.0000000,0.0000000,0.0590804,0.0000000,0.0000000,0.0000000,0.0000000,0.0564695,0.0000000
-0.0413571,0.0697220,-0.1431296,0.0000000,0.0000000,0.0000000,1.0000000,0.0021387,-0.0006876,-0.0861532,0.2835975,-0.3572055,-0.3048797,-0.0021515,0.0006291,-0.0874779,0.2809972,-0.3607842,-0.3003595,0.0000000,0.0000000,0.0000000,0.0590804,0.0000000,0.0000000,0.0000000,0.0000000,0.0564695,0.0000000
-0.0413571,0.0697220,-0.1431296,0.0000000,0.0000000,0.0000000,1.0000000,0.0021387,-0.0006876,-0.0861532,0.2835975,-0.3572055,-0.3048797,-0.0021515,0.0006291,-0.0874779,0.2809972,-0.3607842,-0.3003595,0.0000000,0.0000000,0.0000000,0.0590804,0.0000000,0.0000000,0.0000000,0.0000000,0.0564695,0.0000000
-0.0413571,0.0697220,-0.1431296,0.0000000,0.0000000,0.0000000,1.0000000,0.0021387,-0.0006876,-0.0861532,0.2835975,-0.3572055,-0.3048797,-0.0021515,0.0006291,-0.0874779,0.2809972,-0.3607842,-0.3003595,0.0000000,0.0000000,0.0000000,0.0590804,0.0000000,0.0000000,0.0000000,0.0000000,0.0564695,0.0000000
-0.0413571,0.0697220,-0.1431296,0.0000000,0.0000000,0.0000000,1.0000000,0.0021387,-0.0006876,-0.0861532,0.2835975,-0.3572055,-0.3048797,-0.0021515,0.0006291,-0.0874779,0.2809972,-0.3607842,-0.3003595,0.0000000,0.0000000,0.0000000,0.0590804,0.0000000,0.0000000,0.0000000,0.0000000,0.0564695,0.0000000
-0.0413571,0.0697220,-0.1431296,0.0000000,0.0000000,0.0000000,1.0000000,0.0021387,-0.0006876,-0.0861532,0.2835975,-0.3572055,-0.3048797,-0.0021515,0.0006291,-0.0874779,0.2809972,-0.3607842,-0.3003595,0.0000000,0.0000000,0.0000000,0.0590804,0.0000000,0.0000000,0.0000000,0.0000000,0.0564695,0.0000000
-0.0413571,0.0697220,-0.1431296,0.0000000,0.0000000,0.0000000,1.0000000,0.0021387,-0.0006876,-0.0861532,0.2835975,-0.3572055,-0.3048797,-0.0021515,0.0006291,-0.0874779,0.2809972,-0.3607842,-0.3003595,0.0000000,0.0000000,0.0000000,0.0590804,0.0000000,0.0000000,0.0000000,0.0000000,0.0564695,0.0000000
-0.0413571,0.0697220,-0.1431296,0.0000000,0.0000000,0.0000000,1.0000000,0.0021387,-0.0006876,-0.0861532,0.2835975,-0.3572055,-0.3048797,-0.0021515,0.0006291,-0.0874779,0.2809972,-0.3607842,-0.3003595,0.0000000,0.0000000,0.0000000,0.0590804,0.0000000,0.0000000,0.0000000,0.0000000,0.0564695,0.0000000
-0.0413571,0.0697220,-0.1431296,0.0000000,0.0000000,0.0000000,1.0000000,0.0021387,-0.0006876,-0.0861532,0.2835975,-0.3572055,-0.3048797,-0.0021515,0.0006291,-0.0874779,0.2809972,-0.3607842,-0.3003595,0.0000000,0.0000000,0.0000000,0.0590804,0.0000000,0.0000000,0.0000000,0.0000000,0.0564695,0.0000000
-0.0413571,0.0697220,-0.1431296,0.0000000,0.0000000,0.0000000,1.0000000,0.0021387,-0.0006876,-0.0861532,0.2835975,-0.3572055,-0.3048797,-0.0021515,0.0006291,-0.0874779,0.2809972,-0.3607842,-0.3003595,0.0000000,0.0000000,0.0000000,0.0590804,0.0000000,0.0000000,0.0000000,0.0000000,0.0564695,0.0000000
-0.0413571,0.0697220,-0.1431296,0.0000000,0.0000000,0.0000000,1.0000000,0.0021387,-0.0006876,-0.0861532,0.2835975,-0.3572055,-0.3048797,-0.0021515,0.0006291,-0.0874779,0.2809972,-0.3607842,-0.3003595,0.0000000,0.0000000,0.0000000,0.0590804,0.0000000,0.0000000,0.0000000,0.0000000,0.0564695,0.0000000
-0.0413571,0.0697220,-0.1431296,0.0000000,0.0000000,0.0000000,1.0000000,0.0021387,-0.0006876,-0.0861532,0.2835975,-0.3572055,-0.3048797,-0.0021515,0.0006291,-0.0874779,0.2809972,-0.3607842,-0.3003595,0.0000000,0.0000000,0.0000000,0.0590804,0.0000000,0.0000000,0.0000000,0.0000000,0.0564695,0.0000000
-0.0413571,0.0697220,-0.1431296,0.0000000,0.0000000,0.0000000,1.0000000,0.0021387,-0.0006876,-0.0861532,0.2835975,-0.3572055,-0.3048797,-0.0021515,0.0006291,-0.0874779,0.2809972,-0.3607842,-0.3003595,0.0000000,0.0000000,0.0000000,0.0590804,0.0000000,0.0000000,0.0000000,0.0000000,0.0564695,0.0000000
-0.0413571,0.0697220,-0.1431296,0.0000000,0.0000000,0.0000000,1.0000000,0.0021387,-0.0006876,-0.0861532,0.2835975,-0.3572055,-0.3048797,-0.0021515,0.0006291,-0.0874779,0.2809972,-0.3607842,-0.3003595,0.0000000,0.0000000,0.0000000,0.0590804,0.0000000,0.0000000,0.0000000,0.0000000,0.0564695,0.0000000
-0.0413571,0.0697220,-0.1431296,0.0000000,0.0000000,0.0000000,1.0000000,0.0021387,-0.0006876,-0.0861532,0.2835975,-0.3572055,-0.3048797,-0.0021515,0.0006291,-0.0874779,0.2809972,-0.3607842,-0.3003595,0.0000000,0.0000000,0.0000000,0.0590804,0.0000000,0.0000000,0.0000000,0.0000000,0.0564695,0.0000000
-0.0413571,0.0697220,-0.1431296,0.0000000,0.0000000,0.0000000,1.0000000,0.0021387,-0.0006876,-0.0861532,0.2835975,-0.3572055,-0.3048797,-0.0021515,0.0006291,-0.0874779,0.2809972,-0.3607842,-0.3003595,0.0000000,0.0000000,0.0000000,0.0590804,0.0000000,0.0000000,0.0000000,0.0000000,0.0564695,0.0000000
-0.0413571,0.0697220,-0.1431296,0.0000000,0.0000000,0.0000000,1.0000000,0.0021387,-0.0006876,-0.0861532,0.2835975,-0.3572055,-0.3048797,-0.0021515,0.0006291,-0.0874779,0.2809972,-0.3607842,-0.3003595,0.0000000,0.0000000,0.0000000,0.0590804,0.0000000,0.0000000,0.0000000,0.0000000,0.0564695,0.0000000
-0.0413571,0.0697220,-0.1431296,0.0000000,0.0000000,0.0000000,1.0000000,0.0021387,-0.0006876,-0.0861532,0.2835975,-0.3572055,-0.3048797,-0.0021515,0.0006291,-0.0874779,0.2809972,-0.3607842,-0.3003595,0.0000000,0.0000000,0.0000000,0.0590804,0.0000000,0.0000000,0.0000000,0.0000000,0.0564695,0.0000000
-0.0413571,0.0697220,-0.1431296,0.0000000,0.0000000,0.0000000,1.0000000,0.0021387,-0.0006876,-0.0861532,0.2835975,-0.3572055,-0.3048797,-0.0021515,0.0006291,-0.0874779,0.2809972,-0.3607842,-0.3003595,0.0000000,0.0000000,0.0000000,0.0590804,0.0000000,0.0000000,0.0000000,0.0000000,0.0564695,0.0000000
-0.0413571,0.0697220,-0.1431296,0.0000000,0.0000000,0.0000000,1.0000000,0.0021387,-0.0006876,-0.0861532,0.2835975,-0.3572055,-0.3048797,-0.0021515,0.0006291,-0.0874779,0.2809972,-0.3607842,-0.3003595,0.0000000,0.0000000,0.0000000,0.0590804,0.0000000,0.0000000,0.0000000,0.0000000,0.0564695,0.0000000
-0.0413571,0.0697220,-0.1431296,0.0000000,0.0000000,0.0000000,1.0000000,0.0021387,-0.0006876,-0.0861532,0.2835975,-0.3572055,-0.3048797,-0.0021515,0.0006291,-0.0874779,0.2809972,-0.3607842,-0.3003595,0.0000000,0.0000000,0.0000000,0.0590804,0.0000000,0.0000000,0.0000000,0.0000000,0.0564695,0.0000000
-0.0413571,0.0697220,-0.1431296,0.0000000,0.0000000,0.0000000,1.0000000,0.0021387,-0.0006876,-0.0861532,0.2835975,-0.3572055,-0.3048797,-0.0021515,0.0006291,-0.0874779,0.2809972,-0.3607842,-0.3003595,0.0000000,0.0000000,0.0000000,0.0590804,0.0000000,0.0000000,0.0000000,0.0000000,0.0564695,0.0000000
-0.0413571,0.0697220,-0.1431296,0.0000000,0.0000000,0.0000000,1.0000000,0.0021387,-0.0006876,-0.0861532,0.2835975,-0.3572055,-0.3048797,-0.0021515,0.0006291,-0.0874779,0.2809972,-0.3607842,-0.3003595,0.0000000,0.0000000,0.0000000,0.0590804,0.0000000,0.0000000,0.0000000,0.0000000,0.0564695,0.0000000
-0.0413571,0.0697220,-0.1431296,0.0000000,0.0000000,0.0000000,1.0000000,0.0021387,-0.0006876,-0.0861532,0.2835975,-0.3572055,-0.3048797,-0.0021515,0.0006291,-0.0874779,0.2809972,-0.3607842,-0.3003595,0.0000000,0.0000000,0.0000000,0.0590804,0.0000000,0.0000000,0.0000000,0.0000000,0.0564695,0.0000000
-0.0413571,0.0697220,-0.1431296,0.0000000,0.0000000,0.0000000,1.0000000,0.0021387,-0.0006876,-0.0861532,0.2835975,-0.3572055,-0.3048797,-0.0021515,0.0006291,-0.0874779,0.2809972,-0.3607842,-0.3003595,0.0000000,0.0000000,0.0000000,0.0590804,0.0000000,0.0000000,0.0000000,0.0000000,0.0564695,0.0000000
-0.0413571,0.0697220,-0.1431296,0.0000000,0.0000000,0.0000000,1.0000000,0.0021387,-0.0006876,-0.0861532,0.2835975,-0.3572055,-0.3048797,-0.0021515,0.0006291,-0.0874779,0.2809972,-0.3607842,-0.3003595,0.0000000,0.0000000,0.0000000,0.0590804,0.0000000,0.0000000,0.0000000,0.0000000,0.0564695,0.0000000
-0.0413571,0.0697220,-0.1431296,0.0000000,0.0000000,0.0000000,1.0000000,0.0021387,-0.0006876,-0.0861532,0.2835975,-0.3572055,-0.3048797,-0.0021515,0.0006291,-0.0874779,0.2809972,-0.3607842,-0.3003595,0.0000000,0.0000000,0.0000000,0.0590804,0.0000000,0.0000000,0.0000000,0.0000000,0.0564695,0.0000000
-0.0413571,0.0697220,-0.1431296,0.0000000,0.0000000,0.0000000,1.0000000,0.0021387,-0.0006876,-0.0861532,0.2835975,-0.3572055,-0.3048797,-0.0021515,0.0006291,-0.0874779,0.2809972,-0.3607842,-0.3003595,0.0000000,0.0000000,0.0000000,0.0590804,0.0000000,0.0000000,0.0000000,0.0000000,0.0564695,0.0000000
-0.0413571,0.0697220,-0.1431296,0.0000000,0.0000000,0.0000000,1.0000000,0.0021387,-0.0006876,-0.0861532,0.2835975,-0.3572055,-0.3048797,-0.0021515,0.0006291,-0.0874779,0.2809972,-0.3607842,-0.3003595,0.0000000,0.0000000,0.0000000,0.0590804,0.0000000,0.0000000,0.0000000,0.0000000,0.0564695,0.0000000
-0.0413571,0.0697220,-0.1431296,0.0000000,0.0000000,0.0000000,1.0000000,0.0021387,-0.0006876,-0.0861532,0.2835975,-0.3572055,-0.3048797,-0.0021515,0.0006291,-0.0874779,0.2809972,-0.3607842,-0.3003595,0.0000000,0.0000000,0.0000000,0.0590804,0.0000000,0.0000000,0.0000000,0.0000000,0.0564695,0.0000000
-0.0413571,0.0697220,-0.1431296,0.0000000,0.0000000,0.0000000,1.0000000,0.0021387,-0.0006876,-0.0861532,0.2835975,-0.3572055,-0.3048797,-0.0021515,0.0006291,-0.0874779,0.2809972,-0.3607842,-0.3003595,0.0000000,0.0000000,0.0000000,0.0590804,0.0000000,0.0000000,0.0000000,0.0000000,0.0564695,0.0000000
-0.0413571,0.0697220,-0.1431296,0.0000000,0.0000000,0.0000000,1.0000000,0.0021387,-0.0006876,-0.0861532,0.2835975,-0.3572055,-0.3048797,-0.0021515,0.0006291,-0.0874779,0.2809972,-0.3607842,-0.3003595,0.0000000,0.0000000,0.0000000,0.0590804,0.0000000,0.0000000,0.0000000,0.0000000,0.0564695,0.0000000
-0.0413571,0.0697220,-0.1431296,0.0000000,0.0000000,0.0000000,1.0000000,0.0021387,-0.0006876,-0.0861532,0.2835975,-0.3572055,-0.3048797,-0.0021515,0.0006291,-0.0874779,0.2809972,-0.3607842,-0.3003595,0.0000000,0.0000000,0.0000000,0.0590804,0.0000000,0.0000000,0.0000000,0.0000000,0.0564695,0.0000000
-0.0413571,0.0697220,-0.1431296,0.0000000,0.0000000,0.0000000,1.0000000,0.0021387,-0.0006876,-0.0861532,0.2835975,-0.3572055,-0.3048797,-0.0021515,0.0006291,-0.0874779,0.2809972,-0.3607842,-0.3003595,0.0000000,0.0000000,0.0000000,0.0590804,0.0000000,0.0000000,0.0000000,0.0000000,0.0564695,0.0000000
-0.0413571,0.0697220,-0.1431296,0.0000000,0.0000000,0.0000000,1.0000000,0.0021387,-0.0006876,-0.0861532,0.2835975,-0.3572055,-0.3048797,-0.0021515,0.0006291,-0.0874779,0.2809972,-0.3607842,-0.3003595,0.0000000,0.0000000,0.0000000,0.0590804,0.0000000,0.0000000,0.0000000,0.0000000,0.0564695,0.0000000
-0.0413571,0.0697220,-0.1431296,0.0000000,0.0000000,0.0000000,1.0000000,0.0021387,-0.0006876,-0.0861532,0.2835975,-0.3572055,-0.3048797,-0.0021515,0.0006291,-0.0874779,0.2809972,-0.3607842,-0.3003595,0.0000000,0.0000000,0.0000000,0.0590804,0.0000000,0.0000000,0.0000000,0.0000000,0.0564695,0.0000000
-0.0413571,0.0697220,-0.1431296,0.0000000,0.0000000,0.0000000,1.0000000,0.0021387,-0.0006876,-0.0861532,0.2835975,-0.3572055,-0.3048797,-0.0021515,0.0006291,-0.0874779,0.2809972,-0.3607842,-0.3003595,0.0000000,0.0000000,0.0000000,0.0590804,0.0000000,0.0000000,0.0000000,0.0000000,0.0564695,0.0000000
-0.0413571,0.0697220,-0.1431296,0.0000000,0.0000000,0.0000000,1.0000000,0.0021387,-0.0006876,-0.0861532,0.2835975,-0.3572055,-0.3048797,-0.0021515,0.0006291,-0.0874779,0.2809972,-0.3607842,-0.3003595,0.0000000,0.0000000,0.0000000,0.0590804,0.0000000,0.0000000,0.0000000,0.0000000,0.0564695,0.0000000
-0.0413571,0.0697220,-0.1431296,0.0000000,0.0000000,0.0000000,1.0000000,0.0021387,-0.0006876,-0.0861532,0.2835975,-0.3572055,-0.3048797,-0.0021515,0.0006291,-0.0874779,0.2809972,-0.3607842,-0.3003595,0.0000000,0.0000000,0.0000000,0.0590804,0.0000000,0.0000000,0.0000000,0.0000000,0.0564695,0.0000000
-0.0413571,0.0697220,-0.1431296,0.0000000,0.0000000,0.0000000,1.0000000,0.0021387,-0.0006876,-0.0861532,0.2835975,-0.3572055,-0.3048797,-0.0021515,0.0006291,-0.0874779,0.2809972,-0.3607842,-0.3003595,0.0000000,0.0000000,0.0000000,0.0590804,0.0000000,0.0000000,0.0000000,0.0000000,0.0564695,0.0000000
-0.0413571,0.0697220,-0.1431296,0.0000000,0.0000000,0.0000000,1.0000000,0.0021387,-0.0006876,-0.0861532,0.2835975,-0.3572055,-0.3048797,-0.0021515,0.0006291,-0.0874779,0.2809972,-0.3607842,-0.3003595,0.0000000,0.0000000,0.0000000,0.0590804,0.0000000,0.0000000,0.0000000,0.0000000,0.0564695,0.0000000
-0.0413571,0.0697220,-0.1431296,0.0000000,0.0000000,0.0000000,1.0000000,0.0021387,-0.0006876,-0.0861532,0.2835975,-0.3572055,-0.3048797,-0.0021515,0.0006291,-0.0874779,0.2809972,-0.3607842,-0.3003595,0.0000000,0.0000000,0.0000000,0.0590804,0.0000000,0.0000000,0.0000000,0.0000000,0.0564695,0.0000000
-0.0413571,0.0697220,-0.1431296,0.0000000,0.0000000,0.0000000,1.0000000,0.0021387,-0.0006876,-0.0861532,0.2835975,-0.3572055,-0.3048797,-0.0021515,0.0006291,-0.0874779,0.2809972,-0.3607842,-0.3003595,0.0000000,0.0000000,0.0000000,0.0590804,0.0000000,0.0000000,0.0000000,0.0000000,0.0564695,0.0000000
-0.0413571,0.0697220,-0.1431296,0.0000000,0.0000000,0.0000000,1.0000000,0.0021387,-0.0006876,-0.0861532,0.2835975,-0.3572055,-0.3048797,-0.0021515,0.0006291,-0.0874779,0.2809972,-0.3607842,-0.3003595,0.0000000,0.0000000,0.0000000,0.0590804,0.0000000,0.0000000,0.0000000,0.0000000,0.0564695,0.0000000
-0.0413571,0.0697220,-0.1431296,0.0000000,0.0000000,0.0000000,1.0000000,0.0021387,-0.0006876,-0.0861532,0.2835975,-0.3572055,-0.3048797,-0.0021515,0.0006291,-0.0874779,0.2809972,-0.3607842,-0.3003595,0.0000000,0.0000000,0.0000000,0.0590804,0.0000000,0.0000000,0.0000000,0.0000000,0.0564695,0.0000000
-0.0413571,0.0697220,-0.1431296,0.0000000,0.0000000,0.0000000,1.0000000,0.0021387,-0.0006876,-0.0861532,0.2835975,-0.3572055,-0.3048797,-0.0021515,0.0006291,-0.0874779,0.2809972,-0.3607842,-0.3003595,0.0000000,0.0000000,0.0000000,0.0590804,0.0000000,0.0000000,0.0000000,0.0000000,0.0564695,0.0000000
-0.0413571,0.0697220,-0.1431296,0.0000000,0.0000000,0.0000000,1.0000000,0.0021387,-0.0006876,-0.0861532,0.2835975,-0.3572055,-0.3048797,-0.0021515,0.0006291,-0.0874779,0.2809972,-0.3607842,-0.3003595,0.0000000,0.0000000,0.0000000,0.0590804,0.0000000,0.0000000,0.0000000,0.0000000,0.0564695,0.0000000
-0.0413571,0.0697220,-0.1431296,0.0000000,0.0000000,0.0000000,1.0000000,0.0021387,-0.0006876,-0.0861532,0.2835975,-0.3572055,-0.3048797,-0.0021515,0.0006291,-0.0874779,0.2809972,-0.3607842,-0.3003595,0.0000000,0.0000000,0.0000000,0.0590804,0.0000000,0.0000000,0.0000000,0.0000000,0.0564695,0.0000000
-0.0413571,0.0697220,-0.1431296,0.0000000,0.0000000,0.0000000,1.0000000,0.0021387,-0.0006876,-0.0861532,0.2835975,-0.3572055,-0.3048797,-0.0021515,0.0006291,-0.0874779,0.2809972,-0.3607842,-0.3003595,0.0000000,0.0000000,0.0000000,0.0590804,0.0000000,0.0000000,0.0000000,0.0000000,0.0564695,0.0000000
-0.0413571,0.0697220,-0.1431296,0.0000000,0.0000000,0.0000000,1.0000000,0.0021387,-0.0006876,-0.0861532,0.2835975,-0.3572055,-0.3048797,-0.0021515,0.0006291,-0.0874779,0.2809972,-0.3607842,-0.3003595,0.0000000,0.0000000,0.0000000,0.0590804,0.0000000,0.0000000,0.0000000,0.0000000,0.0564695,0.0000000
-0.0413571,0.0697220,-0.1431296,0.0000000,0.0000000,0.0000000,1.0000000,0.0021387,-0.0006876,-0.0861532,0.2835975,-0.3572055,-0.3048797,-0.0021515,0.0006291,-0.0874779,0.2809972,-0.3607842,-0.3003595,0.0000000,0.0000000,0.0000000,0.0590804,0.0000000,0.0000000,0.0000000,0.0000000,0.0564695,0.0000000
-0.0413571,0.0697220,-0.1431296,0.0000000,0.0000000,0.0000000,1.0000000,0.0021387,-0.0006876,-0.0861532,0.2835975,-0.3572055,-0.3048797,-0.0021515,0.0006291,-0.0874779,0.2809972,-0.3607842,-0.3003595,0.0000000,0.0000000,0.0000000,0.0590804,0.0000000,0.0000000,0.0000000,0.0000000,0.0564695,0.0000000
-0.0413571,0.0697220,-0.1431296,0.0000000,0.0000000,0.0000000,1.0000000,0.0021387,-0.0006876,-0.0861532,0.2835975,-0.3572055,-0.3048797,-0.0021515,0.0006291,-0.0874779,0.2809972,-0.3607842,-0.3003595,0.0000000,0.0000000,0.0000000,0.0590804,0.0000000,0.0000000,0.0000000,0.0000000,0.0564695,0.0000000
-0.0413571,0.0697220,-0.1431296,0.0000000,0.0000000,0.0000000,1.0000000,0.0021387,-0.0006876,-0.0861532,0.2835975,-0.3572055,-0.3048797,-0.0021515,0.0006291,-0.0874779,0.2809972,-0.3607842,-0.3003595,0.0000000,0.0000000,0.0000000,0.0590804,0.0000000,0.0000000,0.0000000,0.0000000,0.0564695,0.0000000
-0.0413571,0.0697220,-0.1431296,0.0000000,0.0000000,0.0000000,1.0000000,0.0021387,-0.0006876,-0.0861532,0.2835975,-0.3572055,-0.3048797,-0.0021515,0.0006291,-0.0874779,0.2809972,-0.3607842,-0.3003595,0.0000000,0.0000000,0.0000000,0.0590804,0.0000000,0.0000000,0.0000000,0.0000000,0.0564695,0.0000000
-0.0413571,0.0697220,-0.1431296,0.0000000,0.0000000,0.0000000,1.0000000,0.0021387,-0.0006876,-0.0861532,0.2835975,-0.3572055,-0.3048797,-0.0021515,0.0006291,-0.0874779,0.2809972,-0.3607842,-0.3003595,0.0000000,0.0000000,0.0000000,0.0590804,0.0000000,0.0000000,0.0000000,0.0000000,0.0564695,0.0000000
-0.0413571,0.0697220,-0.1431296,0.0000000,0.0000000,0.0000000,1.0000000,0.0021387,-0.0006876,-0.0861532,0.2835975,-0.3572055,-0.3048797,-0.0021515,0.0006291,-0.0874779,0.2809972,-0.3607842,-0.3003595,0.0000000,0.0000000,0.0000000,0.0590804,0.0000000,0.0000000,0.0000000,0.0000000,0.0564695,0.0000000
-0.0413571,0.0697220,-0.1431296,0.0000000,0.0000000,0.0000000,1.0000000,0.0021387,-0.0006876,-0.0861532,0.2835975,-0.3572055,-0.3048797,-0.0021515,0.0006291,-0.0874779,0.2809972,-0.3607842,-0.3003595,0.0000000,0.0000000,0.0000000,0.0590804,0.0000000,0.0000000,0.0000000,0.0000000,0.0564695,0.0000000
-0.0413571,0.0697220,-0.1431296,0.0000000,0.0000000,0.0000000,1.0000000,0.0021387,-0.0006876,-0.0861532,0.2835975,-0.3572055,-0.3048797,-0.0021515,0.0006291,-0.0874779,0.2809972,-0.3607842,-0.3003595,0.0000000,0.0000000,0.0000000,0.0590804,0.0000000,0.0000000,0.0000000,0.0000000,0.0564695,0.0000000
-0.0413571,0.0697220,-0.1431296,0.0000000,0.0000000,0.0000000,1.0000000,0.0021387,-0.0006876,-0.0861532,0.2835975,-0.3572055,-0.3048797,-0.0021515,0.0006291,-0.0874779,0.2809972,-0.3607842,-0.3003595,0.0000000,0.0000000,0.0000000,0.0590804,0.0000000,0.0000000,0.0000000,0.0000000,0.0564695,0.0000000
-0.0413571,0.0697220,-0.1431296,0.0000000,0.0000000,0.0000000,1.0000000,0.0021387,-0.0006876,-0.0861532,0.2835975,-0.3572055,-0.3048797,-0.0021515,0.0006291,-0.0874779,0.2809972,-0.3607842,-0.3003595,0.0000000,0.0000000,0.0000000,0.0590804,0.0000000,0.0000000,0.0000000,0.0000000,0.0564695,0.0000000
-0.0413571,0.0697220,-0.1431296,0.0000000,0.0000000,0.0000000,1.0000000,0.0021387,-0.0006876,-0.0861532,0.2835975,-0.3572055,-0.3048797,-0.0021515,0.0006291,-0.0874779,0.2809972,-0.3607842,-0.3003595,0.0000000,0.0000000,0.0000000,0.0590804,0.0000000,0.0000000,0.0000000,0.0000000,0.0564695,0.0000000
-0.0413571,0.0697220,-0.1431296,0.0000000,0.0000000,0.0000000,1.0000000,0.0021387,-0.0006876,-0.0861532,0.2835975,-0.3572055,-0.3048797,-0.0021515,0.0006291,-0.0874779,0.2809972,-0.3607842,-0.3003595,0.0000000,0.0000000,0.0000000,0.0590804,0.0000000,0.0000000,0.0000000,0.0000000,0.0564695,0.0000000
-0.0413571,0.0697220,-0.1431296,0.0000000,0.0000000,0.0000000,1.0000000,0.0021387,-0.0006876,-0.0861532,0.2835975,-0.3572055,-0.3048797,-0.0021515,0.0006291,-0.0874779,0.2809972,-0.3607842,-0.3003595,0.0000000,0.0000000,0.0000000,0.0590804,0.0000000,0.0000000,0.0000000,0.0000000,0.0564695,0.0000000
-0.0413571,0.0697220,-0.1431296,0.0000000,0.0000000,0.0000000,1.0000000,0.0021387,-0.0006876,-0.0861532,0.2835975,-0.3572055,-0.3048797,-0.0021515,0.0006291,-0.0874779,0.2809972,-0.3607842,-0.3003595,0.0000000,0.0000000,0.0000000,0.0590804,0.0000000,0.0000000,0.0000000,0.0000000,0.0564695,0.0000000
-0.0413571,0.0697220,-0.1431296,0.0000000,0.0000000,0.0000000,1.0000000,0.0021387,-0.0006876,-0.0861532,0.2835975,-0.3572055,-0.3048797,-0.0021515,0.0006291,-0.0874779,0.2809972,-0.3607842,-0.3003595,0.0000000,0.0000000,0.0000000,0.0590804,0.0000000,0.0000000,0.0000000,0.0000000,0.0564695,0.0000000
