root_x,root_y,root_z,root_qx,root_qy,root_qz,root_qw,PG_left_leg_pitch,PG_left_leg_roll,LL_hip_joint,LL_knee_actuator_joint,LL_Revolute67,LL_Revolute81,PG_right_leg_pitch,PG_right_leg_roll,RL_hip_joint,RL_knee_actuator_joint,RL_Revolute67,RL_Revolute81,LH_yaw,LH_pitch,LH_roll,LH_elbow_joint,LH_wrist_roll,RH_yaw,RH_pitch,RH_roll,RH_elbow_joint,RH_wrist_roll
-0.0413571,0.0697220,-0.1431296,0.0000000,0.0000000,0.0000000,1.0000000,0.0022874,-0.0198046,-0.0895275,0.2835975,-0.3679171,-0.2871757,-0.0024465,0.0198915,-0.0908642,0.2809972,-0.3714478,-0.2826507,0.0000000,0.0000000,0.0000000,0.0590804,0.0000000,0.0000000,0.0000000,0.0000000,0.0564695,0.0000000
-0.0413571,0.0697220,-0.1431296,0.0000000,0.0000000,0.0000000,1.0000000,0.0022874,-0.0198046,-0.0895275,0.2835975,-0.3679171,-0.2871757,-0.0024465,0.0198915,-0.0908642,0.2809972,-0.3714478,-0.2826507,0.0000000,0.0000000,0.0000000,0.0590804,0.0000000,0.0000000,0.0000000,0.0000000,0.0564695,0.0000000
-0.0413571,0.0697220,-0.1431296,0.0000000,0.0000000,0.0000000,1.0000000,0.0022874,-0.0198046,-0.0895275,0.2835975,-0.3679171,-0.2871757,-0.0024465,0.0198915,-0.0908642,0.2809972,-0.3714478,-0.2826507,0.0000000,0.0000000,0.0000000,0.0590804,0.0000000,0.0000000,0.0000000,0.0000000,0.0564695,0.0000000
-0.0413571,0.0697220,-0.1431296,0.0000000,0.0000000,0.0000000,1.0000000,0.0022874,-0.0198046,-0.0895275,0.2835975,-0.3679171,-0.2871757,-0.0024465,0.0198915,-0.0908642,0.2809972,-0.3714478,-0.2826507,0.0000000,0.0000000,0.0000000,0.0590804,0.0000000,0.0000000,0.0000000,0.0000000,0.0564695,0.0000000
-0.0413571,0.0697220,-0.1431296,0.0000000,0.0000000,0.0000000,1.0000000,0.0022874,-0.0198046,-0.0895275,0.2835975,-0.3679171,-0.2871757,-0.0024465,0.0198915,-0.0908642,0.2809972,-0.3714478,-0.2826507,0.0000000,0.0000000,0.0000000,0.0590804,0.0000000,0.0000000,0.0000000,0.0000000,0.0564695,0.0000000
-0.0413571,0.0697220,-0.1431296,0.0000000,0.0000000,0.0000000,1.0000000,0.0022874,-0.0198046,-0.0895275,0.2835975,-0.3679171,-0.2871757,-0.0024465,0.0198915,-0.0908642,0.2809972,-0.3714478,-0.2826507,0.0000000,0.0000000,0.0000000,0.0590804,0.0000000,0.0000000,0.0000000,0.0000000,0.0564695,0.0000000
-0.0413571,0.0697220,-0.1431296,0.0000000,0.0000000,0.0000000,1.0000000,0.0022874,-0.0198046,-0.0895275,0.2835975,-0.3679171,-0.2871757,-0.0024465,0.0198915,-0.0908642,0.2809972,-0.3714478,-0.2826507,0.0000000,0.0000000,0.0000000,0.0590804,0.0000000,0.0000000,0.0000000,0.0000000,0.0564695,0.0000000
-0.0413571,0.0697220,-0.1431296,0.0000000,0.0000000,0.0000000,1.0000000,0.0022874,-0.0198046,-0.0895275,0.2835975,-0.3679171,-0.2871757,-0.0024465,0.0198915,-0.0908642,0.2809972,-0.3714478,-0.2826507,0.0000000,0.0000000,0.0000000,0.0590804,0.0000000,0.0000000,0.0000000,0.0000000,0.0564695,0.0000000
-0.0413571,0.0697220,-0.1431296,0.0000000,0.0000000,0.0000000,1.0000000,0.0022874,-0.0198046,-0.0895275,0.2835975,-0.3679171,-0.2871757,-0.0024465,0.0198915,-0.0908642,0.2809972,-0.3714478,-0.2826507,0.0000000,0.0000000,0.0000000,0.0590804,0.0000000,0.0000000,0.0000000,0.0000000,0.0564695,0.0000000
-0.0413571,0.0697220,-0.1431296,0.0000000,0.0000000,0.0000000,1.0000000,0.0022874,-0.0198046,-0.0895275,0.2835975,-0.3679171,-0.2871757,-0.0024465,0.0198915,-0.0908642,0.2809972,-0.3714478,-0.2826507,0.0000000,0.0000000,0.0000000,0.0590804,0.0000000,0.0000000,0.0000000,0.0000000,0.0564695,0.0000000
-0.0413571,0.0697220,-0.1431296,0.0000000,0.0000000,0.0000000,1.0000000,0.0022874,-0.0198046,-0.0895275,0.2835975,-0.3679171,-0.2871757,-0.0024465,0.0198915,-0.0908642,0.2809972,-0.3714478,-0.2826507,0.0000000,0.0000000,0.0000000,0.0590804,0.0000000,0.0000000,0.0000000,0.0000000,0.0564695,0.0000000
-0.0413571,0.0697220,-0.1431296,0.0000000,0.0000000,0.0000000,1.0000000,0.0022874,-0.0198046,-0.0895275,0.2835975,-0.3679171,-0.2871757,-0.0024465,0.0198915,-0.0908642,0.2809972,-0.3714478,-0.2826507,0.0000000,0.0000000,0.0000000,0.0590804,0.0000000,0.0000000,0.0000000,0.0000000,0.0564695,0.0000000
-0.0413571,0.0697220,-0.1431296,0.0000000,0.0000000,0.0000000,1.0000000,0.0022874,-0.0198046,-0.0895275,0.2835975,-0.3679171,-0.2871757,-0.0024465,0.0198915,-0.0908642,0.2809972,-0.3714478,-0.2826507,0.0000000,0.0000000,0.0000000,0.0590804,0.0000000,0.0000000,0.0000000,0.0000000,0.0564695,0.0000000
-0.0413571,0.0697220,-0.1431296,0.0000000,0.0000000,0.0000000,1.0000000,0.0022874,-0.0198046,-0.0895275,0.2835975,-0.3679171,-0.2871757,-0.0024465,0.0198915,-0.0908642,0.2809972,-0.3714478,-0.2826507,0.0000000,0.0000000,0.0000000,0.0590804,0.0000000,0.0000000,0.0000000,0.0000000,0.0564695,0.0000000
-0.0413571,0.0697220,-0.1431296,0.0000000,0.0000000,0.0000000,1.0000000,0.0022874,-0.0198046,-0.0895275,0.2835975,-0.3679171,-0.2871757,-0.0024465,0.0198915,-0.0908642,0.2809972,-0.3714478,-0.2826507,0.0000000,0.0000000,0.0000000,0.0590804,0.0000000,0.0000000,0.0000000,0.0000000,0.0564695,0.0000000
-0.0413571,0.0697220,-0.1431296,0.0000000,0.0000000,0.0000000,1.0000000,0.0022874,-0.0198046,-0.0895275,0.2835975,-0.3679171,-0.2871757,-0.0024465,0.0198915,-0.0908642,0.2809972,-0.3714478,-0.2826507,0.0000000,0.0000000,0.0000000,0.0590804,0.0000000,0.0000000,0.0000000,0.0000000,0.0564695,0.0000000
-0.0413571,0.0697220,-0.1431296,0.0000000,0.0000000,0.0000000,1.0000000,0.0022874,-0.0198046,-0.0895275,0.2835975,-0.3679171,-0.2871757,-0.0024465,0.0198915,-0.0908642,0.2809972,-0.3714478,-0.2826507,0.0000000,0.0000000,0.0000000,0.0590804,0.0000000,0.0000000,0.0000000,0.0000000,0.0564695,0.0000000
-0.0413571,0.0697220,-0.1431296,0.0000000,0.0000000,0.0000000,1.0000000,0.0022874,-0.0198046,-0.0895275,0.2835975,-0.3679171,-0.2871757,-0.0024465,0.0198915,-0.0908642,0.2809972,-0.3714478,-0.2826507,0.0000000,0.0000000,0.0000000,0.0590804,0.0000000,0.0000000,0.0000000,0.0000000,0.0564695,0.0000000
-0.0413571,0.0697220,-0.1431296,0.0000000,0.0000000,0.0000000,1.0000000,0.0022874,-0.0198046,-0.0895275,0.2835975,-0.3679171,-0.2871757,-0.0024465,0.0198915,-0.0908642,0.2809972,-0.3714478,-0.2826507,0.0000000,0.0000000,0.0000000,0.0590804,0.0000000,0.0000000,0.0000000,0.0000000,0.0564695,0.0000000
-0.0413571,0.0697220,-0.1431296,0.0000000,0.0000000,0.0000000,1.0000000,0.0022874,-0.0198046,-0.0895275,0.2835975,-0.3679171,-0.2871757,-0.0024465,0.0198915,-0.0908642,0.2809972,-0.3714478,-0.2826507,0.0000000,0.0000000,0.0000000,0.0590804,0.0000000,0.0000000,0.0000000,0.0000000,0.0564695,0.0000000
-0.0413571,0.0697220,-0.1431296,0.0000000,0.0000000,0.0000000,1.0000000,0.0022874,-0.0198046,-0.0895275,0.2835975,-0.3679171,-0.2871757,-0.0024465,0.0198915,-0.0908642,0.2809972,-0.3714478,-0.2826507,0.0000000,0.0000000,0.0000000,0.0590804,0.0000000,0.0000000,0.0000000,0.0000000,0.0564695,0.0000000
-0.0413571,0.0697220,-0.1431296,0.0000000,0.0000000,0.0000000,1.0000000,0.0022874,-0.0198046,-0.0895275,0.2835975,-0.3679171,-0.2871757,-0.0024465,0.0198915,-0.0908642,0.2809972,-0.3714478,-0.2826507,0.0000000,0.0000000,0.0000000,0.0590804,0.0000000,0.0000000,0.0000000,0.0000000,0.0564695,0.0000000
-0.0413571,0.0697220,-0.1431296,0.0000000,0.0000000,0.0000000,1.0000000,0.0022874,-0.0198046,-0.0895275,0.2835975,-0.3679171,-0.2871757,-0.0024465,0.0198915,-0.0908642,0.2809972,-0.3714478,-0.2826507,0.0000000,0.0000000,0.0000000,0.0590804,0.0000000,0.0000000,0.0000000,0.0000000,0.0564695,0.0000000
-0.0413571,0.0697220,-0.1431296,0.0000000,0.0000000,0.0000000,1.0000000,0.0022874,-0.0198046,-0.0895275,0.2835975,-0.3679171,-0.2871757,-0.0024465,0.0198915,-0.0908642,0.2809972,-0.3714478,-0.2826507,0.0000000,0.0000000,0.0000000,0.0590804,0.0000000,0.0000000,0.0000000,0.0000000,0.0564695,0.0000000
-0.0413571,0.0697220,-0.1431296,0.0000000,0.0000000,0.0000000,1.0000000,0.0022874,-0.0198046,-0.0895275,0.2835975,-0.3679171,-0.2871757,-0.0024465,0.0198915,-0.0908642,0.2809972,-0.3714478,-0.2826507,0.0000000,0.0000000,0.0000000,0.0590804,0.0000000,0.0000000,0.0000000,0.0000000,0.0564695,0.0000000
-0.0413571,0.0697220,-0.1431296,0.0000000,0.0000000,0.0000000,1.0000000,0.0022874,-0.0198046,-0.0895275,0.2835975,-0.3679171,-0.2871757,-0.0024465,0.0198915,-0.0908642,0.2809972,-0.3714478,-0.2826507,0.0000000,0.0000000,0.0000000,0.0590804,0.0000000,0.0000000,0.0000000,0.0000000,0.0564695,0.0000000
-0.0413571,0.0697220,-0.1431296,0.0000000,0.0000000,0.0000000,1.0000000,0.0022874,-0.0198046,-0.0895275,0.2835975,-0.3679171,-0.2871757,-0.0024465,0.0198915,-0.0908642,0.2809972,-0.3714478,-0.2826507,0.0000000,0.0000000,0.0000000,0.0590804,0.0000000,0.0000000,0.0000000,0.0000000,0.0564695,0.0000000
-0.0413571,0.0697220,-0.1431296,0.0000000,0.0000000,0.0000000,1.0000000,0.0022874,-0.0198046,-0.0895275,0.2835975,-0.3679171,-0.2871757,-0.0024465,0.0198915,-0.0908642,0.2809972,-0.3714478,-0.2826507,0.0000000,0.0000000,0.0000000,0.0590804,0.0000000,0.0000000,0.0000000,0.0000000,0.0564695,0.0000000
-0.0413571,0.0697220,-0.1431296,0.0000000,0.0000000,0.0000000,1.0000000,0.0022874,-0.0198046,-0.0895275,0.2835975,-0.3679171,-0.2871757,-0.0024465,0.0198915,-0.0908642,0.2809972,-0.3714478,-0.2826507,0.0000000,0.0000000,0.0000000,0.0590804,0.0000000,0.0000000,0.0000000,0.0000000,0.0564695,0.0000000
-0.0413571,0.0697220,-0.1431296,0.0000000,0.0000000,0.0000000,1.0000000,0.0022874,-0.0198046,-0.0895275,0.2835975,-0.3679171,-0.2871757,-0.0024465,0.0198915,-0.0908642,0.2809972,-0.3714478,-0.2826507,0.0000000,0.0000000,0.0000000,0.0590804,0.0000000,0.0000000,0.0000000,0.0000000,0.0564695,0.0000000
-0.0413571,0.0697220,-0.1431296,0.0000000,0.0000000,0.0000000,1.0000000,0.0022874,-0.0198046,-0.0895275,0.2835975,-0.3679171,-0.2871757,-0.0024465,0.0198915,-0.0908642,0.2809972,-0.3714478,-0.2826507,0.0000000,0.0000000,0.0000000,0.0590804,0.0000000,0.0000000,0.0000000,0.0000000,0.0564695,0.0000000
-0.0413571,0.0697220,-0.1431296,0.0000000,0.0000000,0.0000000,1.0000000,0.0022874,-0.0198046,-0.0895275,0.2835975,-0.3679171,-0.2871757,-0.0024465,0.0198915,-0.0908642,0.2809972,-0.3714478,-0.2826507,0.0000000,0.0000000,0.0000000,0.0590804,0.0000000,0.0000000,0.0000000,0.0000000,0.0564695,0.0000000
-0.0413571,0.0697220,-0.1431296,0.0000000,0.0000000,0.0000000,1.0000000,0.0022874,-0.0198046,-0.0895275,0.2835975,-0.3679171,-0.2871757,-0.0024465,0.0198915,-0.0908642,0.2809972,-0.3714478,-0.2826507,0.0000000,0.0000000,0.0000000,0.0590804,0.0000000,0.0000000,0.0000000,0.0000000,0.0564695,0.0000000
-0.0413571,0.0697220,-0.1431296,0.0000000,0.0000000,0.0000000,1.0000000,0.0022874,-0.0198046,-0.0895275,0.2835975,-0.3679171,-0.2871757,-0.0024465,0.0198915,-0.0908642,0.2809972,-0.3714478,-0.2826507,0.0000000,0.0000000,0.0000000,0.0590804,0.0000000,0.0000000,0.0000000,0.0000000,0.0564695,0.0000000
-0.0413571,0.0697220,-0.1431296,0.0000000,0.0000000,0.0000000,1.0000000,0.0022874,-0.0198046,-0.0895275,0.2835975,-0.3679171,-0.2871757,-0.0024465,0.0198915,-0.0908642,0.2809972,-0.3714478,-0.2826507,0.0000000,0.0000000,0.0000000,0.0590804,0.0000000,0.0000000,0.0000000,0.0000000,0.0564695,0.0000000
-0.0413571,0.0697220,-0.1431296,0.0000000,0.0000000,0.0000000,1.0000000,0.0022874,-0.0198046,-0.0895275,0.2835975,-0.3679171,-0.2871757,-0.0024465,0.0198915,-0.0908642,0.2809972,-0.3714478,-0.2826507,0.0000000,0.0000000,0.0000000,0.0590804,0.0000000,0.0000000,0.0000000,0.0000000,0.0564695,0.0000000
-0.0413571,0.0697220,-0.1431296,0.0000000,0.0000000,0.0000000,1.0000000,0.0022874,-0.0198046,-0.0895275,0.2835975,-0.3679171,-0.2871757,-0.0024465,0.0198915,-0.0908642,0.2809972,-0.3714478,-0.2826507,0.0000000,0.0000000,0.0000000,0.0590804,0.0000000,0.0000000,0.0000000,0.0000000,0.0564695,0.0000000
-0.0413571,0.0697220,-0.1431296,0.0000000,0.0000000,0.0000000,1.0000000,0.0022874,-0.0198046,-0.0895275,0.2835975,-0.3679171,-0.2871757,-0.0024465,0.0198915,-0.0908642,0.2809972,-0.3714478,-0.2826507,0.0000000,0.0000000,0.0000000,0.0590804,0.0000000,0.0000000,0.0000000,0.0000000,0.0564695,0.0000000
-0.0413571,0.0697220,-0.1431296,0.0000000,0.0000000,0.0000000,1.0000000,0.0022874,-0.0198046,-0.0895275,0.2835975,-0.3679171,-0.2871757,-0.0024465,0.0198915,-0.0908642,0.2809972,-0.3714478,-0.2826507,0.0000000,0.0000000,0.0000000,0.0590804,0.0000000,0.0000000,0.0000000,0.0000000,0.0564695,0.0000000
-0.0413571,0.0697220,-0.1431296,0.0000000,0.0000000,0.0000000,1.0000000,0.0022874,-0.0198046,-0.0895275,0.2835975,-0.3679171,-0.2871757,-0.0024465,0.0198915,-0.0908642,0.2809972,-0.3714478,-0.2826507,0.0000000,0.0000000,0.0000000,0.0590804,0.0000000,0.0000000,0.0000000,0.0000000,0.0564695,0.0000000
-0.0413571,0.0697220,-0.1431296,0.0000000,0.0000000,0.0000000,1.0000000,0.0022874,-0.0198046,-0.0895275,0.2835975,-0.3679171,-0.2871757,-0.0024465,0.0198915,-0.0908642,0.2809972,-0.3714478,-0.2826507,0.0000000,0.0000000,0.0000000,0.0590804,0.0000000,0.0000000,0.0000000,0.0000000,0.0564695,0.0000000
-0.0413571,0.0697220,-0.1431296,0.0000000,0.0000000,0.0000000,1.0000000,0.0022874,-0.0198046,-0.0895275,0.2835975,-0.3679171,-0.2871757,-0.0024465,0.0198915,-0.0908642,0.2809972,-0.3714478,-0.2826507,0.0000000,0.0000000,0.0000000,0.0590804,0.0000000,0.0000000,0.0000000,0.0000000,0.0564695,0.0000000
-0.0413571,0.0697220,-0.1431296,0.0000000,0.0000000,0.0000000,1.0000000,0.0022874,-0.0198046,-0.0895275,0.2835975,-0.3679171,-0.2871757,-0.0024465,0.0198915,-0.0908642,0.2809972,-0.3714478,-0.2826507,0.0000000,0.0000000,0.0000000,0.0590804,0.0000000,0.0000000,0.0000000,0.0000000,0.0564695,0.0000000
-0.0413571,0.0697220,-0.1431296,0.0000000,0.0000000,0.0000000,1.0000000,0.0022874,-0.0198046,-0.0895275,0.2835975,-0.3679171,-0.2871757,-0.0024465,0.0198915,-0.0908642,0.2809972,-0.3714478,-0.2826507,0.0000000,0.0000000,0.0000000,0.0590804,0.0000000,0.0000000,0.0000000,0.0000000,0.0564695,0.0000000
-0.0413571,0.0697220,-0.1431296,0.0000000,0.0000000,0.0000000,1.0000000,0.0022874,-0.0198046,-0.0895275,0.2835975,-0.3679171,-0.2871757,-0.0024465,0.0198915,-0.0908642,0.2809972,-0.3714478,-0.2826507,0.0000000,0.0000000,0.0000000,0.0590804,0.0000000,0.0000000,0.0000000,0.0000000,0.0564695,0.0000000
-0.0413571,0.0697220,-0.1431296,0.0000000,0.0000000,0.0000000,1.0000000,0.0022874,-0.0198046,-0.0895275,0.2835975,-0.3679171,-0.2871757,-0.0024465,0.0198915,-0.0908642,0.2809972,-0.3714478,-0.2826507,0.0000000,0.0000000,0.0000000,0.0590804,0.0000000,0.0000000,0.0000000,0.0000000,0.0564695,0.0000000
-0.0413571,0.0697220,-0.1431296,0.0000000,0.0000000,0.0000000,1.0000000,0.0022874,-0.0198046,-0.0895275,0.2835975,-0.3679171,-0.2871757,-0.0024465,0.0198915,-0.0908642,0.2809972,-0.3714478,-0.2826507,0.0000000,0.0000000,0.0000000,0.0590804,0.0000000,0.0000000,0.0000000,0.0000000,0.0564695,0.0000000
-0.0413571,0.0697220,-0.1431296,0.0000000,0.0000000,0.0000000,1.0000000,0.0022874,-0.0198046,-0.0895275,0.2835975,-0.3679171,-0.2871757,-0.0024465,0.0198915,-0.0908642,0.2809972,-0.3714478,-0.2826507,0.0000000,0.0000000,0.0000000,0.0590804,0.0000000,0.0000000,0.0000000,0.0000000,0.0564695,0.0000000
-0.0413571,0.0697220,-0.1431296,0.0000000,0.0000000,0.0000000,1.0000000,0.0022874,-0.0198046,-0.0895275,0.2835975,-0.3679171,-0.2871757,-0.0024465,0.0198915,-0.0908642,0.2809972,-0.3714478,-0.2826507,0.0000000,0.0000000,0.0000000,0.0590804,0.0000000,0.0000000,0.0000000,0.0000000,0.0564695,0.0000000
-0.0413571,0.0697220,-0.1431296,0.0000000,0.0000000,0.0000000,1.0000000,0.0022874,-0.0198046,-0.0895275,0.2835975,-0.3679171,-0.2871757,-0.0024465,0.0198915,-0.0908642,0.2809972,-0.3714478,-0.2826507,0.0000000,0.0000000,0.0000000,0.0590804,0.0000000,0.0000000,0.0000000,0.0000000,0.0564695,0.0000000
-0.0413571,0.0697220,-0.1431296,0.0000000,0.0000000,0.0000000,1.0000000,0.0022874,-0.0198046,-0.0895275,0.2835975,-0.3679171,-0.2871757,-0.0024465,0.0198915,-0.0908642,0.2809972,-0.3714478,-0.2826507,0.0000000,0.0000000,0.0000000,0.0590804,0.0000000,0.0000000,0.0000000,0.0000000,0.0564695,0.0000000
-0.0413571,0.0697220,-0.1431296,0.0000000,0.0000000,0.0000000,1.0000000,0.0022874,-0.0198046,-0.0895275,0.2835975,-0.3679171,-0.2871757,-0.0024465,0.0198915,-0.0908642,0.2809972,-0.3714478,-0.2826507,0.0000000,0.0000000,0.0000000,0.0590804,0.0000000,-0.0000000,-0.0000302,-0.0000000,0.0564736,0.0000000
-0.0413571,0.0697220,-0.1431296,0.0000000,0.0000000,0.0000000,1.0000000,0.0022874,-0.0198046,-0.0895275,0.2835975,-0.3679171,-0.2871757,-0.0024465,0.0198915,-0.0908642,0.2809972,-0.3714478,-0.2826507,0.0000000,0.0000000,0.0000000,0.0590804,0.0000000,-0.0000000,-0.0002368,-0.0000000,0.0565018,0.0000000
-0.0413571,0.0697220,-0.1431296,0.0000000,0.0000000,0.0000000,1.0000000,0.0022874,-0.0198046,-0.0895275,0.2835975,-0.3679171,-0.2871757,-0.0024465,0.0198915,-0.0908642,0.2809972,-0.3714478,-0.2826507,0.0000000,0.0000000,0.0000000,0.0590804,0.0000000,-0.0000000,-0.0007829,-0.0000000,0.0565764,0.0000000
-0.0413571,0.0697220,-0.1431296,0.0000000,0.0000000,0.0000000,1.0000000,0.0022874,-0.0198046,-0.0895275,0.2835975,-0.3679171,-0.2871757,-0.0024465,0.0198915,-0.0908642,0.2809972,-0.3714478,-0.2826507,0.0000000,0.0000000,0.0000000,0.0590804,0.0000000,-0.0000000,-0.0018177,-0.0000000,0.0567178,0.0000000
-0.0413571,0.0697220,-0.1431296,0.0000000,0.0000000,0.0000000,1.0000000,0.0022874,-0.0198046,-0.0895275,0.2835975,-0.3679171,-0.2871757,-0.0024465,0.0198915,-0.0908642,0.2809972,-0.3714478,-0.2826507,0.0000000,0.0000000,0.0000000,0.0590804,0.0000000,-0.0000000,-0.0034769,-0.0000000,0.0569444,0.0000000
-0.0413571,0.0697220,-0.1431296,0.0000000,0.0000000,0.0000000,1.0000000,0.0022874,-0.0198046,-0.0895275,0.2835975,-0.3679171,-0.2871757,-0.0024465,0.0198915,-0.0908642,0.2809972,-0.3714478,-0.2826507,0.0000000,0.0000000,0.0000000,0.0590804,0.0000000,-0.0000000,-0.0058828,-0.0000000,0.0572730,0.0000000
-0.0413571,0.0697220,-0.1431296,0.0000000,0.0000000,0.0000000,1.0000000,0.0022874,-0.0198046,-0.0895275,0.2835975,-0.3679171,-0.2871757,-0.0024465,0.0198915,-0.0908642,0.2809972,-0.3714478,-0.2826507,0.0000000,0.0000000,0.0000000,0.0590804,0.0000000,-0.0000000,-0.0091450,-0.0000000,0.0577217,0.0000000
-0.0413571,0.0697220,-0.1431296,0.0000000,0.0000000,0.0000000,1.0000000,0.0022874,-0.0198046,-0.0895275,0.2835975,-0.3679171,-0.2871757,-0.0024465,0.0198915,-0.0908642,0.2809972,-0.3714478,-0.2826507,0.0000000,0.0000000,0.0000000,0.0590804,0.0000000,-0.0000000,-0.0133605,-0.0000000,0.0583050,0.0000000
-0.0413571,0.0697220,-0.1431296,0.0000000,0.0000000,0.0000000,1.0000000,0.0022874,-0.0198046,-0.0895275,0.2835975,-0.3679171,-0.2871757,-0.0024465,0.0198915,-0.0908642,0.2809972,-0.3714478,-0.2826507,0.0000000,0.0000000,0.0000000,0.0590804,0.0000000,-0.0000000,-0.0186146,-0.0000001,0.0590321,0.0000000
-0.0413571,0.0697220,-0.1431296,0.0000000,0.0000000,0.0000000,1.0000000,0.0022874,-0.0198046,-0.0895275,0.2835975,-0.3679171,-0.2871757,-0.0024465,0.0198915,-0.0908642,0.2809972,-0.3714478,-0.2826507,0.0000000,0.0000000,0.0000000,0.0590804,0.0000000,-0.0000000,-0.0249805,-0.0000001,0.0599131,0.0000000
-0.0413571,0.0697220,-0.1431296,0.0000000,0.0000000,0.0000000,1.0000000,0.0022874,-0.0198046,-0.0895275,0.2835975,-0.3679171,-0.2871757,-0.0024465,0.0198915,-0.0908642,0.2809972,-0.3714478,-0.2826507,0.0000000,0.0000000,0.0000000,0.0590804,0.0000000,-0.0000000,-0.0325207,-0.0000001,0.0609566,0.0000000
-0.0413571,0.0697220,-0.1431296,0.0000000,0.0000000,0.0000000,1.0000000,0.0022874,-0.0198046,-0.0895275,0.2835975,-0.3679171,-0.2871757,-0.0024465,0.0198915,-0.0908642,0.2809972,-0.3714478,-0.2826507,0.0000000,0.0000000,0.0000000,0.0590804,0.0000000,-0.0000000,-0.0412864,-0.0000002,0.0621696,0.0000000
-0.0413571,0.0697220,-0.1431296,0.0000000,0.0000000,0.0000000,1.0000000,0.0022874,-0.0198046,-0.0895275,0.2835975,-0.3679171,-0.2871757,-0.0024465,0.0198915,-0.0908642,0.2809972,-0.3714478,-0.2826507,0.0000000,0.0000000,0.0000000,0.0590804,0.0000000,-0.0000000,-0.0513185,-0.0000002,0.0635580,0.0000000
-0.0413571,0.0697220,-0.1431296,0.0000000,0.0000000,0.0000000,1.0000000,0.0022874,-0.0198046,-0.0895275,0.2835975,-0.3679171,-0.2871757,-0.0024465,0.0198915,-0.0908642,0.2809972,-0.3714478,-0.2826507,0.0000000,0.0000000,0.0000000,0.0590804,0.0000000,-0.0000001,-0.0626480,-0.0000002,0.0651258,0.0000000
-0.0413571,0.0697220,-0.1431296,0.0000000,0.0000000,0.0000000,1.0000000,0.0022874,-0.0198046,-0.0895275,0.2835975,-0.3679171,-0.2871757,-0.0024465,0.0198915,-0.0908642,0.2809972,-0.3714478,-0.2826507,0.0000000,0.0000000,0.0000000,0.0590804,0.0000000,-0.0000001,-0.0752960,-0.0000003,0.0668871,0.0000000
-0.0413571,0.0697220,-0.1431296,0.0000000,0.0000000,0.0000000,1.0000000,0.0022874,-0.0198046,-0.0895275,0.2835975,-0.3679171,-0.2871757,-0.0024465,0.0198915,-0.0908642,0.2809972,-0.3714478,-0.2826507,0.0000000,0.0000000,0.0000000,0.0590804,0.0000000,-0.0000001,-0.0892745,-0.0000003,0.0688476,0.0000000
-0.0413571,0.0697220,-0.1431296,0.0000000,0.0000000,0.0000000,1.0000000,0.0022874,-0.0198046,-0.0895275,0.2835975,-0.3679171,-0.2871757,-0.0024465,0.0198915,-0.0908642,0.2809972,-0.3714478,-0.2826507,0.0000000,0.0000000,0.0000000,0.0590804,0.0000000,-0.0000001,-0.1045865,-0.0000004,0.0709950,0.0000000
-0.0413571,0.0697220,-0.1431296,0.0000000,0.0000000,0.0000000,1.0000000,0.0022874,-0.0198046,-0.0895275,0.2835975,-0.3679171,-0.2871757,-0.0024465,0.0198915,-0.0908642,0.2809972,-0.3714478,-0.2826507,0.0000000,0.0000000,0.0000000,0.0590804,0.0000000,-0.0000001,-0.1212265,-0.0000004,0.0733288,0.0000000
-0.0413571,0.0697220,-0.1431296,0.0000000,0.0000000,0.0000000,1.0000000,0.0022874,-0.0198046,-0.0895275,0.2835975,-0.3679171,-0.2871757,-0.0024465,0.0198915,-0.0908642,0.2809972,-0.3714478,-0.2826507,0.0000000,0.0000000,0.0000000,0.0590804,0.0000000,-0.0000001,-0.1391812,-0.0000005,0.0758617,0.0000000
-0.0413571,0.0697220,-0.1431296,0.0000000,0.0000000,0.0000000,1.0000000,0.0022874,-0.0198046,-0.0895275,0.2835975,-0.3679171,-0.2871757,-0.0024465,0.0198915,-0.0908642,0.2809972,-0.3714478,-0.2826507,0.0000000,0.0000000,0.0000000,0.0590804,0.0000000,-0.0000001,-0.1584292,-0.0000006,0.0785940,0.0000000
-0.0413571,0.0697220,-0.1431296,0.0000000,0.0000000,0.0000000,1.0000000,0.0022874,-0.0198046,-0.0895275,0.2835975,-0.3679171,-0.2871757,-0.0024465,0.0198915,-0.0908642,0.2809972,-0.3714478,-0.2826507,0.0000000,0.0000000,0.0000000,0.0590804,0.0000000,-0.0000001,-0.1789422,-0.0000007,0.0815058,0.0000000
-0.0413571,0.0697220,-0.1431296,0.0000000,0.0000000,0.0000000,1.0000000,0.0022874,-0.0198046,-0.0895275,0.2835975,-0.3679171,-0.2871757,-0.0024465,0.0198915,-0.0908642,0.2809972,-0.3714478,-0.2826507,0.0000000,0.0000000,0.0000000,0.0590804,0.0000000,-0.0000001,-0.2006846,-0.0000007,0.0846095,0.0000000
-0.0413571,0.0697220,-0.1431296,0.0000000,0.0000000,0.0000000,1.0000000,0.0022874,-0.0198046,-0.0895275,0.2835975,-0.3679171,-0.2871757,-0.0024465,0.0198915,-0.0908642,0.2809972,-0.3714478,-0.2826507,0.0000000,0.0000000,0.0000000,0.0590804,0.0000000,-0.0000001,-0.2236146,-0.0000008,0.0879049,0.0000000
-0.0413571,0.0697220,-0.1431296,0.0000000,0.0000000,0.0000000,1.0000000,0.0022874,-0.0198046,-0.0895275,0.2835975,-0.3679171,-0.2871757,-0.0024465,0.0198915,-0.0908642,0.2809972,-0.3714478,-0.2826507,0.0000000,0.0000000,0.0000000,0.0590804,0.0000000,-0.0000002,-0.2476842,-0.0000009,0.0913642,0.0000000
-0.0413571,0.0697220,-0.1431296,0.0000000,0.0000000,0.0000000,1.0000000,0.0022874,-0.0198046,-0.0895275,0.2835975,-0.3679171,-0.2871757,-0.0024465,0.0198915,-0.0908642,0.2809972,-0.3714478,-0.2826507,0.0000000,0.0000000,0.0000000,0.0590804,0.0000000,-0.0000002,-0.2728395,-0.0000010,0.0950195,0.0000000
-0.0413571,0.0697220,-0.1431296,0.0000000,0.0000000,0.0000000,1.0000000,0.0022874,-0.0198046,-0.0895275,0.2835975,-0.3679171,-0.2871757,-0.0024465,0.0198915,-0.0908642,0.2809972,-0.3714478,-0.2826507,0.0000000,0.0000000,0.0000000,0.0590804,0.0000000,-0.0000002,-0.2990217,-0.0000011,0.0988294,0.0000000
-0.0413571,0.0697220,-0.1431296,0.0000000,0.0000000,0.0000000,1.0000000,0.0022874,-0.0198046,-0.0895275,0.2835975,-0.3679171,-0.2871757,-0.0024465,0.0198915,-0.0908642,0.2809972,-0.3714478,-0.2826507,0.0000000,0.0000000,0.0000000,0.0590804,0.0000000,-0.0000002,-0.3261665,-0.0000012,0.1028083,0.0000000
-0.0413571,0.0697220,-0.1431296,0.0000000,0.0000000,0.0000000,1.0000000,0.0022874,-0.0198046,-0.0895275,0.2835975,-0.3679171,-0.2871757,-0.0024465,0.0198915,-0.0908642,0.2809972,-0.3714478,-0.2826507,0.0000000,0.0000000,0.0000000,0.0590804,0.0000000,-0.0000001,-0.3542056,-0.0000013,0.1069373,0.0000000
-0.0413571,0.0697220,-0.1431296,0.0000000,0.0000000,0.0000000,1.0000000,0.0022874,-0.0198046,-0.0895275,0.2835975,-0.3679171,-0.2871757,-0.0024465,0.0198915,-0.0908642,0.2809972,-0.3714478,-0.2826507,0.0000000,0.0000000,0.0000000,0.0590804,0.0000000,-0.0000001,-0.3830663,-0.0000014,0.1112132,0.0000000
-0.0413571,0.0697220,-0.1431296,0.0000000,0.0000000,0.0000000,1.0000000,0.0022874,-0.0198046,-0.0895275,0.2835975,-0.3679171,-0.2871757,-0.0024465,0.0198915,-0.0908642,0.2809972,-0.3714478,-0.2826507,0.0000000,0.0000000,0.0000000,0.0590804,0.0000000,-0.0000001,-0.4126720,-0.0000015,0.1156234,0.0000000
-0.0413571,0.0697220,-0.1431296,0.0000000,0.0000000,0.0000000,1.0000000,0.0022874,-0.0198046,-0.0895275,0.2835975,-0.3679171,-0.2871757,-0.0024465,0.0198915,-0.0908642,0.2809972,-0.3714478,-0.2826507,0.0000000,0.0000000,0.0000000,0.0590804,0.0000000,-0.0000001,-0.4429432,-0.0000017,0.1201632,0.0000000
-0.0413571,0.0697220,-0.1431296,0.0000000,0.0000000,0.0000000,1.0000000,0.0022874,-0.0198046,-0.0895275,0.2835975,-0.3679171,-0.2871757,-0.0024465,0.0198915,-0.0908642,0.2809972,-0.3714478,-0.2826507,0.0000000,0.0000000,0.0000000,0.0590804,0.0000000,-0.0000001,-0.4737969,-0.0000018,0.1248136,0.0000000
-0.0413571,0.0697220,-0.1431296,0.0000000,0.0000000,0.0000000,1.0000000,0.0022874,-0.0198046,-0.0895275,0.2835975,-0.3679171,-0.2871757,-0.0024465,0.0198915,-0.0908642,0.2809972,-0.3714478,-0.2826507,0.0000000,0.0000000,0.0000000,0.0590804,0.0000000,-0.0000001,-0.5051480,-0.0000019,0.1295778,0.0000000
-0.0413571,0.0697220,-0.1431296,0.0000000,0.0000000,0.0000000,1.0000000,0.0022874,-0.0198046,-0.0895275,0.2835975,-0.3679171,-0.2871757,-0.0024465,0.0198915,-0.0908642,0.2809972,-0.3714478,-0.2826507,0.0000000,0.0000000,0.0000000,0.0590804,0.0000000,-0.0000000,-0.5369089,-0.0000021,0.1344202,0.0000000
-0.0413571,0.0697220,-0.1431296,0.0000000,0.0000000,0.0000000,1.0000000,0.0022874,-0.0198046,-0.0895275,0.2835975,-0.3679171,-0.2871757,-0.0024465,0.0198915,-0.0908642,0.2809972,-0.3714478,-0.2826507,0.0000000,0.0000000,0.0000000,0.0590804,0.0000000,0.0000000,-0.5689905,-0.0000022,0.1393601,0.0000000
-0.0413571,0.0697220,-0.1431296,0.0000000,0.0000000,0.0000000,1.0000000,0.0022874,-0.0198046,-0.0895275,0.2835975,-0.3679171,-0.2871757,-0.0024465,0.0198915,-0.0908642,0.2809972,-0.3714478,-0.2826507,0.0000000,0.0000000,0.0000000,0.0590804,0.0000000,0.0000001,-0.6013020,-0.0000023,0.1443497,0.0000000
-0.0413571,0.0697220,-0.1431296,0.0000000,0.0000000,0.0000000,1.0000000,0.0022874,-0.0198046,-0.0895275,0.2835975,-0.3679171,-0.2871757,-0.0024465,0.0198915,-0.0908642,0.2809972,-0.3714478,-0.2826507,0.0000000,0.0000000,0.0000000,0.0590804,0.0000000,0.0000001,-0.6337520,-0.0000025,0.1494073,0.0000000
-0.0413571,0.0697220,-0.1431296,0.0000000,0.0000000,0.0000000,1.0000000,0.0022874,-0.0198046,-0.0895275,0.2835975,-0.3679171,-0.2871757,-0.0024465,0.0198915,-0.0908642,0.2809972,-0.3714478,-0.2826507,0.0000000,0.0000000,0.0000000,0.0590804,0.0000000,0.0000002,-0.6662481,-0.0000026,0.1544986,0.0000000
-0.0413571,0.0697220,-0.1431296,0.0000000,0.0000000,0.0000000,1.0000000,0.0022874,-0.0198046,-0.0895275,0.2835975,-0.3679171,-0.2871757,-0.0024465,0.0198915,-0.0908642,0.2809972,-0.3714478,-0.2826507,0.0000000,0.0000000,0.0000000,0.0590804,0.0000000,0.0000003,-0.6986981,-0.0000028,0.1596127,0.0000000
-0.0413571,0.0697220,-0.1431296,0.0000000,0.0000000,0.0000000,1.0000000,0.0022874,-0.0198046,-0.0895275,0.2835975,-0.3679171,-0.2871757,-0.0024465,0.0198915,-0.0908642,0.2809972,-0.3714478,-0.2826507,0.0000000,0.0000000,0.0000000,0.0590804,0.0000000,0.0000003,-0.7310096,-0.0000030,0.1647473,0.0000000
-0.0413571,0.0697220,-0.1431296,0.0000000,0.0000000,0.0000000,1.0000000,0.0022874,-0.0198046,-0.0895275,0.2835975,-0.3679171,-0.2871757,-0.0024465,0.0198915,-0.0908642,0.2809972,-0.3714478,-0.2826507,0.0000000,0.0000000,0.0000000,0.0590804,0.0000000,0.0000004,-0.7630912,-0.0000032,0.1698620,0.0000000
-0.0413571,0.0697220,-0.1431296,0.0000000,0.0000000,0.0000000,1.0000000,0.0022874,-0.0198046,-0.0895275,0.2835975,-0.3679171,-0.2871757,-0.0024465,0.0198915,-0.0908642,0.2809972,-0.3714478,-0.2826507,0.0000000,0.0000000,0.0000000,0.0590804,0.0000000,0.0000005,-0.7948521,-0.0000034,0.1749749,0.0000000
-0.0413571,0.0697220,-0.1431296,0.0000000,0.0000000,0.0000000,1.0000000,0.0022874,-0.0198046,-0.0895275,0.2835975,-0.3679171,-0.2871757,-0.0024465,0.0198915,-0.0908642,0.2809972,-0.3714478,-0.2826507,0.0000000,0.0000000,0.0000000,0.0590804,0.0000000,0.0000006,-0.8262032,-0.0000035,0.1800411,0.0000000
-0.0413571,0.0697220,-0.1431296,0.0000000,0.0000000,0.0000000,1.0000000,0.0022874,-0.0198046,-0.0895275,0.2835975,-0.3679171,-0.2871757,-0.0024465,0.0198915,-0.0908642,0.2809972,-0.3714478,-0.2826507,0.0000000,0.0000000,0.0000000,0.0590804,0.0000000,0.0000007,-0.8570570,-0.0000038,0.1850582,0.0000000
-0.0413571,0.0697220,-0.1431296,0.0000000,0.0000000,0.0000000,1.0000000,0.0022874,-0.0198046,-0.0895275,0.2835975,-0.3679171,-0.2871757,-0.0024465,0.0198915,-0.0908642,0.2809972,-0.3714478,-0.2826507,0.0000000,0.0000000,0.0000000,0.0590804,0.0000000,0.0000009,-0.8873281,-0.0000040,0.1900127,0.0000000
-0.0413571,0.0697220,-0.1431296,0.0000000,0.0000000,0.0000000,1.0000000,0.0022874,-0.0198046,-0.0895275,0.2835975,-0.3679171,-0.2871757,-0.0024465,0.0198915,-0.0908642,0.2809972,-0.3714478,-0.2826507,0.0000000,0.0000000,0.0000000,0.0590804,0.0000000,0.0000010,-0.9169338,-0.0000042,0.1948757,0.0000000
-0.0413571,0.0697220,-0.1431296,0.0000000,0.0000000,0.0000000,1.0000000,0.0022874,-0.0198046,-0.0895275,0.2835975,-0.3679171,-0.2871757,-0.0024465,0.0198915,-0.0908642,0.2809972,-0.3714478,-0.2826507,0.0000000,0.0000000,0.0000000,0.0590804,0.0000000,0.0000012,-0.9457945,-0.0000044,0.1996553,0.0000000
-0.0413571,0.0697220,-0.1431296,0.0000000,0.0000000,0.0000000,1.0000000,0.0022874,-0.0198046,-0.0895275,0.2835975,-0.3679171,-0.2871757,-0.0024465,0.0198915,-0.0908642,0.2809972,-0.3714478,-0.2826507,0.0000000,0.0000000,0.0000000,0.0590804,0.0000000,0.0000014,-0.9738336,-0.0000047,0.2043057,0.0000000
-0.0413571,0.0697220,-0.1431296,0.0000000,0.0000000,0.0000000,1.0000000,0.0022874,-0.0198046,-0.0895275,0.2835975,-0.3679171,-0.2871757,-0.0024465,0.0198915,-0.0908642,0.2809972,-0.3714478,-0.2826507,0.0000000,0.0000000,0.0000000,0.0590804,0.0000000,0.0000015,-1.0009785,-0.0000049,0.2088487,0.0000000
-0.0413571,0.0697220,-0.1431296,0.0000000,0.0000000,0.0000000,1.0000000,0.0022874,-0.0198046,-0.0895275,0.2835975,-0.3679171,-0.2871757,-0.0024465,0.0198915,-0.0908642,0.2809972,-0.3714478,-0.2826507,0.0000000,0.0000000,0.0000000,0.0590804,0.0000000,0.0000017,-1.0271606,-0.0000052,0.2132335,0.0000000
-0.0413571,0.0697220,-0.1431296,0.0000000,0.0000000,0.0000000,1.0000000,0.0022874,-0.0198046,-0.0895275,0.2835975,-0.3679171,-0.2871757,-0.0024465,0.0198915,-0.0908642,0.2809972,-0.3714478,-0.2826507,0.0000000,0.0000000,0.0000000,0.0590804,0.0000000,0.0000019,-1.0523160,-0.0000055,0.2174828,0.0000000
-0.0413571,0.0697220,-0.1431296,0.0000000,0.0000000,0.0000000,1.0000000,0.0022874,-0.0198046,-0.0895275,0.2835975,-0.3679171,-0.2871757,-0.0024465,0.0198915,-0.0908642,0.2809972,-0.3714478,-0.2826507,0.0000000,0.0000000,0.0000000,0.0590804,0.0000000,0.0000022,-1.0763855,-0.0000058,0.2215486,0.0000000
-0.0413571,0.0697220,-0.1431296,0.0000000,0.0000000,0.0000000,1.0000000,0.0022874,-0.0198046,-0.0895275,0.2835975,-0.3679171,-0.2871757,-0.0024465,0.0198915,-0.0908642,0.2809972,-0.3714478,-0.2826507,0.0000000,0.0000000,0.0000000,0.0590804,0.0000000,0.0000024,-1.0993155,-0.0000061,0.2254538,0.0000000
-0.0413571,0.0697220,-0.1431296,0.0000000,0.0000000,0.0000000,1.0000000,0.0022874,-0.0198046,-0.0895275,0.2835975,-0.3679171,-0.2871757,-0.0024465,0.0198915,-0.0908642,0.2809972,-0.3714478,-0.2826507,0.0000000,0.0000000,0.0000000,0.0590804,0.0000000,0.0000027,-1.1210579,-0.0000064,0.2291574,0.0000000
-0.0413571,0.0697220,-0.1431296,0.0000000,0.0000000,0.0000000,1.0000000,0.0022874,-0.0198046,-0.0895275,0.2835975,-0.3679171,-0.2871757,-0.0024465,0.0198915,-0.0908642,0.2809972,-0.3714478,-0.2826507,0.0000000,0.0000000,0.0000000,0.0590804,0.0000000,0.0000029,-1.1415709,-0.0000067,0.2326698,0.0000000
-0.0413571,0.0697220,-0.1431296,0.0000000,0.0000000,0.0000000,1.0000000,0.0022874,-0.0198046,-0.0895275,0.2835975,-0.3679171,-0.2871757,-0.0024465,0.0198915,-0.0908642,0.2809972,-0.3714478,-0.2826507,0.0000000,0.0000000,0.0000000,0.0590804,0.0000000,0.0000032,-1.1608189,-0.0000070,0.2359744,0.0000000
-0.0413571,0.0697220,-0.1431296,0.0000000,0.0000000,0.0000000,1.0000000,0.0022874,-0.0198046,-0.0895275,0.2835975,-0.3679171,-0.2871757,-0.0024465,0.0198915,-0.0908642,0.2809972,-0.3714478,-0.2826507,0.0000000,0.0000000,0.0000000,0.0590804,0.0000000,0.0000035,-1.1787736,-0.0000073,0.2390571,0.0000000
-0.0413571,0.0697220,-0.1431296,0.0000000,0.0000000,0.0000000,1.0000000,0.0022874,-0.0198046,-0.0895275,0.2835975,-0.3679171,-0.2871757,-0.0024465,0.0198915,-0.0908642,0.2809972,-0.3714478,-0.2826507,0.0000000,0.0000000,0.0000000,0.0590804,0.0000000,0.0000038,-1.1954137,-0.0000077,0.2419370,0.0000000
-0.0413571,0.0697220,-0.1431296,0.0000000,0.0000000,0.0000000,1.0000000,0.0022874,-0.0198046,-0.0895275,0.2835975,-0.3679171,-0.2871757,-0.0024465,0.0198915,-0.0908642,0.2809972,-0.3714478,-0.2826507,0.0000000,0.0000000,0.0000000,0.0590804,0.0000000,0.0000041,-1.2107256,-0.0000080,0.2445871,0.0000000
-0.0413571,0.0697220,-0.1431296,0.0000000,0.0000000,0.0000000,1.0000000,0.0022874,-0.0198046,-0.0895275,0.2835975,-0.3679171,-0.2871757,-0.0024465,0.0198915,-0.0908642,0.2809972,-0.3714478,-0.2826507,0.0000000,0.0000000,0.0000000,0.0590804,0.0000000,0.0000043,-1.2247041,-0.0000083,0.2470064,0.0000000
-0.0413571,0.0697220,-0.1431296,0.0000000,0.0000000,0.0000000,1.0000000,0.0022874,-0.0198046,-0.0895275,0.2835975,-0.3679171,-0.2871757,-0.0024465,0.0198915,-0.0908642,0.2809972,-0.3714478,-0.2826507,0.0000000,0.0000000,0.0000000,0.0590804,0.0000000,0.0000046,-1.2373521,-0.0000086,0.2492066,0.0000000
-0.0413571,0.0697220,-0.1431296,0.0000000,0.0000000,0.0000000,1.0000000,0.0022874,-0.0198046,-0.0895275,0.2835975,-0.3679171,-0.2871757,-0.0024465,0.0198915,-0.0908642,0.2809972,-0.3714478,-0.2826507,0.0000000,0.0000000,0.0000000,0.0590804,0.0000000,0.0000049,-1.2486816,-0.0000089,0.2511827,0.0000000
-0.0413571,0.0697220,-0.1431296,0.0000000,0.0000000,0.0000000,1.0000000,0.0022874,-0.0198046,-0.0895275,0.2835975,-0.3679171,-0.2871757,-0.0024465,0.0198915,-0.0908642,0.2809972,-0.3714478,-0.2826507,0.0000000,0.0000000,0.0000000,0.0590804,0.0000000,0.0000052,-1.2587137,-0.0000092,0.2529325,0.0000000
-0.0413571,0.0697220,-0.1431296,0.0000000,0.0000000,0.0000000,1.0000000,0.0022874,-0.0198046,-0.0895275,0.2835975,-0.3679171,-0.2871757,-0.0024465,0.0198915,-0.0908642,0.2809972,-0.3714478,-0.2826507,0.0000000,0.0000000,0.0000000,0.0590804,0.0000000,0.0000054,-1.2674794,-0.0000095,0.2544614,0.0000000
-0.0413571,0.0697220,-0.1431296,0.0000000,0.0000000,0.0000000,1.0000000,0.0022874,-0.0198046,-0.0895275,0.2835975,-0.3679171,-0.2871757,-0.0024465,0.0198915,-0.0908642,0.2809972,-0.3714478,-0.2826507,0.0000000,0.0000000,0.0000000,0.0590804,0.0000000,0.0000056,-1.2750196,-0.0000097,0.2557765,0.0000000
-0.0413571,0.0697220,-0.1431296,0.0000000,0.0000000,0.0000000,1.0000000,0.0022874,-0.0198046,-0.0895275,0.2835975,-0.3679171,-0.2871757,-0.0024465,0.0198915,-0.0908642,0.2809972,-0.3714478,-0.2826507,0.0000000,0.0000000,0.0000000,0.0590804,0.0000000,0.0000058,-1.2813855,-0.0000099,0.2568897,0.0000000
-0.0413571,0.0697220,-0.1431296,0.0000000,0.0000000,0.0000000,1.0000000,0.0022874,-0.0198046,-0.0895275,0.2835975,-0.3679171,-0.2871757,-0.0024465,0.0198915,-0.0908642,0.2809972,-0.3714478,-0.2826507,0.0000000,0.0000000,0.0000000,0.0590804,0.0000000,0.0000060,-1.2866396,-0.0000101,0.2578123,0.0000000
-0.0413571,0.0697220,-0.1431296,0.0000000,0.0000000,0.0000000,1.0000000,0.0022874,-0.0198046,-0.0895275,0.2835975,-0.3679171,-0.2871757,-0.0024465,0.0198915,-0.0908642,0.2809972,-0.3714478,-0.2826507,0.0000000,0.0000000,0.0000000,0.0590804,0.0000000,0.0000061,-1.2908551,-0.0000102,0.2585526,0.0000000
-0.0413571,0.0697220,-0.1431296,0.0000000,0.0000000,0.0000000,1.0000000,0.0022874,-0.0198046,-0.0895275,0.2835975,-0.3679171,-0.2871757,-0.0024465,0.0198915,-0.0908642,0.2809972,-0.3714478,-0.2826507,0.0000000,0.0000000,0.0000000,0.0590804,0.0000000,0.0000062,-1.2941173,-0.0000103,0.2591254,0.0000000
-0.0413571,0.0697220,-0.1431296,0.0000000,0.0000000,0.0000000,1.0000000,0.0022874,-0.0198046,-0.0895275,0.2835975,-0.3679171,-0.2871757,-0.0024465,0.0198915,-0.0908642,0.2809972,-0.3714478,-0.2826507,0.0000000,0.0000000,0.0000000,0.0590804,0.0000000,0.0000063,-1.2965232,-0.0000104,0.2595479,0.0000000
-0.0413571,0.0697220,-0.1431296,0.0000000,0.0000000,0.0000000,1.0000000,0.0022874,-0.0198046,-0.0895275,0.2835975,-0.3679171,-0.2871757,-0.0024465,0.0198915,-0.0908642,0.2809972,-0.3714478,-0.2826507,0.0000000,0.0000000,0.0000000,0.0590804,0.0000000,0.0000064,-1.2981824,-0.0000105,0.2598393,0.0000000
-0.0413571,0.0697220,-0.1431296,0.0000000,0.0000000,0.0000000,1.0000000,0.0022874,-0.0198046,-0.0895275,0.2835975,-0.3679171,-0.2871757,-0.0024465,0.0198915,-0.0908642,0.2809972,-0.3714478,-0.2826507,0.0000000,0.0000000,0.0000000,0.0590804,0.0000000,0.0000064,-1.2992172,-0.0000105,0.2600210,0.0000000
-0.0413571,0.0697220,-0.1431296,0.0000000,0.0000000,0.0000000,1.0000000,0.0022874,-0.0198046,-0.0895275,0.2835975,-0.3679171,-0.2871757,-0.0024465,0.0198915,-0.0908642,0.2809972,-0.3714478,-0.2826507,0.0000000,0.0000000,0.0000000,0.0590804,0.0000000,0.0000064,-1.2997634,-0.0000105,0.2601169,0.0000000
-0.0413571,0.0697220,-0.1431296,0.0000000,0.0000000,0.0000000,1.0000000,0.0022874,-0.0198046,-0.0895275,0.2835975,-0.3679171,-0.2871757,-0.0024465,0.0198915,-0.0908642,0.2809972,-0.3714478,-0.2826507,0.0000000,0.0000000,0.0000000,0.0590804,0.0000000,0.0000064,-1.2999699,-0.0000106,0.2601532,0.0000000
-0.0413571,0.0697220,-0.1431296,0.0000000,0.0000000,0.0000000,1.0000000,0.0022874,-0.0198046,-0.0895275,0.2835975,-0.3679171,-0.2871757,-0.0024465,0.0198915,-0.0908642,0.2809972,-0.3714478,-0.2826507,0.0000000,0.0000000,0.0000000,0.0590804,0.0000000,0.0000064,-1.3000001,-0.0000106,0.2601585,0.0000000
-0.0413571,0.0697220,-0.1431296,0.0000000,0.0000000,0.0000000,1.0000000,0.0022874,-0.0198046,-0.0895275,0.2835975,-0.3679171,-0.2871757,-0.0024465,0.0198915,-0.0908642,0.2809972,-0.3714478,-0.2826507,0.0000000,0.0000000,0.0000000,0.0590804,0.0000000,0.0000064,-1.3000001,0.0000211,0.2601585,0.0000000
-0.0413571,0.0697220,-0.1431296,0.0000000,0.0000000,0.0000000,1.0000000,0.0022874,-0.0198046,-0.0895275,0.2835975,-0.3679171,-0.2871757,-0.0024465,0.0198915,-0.0908642,0.2809972,-0.3714478,-0.2826507,0.0000000,0.0000000,0.0000000,0.0590804,0.0000000,0.0000064,-1.3000001,0.0004599,0.2601585,0.0000000
-0.0413571,0.0697220,-0.1431296,0.0000000,0.0000000,0.0000000,1.0000000,0.0022874,-0.0198046,-0.0895275,0.2835975,-0.3679171,-0.2871757,-0.0024465,0.0198915,-0.0908642,0.2809972,-0.3714478,-0.2826507,0.0000000,0.0000000,0.0000000,0.0590804,0.0000000,0.0000064,-1.3000001,0.0021801,0.2601585,0.0000000
-0.0413571,0.0697220,-0.1431296,0.0000000,0.0000000,0.0000000,1.0000000,0.0022874,-0.0198046,-0.0895275,0.2835975,-0.3679171,-0.2871757,-0.0024465,0.0198915,-0.0908642,0.2809972,-0.3714478,-0.2826507,0.0000000,0.0000000,0.0000000,0.0590804,0.0000000,0.0000064,-1.3000002,0.0062950,0.2601585,0.0000000
-0.0413571,0.0697220,-0.1431296,0.0000000,0.0000000,0.0000000,1.0000000,0.0022874,-0.0198046,-0.0895275,0.2835975,-0.3679171,-0.2871757,-0.0024465,0.0198915,-0.0908642,0.2809972,-0.3714478,-0.2826507,0.0000000,0.0000000,0.0000000,0.0590804,0.0000000,0.0000064,-1.3000002,0.0138666,0.2601585,0.0000000
-0.0413571,0.0697220,-0.1431296,0.0000000,0.0000000,0.0000000,1.0000000,0.0022874,-0.0198046,-0.0895275,0.2835975,-0.3679171,-0.2871757,-0.0024465,0.0198915,-0.0908642,0.2809972,-0.3714478,-0.2826507,0.0000000,0.0000000,0.0000000,0.0590804,0.0000000,0.0000063,-1.3000004,0.0256523,0.2601585,0.0000000
-0.0413571,0.0697220,-0.1431296,0.0000000,0.0000000,0.0000000,1.0000000,0.0022874,-0.0198046,-0.0895275,0.2835975,-0.3679171,-0.2871757,-0.0024465,0.0198915,-0.0908642,0.2809972,-0.3714478,-0.2826507,0.0000000,0.0000000,0.0000000,0.0590804,0.0000000,0.0000062,-1.3000005,0.0419122,0.2601585,0.0000000
-0.0413571,0.0697220,-0.1431296,0.0000000,0.0000000,0.0000000,1.0000000,0.0022874,-0.0198046,-0.0895275,0.2835975,-0.3679171,-0.2871757,-0.0024465,0.0198915,-0.0908642,0.2809972,-0.3714478,-0.2826507,0.0000000,0.0000000,0.0000000,0.0590804,0.0000000,0.0000061,-1.3000007,0.0622947,0.2601585,0.0000000
-0.0413571,0.0697220,-0.1431296,0.0000000,0.0000000,0.0000000,1.0000000,0.0022874,-0.0198046,-0.0895275,0.2835975,-0.3679171,-0.2871757,-0.0024465,0.0198915,-0.0908642,0.2809972,-0.3714478,-0.2826507,0.0000000,0.0000000,0.0000000,0.0590804,0.0000000,0.0000060,-1.3000009,0.0858077,0.2601585,0.0000000
-0.0413571,0.0697220,-0.1431296,0.0000000,0.0000000,0.0000000,1.0000000,0.0022874,-0.0198046,-0.0895275,0.2835975,-0.3679171,-0.2871757,-0.0024465,0.0198915,-0.0908642,0.2809972,-0.3714478,-0.2826507,0.0000000,0.0000000,0.0000000,0.0590804,0.0000000,0.0000058,-1.3000012,0.1108748,0.2601585,0.0000000
-0.0413571,0.0697220,-0.1431296,0.0000000,0.0000000,0.0000000,1.0000000,0.0022874,-0.0198046,-0.0895275,0.2835975,-0.3679171,-0.2871757,-0.0024465,0.0198915,-0.0908642,0.2809972,-0.3714478,-0.2826507,0.0000000,0.0000000,0.0000000,0.0590804,0.0000000,0.0000056,-1.3000014,0.1354657,0.2601585,0.0000000
-0.0413571,0.0697220,-0.1431296,0.0000000,0.0000000,0.0000000,1.0000000,0.0022874,-0.0198046,-0.0895275,0.2835975,-0.3679171,-0.2871757,-0.0024465,0.0198915,-0.0908642,0.2809972,-0.3714478,-0.2826507,0.0000000,0.0000000,0.0000000,0.0590804,0.0000000,0.0000055,-1.3000016,0.1572868,0.2601585,0.0000000
-0.0413571,0.0697220,-0.1431296,0.0000000,0.0000000,0.0000000,1.0000000,0.0022874,-0.0198046,-0.0895275,0.2835975,-0.3679171,-0.2871757,-0.0024465,0.0198915,-0.0908642,0.2809972,-0.3714478,-0.2826507,0.0000000,0.0000000,0.0000000,0.0590804,0.0000000,0.0000053,-1.3000018,0.1740077,0.2601585,0.0000000
-0.0413571,0.0697220,-0.1431296,0.0000000,0.0000000,0.0000000,1.0000000,0.0022874,-0.0198046,-0.0895275,0.2835975,-0.3679171,-0.2871757,-0.0024465,0.0198915,-0.0908642,0.2809972,-0.3714478,-0.2826507,0.0000000,0.0000000,0.0000000,0.0590804,0.0000000,0.0000052,-1.3000019,0.1835001,0.2601585,0.0000000
-0.0413571,0.0697220,-0.1431296,0.0000000,0.0000000,0.0000000,1.0000000,0.0022874,-0.0198046,-0.0895275,0.2835975,-0.3679171,-0.2871757,-0.0024465,0.0198915,-0.0908642,0.2809972,-0.3714478,-0.2826507,0.0000000,0.0000000,0.0000000,0.0590804,0.0000000,0.0000052,-1.3000019,0.1840631,0.2601585,0.0000000
-0.0413571,0.0697220,-0.1431296,0.0000000,0.0000000,0.0000000,1.0000000,0.0022874,-0.0198046,-0.0895275,0.2835975,-0.3679171,-0.2871757,-0.0024465,0.0198915,-0.0908642,0.2809972,-0.3714478,-0.2826507,0.0000000,0.0000000,0.0000000,0.0590804,0.0000000,0.0000053,-1.3000018,0.1746095,0.2601585,0.0000000
-0.0413571,0.0697220,-0.1431296,0.0000000,0.0000000,0.0000000,1.0000000,0.0022874,-0.0198046,-0.0895275,0.2835975,-0.3679171,-0.2871757,-0.0024465,0.0198915,-0.0908642,0.2809972,-0.3714478,-0.2826507,0.0000000,0.0000000,0.0000000,0.0590804,0.0000000,0.0000055,-1.3000016,0.1547925,0.2601585,0.0000000
-0.0413571,0.0697220,-0.1431296,0.0000000,0.0000000,0.0000000,1.0000000,0.0022874,-0.0198046,-0.0895275,0.2835975,-0.3679171,-0.2871757,-0.0024465,0.0198915,-0.0908642,0.2809972,-0.3714478,-0.2826507,0.0000000,0.0000000,0.0000000,0.0590804,0.0000000,0.0000057,-1.3000013,0.1250583,0.2601585,0.0000000
-0.0413571,0.0697220,-0.1431296,0.0000000,0.0000000,0.0000000,1.0000000,0.0022874,-0.0198046,-0.0895275,0.2835975,-0.3679171,-0.2871757,-0.0024465,0.0198915,-0.0908642,0.2809972,-0.3714478,-0.2826507,0.0000000,0.0000000,0.0000000,0.0590804,0.0000000,0.0000060,-1.3000009,0.0866144,0.2601585,0.0000000
-0.0413571,0.0697220,-0.1431296,0.0000000,0.0000000,0.0000000,1.0000000,0.0022874,-0.0198046,-0.0895275,0.2835975,-0.3679171,-0.2871757,-0.0024465,0.0198915,-0.0908642,0.2809972,-0.3714478,-0.2826507,0.0000000,0.0000000,0.0000000,0.0590804,0.0000000,0.0000063,-1.3000005,0.0413155,0.2601585,0.0000000
-0.0413571,0.0697220,-0.1431296,0.0000000,0.0000000,0.0000000,1.0000000,0.0022874,-0.0198046,-0.0895275,0.2835975,-0.3679171,-0.2871757,-0.0024465,0.0198915,-0.0908642,0.2809972,-0.3714478,-0.2826507,0.0000000,0.0000000,0.0000000,0.0590804,0.0000000,0.0000064,-1.3000000,-0.0085268,0.2601585,0.0000000
-0.0413571,0.0697220,-0.1431296,0.0000000,0.0000000,0.0000000,1.0000000,0.0022874,-0.0198046,-0.0895275,0.2835975,-0.3679171,-0.2871757,-0.0024465,0.0198915,-0.0908642,0.2809972,-0.3714478,-0.2826507,0.0000000,0.0000000,0.0000000,0.0590804,0.0000000,0.0000065,-1.2999995,-0.0603916,0.2601585,0.0000000
-0.0413571,0.0697220,-0.1431296,0.0000000,0.0000000,0.0000000,1.0000000,0.0022874,-0.0198046,-0.0895275,0.2835975,-0.3679171,-0.2871757,-0.0024465,0.0198915,-0.0908642,0.2809972,-0.3714478,-0.2826507,0.0000000,0.0000000,0.0000000,0.0590804,0.0000000,0.0000066,-1.2999990,-0.1118326,0.2601585,0.0000000
-0.0413571,0.0697220,-0.1431296,0.0000000,0.0000000,0.0000000,1.0000000,0.0022874,-0.0198046,-0.0895275,0.2835975,-0.3679171,-0.2871757,-0.0024465,0.0198915,-0.0908642,0.2809972,-0.3714478,-0.2826507,0.0000000,0.0000000,0.0000000,0.0590804,0.0000000,0.0000065,-1.2999986,-0.1607667,0.2601585,0.0000000
-0.0413571,0.0697220,-0.1431296,0.0000000,0.0000000,0.0000000,1.0000000,0.0022874,-0.0198046,-0.0895275,0.2835975,-0.3679171,-0.2871757,-0.0024465,0.0198915,-0.0908642,0.2809972,-0.3714478,-0.2826507,0.0000000,0.0000000,0.0000000,0.0590804,0.0000000,0.0000063,-1.2999981,-0.2057353,0.2601585,0.0000000
-0.0413571,0.0697220,-0.1431296,0.0000000,0.0000000,0.0000000,1.0000000,0.0022874,-0.0198046,-0.0895275,0.2835975,-0.3679171,-0.2871757,-0.0024465,0.0198915,-0.0908642,0.2809972,-0.3714478,-0.2826507,0.0000000,0.0000000,0.0000000,0.0590804,0.0000000,0.0000061,-1.2999977,-0.2459378,0.2601585,0.0000000
-0.0413571,0.0697220,-0.1431296,0.0000000,0.0000000,0.0000000,1.0000000,0.0022874,-0.0198046,-0.0895275,0.2835975,-0.3679171,-0.2871757,-0.0024465,0.0198915,-0.0908642,0.2809972,-0.3714478,-0.2826507,0.0000000,0.0000000,0.0000000,0.0590804,0.0000000,0.0000059,-1.2999974,-0.2805585,0.2601585,0.0000000
-0.0413571,0.0697220,-0.1431296,0.0000000,0.0000000,0.0000000,1.0000000,0.0022874,-0.0198046,-0.0895275,0.2835975,-0.3679171,-0.2871757,-0.0024465,0.0198915,-0.0908642,0.2809972,-0.3714478,-0.2826507,0.0000000,0.0000000,0.0000000,0.0590804,0.0000000,0.0000057,-1.2999971,-0.3088118,0.2601585,0.0000000
-0.0413571,0.0697220,-0.1431296,0.0000000,0.0000000,0.0000000,1.0000000,0.0022874,-0.0198046,-0.0895275,0.2835975,-0.3679171,-0.2871757,-0.0024465,0.0198915,-0.0908642,0.2809972,-0.3714478,-0.2826507,0.0000000,0.0000000,0.0000000,0.0590804,0.0000000,0.0000055,-1.2999969,-0.3300564,0.2601585,0.0000000
-0.0413571,0.0697220,-0.1431296,0.0000000,0.0000000,0.0000000,1.0000000,0.0022874,-0.0198046,-0.0895275,0.2835975,-0.3679171,-0.2871757,-0.0024465,0.0198915,-0.0908642,0.2809972,-0.3714478,-0.2826507,0.0000000,0.0000000,0.0000000,0.0590804,0.0000000,0.0000054,-1.2999968,-0.3438101,0.2601585,0.0000000
-0.0413571,0.0697220,-0.1431296,0.0000000,0.0000000,0.0000000,1.0000000,0.0022874,-0.0198046,-0.0895275,0.2835975,-0.3679171,-0.2871757,-0.0024465,0.0198915,-0.0908642,0.2809972,-0.3714478,-0.2826507,0.0000000,0.0000000,0.0000000,0.0590804,0.0000000,0.0000053,-1.2999968,-0.3497608,0.2601585,0.0000000
-0.0413571,0.0697220,-0.1431296,0.0000000,0.0000000,0.0000000,1.0000000,0.0022874,-0.0198046,-0.0895275,0.2835975,-0.3679171,-0.2871757,-0.0024465,0.0198915,-0.0908642,0.2809972,-0.3714478,-0.2826507,0.0000000,0.0000000,0.0000000,0.0590804,0.0000000,0.0000054,-1.2999968,-0.3477735,0.2601585,0.0000000
-0.0413571,0.0697220,-0.1431296,0.0000000,0.0000000,0.0000000,1.0000000,0.0022874,-0.0198046,-0.0895275,0.2835975,-0.3679171,-0.2871757,-0.0024465,0.0198915,-0.0908642,0.2809972,-0.3714478,-0.2826507,0.0000000,0.0000000,0.0000000,0.0590804,0.0000000,0.0000055,-1.2999969,-0.3378932,0.2601585,0.0000000
-0.0413571,0.0697220,-0.1431296,0.0000000,0.0000000,0.0000000,1.0000000,0.0022874,-0.0198046,-0.0895275,0.2835975,-0.3679171,-0.2871757,-0.0024465,0.0198915,-0.0908642,0.2809972,-0.3714478,-0.2826507,0.0000000,0.0000000,0.0000000,0.0590804,0.0000000,0.0000056,-1.2999970,-0.3203442,0.2601585,0.0000000
-0.0413571,0.0697220,-0.1431296,0.0000000,0.0000000,0.0000000,1.0000000,0.0022874,-0.0198046,-0.0895275,0.2835975,-0.3679171,-0.2871757,-0.0024465,0.0198915,-0.0908642,0.2809972,-0.3714478,-0.2826507,0.0000000,0.0000000,0.0000000,0.0590804,0.0000000,0.0000058,-1.2999973,-0.2955247,0.2601585,0.0000000
-0.0413571,0.0697220,-0.1431296,0.0000000,0.0000000,0.0000000,1.0000000,0.0022874,-0.0198046,-0.0895275,0.2835975,-0.3679171,-0.2871757,-0.0024465,0.0198915,-0.0908642,0.2809972,-0.3714478,-0.2826507,0.0000000,0.0000000,0.0000000,0.0590804,0.0000000,0.0000060,-1.2999976,-0.2639981,0.2601585,0.0000000
-0.0413571,0.0697220,-0.1431296,0.0000000,0.0000000,0.0000000,1.0000000,0.0022874,-0.0198046,-0.0895275,0.2835975,-0.3679171,-0.2871757,-0.0024465,0.0198915,-0.0908642,0.2809972,-0.3714478,-0.2826507,0.0000000,0.0000000,0.0000000,0.0590804,0.0000000,0.0000062,-1.2999979,-0.2264800,0.2601585,0.0000000
-0.0413571,0.0697220,-0.1431296,0.0000000,0.0000000,0.0000000,1.0000000,0.0022874,-0.0198046,-0.0895275,0.2835975,-0.3679171,-0.2871757,-0.0024465,0.0198915,-0.0908642,0.2809972,-0.3714478,-0.2826507,0.0000000,0.0000000,0.0000000,0.0590804,0.0000000,0.0000064,-1.2999983,-0.1838217,0.2601585,0.0000000
-0.0413571,0.0697220,-0.1431296,0.0000000,0.0000000,0.0000000,1.0000000,0.0022874,-0.0198046,-0.0895275,0.2835975,-0.3679171,-0.2871757,-0.0024465,0.0198915,-0.0908642,0.2809972,-0.3714478,-0.2826507,0.0000000,0.0000000,0.0000000,0.0590804,0.0000000,0.0000065,-1.2999988,-0.1369914,0.2601585,0.0000000
-0.0413571,0.0697220,-0.1431296,0.0000000,0.0000000,0.0000000,1.0000000,0.0022874,-0.0198046,-0.0895275,0.2835975,-0.3679171,-0.2871757,-0.0024465,0.0198915,-0.0908642,0.2809972,-0.3714478,-0.2826507,0.0000000,0.0000000,0.0000000,0.0590804,0.0000000,0.0000066,-1.2999993,-0.0870522,0.2601585,0.0000000
-0.0413571,0.0697220,-0.1431296,0.0000000,0.0000000,0.0000000,1.0000000,0.0022874,-0.0198046,-0.0895275,0.2835975,-0.3679171,-0.2871757,-0.0024465,0.0198915,-0.0908642,0.2809972,-0.3714478,-0.2826507,0.0000000,0.0000000,0.0000000,0.0590804,0.0000000,0.0000065,-1.2999998,-0.0351372,0.2601585,0.0000000
-0.0413571,0.0697220,-0.1431296,0.0000000,0.0000000,0.0000000,1.0000000,0.0022874,-0.0198046,-0.0895275,0.2835975,-0.3679171,-0.2871757,-0.0024465,0.0198915,-0.0908642,0.2809972,-0.3714478,-0.2826507,0.0000000,0.0000000,0.0000000,0.0590804,0.0000000,0.0000064,-1.3000003,0.0175750,0.2601585,0.0000000
-0.0413571,0.0697220,-0.1431296,0.0000000,0.0000000,0.0000000,1.0000000,0.0022874,-0.0198046,-0.0895275,0.2835975,-0.3679171,-0.2871757,-0.0024465,0.0198915,-0.0908642,0.2809972,-0.3714478,-0.2826507,0.0000000,0.0000000,0.0000000,0.0590804,0.0000000,0.0000061,-1.3000008,0.0698882,0.2601585,0.0000000
-0.0413571,0.0697220,-0.1431296,0.0000000,0.0000000,0.0000000,1.0000000,0.0022874,-0.0198046,-0.0895275,0.2835975,-0.3679171,-0.2871757,-0.0024465,0.0198915,-0.0908642,0.2809972,-0.3714478,-0.2826507,0.0000000,0.0000000,0.0000000,0.0590804,0.0000000,0.0000058,-1.3000013,0.1206151,0.2601585,0.0000000
-0.0413571,0.0697220,-0.1431296,0.0000000,0.0000000,0.0000000,1.0000000,0.0022874,-0.0198046,-0.0895275,0.2835975,-0.3679171,-0.2871757,-0.0024465,0.0198915,-0.0908642,0.2809972,-0.3714478,-0.2826507,0.0000000,0.0000000,0.0000000,0.0590804,0.0000000,0.0000054,-1.3000017,0.1686042,0.2601585,0.0000000
-0.0413571,0.0697220,-0.1431296,0.0000000,0.0000000,0.0000000,1.0000000,0.0022874,-0.0198046,-0.0895275,0.2835975,-0.3679171,-0.2871757,-0.0024465,0.0198915,-0.0908642,0.2809972,-0.3714478,-0.2826507,0.0000000,0.0000000,0.0000000,0.0590804,0.0000000,0.0000049,-1.3000021,0.2127665,0.2601585,0.0000000
-0.0413571,0.0697220,-0.1431296,0.0000000,0.0000000,0.0000000,1.0000000,0.0022874,-0.0198046,-0.0895275,0.2835975,-0.3679171,-0.2871757,-0.0024465,0.0198915,-0.0908642,0.2809972,-0.3714478,-0.2826507,0.0000000,0.0000000,0.0000000,0.0590804,0.0000000,0.0000045,-1.3000025,0.2520995,0.2601585,0.0000000
-0.0413571,0.0697220,-0.1431296,0.0000000,0.0000000,0.0000000,1.0000000,0.0022874,-0.0198046,-0.0895275,0.2835975,-0.3679171,-0.2871757,-0.0024465,0.0198915,-0.0908642,0.2809972,-0.3714478,-0.2826507,0.0000000,0.0000000,0.0000000,0.0590804,0.0000000,0.0000040,-1.3000028,0.2857105,0.2601585,0.0000000
-0.0413571,0.0697220,-0.1431296,0.0000000,0.0000000,0.0000000,1.0000000,0.0022874,-0.0198046,-0.0895275,0.2835975,-0.3679171,-0.2871757,-0.0024465,0.0198915,-0.0908642,0.2809972,-0.3714478,-0.2826507,0.0000000,0.0000000,0.0000000,0.0590804,0.0000000,0.0000037,-1.3000030,0.3128366,0.2601585,0.0000000
-0.0413571,0.0697220,-0.1431296,0.0000000,0.0000000,0.0000000,1.0000000,0.0022874,-0.0198046,-0.0895275,0.2835975,-0.3679171,-0.2871757,-0.0024465,0.0198915,-0.0908642,0.2809972,-0.3714478,-0.2826507,0.0000000,0.0000000,0.0000000,0.0590804,0.0000000,0.0000034,-1.3000032,0.3328621,0.2601585,0.0000000
-0.0413571,0.0697220,-0.1431296,0.0000000,0.0000000,0.0000000,1.0000000,0.0022874,-0.0198046,-0.0895275,0.2835975,-0.3679171,-0.2871757,-0.0024465,0.0198915,-0.0908642,0.2809972,-0.3714478,-0.2826507,0.0000000,0.0000000,0.0000000,0.0590804,0.0000000,0.0000032,-1.3000033,0.3453326,0.2601585,0.0000000
-0.0413571,0.0697220,-0.1431296,0.0000000,0.0000000,0.0000000,1.0000000,0.0022874,-0.0198046,-0.0895275,0.2835975,-0.3679171,-0.2871757,-0.0024465,0.0198915,-0.0908642,0.2809972,-0.3714478,-0.2826507,0.0000000,0.0000000,0.0000000,0.0590804,0.0000000,0.0000031,-1.3000034,0.3499650,0.2601585,0.0000000
-0.0413571,0.0697220,-0.1431296,0.0000000,0.0000000,0.0000000,1.0000000,0.0022874,-0.0198046,-0.0895275,0.2835975,-0.3679171,-0.2871757,-0.0024465,0.0198915,-0.0908642,0.2809972,-0.3714478,-0.2826507,0.0000000,0.0000000,0.0000000,0.0590804,0.0000000,0.0000032,-1.3000033,0.3466541,0.2601585,0.0000000
-0.0413571,0.0697220,-0.1431296,0.0000000,0.0000000,0.0000000,1.0000000,0.0022874,-0.0198046,-0.0895275,0.2835975,-0.3679171,-0.2871757,-0.0024465,0.0198915,-0.0908642,0.2809972,-0.3714478,-0.2826507,0.0000000,0.0000000,0.0000000,0.0590804,0.0000000,0.0000033,-1.3000032,0.3354750,0.2601585,0.0000000
-0.0413571,0.0697220,-0.1431296,0.0000000,0.0000000,0.0000000,1.0000000,0.0022874,-0.0198046,-0.0895275,0.2835975,-0.3679171,-0.2871757,-0.0024465,0.0198915,-0.0908642,0.2809972,-0.3714478,-0.2826507,0.0000000,0.0000000,0.0000000,0.0590804,0.0000000,0.0000036,-1.3000031,0.3166816,0.2601585,0.0000000
-0.0413571,0.0697220,-0.1431296,0.0000000,0.0000000,0.0000000,1.0000000,0.0022874,-0.0198046,-0.0895275,0.2835975,-0.3679171,-0.2871757,-0.0024465,0.0198915,-0.0908642,0.2809972,-0.3714478,-0.2826507,0.0000000,0.0000000,0.0000000,0.0590804,0.0000000,0.0000040,-1.3000028,0.2907004,0.2601585,0.0000000
-0.0413571,0.0697220,-0.1431296,0.0000000,0.0000000,0.0000000,1.0000000,0.0022874,-0.0198046,-0.0895275,0.2835975,-0.3679171,-0.2871757,-0.0024465,0.0198915,-0.0908642,0.2809972,-0.3714478,-0.2826507,0.0000000,0.0000000,0.0000000,0.0590804,0.0000000,0.0000044,-1.3000025,0.2581210,0.2601585,0.0000000
-0.0413571,0.0697220,-0.1431296,0.0000000,0.0000000,0.0000000,1.0000000,0.0022874,-0.0198046,-0.0895275,0.2835975,-0.3679171,-0.2871757,-0.0024465,0.0198915,-0.0908642,0.2809972,-0.3714478,-0.2826507,0.0000000,0.0000000,0.0000000,0.0590804,0.0000000,0.0000048,-1.3000022,0.2196829,0.2601585,0.0000000
-0.0413571,0.0697220,-0.1431296,0.0000000,0.0000000,0.0000000,1.0000000,0.0022874,-0.0198046,-0.0895275,0.2835975,-0.3679171,-0.2871757,-0.0024465,0.0198915,-0.0908642,0.2809972,-0.3714478,-0.2826507,0.0000000,0.0000000,0.0000000,0.0590804,0.0000000,0.0000053,-1.3000018,0.1762586,0.2601585,0.0000000
-0.0413571,0.0697220,-0.1431296,0.0000000,0.0000000,0.0000000,1.0000000,0.0022874,-0.0198046,-0.0895275,0.2835975,-0.3679171,-0.2871757,-0.0024465,0.0198915,-0.0908642,0.2809972,-0.3714478,-0.2826507,0.0000000,0.0000000,0.0000000,0.0590804,0.0000000,0.0000057,-1.3000013,0.1288337,0.2601585,0.0000000
-0.0413571,0.0697220,-0.1431296,0.0000000,0.0000000,0.0000000,1.0000000,0.0022874,-0.0198046,-0.0895275,0.2835975,-0.3679171,-0.2871757,-0.0024465,0.0198915,-0.0908642,0.2809972,-0.3714478,-0.2826507,0.0000000,0.0000000,0.0000000,0.0590804,0.0000000,0.0000061,-1.3000009,0.0784846,0.2601585,0.0000000
-0.0413571,0.0697220,-0.1431296,0.0000000,0.0000000,0.0000000,1.0000000,0.0022874,-0.0198046,-0.0895275,0.2835975,-0.3679171,-0.2871757,-0.0024465,0.0198915,-0.0908642,0.2809972,-0.3714478,-0.2826507,0.0000000,0.0000000,0.0000000,0.0590804,0.0000000,0.0000063,-1.3000004,0.0263539,0.2601585,0.0000000
-0.0413571,0.0697220,-0.1431296,0.0000000,0.0000000,0.0000000,1.0000000,0.0022874,-0.0198046,-0.0895275,0.2835975,-0.3679171,-0.2871757,-0.0024465,0.0198915,-0.0908642,0.2809972,-0.3714478,-0.2826507,0.0000000,0.0000000,0.0000000,0.0590804,0.0000000,0.0000065,-1.2999999,-0.0263750,0.2601585,0.0000000
-0.0413571,0.0697220,-0.1431296,0.0000000,0.0000000,0.0000000,1.0000000,0.0022874,-0.0198046,-0.0895275,0.2835975,-0.3679171,-0.2871757,-0.0024465,0.0198915,-0.0908642,0.2809972,-0.3714478,-0.2826507,0.0000000,0.0000000,0.0000000,0.0590804,0.0000000,0.0000066,-1.2999994,-0.0785055,0.2601585,0.0000000
-0.0413571,0.0697220,-0.1431296,0.0000000,0.0000000,0.0000000,1.0000000,0.0022874,-0.0198046,-0.0895275,0.2835975,-0.3679171,-0.2871757,-0.0024465,0.0198915,-0.0908642,0.2809972,-0.3714478,-0.2826507,0.0000000,0.0000000,0.0000000,0.0590804,0.0000000,0.0000065,-1.2999989,-0.1288543,0.2601585,0.0000000
-0.0413571,0.0697220,-0.1431296,0.0000000,0.0000000,0.0000000,1.0000000,0.0022874,-0.0198046,-0.0895275,0.2835975,-0.3679171,-0.2871757,-0.0024465,0.0198915,-0.0908642,0.2809972,-0.3714478,-0.2826507,0.0000000,0.0000000,0.0000000,0.0590804,0.0000000,0.0000064,-1.2999984,-0.1762787,0.2601585,0.0000000
-0.0413571,0.0697220,-0.1431296,0.0000000,0.0000000,0.0000000,1.0000000,0.0022874,-0.0198046,-0.0895275,0.2835975,-0.3679171,-0.2871757,-0.0024465,0.0198915,-0.0908642,0.2809972,-0.3714478,-0.2826507,0.0000000,0.0000000,0.0000000,0.0590804,0.0000000,0.0000063,-1.2999980,-0.2197024,0.2601585,0.0000000
-0.0413571,0.0697220,-0.1431296,0.0000000,0.0000000,0.0000000,1.0000000,0.0022874,-0.0198046,-0.0895275,0.2835975,-0.3679171,-0.2871757,-0.0024465,0.0198915,-0.0908642,0.2809972,-0.3714478,-0.2826507,0.0000000,0.0000000,0.0000000,0.0590804,0.0000000,0.0000060,-1.2999976,-0.2581398,0.2601585,0.0000000
-0.0413571,0.0697220,-0.1431296,0.0000000,0.0000000,0.0000000,1.0000000,0.0022874,-0.0198046,-0.0895275,0.2835975,-0.3679171,-0.2871757,-0.0024465,0.0198915,-0.0908642,0.2809972,-0.3714478,-0.2826507,0.0000000,0.0000000,0.0000000,0.0590804,0.0000000,0.0000058,-1.2999973,-0.2907186,0.2601585,0.0000000
-0.0413571,0.0697220,-0.1431296,0.0000000,0.0000000,0.0000000,1.0000000,0.0022874,-0.0198046,-0.0895275,0.2835975,-0.3679171,-0.2871757,-0.0024465,0.0198915,-0.0908642,0.2809972,-0.3714478,-0.2826507,0.0000000,0.0000000,0.0000000,0.0590804,0.0000000,0.0000056,-1.2999971,-0.3166993,0.2601585,0.0000000
-0.0413571,0.0697220,-0.1431296,0.0000000,0.0000000,0.0000000,1.0000000,0.0022874,-0.0198046,-0.0895275,0.2835975,-0.3679171,-0.2871757,-0.0024465,0.0198915,-0.0908642,0.2809972,-0.3714478,-0.2826507,0.0000000,0.0000000,0.0000000,0.0590804,0.0000000,0.0000055,-1.2999969,-0.3354923,0.2601585,0.0000000
-0.0413571,0.0697220,-0.1431296,0.0000000,0.0000000,0.0000000,1.0000000,0.0022874,-0.0198046,-0.0895275,0.2835975,-0.3679171,-0.2871757,-0.0024465,0.0198915,-0.0908642,0.2809972,-0.3714478,-0.2826507,0.0000000,0.0000000,0.0000000,0.0590804,0.0000000,0.0000054,-1.2999968,-0.3466710,0.2601585,0.0000000
-0.0413571,0.0697220,-0.1431296,0.0000000,0.0000000,0.0000000,1.0000000,0.0022874,-0.0198046,-0.0895275,0.2835975,-0.3679171,-0.2871757,-0.0024465,0.0198915,-0.0908642,0.2809972,-0.3714478,-0.2826507,0.0000000,0.0000000,0.0000000,0.0590804,0.0000000,0.0000053,-1.2999968,-0.3499819,0.2601585,0.0000000
-0.0413571,0.0697220,-0.1431296,0.0000000,0.0000000,0.0000000,1.0000000,0.0022874,-0.0198046,-0.0895275,0.2835975,-0.3679171,-0.2871757,-0.0024465,0.0198915,-0.0908642,0.2809972,-0.3714478,-0.2826507,0.0000000,0.0000000,0.0000000,0.0590804,0.0000000,0.0000054,-1.2999968,-0.3453496,0.2601585,0.0000000
-0.0413571,0.0697220,-0.1431296,0.0000000,0.0000000,0.0000000,1.0000000,0.0022874,-0.0198046,-0.0895275,0.2835975,-0.3679171,-0.2871757,-0.0024465,0.0198915,-0.0908642,0.2809972,-0.3714478,-0.2826507,0.0000000,0.0000000,0.0000000,0.0590804,0.0000000,0.0000055,-1.2999969,-0.3328794,0.2601585,0.0000000
-0.0413571,0.0697220,-0.1431296,0.0000000,0.0000000,0.0000000,1.0000000,0.0022874,-0.0198046,-0.0895275,0.2835975,-0.3679171,-0.2871757,-0.0024465,0.0198915,-0.0908642,0.2809972,-0.3714478,-0.2826507,0.0000000,0.0000000,0.0000000,0.0590804,0.0000000,0.0000057,-1.2999971,-0.3128543,0.2601585,0.0000000
-0.0413571,0.0697220,-0.1431296,0.0000000,0.0000000,0.0000000,1.0000000,0.0022874,-0.0198046,-0.0895275,0.2835975,-0.3679171,-0.2871757,-0.0024465,0.0198915,-0.0908642,0.2809972,-0.3714478,-0.2826507,0.0000000,0.0000000,0.0000000,0.0590804,0.0000000,0.0000059,-1.2999974,-0.2857288,0.2601585,0.0000000
-0.0413571,0.0697220,-0.1431296,0.0000000,0.0000000,0.0000000,1.0000000,0.0022874,-0.0198046,-0.0895275,0.2835975,-0.3679171,-0.2871757,-0.0024465,0.0198915,-0.0908642,0.2809972,-0.3714478,-0.2826507,0.0000000,0.0000000,0.0000000,0.0590804,0.0000000,0.0000061,-1.2999977,-0.2521184,0.2601585,0.0000000
-0.0413571,0.0697220,-0.1431296,0.0000000,0.0000000,0.0000000,1.0000000,0.0022874,-0.0198046,-0.0895275,0.2835975,-0.3679171,-0.2871757,-0.0024465,0.0198915,-0.0908642,0.2809972,-0.3714478,-0.2826507,0.0000000,0.0000000,0.0000000,0.0590804,0.0000000,0.0000063,-1.2999981,-0.2127860,0.2601585,0.0000000
-0.0413571,0.0697220,-0.1431296,0.0000000,0.0000000,0.0000000,1.0000000,0.0022874,-0.0198046,-0.0895275,0.2835975,-0.3679171,-0.2871757,-0.0024465,0.0198915,-0.0908642,0.2809972,-0.3714478,-0.2826507,0.0000000,0.0000000,0.0000000,0.0590804,0.0000000,0.0000064,-1.2999985,-0.1686244,0.2601585,0.0000000
-0.0413571,0.0697220,-0.1431296,0.0000000,0.0000000,0.0000000,1.0000000,0.0022874,-0.0198046,-0.0895275,0.2835975,-0.3679171,-0.2871757,-0.0024465,0.0198915,-0.0908642,0.2809972,-0.3714478,-0.2826507,0.0000000,0.0000000,0.0000000,0.0590804,0.0000000,0.0000065,-1.2999990,-0.1206357,0.2601585,0.0000000
-0.0413571,0.0697220,-0.1431296,0.0000000,0.0000000,0.0000000,1.0000000,0.0022874,-0.0198046,-0.0895275,0.2835975,-0.3679171,-0.2871757,-0.0024465,0.0198915,-0.0908642,0.2809972,-0.3714478,-0.2826507,0.0000000,0.0000000,0.0000000,0.0590804,0.0000000,0.0000066,-1.2999994,-0.0699092,0.2601585,0.0000000
-0.0413571,0.0697220,-0.1431296,0.0000000,0.0000000,0.0000000,1.0000000,0.0022874,-0.0198046,-0.0895275,0.2835975,-0.3679171,-0.2871757,-0.0024465,0.0198915,-0.0908642,0.2809972,-0.3714478,-0.2826507,0.0000000,0.0000000,0.0000000,0.0590804,0.0000000,0.0000065,-1.2999999,-0.0175961,0.2601585,0.0000000
-0.0413571,0.0697220,-0.1431296,0.0000000,0.0000000,0.0000000,1.0000000,0.0022874,-0.0198046,-0.0895275,0.2835975,-0.3679171,-0.2871757,-0.0024465,0.0198915,-0.0908642,0.2809972,-0.3714478,-0.2826507,0.0000000,0.0000000,0.0000000,0.0590804,0.0000000,0.0000063,-1.3000005,0.0351162,0.2601585,0.0000000
-0.0413571,0.0697220,-0.1431296,0.0000000,0.0000000,0.0000000,1.0000000,0.0022874,-0.0198046,-0.0895275,0.2835975,-0.3679171,-0.2871757,-0.0024465,0.0198915,-0.0908642,0.2809972,-0.3714478,-0.2826507,0.0000000,0.0000000,0.0000000,0.0590804,0.0000000,0.0000060,-1.3000010,0.0870313,0.2601585,0.0000000
-0.0413571,0.0697220,-0.1431296,0.0000000,0.0000000,0.0000000,1.0000000,0.0022874,-0.0198046,-0.0895275,0.2835975,-0.3679171,-0.2871757,-0.0024465,0.0198915,-0.0908642,0.2809972,-0.3714478,-0.2826507,0.0000000,0.0000000,0.0000000,0.0590804,0.0000000,0.0000056,-1.3000014,0.1369710,0.2601585,0.0000000
-0.0413571,0.0697220,-0.1431296,0.0000000,0.0000000,0.0000000,1.0000000,0.0022874,-0.0198046,-0.0895275,0.2835975,-0.3679171,-0.2871757,-0.0024465,0.0198915,-0.0908642,0.2809972,-0.3714478,-0.2826507,0.0000000,0.0000000,0.0000000,0.0590804,0.0000000,0.0000052,-1.3000019,0.1838017,0.2601585,0.0000000
-0.0413571,0.0697220,-0.1431296,0.0000000,0.0000000,0.0000000,1.0000000,0.0022874,-0.0198046,-0.0895275,0.2835975,-0.3679171,-0.2871757,-0.0024465,0.0198915,-0.0908642,0.2809972,-0.3714478,-0.2826507,0.0000000,0.0000000,0.0000000,0.0590804,0.0000000,0.0000048,-1.3000023,0.2264606,0.2601585,0.0000000
-0.0413571,0.0697220,-0.1431296,0.0000000,0.0000000,0.0000000,1.0000000,0.0022874,-0.0198046,-0.0895275,0.2835975,-0.3679171,-0.2871757,-0.0024465,0.0198915,-0.0908642,0.2809972,-0.3714478,-0.2826507,0.0000000,0.0000000,0.0000000,0.0590804,0.0000000,0.0000043,-1.3000026,0.2639794,0.2601585,0.0000000
-0.0413571,0.0697220,-0.1431296,0.0000000,0.0000000,0.0000000,1.0000000,0.0022874,-0.0198046,-0.0895275,0.2835975,-0.3679171,-0.2871757,-0.0024465,0.0198915,-0.0908642,0.2809972,-0.3714478,-0.2826507,0.0000000,0.0000000,0.0000000,0.0590804,0.0000000,0.0000039,-1.3000029,0.2955066,0.2601585,0.0000000
-0.0413571,0.0697220,-0.1431296,0.0000000,0.0000000,0.0000000,1.0000000,0.0022874,-0.0198046,-0.0895275,0.2835975,-0.3679171,-0.2871757,-0.0024465,0.0198915,-0.0908642,0.2809972,-0.3714478,-0.2826507,0.0000000,0.0000000,0.0000000,0.0590804,0.0000000,0.0000036,-1.3000031,0.3203266,0.2601585,0.0000000
-0.0413571,0.0697220,-0.1431296,0.0000000,0.0000000,0.0000000,1.0000000,0.0022874,-0.0198046,-0.0895275,0.2835975,-0.3679171,-0.2871757,-0.0024465,0.0198915,-0.0908642,0.2809972,-0.3714478,-0.2826507,0.0000000,0.0000000,0.0000000,0.0590804,0.0000000,0.0000033,-1.3000033,0.3378760,0.2601585,0.0000000
-0.0413571,0.0697220,-0.1431296,0.0000000,0.0000000,0.0000000,1.0000000,0.0022874,-0.0198046,-0.0895275,0.2835975,-0.3679171,-0.2871757,-0.0024465,0.0198915,-0.0908642,0.2809972,-0.3714478,-0.2826507,0.0000000,0.0000000,0.0000000,0.0590804,0.0000000,0.0000032,-1.3000033,0.3477565,0.2601585,0.0000000
-0.0413571,0.0697220,-0.1431296,0.0000000,0.0000000,0.0000000,1.0000000,0.0022874,-0.0198046,-0.0895275,0.2835975,-0.3679171,-0.2871757,-0.0024465,0.0198915,-0.0908642,0.2809972,-0.3714478,-0.2826507,0.0000000,0.0000000,0.0000000,0.0590804,0.0000000,0.0000031,-1.3000034,0.3497439,0.2601585,0.0000000
-0.0413571,0.0697220,-0.1431296,0.0000000,0.0000000,0.0000000,1.0000000,0.0022874,-0.0198046,-0.0895275,0.2835975,-0.3679171,-0.2871757,-0.0024465,0.0198915,-0.0908642,0.2809972,-0.3714478,-0.2826507,0.0000000,0.0000000,0.0000000,0.0590804,0.0000000,0.0000032,-1.3000033,0.3437931,0.2601585,0.0000000
-0.0413571,0.0697220,-0.1431296,0.0000000,0.0000000,0.0000000,1.0000000,0.0022874,-0.0198046,-0.0895275,0.2835975,-0.3679171,-0.2871757,-0.0024465,0.0198915,-0.0908642,0.2809972,-0.3714478,-0.2826507,0.0000000,0.0000000,0.0000000,0.0590804,0.0000000,0.0000034,-1.3000032,0.3300390,0.2601585,0.0000000
-0.0413571,0.0697220,-0.1431296,0.0000000,0.0000000,0.0000000,1.0000000,0.0022874,-0.0198046,-0.0895275,0.2835975,-0.3679171,-0.2871757,-0.0024465,0.0198915,-0.0908642,0.2809972,-0.3714478,-0.2826507,0.0000000,0.0000000,0.0000000,0.0590804,0.0000000,0.0000037,-1.3000030,0.3087940,0.2601585,0.0000000
-0.0413571,0.0697220,-0.1431296,0.0000000,0.0000000,0.0000000,1.0000000,0.0022874,-0.0198046,-0.0895275,0.2835975,-0.3679171,-0.2871757,-0.0024465,0.0198915,-0.0908642,0.2809972,-0.3714478,-0.2826507,0.0000000,0.0000000,0.0000000,0.0590804,0.0000000,0.0000041,-1.3000027,0.2805401,0.2601585,0.0000000
-0.0413571,0.0697220,-0.1431296,0.0000000,0.0000000,0.0000000,1.0000000,0.0022874,-0.0198046,-0.0895275,0.2835975,-0.3679171,-0.2871757,-0.0024465,0.0198915,-0.0908642,0.2809972,-0.3714478,-0.2826507,0.0000000,0.0000000,0.0000000,0.0590804,0.0000000,0.0000045,-1.3000024,0.2459187,0.2601585,0.0000000
-0.0413571,0.0697220,-0.1431296,0.0000000,0.0000000,0.0000000,1.0000000,0.0022874,-0.0198046,-0.0895275,0.2835975,-0.3679171,-0.2871757,-0.0024465,0.0198915,-0.0908642,0.2809972,-0.3714478,-0.2826507,0.0000000,0.0000000,0.0000000,0.0590804,0.0000000,0.0000050,-1.3000021,0.2057156,0.2601585,0.0000000
-0.0413571,0.0697220,-0.1431296,0.0000000,0.0000000,0.0000000,1.0000000,0.0022874,-0.0198046,-0.0895275,0.2835975,-0.3679171,-0.2871757,-0.0024465,0.0198915,-0.0908642,0.2809972,-0.3714478,-0.2826507,0.0000000,0.0000000,0.0000000,0.0590804,0.0000000,0.0000054,-1.3000016,0.1608433,0.2601585,0.0000000
-0.0413571,0.0697220,-0.1431296,0.0000000,0.0000000,0.0000000,1.0000000,0.0022874,-0.0198046,-0.0895275,0.2835975,-0.3679171,-0.2871757,-0.0024465,0.0198915,-0.0908642,0.2809972,-0.3714478,-0.2826507,0.0000000,0.0000000,0.0000000,0.0590804,0.0000000,0.0000058,-1.3000012,0.1123203,0.2601585,0.0000000
-0.0413571,0.0697220,-0.1431296,0.0000000,0.0000000,0.0000000,1.0000000,0.0022874,-0.0198046,-0.0895275,0.2835975,-0.3679171,-0.2871757,-0.0024465,0.0198915,-0.0908642,0.2809972,-0.3714478,-0.2826507,0.0000000,0.0000000,0.0000000,0.0590804,0.0000000,0.0000062,-1.3000007,0.0612478,0.2601585,0.0000000
-0.0413571,0.0697220,-0.1431296,0.0000000,0.0000000,0.0000000,1.0000000,0.0022874,-0.0198046,-0.0895275,0.2835975,-0.3679171,-0.2871757,-0.0024465,0.0198915,-0.0908642,0.2809972,-0.3714478,-0.2826507,0.0000000,0.0000000,0.0000000,0.0590804,0.0000000,0.0000064,-1.3000002,0.0087850,0.2601585,0.0000000
-0.0413571,0.0697220,-0.1431296,0.0000000,0.0000000,0.0000000,1.0000000,0.0022874,-0.0198046,-0.0895275,0.2835975,-0.3679171,-0.2871757,-0.0024465,0.0198915,-0.0908642,0.2809972,-0.3714478,-0.2826507,0.0000000,0.0000000,0.0000000,0.0590804,0.0000000,0.0000065,-1.2999997,-0.0438773,0.2601585,0.0000000
-0.0413571,0.0697220,-0.1431296,0.0000000,0.0000000,0.0000000,1.0000000,0.0022874,-0.0198046,-0.0895275,0.2835975,-0.3679171,-0.2871757,-0.0024465,0.0198915,-0.0908642,0.2809972,-0.3714478,-0.2826507,0.0000000,0.0000000,0.0000000,0.0590804,0.0000000,0.0000066,-1.2999992,-0.0955439,0.2601585,0.0000000
-0.0413571,0.0697220,-0.1431296,0.0000000,0.0000000,0.0000000,1.0000000,0.0022874,-0.0198046,-0.0895275,0.2835975,-0.3679171,-0.2871757,-0.0024465,0.0198915,-0.0908642,0.2809972,-0.3714478,-0.2826507,0.0000000,0.0000000,0.0000000,0.0590804,0.0000000,0.0000065,-1.2999987,-0.1450421,0.2601585,0.0000000
-0.0413571,0.0697220,-0.1431296,0.0000000,0.0000000,0.0000000,1.0000000,0.0022874,-0.0198046,-0.0895275,0.2835975,-0.3679171,-0.2871757,-0.0024465,0.0198915,-0.0908642,0.2809972,-0.3714478,-0.2826507,0.0000000,0.0000000,0.0000000,0.0590804,0.0000000,0.0000064,-1.2999983,-0.1912485,0.2601585,0.0000000
-0.0413571,0.0697220,-0.1431296,0.0000000,0.0000000,0.0000000,1.0000000,0.0022874,-0.0198046,-0.0895275,0.2835975,-0.3679171,-0.2871757,-0.0024465,0.0198915,-0.0908642,0.2809972,-0.3714478,-0.2826507,0.0000000,0.0000000,0.0000000,0.0590804,0.0000000,0.0000062,-1.2999979,-0.2331145,0.2601585,0.0000000
-0.0413571,0.0697220,-0.1431296,0.0000000,0.0000000,0.0000000,1.0000000,0.0022874,-0.0198046,-0.0895275,0.2835975,-0.3679171,-0.2871757,-0.0024465,0.0198915,-0.0908642,0.2809972,-0.3714478,-0.2826507,0.0000000,0.0000000,0.0000000,0.0590804,0.0000000,0.0000060,-1.2999975,-0.2696898,0.2601585,0.0000000
-0.0413571,0.0697220,-0.1431296,0.0000000,0.0000000,0.0000000,1.0000000,0.0022874,-0.0198046,-0.0895275,0.2835975,-0.3679171,-0.2871757,-0.0024465,0.0198915,-0.0908642,0.2809972,-0.3714478,-0.2826507,0.0000000,0.0000000,0.0000000,0.0590804,0.0000000,0.0000058,-1.2999972,-0.3001443,0.2601585,0.0000000
-0.0413571,0.0697220,-0.1431296,0.0000000,0.0000000,0.0000000,1.0000000,0.0022874,-0.0198046,-0.0895275,0.2835975,-0.3679171,-0.2871757,-0.0024465,0.0198915,-0.0908642,0.2809972,-0.3714478,-0.2826507,0.0000000,0.0000000,0.0000000,0.0590804,0.0000000,0.0000056,-1.2999970,-0.3237868,0.2601585,0.0000000
-0.0413571,0.0697220,-0.1431296,0.0000000,0.0000000,0.0000000,1.0000000,0.0022874,-0.0198046,-0.0895275,0.2835975,-0.3679171,-0.2871757,-0.0024465,0.0198915,-0.0908642,0.2809972,-0.3714478,-0.2826507,0.0000000,0.0000000,0.0000000,0.0590804,0.0000000,0.0000054,-1.2999969,-0.3400807,0.2601585,0.0000000
-0.0413571,0.0697220,-0.1431296,0.0000000,0.0000000,0.0000000,1.0000000,0.0022874,-0.0198046,-0.0895275,0.2835975,-0.3679171,-0.2871757,-0.0024465,0.0198915,-0.0908642,0.2809972,-0.3714478,-0.2826507,0.0000000,0.0000000,0.0000000,0.0590804,0.0000000,0.0000054,-1.2999968,-0.3486563,0.2601585,0.0000000
-0.0413571,0.0697220,-0.1431296,0.0000000,0.0000000,0.0000000,1.0000000,0.0022874,-0.0198046,-0.0895275,0.2835975,-0.3679171,-0.2871757,-0.0024465,0.0198915,-0.0908642,0.2809972,-0.3714478,-0.2826507,0.0000000,0.0000000,0.0000000,0.0590804,0.0000000,0.0000053,-1.2999968,-0.3493189,0.2601585,0.0000000
-0.0413571,0.0697220,-0.1431296,0.0000000,0.0000000,0.0000000,1.0000000,0.0022874,-0.0198046,-0.0895275,0.2835975,-0.3679171,-0.2871757,-0.0024465,0.0198915,-0.0908642,0.2809972,-0.3714478,-0.2826507,0.0000000,0.0000000,0.0000000,0.0590804,0.0000000,0.0000054,-1.2999968,-0.3420534,0.2601585,0.0000000
-0.0413571,0.0697220,-0.1431296,0.0000000,0.0000000,0.0000000,1.0000000,0.0022874,-0.0198046,-0.0895275,0.2835975,-0.3679171,-0.2871757,-0.0024465,0.0198915,-0.0908642,0.2809972,-0.3714478,-0.2826507,0.0000000,0.0000000,0.0000000,0.0590804,0.0000000,0.0000055,-1.2999970,-0.3270248,0.2601585,0.0000000
-0.0413571,0.0697220,-0.1431296,0.0000000,0.0000000,0.0000000,1.0000000,0.0022874,-0.0198046,-0.0895275,0.2835975,-0.3679171,-0.2871757,-0.0024465,0.0198915,-0.0908642,0.2809972,-0.3714478,-0.2826507,0.0000000,0.0000000,0.0000000,0.0590804,0.0000000,0.0000057,-1.2999972,-0.3045742,0.2601585,0.0000000
-0.0413571,0.0697220,-0.1431296,0.0000000,0.0000000,0.0000000,1.0000000,0.0022874,-0.0198046,-0.0895275,0.2835975,-0.3679171,-0.2871757,-0.0024465,0.0198915,-0.0908642,0.2809972,-0.3714478,-0.2826507,0.0000000,0.0000000,0.0000000,0.0590804,0.0000000,0.0000059,-1.2999975,-0.2752110,0.2601585,0.0000000
-0.0413571,0.0697220,-0.1431296,0.0000000,0.0000000,0.0000000,1.0000000,0.0022874,-0.0198046,-0.0895275,0.2835975,-0.3679171,-0.2871757,-0.0024465,0.0198915,-0.0908642,0.2809972,-0.3714478,-0.2826507,0.0000000,0.0000000,0.0000000,0.0590804,0.0000000,0.0000062,-1.2999978,-0.2396018,0.2601585,0.0000000
-0.0413571,0.0697220,-0.1431296,0.0000000,0.0000000,0.0000000,1.0000000,0.0022874,-0.0198046,-0.0895275,0.2835975,-0.3679171,-0.2871757,-0.0024465,0.0198915,-0.0908642,0.2809972,-0.3714478,-0.2826507,0.0000000,0.0000000,0.0000000,0.0590804,0.0000000,0.0000063,-1.2999982,-0.1985546,0.2601585,0.0000000
-0.0413571,0.0697220,-0.1431296,0.0000000,0.0000000,0.0000000,1.0000000,0.0022874,-0.0198046,-0.0895275,0.2835975,-0.3679171,-0.2871757,-0.0024465,0.0198915,-0.0908642,0.2809972,-0.3714478,-0.2826507,0.0000000,0.0000000,0.0000000,0.0590804,0.0000000,0.0000065,-1.2999986,-0.1530011,0.2601585,0.0000000
-0.0413571,0.0697220,-0.1431296,0.0000000,0.0000000,0.0000000,1.0000000,0.0022874,-0.0198046,-0.0895275,0.2835975,-0.3679171,-0.2871757,-0.0024465,0.0198915,-0.0908642,0.2809972,-0.3714478,-0.2826507,0.0000000,0.0000000,0.0000000,0.0590804,0.0000000,0.0000066,-1.2999991,-0.1039752,0.2601585,0.0000000
-0.0413571,0.0697220,-0.1431296,0.0000000,0.0000000,0.0000000,1.0000000,0.0022874,-0.0198046,-0.0895275,0.2835975,-0.3679171,-0.2871757,-0.0024465,0.0198915,-0.0908642,0.2809972,-0.3714478,-0.2826507,0.0000000,0.0000000,0.0000000,0.0590804,0.0000000,0.0000065,-1.2999996,-0.0525896,0.2601585,0.0000000
-0.0413571,0.0697220,-0.1431296,0.0000000,0.0000000,0.0000000,1.0000000,0.0022874,-0.0198046,-0.0895275,0.2835975,-0.3679171,-0.2871757,-0.0024465,0.0198915,-0.0908642,0.2809972,-0.3714478,-0.2826507,0.0000000,0.0000000,0.0000000,0.0590804,0.0000000,0.0000064,-1.3000001,-0.0000106,0.2601585,0.0000000
-0.0413571,0.0697220,-0.1431296,0.0000000,0.0000000,0.0000000,1.0000000,0.0022874,-0.0198046,-0.0895275,0.2835975,-0.3679171,-0.2871757,-0.0024465,0.0198915,-0.0908642,0.2809972,-0.3714478,-0.2826507,0.0000000,0.0000000,0.0000000,0.0590804,0.0000000,0.0000062,-1.3000006,0.0525686,0.2601585,0.0000000
-0.0413571,0.0697220,-0.1431296,0.0000000,0.0000000,0.0000000,1.0000000,0.0022874,-0.0198046,-0.0895275,0.2835975,-0.3679171,-0.2871757,-0.0024465,0.0198915,-0.0908642,0.2809972,-0.3714478,-0.2826507,0.0000000,0.0000000,0.0000000,0.0590804,0.0000000,0.0000059,-1.3000011,0.1039545,0.2601585,0.0000000
-0.0413571,0.0697220,-0.1431296,0.0000000,0.0000000,0.0000000,1.0000000,0.0022874,-0.0198046,-0.0895275,0.2835975,-0.3679171,-0.2871757,-0.0024465,0.0198915,-0.0908642,0.2809972,-0.3714478,-0.2826507,0.0000000,0.0000000,0.0000000,0.0590804,0.0000000,0.0000055,-1.3000016,0.1529808,0.2601585,0.0000000
-0.0413571,0.0697220,-0.1431296,0.0000000,0.0000000,0.0000000,1.0000000,0.0022874,-0.0198046,-0.0895275,0.2835975,-0.3679171,-0.2871757,-0.0024465,0.0198915,-0.0908642,0.2809972,-0.3714478,-0.2826507,0.0000000,0.0000000,0.0000000,0.0590804,0.0000000,0.0000051,-1.3000020,0.1985349,0.2601585,0.0000000
-0.0413571,0.0697220,-0.1431296,0.0000000,0.0000000,0.0000000,1.0000000,0.0022874,-0.0198046,-0.0895275,0.2835975,-0.3679171,-0.2871757,-0.0024465,0.0198915,-0.0908642,0.2809972,-0.3714478,-0.2826507,0.0000000,0.0000000,0.0000000,0.0590804,0.0000000,0.0000046,-1.3000024,0.2395827,0.2601585,0.0000000
-0.0413571,0.0697220,-0.1431296,0.0000000,0.0000000,0.0000000,1.0000000,0.0022874,-0.0198046,-0.0895275,0.2835975,-0.3679171,-0.2871757,-0.0024465,0.0198915,-0.0908642,0.2809972,-0.3714478,-0.2826507,0.0000000,0.0000000,0.0000000,0.0590804,0.0000000,0.0000042,-1.3000027,0.2751925,0.2601585,0.0000000
-0.0413571,0.0697220,-0.1431296,0.0000000,0.0000000,0.0000000,1.0000000,0.0022874,-0.0198046,-0.0895275,0.2835975,-0.3679171,-0.2871757,-0.0024465,0.0198915,-0.0908642,0.2809972,-0.3714478,-0.2826507,0.0000000,0.0000000,0.0000000,0.0590804,0.0000000,0.0000038,-1.3000030,0.3045563,0.2601585,0.0000000
-0.0413571,0.0697220,-0.1431296,0.0000000,0.0000000,0.0000000,1.0000000,0.0022874,-0.0198046,-0.0895275,0.2835975,-0.3679171,-0.2871757,-0.0024465,0.0198915,-0.0908642,0.2809972,-0.3714478,-0.2826507,0.0000000,0.0000000,0.0000000,0.0590804,0.0000000,0.0000035,-1.3000032,0.3270074,0.2601585,0.0000000
-0.0413571,0.0697220,-0.1431296,0.0000000,0.0000000,0.0000000,1.0000000,0.0022874,-0.0198046,-0.0895275,0.2835975,-0.3679171,-0.2871757,-0.0024465,0.0198915,-0.0908642,0.2809972,-0.3714478,-0.2826507,0.0000000,0.0000000,0.0000000,0.0590804,0.0000000,0.0000032,-1.3000033,0.3420363,0.2601585,0.0000000
-0.0413571,0.0697220,-0.1431296,0.0000000,0.0000000,0.0000000,1.0000000,0.0022874,-0.0198046,-0.0895275,0.2835975,-0.3679171,-0.2871757,-0.0024465,0.0198915,-0.0908642,0.2809972,-0.3714478,-0.2826507,0.0000000,0.0000000,0.0000000,0.0590804,0.0000000,0.0000031,-1.3000034,0.3493020,0.2601585,0.0000000
-0.0413571,0.0697220,-0.1431296,0.0000000,0.0000000,0.0000000,1.0000000,0.0022874,-0.0198046,-0.0895275,0.2835975,-0.3679171,-0.2871757,-0.0024465,0.0198915,-0.0908642,0.2809972,-0.3714478,-0.2826507,0.0000000,0.0000000,0.0000000,0.0590804,0.0000000,0.0000031,-1.3000034,0.3486394,0.2601585,0.0000000
-0.0413571,0.0697220,-0.1431296,0.0000000,0.0000000,0.0000000,1.0000000,0.0022874,-0.0198046,-0.0895275,0.2835975,-0.3679171,-0.2871757,-0.0024465,0.0198915,-0.0908642,0.2809972,-0.3714478,-0.2826507,0.0000000,0.0000000,0.0000000,0.0590804,0.0000000,0.0000033,-1.3000033,0.3400636,0.2601585,0.0000000
-0.0413571,0.0697220,-0.1431296,0.0000000,0.0000000,0.0000000,1.0000000,0.0022874,-0.0198046,-0.0895275,0.2835975,-0.3679171,-0.2871757,-0.0024465,0.0198915,-0.0908642,0.2809972,-0.3714478,-0.2826507,0.0000000,0.0000000,0.0000000,0.0590804,0.0000000,0.0000035,-1.3000031,0.3237693,0.2601585,0.0000000
-0.0413571,0.0697220,-0.1431296,0.0000000,0.0000000,0.0000000,1.0000000,0.0022874,-0.0198046,-0.0895275,0.2835975,-0.3679171,-0.2871757,-0.0024465,0.0198915,-0.0908642,0.2809972,-0.3714478,-0.2826507,0.0000000,0.0000000,0.0000000,0.0590804,0.0000000,0.0000039,-1.3000029,0.3001262,0.2601585,0.0000000
-0.0413571,0.0697220,-0.1431296,0.0000000,0.0000000,0.0000000,1.0000000,0.0022874,-0.0198046,-0.0895275,0.2835975,-0.3679171,-0.2871757,-0.0024465,0.0198915,-0.0908642,0.2809972,-0.3714478,-0.2826507,0.0000000,0.0000000,0.0000000,0.0590804,0.0000000,0.0000043,-1.3000027,0.2696712,0.2601585,0.0000000
-0.0413571,0.0697220,-0.1431296,0.0000000,0.0000000,0.0000000,1.0000000,0.0022874,-0.0198046,-0.0895275,0.2835975,-0.3679171,-0.2871757,-0.0024465,0.0198915,-0.0908642,0.2809972,-0.3714478,-0.2826507,0.0000000,0.0000000,0.0000000,0.0590804,0.0000000,0.0000047,-1.3000023,0.2330953,0.2601585,0.0000000
-0.0413571,0.0697220,-0.1431296,0.0000000,0.0000000,0.0000000,1.0000000,0.0022874,-0.0198046,-0.0895275,0.2835975,-0.3679171,-0.2871757,-0.0024465,0.0198915,-0.0908642,0.2809972,-0.3714478,-0.2826507,0.0000000,0.0000000,0.0000000,0.0590804,0.0000000,0.0000051,-1.3000019,0.1912287,0.2601585,0.0000000
-0.0413571,0.0697220,-0.1431296,0.0000000,0.0000000,0.0000000,1.0000000,0.0022874,-0.0198046,-0.0895275,0.2835975,-0.3679171,-0.2871757,-0.0024465,0.0198915,-0.0908642,0.2809972,-0.3714478,-0.2826507,0.0000000,0.0000000,0.0000000,0.0590804,0.0000000,0.0000056,-1.3000015,0.1450217,0.2601585,0.0000000
-0.0413571,0.0697220,-0.1431296,0.0000000,0.0000000,0.0000000,1.0000000,0.0022874,-0.0198046,-0.0895275,0.2835975,-0.3679171,-0.2871757,-0.0024465,0.0198915,-0.0908642,0.2809972,-0.3714478,-0.2826507,0.0000000,0.0000000,0.0000000,0.0590804,0.0000000,0.0000059,-1.3000010,0.0955231,0.2601585,0.0000000
-0.0413571,0.0697220,-0.1431296,0.0000000,0.0000000,0.0000000,1.0000000,0.0022874,-0.0198046,-0.0895275,0.2835975,-0.3679171,-0.2871757,-0.0024465,0.0198915,-0.0908642,0.2809972,-0.3714478,-0.2826507,0.0000000,0.0000000,0.0000000,0.0590804,0.0000000,0.0000062,-1.3000005,0.0438562,0.2601585,0.0000000
-0.0413571,0.0697220,-0.1431296,0.0000000,0.0000000,0.0000000,1.0000000,0.0022874,-0.0198046,-0.0895275,0.2835975,-0.3679171,-0.2871757,-0.0024465,0.0198915,-0.0908642,0.2809972,-0.3714478,-0.2826507,0.0000000,0.0000000,0.0000000,0.0590804,0.0000000,0.0000064,-1.3000000,-0.0088061,0.2601585,0.0000000
-0.0413571,0.0697220,-0.1431296,0.0000000,0.0000000,0.0000000,1.0000000,0.0022874,-0.0198046,-0.0895275,0.2835975,-0.3679171,-0.2871757,-0.0024465,0.0198915,-0.0908642,0.2809972,-0.3714478,-0.2826507,0.0000000,0.0000000,0.0000000,0.0590804,0.0000000,0.0000065,-1.2999995,-0.0612688,0.2601585,0.0000000
-0.0413571,0.0697220,-0.1431296,0.0000000,0.0000000,0.0000000,1.0000000,0.0022874,-0.0198046,-0.0895275,0.2835975,-0.3679171,-0.2871757,-0.0024465,0.0198915,-0.0908642,0.2809972,-0.3714478,-0.2826507,0.0000000,0.0000000,0.0000000,0.0590804,0.0000000,0.0000066,-1.2999990,-0.1123410,0.2601585,0.0000000
-0.0413571,0.0697220,-0.1431296,0.0000000,0.0000000,0.0000000,1.0000000,0.0022874,-0.0198046,-0.0895275,0.2835975,-0.3679171,-0.2871757,-0.0024465,0.0198915,-0.0908642,0.2809972,-0.3714478,-0.2826507,0.0000000,0.0000000,0.0000000,0.0590804,0.0000000,0.0000065,-1.2999986,-0.1608636,0.2601585,0.0000000
-0.0413571,0.0697220,-0.1431296,0.0000000,0.0000000,0.0000000,1.0000000,0.0022874,-0.0198046,-0.0895275,0.2835975,-0.3679171,-0.2871757,-0.0024465,0.0198915,-0.0908642,0.2809972,-0.3714478,-0.2826507,0.0000000,0.0000000,0.0000000,0.0590804,0.0000000,0.0000063,-1.2999981,-0.2057353,0.2601585,0.0000000
-0.0413571,0.0697220,-0.1431296,0.0000000,0.0000000,0.0000000,1.0000000,0.0022874,-0.0198046,-0.0895275,0.2835975,-0.3679171,-0.2871757,-0.0024465,0.0198915,-0.0908642,0.2809972,-0.3714478,-0.2826507,0.0000000,0.0000000,0.0000000,0.0590804,0.0000000,0.0000061,-1.2999977,-0.2459378,0.2601585,0.0000000
-0.0413571,0.0697220,-0.1431296,0.0000000,0.0000000,0.0000000,1.0000000,0.0022874,-0.0198046,-0.0895275,0.2835975,-0.3679171,-0.2871757,-0.0024465,0.0198915,-0.0908642,0.2809972,-0.3714478,-0.2826507,0.0000000,0.0000000,0.0000000,0.0590804,0.0000000,0.0000059,-1.2999974,-0.2805585,0.2601585,0.0000000
-0.0413571,0.0697220,-0.1431296,0.0000000,0.0000000,0.0000000,1.0000000,0.0022874,-0.0198046,-0.0895275,0.2835975,-0.3679171,-0.2871757,-0.0024465,0.0198915,-0.0908642,0.2809972,-0.3714478,-0.2826507,0.0000000,0.0000000,0.0000000,0.0590804,0.0000000,0.0000057,-1.2999971,-0.3088118,0.2601585,0.0000000
-0.0413571,0.0697220,-0.1431296,0.0000000,0.0000000,0.0000000,1.0000000,0.0022874,-0.0198046,-0.0895275,0.2835975,-0.3679171,-0.2871757,-0.0024465,0.0198915,-0.0908642,0.2809972,-0.3714478,-0.2826507,0.0000000,0.0000000,0.0000000,0.0590804,0.0000000,0.0000055,-1.2999969,-0.3300564,0.2601585,0.0000000
-0.0413571,0.0697220,-0.1431296,0.0000000,0.0000000,0.0000000,1.0000000,0.0022874,-0.0198046,-0.0895275,0.2835975,-0.3679171,-0.2871757,-0.0024465,0.0198915,-0.0908642,0.2809972,-0.3714478,-0.2826507,0.0000000,0.0000000,0.0000000,0.0590804,0.0000000,0.0000054,-1.2999968,-0.3438101,0.2601585,0.0000000
-0.0413571,0.0697220,-0.1431296,0.0000000,0.0000000,0.0000000,1.0000000,0.0022874,-0.0198046,-0.0895275,0.2835975,-0.3679171,-0.2871757,-0.0024465,0.0198915,-0.0908642,0.2809972,-0.3714478,-0.2826507,0.0000000,0.0000000,0.0000000,0.0590804,0.0000000,0.0000053,-1.2999968,-0.3497608,0.2601585,0.0000000
-0.0413571,0.0697220,-0.1431296,0.0000000,0.0000000,0.0000000,1.0000000,0.0022874,-0.0198046,-0.0895275,0.2835975,-0.3679171,-0.2871757,-0.0024465,0.0198915,-0.0908642,0.2809972,-0.3714478,-0.2826507,0.0000000,0.0000000,0.0000000,0.0590804,0.0000000,0.0000054,-1.2999968,-0.3477735,0.2601585,0.0000000
-0.0413571,0.0697220,-0.1431296,0.0000000,0.0000000,0.0000000,1.0000000,0.0022874,-0.0198046,-0.0895275,0.2835975,-0.3679171,-0.2871757,-0.0024465,0.0198915,-0.0908642,0.2809972,-0.3714478,-0.2826507,0.0000000,0.0000000,0.0000000,0.0590804,0.0000000,0.0000055,-1.2999969,-0.3378932,0.2601585,0.0000000
-0.0413571,0.0697220,-0.1431296,0.0000000,0.0000000,0.0000000,1.0000000,0.0022874,-0.0198046,-0.0895275,0.2835975,-0.3679171,-0.2871757,-0.0024465,0.0198915,-0.0908642,0.2809972,-0.3714478,-0.2826507,0.0000000,0.0000000,0.0000000,0.0590804,0.0000000,0.0000056,-1.2999970,-0.3203442,0.2601585,0.0000000
-0.0413571,0.0697220,-0.1431296,0.0000000,0.0000000,0.0000000,1.0000000,0.0022874,-0.0198046,-0.0895275,0.2835975,-0.3679171,-0.2871757,-0.0024465,0.0198915,-0.0908642,0.2809972,-0.3714478,-0.2826507,0.0000000,0.0000000,0.0000000,0.0590804,0.0000000,0.0000058,-1.2999973,-0.2955247,0.2601585,0.0000000
-0.0413571,0.0697220,-0.1431296,0.0000000,0.0000000,0.0000000,1.0000000,0.0022874,-0.0198046,-0.0895275,0.2835975,-0.3679171,-0.2871757,-0.0024465,0.0198915,-0.0908642,0.2809972,-0.3714478,-0.2826507,0.0000000,0.0000000,0.0000000,0.0590804,0.0000000,0.0000060,-1.2999976,-0.2639981,0.2601585,0.0000000
-0.0413571,0.0697220,-0.1431296,0.0000000,0.0000000,0.0000000,1.0000000,0.0022874,-0.0198046,-0.0895275,0.2835975,-0.3679171,-0.2871757,-0.0024465,0.0198915,-0.0908642,0.2809972,-0.3714478,-0.2826507,0.0000000,0.0000000,0.0000000,0.0590804,0.0000000,0.0000062,-1.2999979,-0.2264800,0.2601585,0.0000000
-0.0413571,0.0697220,-0.1431296,0.0000000,0.0000000,0.0000000,1.0000000,0.0022874,-0.0198046,-0.0895275,0.2835975,-0.3679171,-0.2871757,-0.0024465,0.0198915,-0.0908642,0.2809972,-0.3714478,-0.2826507,0.0000000,0.0000000,0.0000000,0.0590804,0.0000000,0.0000064,-1.2999983,-0.1838217,0.2601585,0.0000000
-0.0413571,0.0697220,-0.1431296,0.0000000,0.0000000,0.0000000,1.0000000,0.0022874,-0.0198046,-0.0895275,0.2835975,-0.3679171,-0.2871757,-0.0024465,0.0198915,-0.0908642,0.2809972,-0.3714478,-0.2826507,0.0000000,0.0000000,0.0000000,0.0590804,0.0000000,0.0000065,-1.2999988,-0.1369914,0.2601585,0.0000000
-0.0413571,0.0697220,-0.1431296,0.0000000,0.0000000,0.0000000,1.0000000,0.0022874,-0.0198046,-0.0895275,0.2835975,-0.3679171,-0.2871757,-0.0024465,0.0198915,-0.0908642,0.2809972,-0.3714478,-0.2826507,0.0000000,0.0000000,0.0000000,0.0590804,0.0000000,0.0000066,-1.2999993,-0.0870522,0.2601585,0.0000000
-0.0413571,0.0697220,-0.1431296,0.0000000,0.0000000,0.0000000,1.0000000,0.0022874,-0.0198046,-0.0895275,0.2835975,-0.3679171,-0.2871757,-0.0024465,0.0198915,-0.0908642,0.2809972,-0.3714478,-0.2826507,0.0000000,0.0000000,0.0000000,0.0590804,0.0000000,0.0000065,-1.2999998,-0.0351372,0.2601585,0.0000000
-0.0413571,0.0697220,-0.1431296,0.0000000,0.0000000,0.0000000,1.0000000,0.0022874,-0.0198046,-0.0895275,0.2835975,-0.3679171,-0.2871757,-0.0024465,0.0198915,-0.0908642,0.2809972,-0.3714478,-0.2826507,0.0000000,0.0000000,0.0000000,0.0590804,0.0000000,0.0000064,-1.3000003,0.0175750,0.2601585,0.0000000
-0.0413571,0.0697220,-0.1431296,0.0000000,0.0000000,0.0000000,1.0000000,0.0022874,-0.0198046,-0.0895275,0.2835975,-0.3679171,-0.2871757,-0.0024465,0.0198915,-0.0908642,0.2809972,-0.3714478,-0.2826507,0.0000000,0.0000000,0.0000000,0.0590804,0.0000000,0.0000061,-1.3000008,0.0698882,0.2601585,0.0000000
-0.0413571,0.0697220,-0.1431296,0.0000000,0.0000000,0.0000000,1.0000000,0.0022874,-0.0198046,-0.0895275,0.2835975,-0.3679171,-0.2871757,-0.0024465,0.0198915,-0.0908642,0.2809972,-0.3714478,-0.2826507,0.0000000,0.0000000,0.0000000,0.0590804,0.0000000,0.0000058,-1.3000013,0.1206151,0.2601585,0.0000000
-0.0413571,0.0697220,-0.1431296,0.0000000,0.0000000,0.0000000,1.0000000,0.0022874,-0.0198046,-0.0895275,0.2835975,-0.3679171,-0.2871757,-0.0024465,0.0198915,-0.0908642,0.2809972,-0.3714478,-0.2826507,0.0000000,0.0000000,0.0000000,0.0590804,0.0000000,0.0000054,-1.3000017,0.1686042,0.2601585,0.0000000
-0.0413571,0.0697220,-0.1431296,0.0000000,0.0000000,0.0000000,1.0000000,0.0022874,-0.0198046,-0.0895275,0.2835975,-0.3679171,-0.2871757,-0.0024465,0.0198915,-0.0908642,0.2809972,-0.3714478,-0.2826507,0.0000000,0.0000000,0.0000000,0.0590804,0.0000000,0.0000049,-1.3000021,0.2127665,0.2601585,0.0000000
-0.0413571,0.0697220,-0.1431296,0.0000000,0.0000000,0.0000000,1.0000000,0.0022874,-0.0198046,-0.0895275,0.2835975,-0.3679171,-0.2871757,-0.0024465,0.0198915,-0.0908642,0.2809972,-0.3714478,-0.2826507,0.0000000,0.0000000,0.0000000,0.0590804,0.0000000,0.0000045,-1.3000025,0.2520995,0.2601585,0.0000000
-0.0413571,0.0697220,-0.1431296,0.0000000,0.0000000,0.0000000,1.0000000,0.0022874,-0.0198046,-0.0895275,0.2835975,-0.3679171,-0.2871757,-0.0024465,0.0198915,-0.0908642,0.2809972,-0.3714478,-0.2826507,0.0000000,0.0000000,0.0000000,0.0590804,0.0000000,0.0000040,-1.3000028,0.2857105,0.2601585,0.0000000
-0.0413571,0.0697220,-0.1431296,0.0000000,0.0000000,0.0000000,1.0000000,0.0022874,-0.0198046,-0.0895275,0.2835975,-0.3679171,-0.2871757,-0.0024465,0.0198915,-0.0908642,0.2809972,-0.3714478,-0.2826507,0.0000000,0.0000000,0.0000000,0.0590804,0.0000000,0.0000037,-1.3000030,0.3128366,0.2601585,0.0000000
-0.0413571,0.0697220,-0.1431296,0.0000000,0.0000000,0.0000000,1.0000000,0.0022874,-0.0198046,-0.0895275,0.2835975,-0.3679171,-0.2871757,-0.0024465,0.0198915,-0.0908642,0.2809972,-0.3714478,-0.2826507,0.0000000,0.0000000,0.0000000,0.0590804,0.0000000,0.0000034,-1.3000032,0.3328621,0.2601585,0.0000000
-0.0413571,0.0697220,-0.1431296,0.0000000,0.0000000,0.0000000,1.0000000,0.0022874,-0.0198046,-0.0895275,0.2835975,-0.3679171,-0.2871757,-0.0024465,0.0198915,-0.0908642,0.2809972,-0.3714478,-0.2826507,0.0000000,0.0000000,0.0000000,0.0590804,0.0000000,0.0000032,-1.3000033,0.3453326,0.2601585,0.0000000
-0.0413571,0.0697220,-0.1431296,0.0000000,0.0000000,0.0000000,1.0000000,0.0022874,-0.0198046,-0.0895275,0.2835975,-0.3679171,-0.2871757,-0.0024465,0.0198915,-0.0908642,0.2809972,-0.3714478,-0.2826507,0.0000000,0.0000000,0.0000000,0.0590804,0.0000000,0.0000031,-1.3000034,0.3499650,0.2601585,0.0000000
-0.0413571,0.0697220,-0.1431296,0.0000000,0.0000000,0.0000000,1.0000000,0.0022874,-0.0198046,-0.0895275,0.2835975,-0.3679171,-0.2871757,-0.0024465,0.0198915,-0.0908642,0.2809972,-0.3714478,-0.2826507,0.0000000,0.0000000,0.0000000,0.0590804,0.0000000,0.0000032,-1.3000033,0.3466541,0.2601585,0.0000000
-0.0413571,0.0697220,-0.1431296,0.0000000,0.0000000,0.0000000,1.0000000,0.0022874,-0.0198046,-0.0895275,0.2835975,-0.3679171,-0.2871757,-0.0024465,0.0198915,-0.0908642,0.2809972,-0.3714478,-0.2826507,0.0000000,0.0000000,0.0000000,0.0590804,0.0000000,0.0000033,-1.3000032,0.3354750,0.2601585,0.0000000
-0.0413571,0.0697220,-0.1431296,0.0000000,0.0000000,0.0000000,1.0000000,0.0022874,-0.0198046,-0.0895275,0.2835975,-0.3679171,-0.2871757,-0.0024465,0.0198915,-0.0908642,0.2809972,-0.3714478,-0.2826507,0.0000000,0.0000000,0.0000000,0.0590804,0.0000000,0.0000036,-1.3000031,0.3166816,0.2601585,0.0000000
-0.0413571,0.0697220,-0.1431296,0.0000000,0.0000000,0.0000000,1.0000000,0.0022874,-0.0198046,-0.0895275,0.2835975,-0.3679171,-0.2871757,-0.0024465,0.0198915,-0.0908642,0.2809972,-0.3714478,-0.2826507,0.0000000,0.0000000,0.0000000,0.0590804,0.0000000,0.0000040,-1.3000028,0.2907004,0.2601585,0.0000000
-0.0413571,0.0697220,-0.1431296,0.0000000,0.0000000,0.0000000,1.0000000,0.0022874,-0.0198046,-0.0895275,0.2835975,-0.3679171,-0.2871757,-0.0024465,0.0198915,-0.0908642,0.2809972,-0.3714478,-0.2826507,0.0000000,0.0000000,0.0000000,0.0590804,0.0000000,0.0000044,-1.3000025,0.2581210,0.2601585,0.0000000
-0.0413571,0.0697220,-0.1431296,0.0000000,0.0000000,0.0000000,1.0000000,0.0022874,-0.0198046,-0.0895275,0.2835975,-0.3679171,-0.2871757,-0.0024465,0.0198915,-0.0908642,0.2809972,-0.3714478,-0.2826507,0.0000000,0.0000000,0.0000000,0.0590804,0.0000000,0.0000048,-1.3000022,0.2196829,0.2601585,0.0000000
-0.0413571,0.0697220,-0.1431296,0.0000000,0.0000000,0.0000000,1.0000000,0.0022874,-0.0198046,-0.0895275,0.2835975,-0.3679171,-0.2871757,-0.0024465,0.0198915,-0.0908642,0.2809972,-0.3714478,-0.2826507,0.0000000,0.0000000,0.0000000,0.0590804,0.0000000,0.0000053,-1.3000018,0.1762586,0.2601585,0.0000000
-0.0413571,0.0697220,-0.1431296,0.0000000,0.0000000,0.0000000,1.0000000,0.0022874,-0.0198046,-0.0895275,0.2835975,-0.3679171,-0.2871757,-0.0024465,0.0198915,-0.0908642,0.2809972,-0.3714478,-0.2826507,0.0000000,0.0000000,0.0000000,0.0590804,0.0000000,0.0000057,-1.3000013,0.1288337,0.2601585,0.0000000
-0.0413571,0.0697220,-0.1431296,0.0000000,0.0000000,0.0000000,1.0000000,0.0022874,-0.0198046,-0.0895275,0.2835975,-0.3679171,-0.2871757,-0.0024465,0.0198915,-0.0908642,0.2809972,-0.3714478,-0.2826507,0.0000000,0.0000000,0.0000000,0.0590804,0.0000000,0.0000061,-1.3000009,0.0784846,0.2601585,0.0000000
-0.0413571,0.0697220,-0.1431296,0.0000000,0.0000000,0.0000000,1.0000000,0.0022874,-0.0198046,-0.0895275,0.2835975,-0.3679171,-0.2871757,-0.0024465,0.0198915,-0.0908642,0.2809972,-0.3714478,-0.2826507,0.0000000,0.0000000,0.0000000,0.0590804,0.0000000,0.0000063,-1.3000004,0.0263539,0.2601585,0.0000000
-0.0413571,0.0697220,-0.1431296,0.0000000,0.0000000,0.0000000,1.0000000,0.0022874,-0.0198046,-0.0895275,0.2835975,-0.3679171,-0.2871757,-0.0024465,0.0198915,-0.0908642,0.2809972,-0.3714478,-0.2826507,0.0000000,0.0000000,0.0000000,0.0590804,0.0000000,0.0000065,-1.2999999,-0.0263750,0.2601585,0.0000000
-0.0413571,0.0697220,-0.1431296,0.0000000,0.0000000,0.0000000,1.0000000,0.0022874,-0.0198046,-0.0895275,0.2835975,-0.3679171,-0.2871757,-0.0024465,0.0198915,-0.0908642,0.2809972,-0.3714478,-0.2826507,0.0000000,0.0000000,0.0000000,0.0590804,0.0000000,0.0000066,-1.2999994,-0.0785055,0.2601585,0.0000000
-0.0413571,0.0697220,-0.1431296,0.0000000,0.0000000,0.0000000,1.0000000,0.0022874,-0.0198046,-0.0895275,0.2835975,-0.3679171,-0.2871757,-0.0024465,0.0198915,-0.0908642,0.2809972,-0.3714478,-0.2826507,0.0000000,0.0000000,0.0000000,0.0590804,0.0000000,0.0000065,-1.2999989,-0.1288543,0.2601585,0.0000000
-0.0413571,0.0697220,-0.1431296,0.0000000,0.0000000,0.0000000,1.0000000,0.0022874,-0.0198046,-0.0895275,0.2835975,-0.3679171,-0.2871757,-0.0024465,0.0198915,-0.0908642,0.2809972,-0.3714478,-0.2826507,0.0000000,0.0000000,0.0000000,0.0590804,0.0000000,0.0000064,-1.2999984,-0.1762787,0.2601585,0.0000000
-0.0413571,0.0697220,-0.1431296,0.0000000,0.0000000,0.0000000,1.0000000,0.0022874,-0.0198046,-0.0895275,0.2835975,-0.3679171,-0.2871757,-0.0024465,0.0198915,-0.0908642,0.2809972,-0.3714478,-0.2826507,0.0000000,0.0000000,0.0000000,0.0590804,0.0000000,0.0000063,-1.2999980,-0.2197024,0.2601585,0.0000000
-0.0413571,0.0697220,-0.1431296,0.0000000,0.0000000,0.0000000,1.0000000,0.0022874,-0.0198046,-0.0895275,0.2835975,-0.3679171,-0.2871757,-0.0024465,0.0198915,-0.0908642,0.2809972,-0.3714478,-0.2826507,0.0000000,0.0000000,0.0000000,0.0590804,0.0000000,0.0000060,-1.2999976,-0.2581398,0.2601585,0.0000000
-0.0413571,0.0697220,-0.1431296,0.0000000,0.0000000,0.0000000,1.0000000,0.0022874,-0.0198046,-0.0895275,0.2835975,-0.3679171,-0.2871757,-0.0024465,0.0198915,-0.0908642,0.2809972,-0.3714478,-0.2826507,0.0000000,0.0000000,0.0000000,0.0590804,0.0000000,0.0000058,-1.2999973,-0.2907186,0.2601585,0.0000000
-0.0413571,0.0697220,-0.1431296,0.0000000,0.0000000,0.0000000,1.0000000,0.0022874,-0.0198046,-0.0895275,0.2835975,-0.3679171,-0.2871757,-0.0024465,0.0198915,-0.0908642,0.2809972,-0.3714478,-0.2826507,0.0000000,0.0000000,0.0000000,0.0590804,0.0000000,0.0000056,-1.2999971,-0.3166993,0.2601585,0.0000000
-0.0413571,0.0697220,-0.1431296,0.0000000,0.0000000,0.0000000,1.0000000,0.0022874,-0.0198046,-0.0895275,0.2835975,-0.3679171,-0.2871757,-0.0024465,0.0198915,-0.0908642,0.2809972,-0.3714478,-0.2826507,0.0000000,0.0000000,0.0000000,0.0590804,0.0000000,0.0000055,-1.2999969,-0.3354923,0.2601585,0.0000000
-0.0413571,0.0697220,-0.1431296,0.0000000,0.0000000,0.0000000,1.0000000,0.0022874,-0.0198046,-0.0895275,0.2835975,-0.3679171,-0.2871757,-0.0024465,0.0198915,-0.0908642,0.2809972,-0.3714478,-0.2826507,0.0000000,0.0000000,0.0000000,0.0590804,0.0000000,0.0000054,-1.2999968,-0.3466710,0.2601585,0.0000000
-0.0413571,0.0697220,-0.1431296,0.0000000,0.0000000,0.0000000,1.0000000,0.0022874,-0.0198046,-0.0895275,0.2835975,-0.3679171,-0.2871757,-0.0024465,0.0198915,-0.0908642,0.2809972,-0.3714478,-0.2826507,0.0000000,0.0000000,0.0000000,0.0590804,0.0000000,0.0000053,-1.2999968,-0.3499819,0.2601585,0.0000000
-0.0413571,0.0697220,-0.1431296,0.0000000,0.0000000,0.0000000,1.0000000,0.0022874,-0.0198046,-0.0895275,0.2835975,-0.3679171,-0.2871757,-0.0024465,0.0198915,-0.0908642,0.2809972,-0.3714478,-0.2826507,0.0000000,0.0000000,0.0000000,0.0590804,0.0000000,0.0000054,-1.2999968,-0.3453496,0.2601585,0.0000000
-0.0413571,0.0697220,-0.1431296,0.0000000,0.0000000,0.0000000,1.0000000,0.0022874,-0.0198046,-0.0895275,0.2835975,-0.3679171,-0.2871757,-0.0024465,0.0198915,-0.0908642,0.2809972,-0.3714478,-0.2826507,0.0000000,0.0000000,0.0000000,0.0590804,0.0000000,0.0000055,-1.2999969,-0.3328794,0.2601585,0.0000000
-0.0413571,0.0697220,-0.1431296,0.0000000,0.0000000,0.0000000,1.0000000,0.0022874,-0.0198046,-0.0895275,0.2835975,-0.3679171,-0.2871757,-0.0024465,0.0198915,-0.0908642,0.2809972,-0.3714478,-0.2826507,0.0000000,0.0000000,0.0000000,0.0590804,0.0000000,0.0000057,-1.2999971,-0.3128543,0.2601585,0.0000000
-0.0413571,0.0697220,-0.1431296,0.0000000,0.0000000,0.0000000,1.0000000,0.0022874,-0.0198046,-0.0895275,0.2835975,-0.3679171,-0.2871757,-0.0024465,0.0198915,-0.0908642,0.2809972,-0.3714478,-0.2826507,0.0000000,0.0000000,0.0000000,0.0590804,0.0000000,0.0000059,-1.2999974,-0.2857288,0.2601585,0.0000000
-0.0413571,0.0697220,-0.1431296,0.0000000,0.0000000,0.0000000,1.0000000,0.0022874,-0.0198046,-0.0895275,0.2835975,-0.3679171,-0.2871757,-0.0024465,0.0198915,-0.0908642,0.2809972,-0.3714478,-0.2826507,0.0000000,0.0000000,0.0000000,0.0590804,0.0000000,0.0000061,-1.2999977,-0.2521184,0.2601585,0.0000000
-0.0413571,0.0697220,-0.1431296,0.0000000,0.0000000,0.0000000,1.0000000,0.0022874,-0.0198046,-0.0895275,0.2835975,-0.3679171,-0.2871757,-0.0024465,0.0198915,-0.0908642,0.2809972,-0.3714478,-0.2826507,0.0000000,0.0000000,0.0000000,0.0590804,0.0000000,0.0000063,-1.2999981,-0.2127860,0.2601585,0.0000000
-0.0413571,0.0697220,-0.1431296,0.0000000,0.0000000,0.0000000,1.0000000,0.0022874,-0.0198046,-0.0895275,0.2835975,-0.3679171,-0.2871757,-0.0024465,0.0198915,-0.0908642,0.2809972,-0.3714478,-0.2826507,0.0000000,0.0000000,0.0000000,0.0590804,0.0000000,0.0000064,-1.2999985,-0.1686244,0.2601585,0.0000000
-0.0413571,0.0697220,-0.1431296,0.0000000,0.0000000,0.0000000,1.0000000,0.0022874,-0.0198046,-0.0895275,0.2835975,-0.3679171,-0.2871757,-0.0024465,0.0198915,-0.0908642,0.2809972,-0.3714478,-0.2826507,0.0000000,0.0000000,0.0000000,0.0590804,0.0000000,0.0000065,-1.2999990,-0.1206357,0.2601585,0.0000000
-0.0413571,0.0697220,-0.1431296,0.0000000,0.0000000,0.0000000,1.0000000,0.0022874,-0.0198046,-0.0895275,0.2835975,-0.3679171,-0.2871757,-0.0024465,0.0198915,-0.0908642,0.2809972,-0.3714478,-0.2826507,0.0000000,0.0000000,0.0000000,0.0590804,0.0000000,0.0000066,-1.2999994,-0.0699092,0.2601585,0.0000000
-0.0413571,0.0697220,-0.1431296,0.0000000,0.0000000,0.0000000,1.0000000,0.0022874,-0.0198046,-0.0895275,0.2835975,-0.3679171,-0.2871757,-0.0024465,0.0198915,-0.0908642,0.2809972,-0.3714478,-0.2826507,0.0000000,0.0000000,0.0000000,0.0590804,0.0000000,0.0000065,-1.2999999,-0.0175961,0.2601585,0.0000000
-0.0413571,0.0697220,-0.1431296,0.0000000,0.0000000,0.0000000,1.0000000,0.0022874,-0.0198046,-0.0895275,0.2835975,-0.3679171,-0.2871757,-0.0024465,0.0198915,-0.0908642,0.2809972,-0.3714478,-0.2826507,0.0000000,0.0000000,0.0000000,0.0590804,0.0000000,0.0000063,-1.3000005,0.0351162,0.2601585,0.0000000
-0.0413571,0.0697220,-0.1431296,0.0000000,0.0000000,0.0000000,1.0000000,0.0022874,-0.0198046,-0.0895275,0.2835975,-0.3679171,-0.2871757,-0.0024465,0.0198915,-0.0908642,0.2809972,-0.3714478,-0.2826507,0.0000000,0.0000000,0.0000000,0.0590804,0.0000000,0.0000060,-1.3000010,0.0870313,0.2601585,0.0000000
-0.0413571,0.0697220,-0.1431296,0.0000000,0.0000000,0.0000000,1.0000000,0.0022874,-0.0198046,-0.0895275,0.2835975,-0.3679171,-0.2871757,-0.0024465,0.0198915,-0.0908642,0.2809972,-0.3714478,-0.2826507,0.0000000,0.0000000,0.0000000,0.0590804,0.0000000,0.0000056,-1.3000014,0.1369710,0.2601585,0.0000000
-0.0413571,0.0697220,-0.1431296,0.0000000,0.0000000,0.0000000,1.0000000,0.0022874,-0.0198046,-0.0895275,0.2835975,-0.3679171,-0.2871757,-0.0024465,0.0198915,-0.0908642,0.2809972,-0.3714478,-0.2826507,0.0000000,0.0000000,0.0000000,0.0590804,0.0000000,0.0000052,-1.3000019,0.1838017,0.2601585,0.0000000
-0.0413571,0.0697220,-0.1431296,0.0000000,0.0000000,0.0000000,1.0000000,0.0022874,-0.0198046,-0.0895275,0.2835975,-0.3679171,-0.2871757,-0.0024465,0.0198915,-0.0908642,0.2809972,-0.3714478,-0.2826507,0.0000000,0.0000000,0.0000000,0.0590804,0.0000000,0.0000048,-1.3000023,0.2264606,0.2601585,0.0000000
-0.0413571,0.0697220,-0.1431296,0.0000000,0.0000000,0.0000000,1.0000000,0.0022874,-0.0198046,-0.0895275,0.2835975,-0.3679171,-0.2871757,-0.0024465,0.0198915,-0.0908642,0.2809972,-0.3714478,-0.2826507,0.0000000,0.0000000,0.0000000,0.0590804,0.0000000,0.0000043,-1.3000026,0.2639794,0.2601585,0.0000000
-0.0413571,0.0697220,-0.1431296,0.0000000,0.0000000,0.0000000,1.0000000,0.0022874,-0.0198046,-0.0895275,0.2835975,-0.3679171,-0.2871757,-0.0024465,0.0198915,-0.0908642,0.2809972,-0.3714478,-0.2826507,0.0000000,0.0000000,0.0000000,0.0590804,0.0000000,0.0000039,-1.3000029,0.2955066,0.2601585,0.0000000
-0.0413571,0.0697220,-0.1431296,0.0000000,0.0000000,0.0000000,1.0000000,0.0022874,-0.0198046,-0.0895275,0.2835975,-0.3679171,-0.2871757,-0.0024465,0.0198915,-0.0908642,0.2809972,-0.3714478,-0.2826507,0.0000000,0.0000000,0.0000000,0.0590804,0.0000000,0.0000036,-1.3000031,0.3203266,0.2601585,0.0000000
-0.0413571,0.0697220,-0.1431296,0.0000000,0.0000000,0.0000000,1.0000000,0.0022874,-0.0198046,-0.0895275,0.2835975,-0.3679171,-0.2871757,-0.0024465,0.0198915,-0.0908642,0.2809972,-0.3714478,-0.2826507,0.0000000,0.0000000,0.0000000,0.0590804,0.0000000,0.0000033,-1.3000033,0.3378760,0.2601585,0.0000000
-0.0413571,0.0697220,-0.1431296,0.0000000,0.0000000,0.0000000,1.0000000,0.0022874,-0.0198046,-0.0895275,0.2835975,-0.3679171,-0.2871757,-0.0024465,0.0198915,-0.0908642,0.2809972,-0.3714478,-0.2826507,0.0000000,0.0000000,0.0000000,0.0590804,0.0000000,0.0000032,-1.3000033,0.3477565,0.2601585,0.0000000
-0.0413571,0.0697220,-0.1431296,0.0000000,0.0000000,0.0000000,1.0000000,0.0022874,-0.0198046,-0.0895275,0.2835975,-0.3679171,-0.2871757,-0.0024465,0.0198915,-0.0908642,0.2809972,-0.3714478,-0.2826507,0.0000000,0.0000000,0.0000000,0.0590804,0.0000000,0.0000031,-1.3000034,0.3497439,0.2601585,0.0000000
-0.0413571,0.0697220,-0.1431296,0.0000000,0.0000000,0.0000000,1.0000000,0.0022874,-0.0198046,-0.0895275,0.2835975,-0.3679171,-0.2871757,-0.0024465,0.0198915,-0.0908642,0.2809972,-0.3714478,-0.2826507,0.0000000,0.0000000,0.0000000,0.0590804,0.0000000,0.0000032,-1.3000033,0.3437931,0.2601585,0.0000000
-0.0413571,0.0697220,-0.1431296,0.0000000,0.0000000,0.0000000,1.0000000,0.0022874,-0.0198046,-0.0895275,0.2835975,-0.3679171,-0.2871757,-0.0024465,0.0198915,-0.0908642,0.2809972,-0.3714478,-0.2826507,0.0000000,0.0000000,0.0000000,0.0590804,0.0000000,0.0000034,-1.3000032,0.3300390,0.2601585,0.0000000
-0.0413571,0.0697220,-0.1431296,0.0000000,0.0000000,0.0000000,1.0000000,0.0022874,-0.0198046,-0.0895275,0.2835975,-0.3679171,-0.2871757,-0.0024465,0.0198915,-0.0908642,0.2809972,-0.3714478,-0.2826507,0.0000000,0.0000000,0.0000000,0.0590804,0.0000000,0.0000037,-1.3000030,0.3087940,0.2601585,0.0000000
-0.0413571,0.0697220,-0.1431296,0.0000000,0.0000000,0.0000000,1.0000000,0.0022874,-0.0198046,-0.0895275,0.2835975,-0.3679171,-0.2871757,-0.0024465,0.0198915,-0.0908642,0.2809972,-0.3714478,-0.2826507,0.0000000,0.0000000,0.0000000,0.0590804,0.0000000,0.0000041,-1.3000027,0.2805401,0.2601585,0.0000000
-0.0413571,0.0697220,-0.1431296,0.0000000,0.0000000,0.0000000,1.0000000,0.0022874,-0.0198046,-0.0895275,0.2835975,-0.3679171,-0.2871757,-0.0024465,0.0198915,-0.0908642,0.2809972,-0.3714478,-0.2826507,0.0000000,0.0000000,0.0000000,0.0590804,0.0000000,0.0000045,-1.3000024,0.2459187,0.2601585,0.0000000
-0.0413571,0.0697220,-0.1431296,0.0000000,0.0000000,0.0000000,1.0000000,0.0022874,-0.0198046,-0.0895275,0.2835975,-0.3679171,-0.2871757,-0.0024465,0.0198915,-0.0908642,0.2809972,-0.3714478,-0.2826507,0.0000000,0.0000000,0.0000000,0.0590804,0.0000000,0.0000050,-1.3000021,0.2057156,0.2601585,0.0000000
-0.0413571,0.0697220,-0.1431296,0.0000000,0.0000000,0.0000000,1.0000000,0.0022874,-0.0198046,-0.0895275,0.2835975,-0.3679171,-0.2871757,-0.0024465,0.0198915,-0.0908642,0.2809972,-0.3714478,-0.2826507,0.0000000,0.0000000,0.0000000,0.0590804,0.0000000,0.0000054,-1.3000016,0.1607465,0.2601585,0.0000000
-0.0413571,0.0697220,-0.1431296,0.0000000,0.0000000,0.0000000,1.0000000,0.0022874,-0.0198046,-0.0895275,0.2835975,-0.3679171,-0.2871757,-0.0024465,0.0198915,-0.0908642,0.2809972,-0.3714478,-0.2826507,0.0000000,0.0000000,0.0000000,0.0590804,0.0000000,0.0000058,-1.3000012,0.1118119,0.2601585,0.0000000
-0.0413571,0.0697220,-0.1431296,0.0000000,0.0000000,0.0000000,1.0000000,0.0022874,-0.0198046,-0.0895275,0.2835975,-0.3679171,-0.2871757,-0.0024465,0.0198915,-0.0908642,0.2809972,-0.3714478,-0.2826507,0.0000000,0.0000000,0.0000000,0.0590804,0.0000000,0.0000062,-1.3000007,0.0603706,0.2601585,0.0000000
-0.0413571,0.0697220,-0.1431296,0.0000000,0.0000000,0.0000000,1.0000000,0.0022874,-0.0198046,-0.0895275,0.2835975,-0.3679171,-0.2871757,-0.0024465,0.0198915,-0.0908642,0.2809972,-0.3714478,-0.2826507,0.0000000,0.0000000,0.0000000,0.0590804,0.0000000,0.0000064,-1.3000002,0.0085057,0.2601585,0.0000000
-0.0413571,0.0697220,-0.1431296,0.0000000,0.0000000,0.0000000,1.0000000,0.0022874,-0.0198046,-0.0895275,0.2835975,-0.3679171,-0.2871757,-0.0024465,0.0198915,-0.0908642,0.2809972,-0.3714478,-0.2826507,0.0000000,0.0000000,0.0000000,0.0590804,0.0000000,0.0000065,-1.2999997,-0.0413365,0.2601585,0.0000000
-0.0413571,0.0697220,-0.1431296,0.0000000,0.0000000,0.0000000,1.0000000,0.0022874,-0.0198046,-0.0895275,0.2835975,-0.3679171,-0.2871757,-0.0024465,0.0198915,-0.0908642,0.2809972,-0.3714478,-0.2826507,0.0000000,0.0000000,0.0000000,0.0590804,0.0000000,0.0000066,-1.2999993,-0.0866353,0.2601585,0.0000000
-0.0413571,0.0697220,-0.1431296,0.0000000,0.0000000,0.0000000,1.0000000,0.0022874,-0.0198046,-0.0895275,0.2835975,-0.3679171,-0.2871757,-0.0024465,0.0198915,-0.0908642,0.2809972,-0.3714478,-0.2826507,0.0000000,0.0000000,0.0000000,0.0590804,0.0000000,0.0000065,-1.2999989,-0.1250789,0.2601585,0.0000000
-0.0413571,0.0697220,-0.1431296,0.0000000,0.0000000,0.0000000,1.0000000,0.0022874,-0.0198046,-0.0895275,0.2835975,-0.3679171,-0.2871757,-0.0024465,0.0198915,-0.0908642,0.2809972,-0.3714478,-0.2826507,0.0000000,0.0000000,0.0000000,0.0590804,0.0000000,0.0000065,-1.2999986,-0.1548128,0.2601585,0.0000000
-0.0413571,0.0697220,-0.1431296,0.0000000,0.0000000,0.0000000,1.0000000,0.0022874,-0.0198046,-0.0895275,0.2835975,-0.3679171,-0.2871757,-0.0024465,0.0198915,-0.0908642,0.2809972,-0.3714478,-0.2826507,0.0000000,0.0000000,0.0000000,0.0590804,0.0000000,0.0000064,-1.2999984,-0.1746295,0.2601585,0.0000000
-0.0413571,0.0697220,-0.1431296,0.0000000,0.0000000,0.0000000,1.0000000,0.0022874,-0.0198046,-0.0895275,0.2835975,-0.3679171,-0.2871757,-0.0024465,0.0198915,-0.0908642,0.2809972,-0.3714478,-0.2826507,0.0000000,0.0000000,0.0000000,0.0590804,0.0000000,0.0000064,-1.2999983,-0.1840831,0.2601585,0.0000000
-0.0413571,0.0697220,-0.1431296,0.0000000,0.0000000,0.0000000,1.0000000,0.0022874,-0.0198046,-0.0895275,0.2835975,-0.3679171,-0.2871757,-0.0024465,0.0198915,-0.0908642,0.2809972,-0.3714478,-0.2826507,0.0000000,0.0000000,0.0000000,0.0590804,0.0000000,0.0000064,-1.2999983,-0.1835201,0.2601585,0.0000000
-0.0413571,0.0697220,-0.1431296,0.0000000,0.0000000,0.0000000,1.0000000,0.0022874,-0.0198046,-0.0895275,0.2835975,-0.3679171,-0.2871757,-0.0024465,0.0198915,-0.0908642,0.2809972,-0.3714478,-0.2826507,0.0000000,0.0000000,0.0000000,0.0590804,0.0000000,0.0000064,-1.2999984,-0.1740278,0.2601585,0.0000000
-0.0413571,0.0697220,-0.1431296,0.0000000,0.0000000,0.0000000,1.0000000,0.0022874,-0.0198046,-0.0895275,0.2835975,-0.3679171,-0.2871757,-0.0024465,0.0198915,-0.0908642,0.2809972,-0.3714478,-0.2826507,0.0000000,0.0000000,0.0000000,0.0590804,0.0000000,0.0000065,-1.2999986,-0.1573071,0.2601585,0.0000000
-0.0413571,0.0697220,-0.1431296,0.0000000,0.0000000,0.0000000,1.0000000,0.0022874,-0.0198046,-0.0895275,0.2835975,-0.3679171,-0.2871757,-0.0024465,0.0198915,-0.0908642,0.2809972,-0.3714478,-0.2826507,0.0000000,0.0000000,0.0000000,0.0590804,0.0000000,0.0000065,-1.2999988,-0.1354862,0.2601585,0.0000000
-0.0413571,0.0697220,-0.1431296,0.0000000,0.0000000,0.0000000,1.0000000,0.0022874,-0.0198046,-0.0895275,0.2835975,-0.3679171,-0.2871757,-0.0024465,0.0198915,-0.0908642,0.2809972,-0.3714478,-0.2826507,0.0000000,0.0000000,0.0000000,0.0590804,0.0000000,0.0000066,-1.2999990,-0.1108954,0.2601585,0.0000000
-0.0413571,0.0697220,-0.1431296,0.0000000,0.0000000,0.0000000,1.0000000,0.0022874,-0.0198046,-0.0895275,0.2835975,-0.3679171,-0.2871757,-0.0024465,0.0198915,-0.0908642,0.2809972,-0.3714478,-0.2826507,0.0000000,0.0000000,0.0000000,0.0590804,0.0000000,0.0000066,-1.2999993,-0.0858286,0.2601585,0.0000000
-0.0413571,0.0697220,-0.1431296,0.0000000,0.0000000,0.0000000,1.0000000,0.0022874,-0.0198046,-0.0895275,0.2835975,-0.3679171,-0.2871757,-0.0024465,0.0198915,-0.0908642,0.2809972,-0.3714478,-0.2826507,0.0000000,0.0000000,0.0000000,0.0590804,0.0000000,0.0000065,-1.2999995,-0.0623157,0.2601585,0.0000000
-0.0413571,0.0697220,-0.1431296,0.0000000,0.0000000,0.0000000,1.0000000,0.0022874,-0.0198046,-0.0895275,0.2835975,-0.3679171,-0.2871757,-0.0024465,0.0198915,-0.0908642,0.2809972,-0.3714478,-0.2826507,0.0000000,0.0000000,0.0000000,0.0590804,0.0000000,0.0000065,-1.2999997,-0.0419333,0.2601585,0.0000000
-0.0413571,0.0697220,-0.1431296,0.0000000,0.0000000,0.0000000,1.0000000,0.0022874,-0.0198046,-0.0895275,0.2835975,-0.3679171,-0.2871757,-0.0024465,0.0198915,-0.0908642,0.2809972,-0.3714478,-0.2826507,0.0000000,0.0000000,0.0000000,0.0590804,0.0000000,0.0000065,-1.2999999,-0.0256734,0.2601585,0.0000000
-0.0413571,0.0697220,-0.1431296,0.0000000,0.0000000,0.0000000,1.0000000,0.0022874,-0.0198046,-0.0895275,0.2835975,-0.3679171,-0.2871757,-0.0024465,0.0198915,-0.0908642,0.2809972,-0.3714478,-0.2826507,0.0000000,0.0000000,0.0000000,0.0590804,0.0000000,0.0000065,-1.3000000,-0.0138877,0.2601585,0.0000000
-0.0413571,0.0697220,-0.1431296,0.0000000,0.0000000,0.0000000,1.0000000,0.0022874,-0.0198046,-0.0895275,0.2835975,-0.3679171,-0.2871757,-0.0024465,0.0198915,-0.0908642,0.2809972,-0.3714478,-0.2826507,0.0000000,0.0000000,0.0000000,0.0590804,0.0000000,0.0000064,-1.3000001,-0.0063161,0.2601585,0.0000000
-0.0413571,0.0697220,-0.1431296,0.0000000,0.0000000,0.0000000,1.0000000,0.0022874,-0.0198046,-0.0895275,0.2835975,-0.3679171,-0.2871757,-0.0024465,0.0198915,-0.0908642,0.2809972,-0.3714478,-0.2826507,0.0000000,0.0000000,0.0000000,0.0590804,0.0000000,0.0000064,-1.3000001,-0.0022012,0.2601585,0.0000000
-0.0413571,0.0697220,-0.1431296,0.0000000,0.0000000,0.0000000,1.0000000,0.0022874,-0.0198046,-0.0895275,0.2835975,-0.3679171,-0.2871757,-0.0024465,0.0198915,-0.0908642,0.2809972,-0.3714478,-0.2826507,0.0000000,0.0000000,0.0000000,0.0590804,0.0000000,0.0000064,-1.3000001,-0.0004810,0.2601585,0.0000000
-0.0413571,0.0697220,-0.1431296,0.0000000,0.0000000,0.0000000,1.0000000,0.0022874,-0.0198046,-0.0895275,0.2835975,-0.3679171,-0.2871757,-0.0024465,0.0198915,-0.0908642,0.2809972,-0.3714478,-0.2826507,0.0000000,0.0000000,0.0000000,0.0590804,0.0000000,0.0000064,-1.3000001,-0.0000422,0.2601585,0.0000000
-0.0413571,0.0697220,-0.1431296,0.0000000,0.0000000,0.0000000,1.0000000,0.0022874,-0.0198046,-0.0895275,0.2835975,-0.3679171,-0.2871757,-0.0024465,0.0198915,-0.0908642,0.2809972,-0.3714478,-0.2826507,0.0000000,0.0000000,0.0000000,0.0590804,0.0000000,0.0000064,-1.3000001,-0.0000106,0.2601585,0.0000000
-0.0413571,0.0697220,-0.1431296,0.0000000,0.0000000,0.0000000,1.0000000,0.0022874,-0.0198046,-0.0895275,0.2835975,-0.3679171,-0.2871757,-0.0024465,0.0198915,-0.0908642,0.2809972,-0.3714478,-0.2826507,0.0000000,0.0000000,0.0000000,0.0590804,0.0000000,0.0000064,-1.2999699,-0.0000106,0.2601532,0.0000000
-0.0413571,0.0697220,-0.1431296,0.0000000,0.0000000,0.0000000,1.0000000,0.0022874,-0.0198046,-0.0895275,0.2835975,-0.3679171,-0.2871757,-0.0024465,0.0198915,-0.0908642,0.2809972,-0.3714478,-0.2826507,0.0000000,0.0000000,0.0000000,0.0590804,0.0000000,0.0000064,-1.2997634,-0.0000105,0.2601169,0.0000000
-0.0413571,0.0697220,-0.1431296,0.0000000,0.0000000,0.0000000,1.0000000,0.0022874,-0.0198046,-0.0895275,0.2835975,-0.3679171,-0.2871757,-0.0024465,0.0198915,-0.0908642,0.2809972,-0.3714478,-0.2826507,0.0000000,0.0000000,0.0000000,0.0590804,0.0000000,0.0000064,-1.2992172,-0.0000105,0.2600210,0.0000000
-0.0413571,0.0697220,-0.1431296,0.0000000,0.0000000,0.0000000,1.0000000,0.0022874,-0.0198046,-0.0895275,0.2835975,-0.3679171,-0.2871757,-0.0024465,0.0198915,-0.0908642,0.2809972,-0.3714478,-0.2826507,0.0000000,0.0000000,0.0000000,0.0590804,0.0000000,0.0000064,-1.2981824,-0.0000105,0.2598393,0.0000000
-0.0413571,0.0697220,-0.1431296,0.0000000,0.0000000,0.0000000,1.0000000,0.0022874,-0.0198046,-0.0895275,0.2835975,-0.3679171,-0.2871757,-0.0024465,0.0198915,-0.0908642,0.2809972,-0.3714478,-0.2826507,0.0000000,0.0000000,0.0000000,0.0590804,0.0000000,0.0000063,-1.2965232,-0.0000104,0.2595479,0.0000000
-0.0413571,0.0697220,-0.1431296,0.0000000,0.0000000,0.0000000,1.0000000,0.0022874,-0.0198046,-0.0895275,0.2835975,-0.3679171,-0.2871757,-0.0024465,0.0198915,-0.0908642,0.2809972,-0.3714478,-0.2826507,0.0000000,0.0000000,0.0000000,0.0590804,0.0000000,0.0000062,-1.2941173,-0.0000103,0.2591254,0.0000000
-0.0413571,0.0697220,-0.1431296,0.0000000,0.0000000,0.0000000,1.0000000,0.0022874,-0.0198046,-0.0895275,0.2835975,-0.3679171,-0.2871757,-0.0024465,0.0198915,-0.0908642,0.2809972,-0.3714478,-0.2826507,0.0000000,0.0000000,0.0000000,0.0590804,0.0000000,0.0000061,-1.2908551,-0.0000102,0.2585526,0.0000000
-0.0413571,0.0697220,-0.1431296,0.0000000,0.0000000,0.0000000,1.0000000,0.0022874,-0.0198046,-0.0895275,0.2835975,-0.3679171,-0.2871757,-0.0024465,0.0198915,-0.0908642,0.2809972,-0.3714478,-0.2826507,0.0000000,0.0000000,0.0000000,0.0590804,0.0000000,0.0000060,-1.2866396,-0.0000101,0.2578123,0.0000000
-0.0413571,0.0697220,-0.1431296,0.0000000,0.0000000,0.0000000,1.0000000,0.0022874,-0.0198046,-0.0895275,0.2835975,-0.3679171,-0.2871757,-0.0024465,0.0198915,-0.0908642,0.2809972,-0.3714478,-0.2826507,0.0000000,0.0000000,0.0000000,0.0590804,0.0000000,0.0000058,-1.2813855,-0.0000099,0.2568897,0.0000000
-0.0413571,0.0697220,-0.1431296,0.0000000,0.0000000,0.0000000,1.0000000,0.0022874,-0.0198046,-0.0895275,0.2835975,-0.3679171,-0.2871757,-0.0024465,0.0198915,-0.0908642,0.2809972,-0.3714478,-0.2826507,0.0000000,0.0000000,0.0000000,0.0590804,0.0000000,0.0000056,-1.2750196,-0.0000097,0.2557765,0.0000000
-0.0413571,0.0697220,-0.1431296,0.0000000,0.0000000,0.0000000,1.0000000,0.0022874,-0.0198046,-0.0895275,0.2835975,-0.3679171,-0.2871757,-0.0024465,0.0198915,-0.0908642,0.2809972,-0.3714478,-0.2826507,0.0000000,0.0000000,0.0000000,0.0590804,0.0000000,0.0000054,-1.2674794,-0.0000095,0.2544614,0.0000000
-0.0413571,0.0697220,-0.1431296,0.0000000,0.0000000,0.0000000,1.0000000,0.0022874,-0.0198046,-0.0895275,0.2835975,-0.3679171,-0.2871757,-0.0024465,0.0198915,-0.0908642,0.2809972,-0.3714478,-0.2826507,0.0000000,0.0000000,0.0000000,0.0590804,0.0000000,0.0000052,-1.2587137,-0.0000092,0.2529325,0.0000000
-0.0413571,0.0697220,-0.1431296,0.0000000,0.0000000,0.0000000,1.0000000,0.0022874,-0.0198046,-0.0895275,0.2835975,-0.3679171,-0.2871757,-0.0024465,0.0198915,-0.0908642,0.2809972,-0.3714478,-0.2826507,0.0000000,0.0000000,0.0000000,0.0590804,0.0000000,0.0000049,-1.2486816,-0.0000089,0.2511827,0.0000000
-0.0413571,0.0697220,-0.1431296,0.0000000,0.0000000,0.0000000,1.0000000,0.0022874,-0.0198046,-0.0895275,0.2835975,-0.3679171,-0.2871757,-0.0024465,0.0198915,-0.0908642,0.2809972,-0.3714478,-0.2826507,0.0000000,0.0000000,0.0000000,0.0590804,0.0000000,0.0000046,-1.2373521,-0.0000086,0.2492066,0.0000000
-0.0413571,0.0697220,-0.1431296,0.0000000,0.0000000,0.0000000,1.0000000,0.0022874,-0.0198046,-0.0895275,0.2835975,-0.3679171,-0.2871757,-0.0024465,0.0198915,-0.0908642,0.2809972,-0.3714478,-0.2826507,0.0000000,0.0000000,0.0000000,0.0590804,0.0000000,0.0000043,-1.2247041,-0.0000083,0.2470064,0.0000000
-0.0413571,0.0697220,-0.1431296,0.0000000,0.0000000,0.0000000,1.0000000,0.0022874,-0.0198046,-0.0895275,0.2835975,-0.3679171,-0.2871757,-0.0024465,0.0198915,-0.0908642,0.2809972,-0.3714478,-0.2826507,0.0000000,0.0000000,0.0000000,0.0590804,0.0000000,0.0000041,-1.2107256,-0.0000080,0.2445871,0.0000000
-0.0413571,0.0697220,-0.1431296,0.0000000,0.0000000,0.0000000,1.0000000,0.0022874,-0.0198046,-0.0895275,0.2835975,-0.3679171,-0.2871757,-0.0024465,0.0198915,-0.0908642,0.2809972,-0.3714478,-0.2826507,0.0000000,0.0000000,0.0000000,0.0590804,0.0000000,0.0000038,-1.1954137,-0.0000077,0.2419370,0.0000000
-0.0413571,0.0697220,-0.1431296,0.0000000,0.0000000,0.0000000,1.0000000,0.0022874,-0.0198046,-0.0895275,0.2835975,-0.3679171,-0.2871757,-0.0024465,0.0198915,-0.0908642,0.2809972,-0.3714478,-0.2826507,0.0000000,0.0000000,0.0000000,0.0590804,0.0000000,0.0000035,-1.1787736,-0.0000073,0.2390571,0.0000000
-0.0413571,0.0697220,-0.1431296,0.0000000,0.0000000,0.0000000,1.0000000,0.0022874,-0.0198046,-0.0895275,0.2835975,-0.3679171,-0.2871757,-0.0024465,0.0198915,-0.0908642,0.2809972,-0.3714478,-0.2826507,0.0000000,0.0000000,0.0000000,0.0590804,0.0000000,0.0000032,-1.1608189,-0.0000070,0.2359744,0.0000000
-0.0413571,0.0697220,-0.1431296,0.0000000,0.0000000,0.0000000,1.0000000,0.0022874,-0.0198046,-0.0895275,0.2835975,-0.3679171,-0.2871757,-0.0024465,0.0198915,-0.0908642,0.2809972,-0.3714478,-0.2826507,0.0000000,0.0000000,0.0000000,0.0590804,0.0000000,0.0000029,-1.1415709,-0.0000067,0.2326698,0.0000000
-0.0413571,0.0697220,-0.1431296,0.0000000,0.0000000,0.0000000,1.0000000,0.0022874,-0.0198046,-0.0895275,0.2835975,-0.3679171,-0.2871757,-0.0024465,0.0198915,-0.0908642,0.2809972,-0.3714478,-0.2826507,0.0000000,0.0000000,0.0000000,0.0590804,0.0000000,0.0000027,-1.1210579,-0.0000064,0.2291574,0.0000000
-0.0413571,0.0697220,-0.1431296,0.0000000,0.0000000,0.0000000,1.0000000,0.0022874,-0.0198046,-0.0895275,0.2835975,-0.3679171,-0.2871757,-0.0024465,0.0198915,-0.0908642,0.2809972,-0.3714478,-0.2826507,0.0000000,0.0000000,0.0000000,0.0590804,0.0000000,0.0000024,-1.0993155,-0.0000061,0.2254538,0.0000000
-0.0413571,0.0697220,-0.1431296,0.0000000,0.0000000,0.0000000,1.0000000,0.0022874,-0.0198046,-0.0895275,0.2835975,-0.3679171,-0.2871757,-0.0024465,0.0198915,-0.0908642,0.2809972,-0.3714478,-0.2826507,0.0000000,0.0000000,0.0000000,0.0590804,0.0000000,0.0000022,-1.0763855,-0.0000058,0.2215486,0.0000000
-0.0413571,0.0697220,-0.1431296,0.0000000,0.0000000,0.0000000,1.0000000,0.0022874,-0.0198046,-0.0895275,0.2835975,-0.3679171,-0.2871757,-0.0024465,0.0198915,-0.0908642,0.2809972,-0.3714478,-0.2826507,0.0000000,0.0000000,0.0000000,0.0590804,0.0000000,0.0000019,-1.0523160,-0.0000055,0.2174828,0.0000000
-0.0413571,0.0697220,-0.1431296,0.0000000,0.0000000,0.0000000,1.0000000,0.0022874,-0.0198046,-0.0895275,0.2835975,-0.3679171,-0.2871757,-0.0024465,0.0198915,-0.0908642,0.2809972,-0.3714478,-0.2826507,0.0000000,0.0000000,0.0000000,0.0590804,0.0000000,0.0000017,-1.0271606,-0.0000052,0.2132335,0.0000000
-0.0413571,0.0697220,-0.1431296,0.0000000,0.0000000,0.0000000,1.0000000,0.0022874,-0.0198046,-0.0895275,0.2835975,-0.3679171,-0.2871757,-0.0024465,0.0198915,-0.0908642,0.2809972,-0.3714478,-0.2826507,0.0000000,0.0000000,0.0000000,0.0590804,0.0000000,0.0000015,-1.0009785,-0.0000049,0.2088487,0.0000000
-0.0413571,0.0697220,-0.1431296,0.0000000,0.0000000,0.0000000,1.0000000,0.0022874,-0.0198046,-0.0895275,0.2835975,-0.3679171,-0.2871757,-0.0024465,0.0198915,-0.0908642,0.2809972,-0.3714478,-0.2826507,0.0000000,0.0000000,0.0000000,0.0590804,0.0000000,0.0000014,-0.9738336,-0.0000047,0.2043057,0.0000000
-0.0413571,0.0697220,-0.1431296,0.0000000,0.0000000,0.0000000,1.0000000,0.0022874,-0.0198046,-0.0895275,0.2835975,-0.3679171,-0.2871757,-0.0024465,0.0198915,-0.0908642,0.2809972,-0.3714478,-0.2826507,0.0000000,0.0000000,0.0000000,0.0590804,0.0000000,0.0000012,-0.9457945,-0.0000044,0.1996553,0.0000000
-0.0413571,0.0697220,-0.1431296,0.0000000,0.0000000,0.0000000,1.0000000,0.0022874,-0.0198046,-0.0895275,0.2835975,-0.3679171,-0.2871757,-0.0024465,0.0198915,-0.0908642,0.2809972,-0.3714478,-0.2826507,0.0000000,0.0000000,0.0000000,0.0590804,0.0000000,0.0000010,-0.9169338,-0.0000042,0.1948757,0.0000000
-0.0413571,0.0697220,-0.1431296,0.0000000,0.0000000,0.0000000,1.0000000,0.0022874,-0.0198046,-0.0895275,0.2835975,-0.3679171,-0.2871757,-0.0024465,0.0198915,-0.0908642,0.2809972,-0.3714478,-0.2826507,0.0000000,0.0000000,0.0000000,0.0590804,0.0000000,0.0000009,-0.8873281,-0.0000040,0.1900127,0.0000000
-0.0413571,0.0697220,-0.1431296,0.0000000,0.0000000,0.0000000,1.0000000,0.0022874,-0.0198046,-0.0895275,0.2835975,-0.3679171,-0.2871757,-0.0024465,0.0198915,-0.0908642,0.2809972,-0.3714478,-0.2826507,0.0000000,0.0000000,0.0000000,0.0590804,0.0000000,0.0000007,-0.8570570,-0.0000038,0.1850582,0.0000000
-0.0413571,0.0697220,-0.1431296,0.0000000,0.0000000,0.0000000,1.0000000,0.0022874,-0.0198046,-0.0895275,0.2835975,-0.3679171,-0.2871757,-0.0024465,0.0198915,-0.0908642,0.2809972,-0.3714478,-0.2826507,0.0000000,0.0000000,0.0000000,0.0590804,0.0000000,0.0000006,-0.8262032,-0.0000035,0.1800411,0.0000000
-0.0413571,0.0697220,-0.1431296,0.0000000,0.0000000,0.0000000,1.0000000,0.0022874,-0.0198046,-0.0895275,0.2835975,-0.3679171,-0.2871757,-0.0024465,0.0198915,-0.0908642,0.2809972,-0.3714478,-0.2826507,0.0000000,0.0000000,0.0000000,0.0590804,0.0000000,0.0000005,-0.7948521,-0.0000034,0.1749749,0.0000000
-0.0413571,0.0697220,-0.1431296,0.0000000,0.0000000,0.0000000,1.0000000,0.0022874,-0.0198046,-0.0895275,0.2835975,-0.3679171,-0.2871757,-0.0024465,0.0198915,-0.0908642,0.2809972,-0.3714478,-0.2826507,0.0000000,0.0000000,0.0000000,0.0590804,0.0000000,0.0000004,-0.7630912,-0.0000032,0.1698620,0.0000000
-0.0413571,0.0697220,-0.1431296,0.0000000,0.0000000,0.0000000,1.0000000,0.0022874,-0.0198046,-0.0895275,0.2835975,-0.3679171,-0.2871757,-0.0024465,0.0198915,-0.0908642,0.2809972,-0.3714478,-0.2826507,0.0000000,0.0000000,0.0000000,0.0590804,0.0000000,0.0000003,-0.7310096,-0.0000030,0.1647473,0.0000000
-0.0413571,0.0697220,-0.1431296,0.0000000,0.0000000,0.0000000,1.0000000,0.0022874,-0.0198046,-0.0895275,0.2835975,-0.3679171,-0.2871757,-0.0024465,0.0198915,-0.0908642,0.2809972,-0.3714478,-0.2826507,0.0000000,0.0000000,0.0000000,0.0590804,0.0000000,0.0000003,-0.6986981,-0.0000028,0.1596127,0.0000000
-0.0413571,0.0697220,-0.1431296,0.0000000,0.0000000,0.0000000,1.0000000,0.0022874,-0.0198046,-0.0895275,0.2835975,-0.3679171,-0.2871757,-0.0024465,0.0198915,-0.0908642,0.2809972,-0.3714478,-0.2826507,0.0000000,0.0000000,0.0000000,0.0590804,0.0000000,0.0000002,-0.6662481,-0.0000026,0.1544986,0.0000000
-0.0413571,0.0697220,-0.1431296,0.0000000,0.0000000,0.0000000,1.0000000,0.0022874,-0.0198046,-0.0895275,0.2835975,-0.3679171,-0.2871757,-0.0024465,0.0198915,-0.0908642,0.2809972,-0.3714478,-0.2826507,0.0000000,0.0000000,0.0000000,0.0590804,0.0000000,0.0000001,-0.6337520,-0.0000025,0.1494073,0.0000000
-0.0413571,0.0697220,-0.1431296,0.0000000,0.0000000,0.0000000,1.0000000,0.0022874,-0.0198046,-0.0895275,0.2835975,-0.3679171,-0.2871757,-0.0024465,0.0198915,-0.0908642,0.2809972,-0.3714478,-0.2826507,0.0000000,0.0000000,0.0000000,0.0590804,0.0000000,0.0000001,-0.6013020,-0.0000023,0.1443497,0.0000000
-0.0413571,0.0697220,-0.1431296,0.0000000,0.0000000,0.0000000,1.0000000,0.0022874,-0.0198046,-0.0895275,0.2835975,-0.3679171,-0.2871757,-0.0024465,0.0198915,-0.0908642,0.2809972,-0.3714478,-0.2826507,0.0000000,0.0000000,0.0000000,0.0590804,0.0000000,0.0000000,-0.5689905,-0.0000022,0.1393601,0.0000000
-0.0413571,0.0697220,-0.1431296,0.0000000,0.0000000,0.0000000,1.0000000,0.0022874,-0.0198046,-0.0895275,0.2835975,-0.3679171,-0.2871757,-0.0024465,0.0198915,-0.0908642,0.2809972,-0.3714478,-0.2826507,0.0000000,0.0000000,0.0000000,0.0590804,0.0000000,-0.0000000,-0.5369089,-0.0000021,0.1344202,0.0000000
-0.0413571,0.0697220,-0.1431296,0.0000000,0.0000000,0.0000000,1.0000000,0.0022874,-0.0198046,-0.0895275,0.2835975,-0.3679171,-0.2871757,-0.0024465,0.0198915,-0.0908642,0.2809972,-0.3714478,-0.2826507,0.0000000,0.0000000,0.0000000,0.0590804,0.0000000,-0.0000001,-0.5051480,-0.0000019,0.1295778,0.0000000
-0.0413571,0.0697220,-0.1431296,0.0000000,0.0000000,0.0000000,1.0000000,0.0022874,-0.0198046,-0.0895275,0.2835975,-0.3679171,-0.2871757,-0.0024465,0.0198915,-0.0908642,0.2809972,-0.3714478,-0.2826507,0.0000000,0.0000000,0.0000000,0.0590804,0.0000000,-0.0000001,-0.4737969,-0.0000018,0.1248136,0.0000000
-0.0413571,0.0697220,-0.1431296,0.0000000,0.0000000,0.0000000,1.0000000,0.0022874,-0.0198046,-0.0895275,0.2835975,-0.3679171,-0.2871757,-0.0024465,0.0198915,-0.0908642,0.2809972,-0.3714478,-0.2826507,0.0000000,0.0000000,0.0000000,0.0590804,0.0000000,-0.0000001,-0.4429432,-0.0000017,0.1201632,0.0000000
-0.0413571,0.0697220,-0.1431296,0.0000000,0.0000000,0.0000000,1.0000000,0.0022874,-0.0198046,-0.0895275,0.2835975,-0.3679171,-0.2871757,-0.0024465,0.0198915,-0.0908642,0.2809972,-0.3714478,-0.2826507,0.0000000,0.0000000,0.0000000,0.0590804,0.0000000,-0.0000001,-0.4126720,-0.0000015,0.1156234,0.0000000
-0.0413571,0.0697220,-0.1431296,0.0000000,0.0000000,0.0000000,1.0000000,0.0022874,-0.0198046,-0.0895275,0.2835975,-0.3679171,-0.2871757,-0.0024465,0.0198915,-0.0908642,0.2809972,-0.3714478,-0.2826507,0.0000000,0.0000000,0.0000000,0.0590804,0.0000000,-0.0000001,-0.3830663,-0.0000014,0.1112132,0.0000000
-0.0413571,0.0697220,-0.1431296,0.0000000,0.0000000,0.0000000,1.0000000,0.0022874,-0.0198046,-0.0895275,0.2835975,-0.3679171,-0.2871757,-0.0024465,0.0198915,-0.0908642,0.2809972,-0.3714478,-0.2826507,0.0000000,0.0000000,0.0000000,0.0590804,0.0000000,-0.0000001,-0.3542056,-0.0000013,0.1069373,0.0000000
-0.0413571,0.0697220,-0.1431296,0.0000000,0.0000000,0.0000000,1.0000000,0.0022874,-0.0198046,-0.0895275,0.2835975,-0.3679171,-0.2871757,-0.0024465,0.0198915,-0.0908642,0.2809972,-0.3714478,-0.2826507,0.0000000,0.0000000,0.0000000,0.0590804,0.0000000,-0.0000002,-0.3261665,-0.0000012,0.1028083,0.0000000
-0.0413571,0.0697220,-0.1431296,0.0000000,0.0000000,0.0000000,1.0000000,0.0022874,-0.0198046,-0.0895275,0.2835975,-0.3679171,-0.2871757,-0.0024465,0.0198915,-0.0908642,0.2809972,-0.3714478,-0.2826507,0.0000000,0.0000000,0.0000000,0.0590804,0.0000000,-0.0000002,-0.2990217,-0.0000011,0.0988294,0.0000000
-0.0413571,0.0697220,-0.1431296,0.0000000,0.0000000,0.0000000,1.0000000,0.0022874,-0.0198046,-0.0895275,0.2835975,-0.3679171,-0.2871757,-0.0024465,0.0198915,-0.0908642,0.2809972,-0.3714478,-0.2826507,0.0000000,0.0000000,0.0000000,0.0590804,0.0000000,-0.0000002,-0.2728395,-0.0000010,0.0950195,0.0000000
-0.0413571,0.0697220,-0.1431296,0.0000000,0.0000000,0.0000000,1.0000000,0.0022874,-0.0198046,-0.0895275,0.2835975,-0.3679171,-0.2871757,-0.0024465,0.0198915,-0.0908642,0.2809972,-0.3714478,-0.2826507,0.0000000,0.0000000,0.0000000,0.0590804,0.0000000,-0.0000002,-0.2476842,-0.0000009,0.0913642,0.0000000
-0.0413571,0.0697220,-0.1431296,0.0000000,0.0000000,0.0000000,1.0000000,0.0022874,-0.0198046,-0.0895275,0.2835975,-0.3679171,-0.2871757,-0.0024465,0.0198915,-0.0908642,0.2809972,-0.3714478,-0.2826507,0.0000000,0.0000000,0.0000000,0.0590804,0.0000000,-0.0000001,-0.2236146,-0.0000008,0.0879049,0.0000000
-0.0413571,0.0697220,-0.1431296,0.0000000,0.0000000,0.0000000,1.0000000,0.0022874,-0.0198046,-0.0895275,0.2835975,-0.3679171,-0.2871757,-0.0024465,0.0198915,-0.0908642,0.2809972,-0.3714478,-0.2826507,0.0000000,0.0000000,0.0000000,0.0590804,0.0000000,-0.0000001,-0.2006846,-0.0000007,0.0846095,0.0000000
-0.0413571,0.0697220,-0.1431296,0.0000000,0.0000000,0.0000000,1.0000000,0.0022874,-0.0198046,-0.0895275,0.2835975,-0.3679171,-0.2871757,-0.0024465,0.0198915,-0.0908642,0.2809972,-0.3714478,-0.2826507,0.0000000,0.0000000,0.0000000,0.0590804,0.0000000,-0.0000001,-0.1789422,-0.0000007,0.0815058,0.0000000
-0.0413571,0.0697220,-0.1431296,0.0000000,0.0000000,0.0000000,1.0000000,0.0022874,-0.0198046,-0.0895275,0.2835975,-0.3679171,-0.2871757,-0.0024465,0.0198915,-0.0908642,0.2809972,-0.3714478,-0.2826507,0.0000000,0.0000000,0.0000000,0.0590804,0.0000000,-0.0000001,-0.1584292,-0.0000006,0.0785940,0.0000000
-0.0413571,0.0697220,-0.1431296,0.0000000,0.0000000,0.0000000,1.0000000,0.0022874,-0.0198046,-0.0895275,0.2835975,-0.3679171,-0.2871757,-0.0024465,0.0198915,-0.0908642,0.2809972,-0.3714478,-0.2826507,0.0000000,0.0000000,0.0000000,0.0590804,0.0000000,-0.0000001,-0.1391812,-0.0000005,0.0758617,0.0000000
-0.0413571,0.0697220,-0.1431296,0.0000000,0.0000000,0.0000000,1.0000000,0.0022874,-0.0198046,-0.0895275,0.2835975,-0.3679171,-0.2871757,-0.0024465,0.0198915,-0.0908642,0.2809972,-0.3714478,-0.2826507,0.0000000,0.0000000,0.0000000,0.0590804,0.0000000,-0.0000001,-0.1212265,-0.0000004,0.0733288,0.0000000
-0.0413571,0.0697220,-0.1431296,0.0000000,0.0000000,0.0000000,1.0000000,0.0022874,-0.0198046,-0.0895275,0.2835975,-0.3679171,-0.2871757,-0.0024465,0.0198915,-0.0908642,0.2809972,-0.3714478,-0.2826507,0.0000000,0.0000000,0.0000000,0.0590804,0.0000000,-0.0000001,-0.1045865,-0.0000004,0.0709950,0.0000000
-0.0413571,0.0697220,-0.1431296,0.0000000,0.0000000,0.0000000,1.0000000,0.0022874,-0.0198046,-0.0895275,0.2835975,-0.3679171,-0.2871757,-0.0024465,0.0198915,-0.0908642,0.2809972,-0.3714478,-0.2826507,0.0000000,0.0000000,0.0000000,0.0590804,0.0000000,-0.0000001,-0.0892745,-0.0000003,0.0688476,0.0000000
-0.0413571,0.0697220,-0.1431296,0.0000000,0.0000000,0.0000000,1.0000000,0.0022874,-0.0198046,-0.0895275,0.2835975,-0.3679171,-0.2871757,-0.0024465,0.0198915,-0.0908642,0.2809972,-0.3714478,-0.2826507,0.0000000,0.0000000,0.0000000,0.0590804,0.0000000,-0.0000001,-0.0752960,-0.0000003,0.0668871,0.0000000
-0.0413571,0.0697220,-0.1431296,0.0000000,0.0000000,0.0000000,1.0000000,0.0022874,-0.0198046,-0.0895275,0.2835975,-0.3679171,-0.2871757,-0.0024465,0.0198915,-0.0908642,0.2809972,-0.3714478,-0.2826507,0.0000000,0.0000000,0.0000000,0.0590804,0.0000000,-0.0000001,-0.0626480,-0.0000002,0.0651258,0.0000000
-0.0413571,0.0697220,-0.1431296,0.0000000,0.0000000,0.0000000,1.0000000,0.0022874,-0.0198046,-0.0895275,0.2835975,-0.3679171,-0.2871757,-0.0024465,0.0198915,-0.0908642,0.2809972,-0.3714478,-0.2826507,0.0000000,0.0000000,0.0000000,0.0590804,0.0000000,-0.0000000,-0.0513185,-0.0000002,0.0635580,0.0000000
-0.0413571,0.0697220,-0.1431296,0.0000000,0.0000000,0.0000000,1.0000000,0.0022874,-0.0198046,-0.0895275,0.2835975,-0.3679171,-0.2871757,-0.0024465,0.0198915,-0.0908642,0.2809972,-0.3714478,-0.2826507,0.0000000,0.0000000,0.0000000,0.0590804,0.0000000,-0.0000000,-0.0412864,-0.0000002,0.0621696,0.0000000
-0.0413571,0.0697220,-0.1431296,0.0000000,0.0000000,0.0000000,1.0000000,0.0022874,-0.0198046,-0.0895275,0.2835975,-0.3679171,-0.2871757,-0.0024465,0.0198915,-0.0908642,0.2809972,-0.3714478,-0.2826507,0.0000000,0.0000000,0.0000000,0.0590804,0.0000000,-0.0000000,-0.0325207,-0.0000001,0.0609566,0.0000000
-0.0413571,0.0697220,-0.1431296,0.0000000,0.0000000,0.0000000,1.0000000,0.0022874,-0.0198046,-0.0895275,0.2835975,-0.3679171,-0.2871757,-0.0024465,0.0198915,-0.0908642,0.2809972,-0.3714478,-0.2826507,0.0000000,0.0000000,0.0000000,0.0590804,0.0000000,-0.0000000,-0.0249805,-0.0000001,0.0599131,0.0000000
-0.0413571,0.0697220,-0.1431296,0.0000000,0.0000000,0.0000000,1.0000000,0.0022874,-0.0198046,-0.0895275,0.2835975,-0.3679171,-0.2871757,-0.0024465,0.0198915,-0.0908642,0.2809972,-0.3714478,-0.2826507,0.0000000,0.0000000,0.0000000,0.0590804,0.0000000,-0.0000000,-0.0186146,-0.0000001,0.0590321,0.0000000
-0.0413571,0.0697220,-0.1431296,0.0000000,0.0000000,0.0000000,1.0000000,0.0022874,-0.0198046,-0.0895275,0.2835975,-0.3679171,-0.2871757,-0.0024465,0.0198915,-0.0908642,0.2809972,-0.3714478,-0.2826507,0.0000000,0.0000000,0.0000000,0.0590804,0.0000000,-0.0000000,-0.0133605,-0.0000000,0.0583050,0.0000000
-0.0413571,0.0697220,-0.1431296,0.0000000,0.0000000,0.0000000,1.0000000,0.0022874,-0.0198046,-0.0895275,0.2835975,-0.3679171,-0.2871757,-0.0024465,0.0198915,-0.0908642,0.2809972,-0.3714478,-0.2826507,0.0000000,0.0000000,0.0000000,0.0590804,0.0000000,-0.0000000,-0.0091450,-0.0000000,0.0577217,0.0000000
-0.0413571,0.0697220,-0.1431296,0.0000000,0.0000000,0.0000000,1.0000000,0.0022874,-0.0198046,-0.0895275,0.2835975,-0.3679171,-0.2871757,-0.0024465,0.0198915,-0.0908642,0.2809972,-0.3714478,-0.2826507,0.0000000,0.0000000,0.0000000,0.0590804,0.0000000,-0.0000000,-0.0058828,-0.0000000,0.0572730,0.0000000
-0.0413571,0.0697220,-0.1431296,0.0000000,0.0000000,0.0000000,1.0000000,0.0022874,-0.0198046,-0.0895275,0.2835975,-0.3679171,-0.2871757,-0.0024465,0.0198915,-0.0908642,0.2809972,-0.3714478,-0.2826507,0.0000000,0.0000000,0.0000000,0.0590804,0.0000000,-0.0000000,-0.0034769,-0.0000000,0.0569444,0.0000000
-0.0413571,0.0697220,-0.1431296,0.0000000,0.0000000,0.0000000,1.0000000,0.0022874,-0.0198046,-0.0895275,0.2835975,-0.3679171,-0.2871757,-0.0024465,0.0198915,-0.0908642,0.2809972,-0.3714478,-0.2826507,0.0000000,0.0000000,0.0000000,0.0590804,0.0000000,-0.0000000,-0.0018177,-0.0000000,0.0567178,0.0000000
-0.0413571,0.0697220,-0.1431296,0.0000000,0.0000000,0.0000000,1.0000000,0.0022874,-0.0198046,-0.0895275,0.2835975,-0.3679171,-0.2871757,-0.0024465,0.0198915,-0.0908642,0.2809972,-0.3714478,-0.2826507,0.0000000,0.0000000,0.0000000,0.0590804,0.0000000,-0.0000000,-0.0007829,-0.0000000,0.0565764,0.0000000
-0.0413571,0.0697220,-0.1431296,0.0000000,0.0000000,0.0000000,1.0000000,0.0022874,-0.0198046,-0.0895275,0.2835975,-0.3679171,-0.2871757,-0.0024465,0.0198915,-0.0908642,0.2809972,-0.3714478,-0.2826507,0.0000000,0.0000000,0.0000000,0.0590804,0.0000000,-0.0000000,-0.0002368,-0.0000000,0.0565018,0.0000000
-0.0413571,0.0697220,-0.1431296,0.0000000,0.0000000,0.0000000,1.0000000,0.0022874,-0.0198046,-0.0895275,0.2835975,-0.3679171,-0.2871757,-0.0024465,0.0198915,-0.0908642,0.2809972,-0.3714478,-0.2826507,0.0000000,0.0000000,0.0000000,0.0590804,0.0000000,-0.0000000,-0.0000302,-0.0000000,0.0564736,0.0000000
-0.0413571,0.0697220,-0.1431296,0.0000000,0.0000000,0.0000000,1.0000000,0.0022874,-0.0198046,-0.0895275,0.2835975,-0.3679171,-0.2871757,-0.0024465,0.0198915,-0.0908642,0.2809972,-0.3714478,-0.2826507,0.0000000,0.0000000,0.0000000,0.0590804,0.0000000,0.0000000,0.0000000,0.0000000,0.0564695,0.0000000
-0.0413571,0.0697220,-0.1431296,0.0000000,0.0000000,0.0000000,1.0000000,0.0022874,-0.0198046,-0.0895275,0.2835975,-0.3679171,-0.2871757,-0.0024465,0.0198915,-0.0908642,0.2809972,-0.3714478,-0.2826507,0.0000000,0.0000000,0.0000000,0.0590804,0.0000000,0.0000000,0.0000000,0.0000000,0.0564695,0.0000000
-0.0413571,0.0697220,-0.1431296,0.0000000,0.0000000,0.0000000,1.0000000,0.0022874,-0.0198046,-0.0895275,0.2835975,-0.3679171,-0.2871757,-0.0024465,0.0198915,-0.0908642,0.2809972,-0.3714478,-0.2826507,0.0000000,0.0000000,0.0000000,0.0590804,0.0000000,0.0000000,0.0000000,0.0000000,0.0564695,0.0000000
-0.0413571,0.0697220,-0.1431296,0.0000000,0.0000000,0.0000000,1.0000000,0.0022874,-0.0198046,-0.0895275,0.2835975,-0.3679171,-0.2871757,-0.0024465,0.0198915,-0.0908642,0.2809972,-0.3714478,-0.2826507,0.0000000,0.0000000,0.0000000,0.0590804,0.0000000,0.0000000,0.0000000,0.0000000,0.0564695,0.0000000
-0.0413571,0.0697220,-0.1431296,0.0000000,0.0000000,0.0000000,1.0000000,0.0022874,-0.0198046,-0.0895275,0.2835975,-0.3679171,-0.2871757,-0.0024465,0.0198915,-0.0908642,0.2809972,-0.3714478,-0.2826507,0.0000000,0.0000000,0.0000000,0.0590804,0.0000000,0.0000000,0.0000000,0.0000000,0.0564695,0.0000000
-0.0413571,0.0697220,-0.1431296,0.0000000,0.0000000,0.0000000,1.0000000,0.0022874,-0.0198046,-0.0895275,0.2835975,-0.3679171,-0.2871757,-0.0024465,0.0198915,-0.0908642,0.2809972,-0.3714478,-0.2826507,0.0000000,0.0000000,0.0000000,0.0590804,0.0000000,0.0000000,0.0000000,0.0000000,0.0564695,0.0000000
-0.0413571,0.0697220,-0.1431296,0.0000000,0.0000000,0.0000000,1.0000000,0.0022874,-0.0198046,-0.0895275,0.2835975,-0.3679171,-0.2871757,-0.0024465,0.0198915,-0.0908642,0.2809972,-0.3714478,-0.2826507,0.0000000,0.0000000,0.0000000,0.0590804,0.0000000,0.0000000,0.0000000,0.0000000,0.0564695,0.0000000
-0.0413571,0.0697220,-0.1431296,0.0000000,0.0000000,0.0000000,1.0000000,0.0022874,-0.0198046,-0.0895275,0.2835975,-0.3679171,-0.2871757,-0.0024465,0.0198915,-0.0908642,0.2809972,-0.3714478,-0.2826507,0.0000000,0.0000000,0.0000000,0.0590804,0.0000000,0.0000000,0.0000000,0.0000000,0.0564695,0.0000000
-0.0413571,0.0697220,-0.1431296,0.0000000,0.0000000,0.0000000,1.0000000,0.0022874,-0.0198046,-0.0895275,0.2835975,-0.3679171,-0.2871757,-0.0024465,0.0198915,-0.0908642,0.2809972,-0.3714478,-0.2826507,0.0000000,0.0000000,0.0000000,0.0590804,0.0000000,0.0000000,0.0000000,0.0000000,0.0564695,0.0000000
-0.0413571,0.0697220,-0.1431296,0.0000000,0.0000000,0.0000000,1.0000000,0.0022874,-0.0198046,-0.0895275,0.2835975,-0.3679171,-0.2871757,-0.0024465,0.0198915,-0.0908642,0.2809972,-0.3714478,-0.2826507,0.0000000,0.0000000,0.0000000,0.0590804,0.0000000,0.0000000,0.0000000,0.0000000,0.0564695,0.0000000
-0.0413571,0.0697220,-0.1431296,0.0000000,0.0000000,0.0000000,1.0000000,0.0022874,-0.0198046,-0.0895275,0.2835975,-0.3679171,-0.2871757,-0.0024465,0.0198915,-0.0908642,0.2809972,-0.3714478,-0.2826507,0.0000000,0.0000000,0.0000000,0.0590804,0.0000000,0.0000000,0.0000000,0.0000000,0.0564695,0.0000000
-0.0413571,0.0697220,-0.1431296,0.0000000,0.0000000,0.0000000,1.0000000,0.0022874,-0.0198046,-0.0895275,0.2835975,-0.3679171,-0.2871757,-0.0024465,0.0198915,-0.0908642,0.2809972,-0.3714478,-0.2826507,0.0000000,0.0000000,0.0000000,0.0590804,0.0000000,0.0000000,0.0000000,0.0000000,0.0564695,0.0000000
-0.0413571,0.0697220,-0.1431296,0.0000000,0.0000000,0.0000000,1.0000000,0.0022874,-0.0198046,-0.0895275,0.2835975,-0.3679171,-0.2871757,-0.0024465,0.0198915,-0.0908642,0.2809972,-0.3714478,-0.2826507,0.0000000,0.0000000,0.0000000,0.0590804,0.0000000,0.0000000,0.0000000,0.0000000,0.0564695,0.0000000
-0.0413571,0.0697220,-0.1431296,0.0000000,0.0000000,0.0000000,1.0000000,0.0022874,-0.0198046,-0.0895275,0.2835975,-0.3679171,-0.2871757,-0.0024465,0.0198915,-0.0908642,0.2809972,-0.3714478,-0.2826507,0.0000000,0.0000000,0.0000000,0.0590804,0.0000000,0.0000000,0.0000000,0.0000000,0.0564695,0.0000000
-0.0413571,0.0697220,-0.1431296,0.0000000,0.0000000,0.0000000,1.0000000,0.0022874,-0.0198046,-0.0895275,0.2835975,-0.3679171,-0.2871757,-0.0024465,0.0198915,-0.0908642,0.2809972,-0.3714478,-0.2826507,0.0000000,0.0000000,0.0000000,0.0590804,0.0000000,0.0000000,0.0000000,0.0000000,0.0564695,0.0000000
-0.0413571,0.0697220,-0.1431296,0.0000000,0.0000000,0.0000000,1.0000000,0.0022874,-0.0198046,-0.0895275,0.2835975,-0.3679171,-0.2871757,-0.0024465,0.0198915,-0.0908642,0.2809972,-0.3714478,-0.2826507,0.0000000,0.0000000,0.0000000,0.0590804,0.0000000,0.0000000,0.0000000,0.0000000,0.0564695,0.0000000
-0.0413571,0.0697220,-0.1431296,0.0000000,0.0000000,0.0000000,1.0000000,0.0022874,-0.0198046,-0.0895275,0.2835975,-0.3679171,-0.2871757,-0.0024465,0.0198915,-0.0908642,0.2809972,-0.3714478,-0.2826507,0.0000000,0.0000000,0.0000000,0.0590804,0.0000000,0.0000000,0.0000000,0.0000000,0.0564695,0.0000000
-0.0413571,0.0697220,-0.1431296,0.0000000,0.0000000,0.0000000,1.0000000,0.0022874,-0.0198046,-0.0895275,0.2835975,-0.3679171,-0.2871757,-0.0024465,0.0198915,-0.0908642,0.2809972,-0.3714478,-0.2826507,0.0000000,0.0000000,0.0000000,0.0590804,0.0000000,0.0000000,0.0000000,0.0000000,0.0564695,0.0000000
-0.0413571,0.0697220,-0.1431296,0.0000000,0.0000000,0.0000000,1.0000000,0.0022874,-0.0198046,-0.0895275,0.2835975,-0.3679171,-0.2871757,-0.0024465,0.0198915,-0.0908642,0.2809972,-0.3714478,-0.2826507,0.0000000,0.0000000,0.0000000,0.0590804,0.0000000,0.0000000,0.0000000,0.0000000,0.0564695,0.0000000
-0.0413571,0.0697220,-0.1431296,0.0000000,0.0000000,0.0000000,1.0000000,0.0022874,-0.0198046,-0.0895275,0.2835975,-0.3679171,-0.2871757,-0.0024465,0.0198915,-0.0908642,0.2809972,-0.3714478,-0.2826507,0.0000000,0.0000000,0.0000000,0.0590804,0.0000000,0.0000000,0.0000000,0.0000000,0.0564695,0.0000000
-0.0413571,0.0697220,-0.1431296,0.0000000,0.0000000,0.0000000,1.0000000,0.0022874,-0.0198046,-0.0895275,0.2835975,-0.3679171,-0.2871757,-0.0024465,0.0198915,-0.0908642,0.2809972,-0.3714478,-0.2826507,0.0000000,0.0000000,0.0000000,0.0590804,0.0000000,0.0000000,0.0000000,0.0000000,0.0564695,0.0000000
-0.0413571,0.0697220,-0.1431296,0.0000000,0.0000000,0.0000000,1.0000000,0.0022874,-0.0198046,-0.0895275,0.2835975,-0.3679171,-0.2871757,-0.0024465,0.0198915,-0.0908642,0.2809972,-0.3714478,-0.2826507,0.0000000,0.0000000,0.0000000,0.0590804,0.0000000,0.0000000,0.0000000,0.0000000,0.0564695,0.0000000
-0.0413571,0.0697220,-0.1431296,0.0000000,0.0000000,0.0000000,1.0000000,0.0022874,-0.0198046,-0.0895275,0.2835975,-0.3679171,-0.2871757,-0.0024465,0.0198915,-0.0908642,0.2809972,-0.3714478,-0.2826507,0.0000000,0.0000000,0.0000000,0.0590804,0.0000000,0.0000000,0.0000000,0.0000000,0.0564695,0.0000000
-0.0413571,0.0697220,-0.1431296,0.0000000,0.0000000,0.0000000,1.0000000,0.0022874,-0.0198046,-0.0895275,0.2835975,-0.3679171,-0.2871757,-0.0024465,0.0198915,-0.0908642,0.2809972,-0.3714478,-0.2826507,0.0000000,0.0000000,0.0000000,0.0590804,0.0000000,0.0000000,0.0000000,0.0000000,0.0564695,0.0000000
-0.0413571,0.0697220,-0.1431296,0.0000000,0.0000000,0.0000000,1.0000000,0.0022874,-0.0198046,-0.0895275,0.2835975,-0.3679171,-0.2871757,-0.0024465,0.0198915,-0.0908642,0.2809972,-0.3714478,-0.2826507,0.0000000,0.0000000,0.0000000,0.0590804,0.0000000,0.0000000,0.0000000,0.0000000,0.0564695,0.0000000
-0.0413571,0.0697220,-0.1431296,0.0000000,0.0000000,0.0000000,1.0000000,0.0022874,-0.0198046,-0.0895275,0.2835975,-0.3679171,-0.2871757,-0.0024465,0.0198915,-0.0908642,0.2809972,-0.3714478,-0.2826507,0.0000000,0.0000000,0.0000000,0.0590804,0.0000000,0.0000000,0.0000000,0.0000000,0.0564695,0.0000000
-0.0413571,0.0697220,-0.1431296,0.0000000,0.0000000,0.0000000,1.0000000,0.0022874,-0.0198046,-0.0895275,0.2835975,-0.3679171,-0.2871757,-0.0024465,0.0198915,-0.0908642,0.2809972,-0.3714478,-0.2826507,0.0000000,0.0000000,0.0000000,0.0590804,0.0000000,0.0000000,0.0000000,0.0000000,0.0564695,0.0000000
-0.0413571,0.0697220,-0.1431296,0.0000000,0.0000000,0.0000000,1.0000000,0.0022874,-0.0198046,-0.0895275,0.2835975,-0.3679171,-0.2871757,-0.0024465,0.0198915,-0.0908642,0.2809972,-0.3714478,-0.2826507,0.0000000,0.0000000,0.0000000,0.0590804,0.0000000,0.0000000,0.0000000,0.0000000,0.0564695,0.0000000
-0.0413571,0.0697220,-0.1431296,0.0000000,0.0000000,0.0000000,1.0000000,0.0022874,-0.0198046,-0.0895275,0.2835975,-0.3679171,-0.2871757,-0.0024465,0.0198915,-0.0908642,0.2809972,-0.3714478,-0.2826507,0.0000000,0.0000000,0.0000000,0.0590804,0.0000000,0.0000000,0.0000000,0.0000000,0.0564695,0.0000000
-0.0413571,0.0697220,-0.1431296,0.0000000,0.0000000,0.0000000,1.0000000,0.0022874,-0.0198046,-0.0895275,0.2835975,-0.3679171,-0.2871757,-0.0024465,0.0198915,-0.0908642,0.2809972,-0.3714478,-0.2826507,0.0000000,0.0000000,0.0000000,0.0590804,0.0000000,0.0000000,0.0000000,0.0000000,0.0564695,0.0000000
-0.0413571,0.0697220,-0.1431296,0.0000000,0.0000000,0.0000000,1.0000000,0.0022874,-0.0198046,-0.0895275,0.2835975,-0.3679171,-0.2871757,-0.0024465,0.0198915,-0.0908642,0.2809972,-0.3714478,-0.2826507,0.0000000,0.0000000,0.0000000,0.0590804,0.0000000,0.0000000,0.0000000,0.0000000,0.0564695,0.0000000
-0.0413571,0.0697220,-0.1431296,0.0000000,0.0000000,0.0000000,1.0000000,0.0022874,-0.0198046,-0.0895275,0.2835975,-0.3679171,-0.2871757,-0.0024465,0.0198915,-0.0908642,0.2809972,-0.3714478,-0.2826507,0.0000000,0.0000000,0.0000000,0.0590804,0.0000000,0.0000000,0.0000000,0.0000000,0.0564695,0.0000000
-0.0413571,0.0697220,-0.1431296,0.0000000,0.0000000,0.0000000,1.0000000,0.0022874,-0.0198046,-0.0895275,0.2835975,-0.3679171,-0.2871757,-0.0024465,0.0198915,-0.0908642,0.2809972,-0.3714478,-0.2826507,0.0000000,0.0000000,0.0000000,0.0590804,0.0000000,0.0000000,0.0000000,0.0000000,0.0564695,0.0000000
-0.0413571,0.0697220,-0.1431296,0.0000000,0.0000000,0.0000000,1.0000000,0.0022874,-0.0198046,-0.0895275,0.2835975,-0.3679171,-0.2871757,-0.0024465,0.0198915,-0.0908642,0.2809972,-0.3714478,-0.2826507,0.0000000,0.0000000,0.0000000,0.0590804,0.0000000,0.0000000,0.0000000,0.0000000,0.0564695,0.0000000
-0.0413571,0.0697220,-0.1431296,0.0000000,0.0000000,0.0000000,1.0000000,0.0022874,-0.0198046,-0.0895275,0.2835975,-0.3679171,-0.2871757,-0.0024465,0.0198915,-0.0908642,0.2809972,-0.3714478,-0.2826507,0.0000000,0.0000000,0.0000000,0.0590804,0.0000000,0.0000000,0.0000000,0.0000000,0.0564695,0.0000000
-0.0413571,0.0697220,-0.1431296,0.0000000,0.0000000,0.0000000,1.0000000,0.0022874,-0.0198046,-0.0895275,0.2835975,-0.3679171,-0.2871757,-0.0024465,0.0198915,-0.0908642,0.2809972,-0.3714478,-0.2826507,0.0000000,0.0000000,0.0000000,0.0590804,0.0000000,0.0000000,0.0000000,0.0000000,0.0564695,0.0000000
-0.0413571,0.0697220,-0.1431296,0.0000000,0.0000000,0.0000000,1.0000000,0.0022874,-0.0198046,-0.0895275,0.2835975,-0.3679171,-0.2871757,-0.0024465,0.0198915,-0.0908642,0.2809972,-0.3714478,-0.2826507,0.0000000,0.0000000,0.0000000,0.0590804,0.0000000,0.0000000,0.0000000,0.0000000,0.0564695,0.0000000
-0.0413571,0.0697220,-0.1431296,0.0000000,0.0000000,0.0000000,1.0000000,0.0022874,-0.0198046,-0.0895275,0.2835975,-0.3679171,-0.2871757,-0.0024465,0.0198915,-0.0908642,0.2809972,-0.3714478,-0.2826507,0.0000000,0.0000000,0.0000000,0.0590804,0.0000000,0.0000000,0.0000000,0.0000000,0.0564695,0.0000000
-0.0413571,0.0697220,-0.1431296,0.0000000,0.0000000,0.0000000,1.0000000,0.0022874,-0.0198046,-0.0895275,0.2835975,-0.3679171,-0.2871757,-0.0024465,0.0198915,-0.0908642,0.2809972,-0.3714478,-0.2826507,0.0000000,0.0000000,0.0000000,0.0590804,0.0000000,0.0000000,0.0000000,0.0000000,0.0564695,0.0000000
-0.0413571,0.0697220,-0.1431296,0.0000000,0.0000000,0.0000000,1.0000000,0.0022874,-0.0198046,-0.0895275,0.2835975,-0.3679171,-0.2871757,-0.0024465,0.0198915,-0.0908642,0.2809972,-0.3714478,-0.2826507,0.0000000,0.0000000,0.0000000,0.0590804,0.0000000,0.0000000,0.0000000,0.0000000,0.0564695,0.0000000
-0.0413571,0.0697220,-0.1431296,0.0000000,0.0000000,0.0000000,1.0000000,0.0022874,-0.0198046,-0.0895275,0.2835975,-0.3679171,-0.2871757,-0.0024465,0.0198915,-0.0908642,0.2809972,-0.3714478,-0.2826507,0.0000000,0.0000000,0.0000000,0.0590804,0.0000000,0.0000000,0.0000000,0.0000000,0.0564695,0.0000000
-0.0413571,0.0697220,-0.1431296,0.0000000,0.0000000,0.0000000,1.0000000,0.0022874,-0.0198046,-0.0895275,0.2835975,-0.3679171,-0.2871757,-0.0024465,0.0198915,-0.0908642,0.2809972,-0.3714478,-0.2826507,0.0000000,0.0000000,0.0000000,0.0590804,0.0000000,0.0000000,0.0000000,0.0000000,0.0564695,0.0000000
-0.0413571,0.0697220,-0.1431296,0.0000000,0.0000000,0.0000000,1.0000000,0.0022874,-0.0198046,-0.0895275,0.2835975,-0.3679171,-0.2871757,-0.0024465,0.0198915,-0.0908642,0.2809972,-0.3714478,-0.2826507,0.0000000,0.0000000,0.0000000,0.0590804,0.0000000,0.0000000,0.0000000,0.0000000,0.0564695,0.0000000
-0.0413571,0.0697220,-0.1431296,0.0000000,0.0000000,0.0000000,1.0000000,0.0022874,-0.0198046,-0.0895275,0.2835975,-0.3679171,-0.2871757,-0.0024465,0.0198915,-0.0908642,0.2809972,-0.3714478,-0.2826507,0.0000000,0.0000000,0.0000000,0.0590804,0.0000000,0.0000000,0.0000000,0.0000000,0.0564695,0.0000000
-0.0413571,0.0697220,-0.1431296,0.0000000,0.0000000,0.0000000,1.0000000,0.0022874,-0.0198046,-0.0895275,0.2835975,-0.3679171,-0.2871757,-0.0024465,0.0198915,-0.0908642,0.2809972,-0.3714478,-0.2826507,0.0000000,0.0000000,0.0000000,0.0590804,0.0000000,0.0000000,0.0000000,0.0000000,0.0564695,0.0000000
-0.0413571,0.0697220,-0.1431296,0.0000000,0.0000000,0.0000000,1.0000000,0.0022874,-0.0198046,-0.0895275,0.2835975,-0.3679171,-0.2871757,-0.0024465,0.0198915,-0.0908642,0.2809972,-0.3714478,-0.2826507,0.0000000,0.0000000,0.0000000,0.0590804,0.0000000,0.0000000,0.0000000,0.0000000,0.0564695,0.0000000
-0.0413571,0.0697220,-0.1431296,0.0000000,0.0000000,0.0000000,1.0000000,0.0022874,-0.0198046,-0.0895275,0.2835975,-0.3679171,-0.2871757,-0.0024465,0.0198915,-0.0908642,0.2809972,-0.3714478,-0.2826507,0.0000000,0.0000000,0.0000000,0.0590804,0.0000000,0.0000000,0.0000000,0.0000000,0.0564695,0.0000000
-0.0413571,0.0697220,-0.1431296,0.0000000,0.0000000,0.0000000,1.0000000,0.0022874,-0.0198046,-0.0895275,0.2835975,-0.3679171,-0.2871757,-0.0024465,0.0198915,-0.0908642,0.2809972,-0.3714478,-0.2826507,0.0000000,0.0000000,0.0000000,0.0590804,0.0000000,0.0000000,0.0000000,0.0000000,0.0564695,0.0000000
-0.0413571,0.0697220,-0.1431296,0.0000000,0.0000000,0.0000000,1.0000000,0.0022874,-0.0198046,-0.0895275,0.2835975,-0.3679171,-0.2871757,-0.0024465,0.0198915,-0.0908642,0.2809972,-0.3714478,-0.2826507,0.0000000,0.0000000,0.0000000,0.0590804,0.0000000,0.0000000,0.0000000,0.0000000,0.0564695,0.0000000
-0.0413571,0.0697220,-0.1431296,0.0000000,0.0000000,0.0000000,1.0000000,0.0022874,-0.0198046,-0.0895275,0.2835975,-0.3679171,-0.2871757,-0.0024465,0.0198915,-0.0908642,0.2809972,-0.3714478,-0.2826507,0.0000000,0.0000000,0.0000000,0.0590804,0.0000000,0.0000000,0.0000000,0.0000000,0.0564695,0.0000000
-0.0413571,0.0697220,-0.1431296,0.0000000,0.0000000,0.0000000,1.0000000,0.0022874,-0.0198046,-0.0895275,0.2835975,-0.3679171,-0.2871757,-0.0024465,0.0198915,-0.0908642,0.2809972,-0.3714478,-0.2826507,0.0000000,0.0000000,0.0000000,0.0590804,0.0000000,0.0000000,0.0000000,0.0000000,0.0564695,0.0000000
