root_x,root_y,root_z,root_qx,root_qy,root_qz,root_qw,PG_left_leg_pitch,PG_left_leg_roll,LL_hip_joint,LL_knee_actuator_joint,LL_Revolute67,LL_Revolute81,PG_right_leg_pitch,PG_right_leg_roll,RL_hip_joint,RL_knee_actuator_joint,RL_Revolute67,RL_Revolute81,LH_yaw,LH_pitch,LH_roll,LH_elbow_joint,LH_wrist_roll,RH_yaw,RH_pitch,RH_roll,RH_elbow_joint,RH_wrist_roll
-0.0413571,0.0697220,-0.1431296,0.0000000,0.0000000,0.0000000,1.0000000,0.0022874,-0.0198046,-0.0895275,0.2835975,-0.3679171,-0.2871757,-0.0024465,0.0198915,-0.0908642,0.2809972,-0.3714478,-0.2826507,0.0000000,0.0000000,0.0000000,0.0590804,0.0000000,0.0000000,0.0000000,0.0000000,0.0564695,0.0000000
-0.0413571,0.0697220,-0.1431296,0.0000000,0.0000000,0.0000000,1.0000000,0.0022874,-0.0198046,-0.0895275,0.2835975,-0.3679171,-0.2871757,-0.0024465,0.0198915,-0.0908642,0.2809972,-0.3714478,-0.2826507,0.0000000,0.0000000,0.0000000,0.0590804,0.0000000,0.0000000,0.0000000,0.0000000,0.0564695,0.0000000
-0.0413571,0.0697220,-0.1431296,0.0000000,0.0000000,0.0000000,1.0000000,0.0022874,-0.0198046,-0.0895275,0.2835975,-0.3679171,-0.2871757,-0.0024465,0.0198915,-0.0908642,0.2809972,-0.3714478,-0.2826507,0.0000000,0.0000000,0.0000000,0.0590804,0.0000000,0.0000000,0.0000000,0.0000000,0.0564695,0.0000000
-0.0413571,0.0697220,-0.1431296,0.0000000,0.0000000,0.0000000,1.0000000,0.0022874,-0.0198046,-0.0895275,0.2835975,-0.3679171,-0.2871757,-0.0024465,0.0198915,-0.0908642,0.2809972,-0.3714478,-0.2826507,0.0000000,0.0000000,0.0000000,0.0590804,0.0000000,0.0000000,0.0000000,0.0000000,0.0564695,0.0000000
-0.0413571,0.0697220,-0.1431296,0.0000000,0.0000000,0.0000000,1.0000000,0.0022874,-0.0198046,-0.0895275,0.2835975,-0.3679171,-0.2871757,-0.0024465,0.0198915,-0.0908642,0.2809972,-0.3714478,-0.2826507,0.0000000,0.0000000,0.0000000,0.0590804,0.0000000,0.0000000,0.0000000,0.0000000,0.0564695,0.0000000
-0.0413571,0.0697220,-0.1431296,0.0000000,0.0000000,0.0000000,1.0000000,0.0022874,-0.0198046,-0.0895275,0.2835975,-0.3679171,-0.2871757,-0.0024465,0.0198915,-0.0908642,0.2809972,-0.3714478,-0.2826507,0.0000000,0.0000000,0.0000000,0.0590804,0.0000000,0.0000000,0.0000000,0.0000000,0.0564695,0.0000000
-0.0413571,0.0697220,-0.1431296,0.0000000,0.0000000,0.0000000,1.0000000,0.0022874,-0.0198046,-0.0895275,0.2835975,-0.3679171,-0.2871757,-0.0024465,0.0198915,-0.0908642,0.2809972,-0.3714478,-0.2826507,0.0000000,0.0000000,0.0000000,0.0590804,0.0000000,0.0000000,0.0000000,0.0000000,0.0564695,0.0000000
-0.0413571,0.0697220,-0.1431296,0.0000000,0.0000000,0.0000000,1.0000000,0.0022874,-0.0198046,-0.0895275,0.2835975,-0.3679171,-0.2871757,-0.0024465,0.0198915,-0.0908642,0.2809972,-0.3714478,-0.2826507,0.0000000,0.0000000,0.0000000,0.0590804,0.0000000,0.0000000,0.0000000,0.0000000,0.0564695,0.0000000
-0.0413571,0.0697220,-0.1431296,0.0000000,0.0000000,0.0000000,1.0000000,0.0022874,-0.0198046,-0.0895275,0.2835975,-0.3679171,-0.2871757,-0.0024465,0.0198915,-0.0908642,0.2809972,-0.3714478,-0.2826507,0.0000000,0.0000000,0.0000000,0.0590804,0.0000000,0.0000000,0.0000000,0.0000000,0.0564695,0.0000000
-0.0413571,0.0697220,-0.1431296,0.0000000,0.0000000,0.0000000,1.0000000,0.0022874,-0.0198046,-0.0895275,0.2835975,-0.3679171,-0.2871757,-0.0024465,0.0198915,-0.0908642,0.2809972,-0.3714478,-0.2826507,0.0000000,0.0000000,0.0000000,0.0590804,0.0000000,0.0000000,0.0000000,0.0000000,0.0564695,0.0000000
-0.0413571,0.0697220,-0.1431296,0.0000000,0.0000000,0.0000000,1.0000000,0.0022874,-0.0198046,-0.0895275,0.2835975,-0.3679171,-0.2871757,-0.0024465,0.0198915,-0.0908642,0.2809972,-0.3714478,-0.2826507,0.0000000,0.0000000,0.0000000,0.0590804,0.0000000,0.0000000,0.0000000,0.0000000,0.0564695,0.0000000
-0.0413571,0.0697220,-0.1431296,0.0000000,0.0000000,0.0000000,1.0000000,0.0022874,-0.0198046,-0.0895275,0.2835975,-0.3679171,-0.2871757,-0.0024465,0.0198915,-0.0908642,0.2809972,-0.3714478,-0.2826507,0.0000000,0.0000000,0.0000000,0.0590804,0.0000000,0.0000000,0.0000000,0.0000000,0.0564695,0.0000000
-0.0413571,0.0697220,-0.1431296,0.0000000,0.0000000,0.0000000,1.0000000,0.0022874,-0.0198046,-0.0895275,0.2835975,-0.3679171,-0.2871757,-0.0024465,0.0198915,-0.0908642,0.2809972,-0.3714478,-0.2826507,0.0000000,0.0000000,0.0000000,0.0590804,0.0000000,0.0000000,0.0000000,0.0000000,0.0564695,0.0000000
-0.0413571,0.0697220,-0.1431296,0.0000000,0.0000000,0.0000000,1.0000000,0.0022874,-0.0198046,-0.0895275,0.2835975,-0.3679171,-0.2871757,-0.0024465,0.0198915,-0.0908642,0.2809972,-0.3714478,-0.2826507,0.0000000,0.0000000,0.0000000,0.0590804,0.0000000,0.0000000,0.0000000,0.0000000,0.0564695,0.0000000
-0.0413571,0.0697220,-0.1431296,0.0000000,0.0000000,0.0000000,1.0000000,0.0022874,-0.0198046,-0.0895275,0.2835975,-0.3679171,-0.2871757,-0.0024465,0.0198915,-0.0908642,0.2809972,-0.3714478,-0.2826507,0.0000000,0.0000000,0.0000000,0.0590804,0.0000000,0.0000000,0.0000000,0.0000000,0.0564695,0.0000000
-0.0413571,0.0697220,-0.1431296,0.0000000,0.0000000,0.0000000,1.0000000,0.0022874,-0.0198046,-0.0895275,0.2835975,-0.3679171,-0.2871757,-0.0024465,0.0198915,-0.0908642,0.2809972,-0.3714478,-0.2826507,0.0000000,0.0000000,0.0000000,0.0590804,0.0000000,0.0000000,0.0000000,0.0000000,0.0564695,0.0000000
-0.0413571,0.0697220,-0.1431296,0.0000000,0.0000000,0.0000000,1.0000000,0.0022874,-0.0198046,-0.0895275,0.2835975,-0.3679171,-0.2871757,-0.0024465,0.0198915,-0.0908642,0.2809972,-0.3714478,-0.2826507,0.0000000,0.0000000,0.0000000,0.0590804,0.0000000,0.0000000,0.0000000,0.0000000,0.0564695,0.0000000
-0.0413571,0.0697220,-0.1431296,0.0000000,0.0000000,0.0000000,1.0000000,0.0022874,-0.0198046,-0.0895275,0.2835975,-0.3679171,-0.2871757,-0.0024465,0.0198915,-0.0908642,0.2809972,-0.3714478,-0.2826507,0.0000000,0.0000000,0.0000000,0.0590804,0.0000000,0.0000000,0.0000000,0.0000000,0.0564695,0.0000000
-0.0413571,0.0697220,-0.1431296,0.0000000,0.0000000,0.0000000,1.0000000,0.0022874,-0.0198046,-0.0895275,0.2835975,-0.3679171,-0.2871757,-0.0024465,0.0198915,-0.0908642,0.2809972,-0.3714478,-0.2826507,0.0000000,0.0000000,0.0000000,0.0590804,0.0000000,0.0000000,0.0000000,0.0000000,0.0564695,0.0000000
-0.0413571,0.0697220,-0.1431296,0.0000000,0.0000000,0.0000000,1.0000000,0.0022874,-0.0198046,-0.0895275,0.2835975,-0.3679171,-0.2871757,-0.0024465,0.0198915,-0.0908642,0.2809972,-0.3714478,-0.2826507,0.0000000,0.0000000,0.0000000,0.0590804,0.0000000,0.0000000,0.0000000,0.0000000,0.0564695,0.0000000
-0.0413571,0.0697220,-0.1431296,0.0000000,0.0000000,0.0000000,1.0000000,0.0022874,-0.0198046,-0.0895275,0.2835975,-0.3679171,-0.2871757,-0.0024465,0.0198915,-0.0908642,0.2809972,-0.3714478,-0.2826507,0.0000000,0.0000000,0.0000000,0.0590804,0.0000000,0.0000000,0.0000000,0.0000000,0.0564695,0.0000000
-0.0413571,0.0697220,-0.1431296,0.0000000,0.0000000,0.0000000,1.0000000,0.0022874,-0.0198046,-0.0895275,0.2835975,-0.3679171,-0.2871757,-0.0024465,0.0198915,-0.0908642,0.2809972,-0.3714478,-0.2826507,0.0000000,0.0000000,0.0000000,0.0590804,0.0000000,0.0000000,0.0000000,0.0000000,0.0564695,0.0000000
-0.0413571,0.0697220,-0.1431296,0.0000000,0.0000000,0.0000000,1.0000000,0.0022874,-0.0198046,-0.0895275,0.2835975,-0.3679171,-0.2871757,-0.0024465,0.0198915,-0.0908642,0.2809972,-0.3714478,-0.2826507,0.0000000,0.0000000,0.0000000,0.0590804,0.0000000,0.0000000,0.0000000,0.0000000,0.0564695,0.0000000
-0.0413571,0.0697220,-0.1431296,0.0000000,0.0000000,0.0000000,1.0000000,0.0022874,-0.0198046,-0.0895275,0.2835975,-0.3679171,-0.2871757,-0.0024465,0.0198915,-0.0908642,0.2809972,-0.3714478,-0.2826507,0.0000000,0.0000000,0.0000000,0.0590804,0.0000000,0.0000000,0.0000000,0.0000000,0.0564695,0.0000000
-0.0413571,0.0697220,-0.1431296,0.0000000,0.0000000,0.0000000,1.0000000,0.0022874,-0.0198046,-0.0895275,0.2835975,-0.3679171,-0.2871757,-0.0024465,0.0198915,-0.0908642,0.2809972,-0.3714478,-0.2826507,0.0000000,0.0000000,0.0000000,0.0590804,0.0000000,0.0000000,0.0000000,0.0000000,0.0564695,0.0000000
-0.0413571,0.0697220,-0.1431296,0.0000000,0.0000000,0.0000000,1.0000000,0.0022874,-0.0198046,-0.0895275,0.2835975,-0.3679171,-0.2871757,-0.0024465,0.0198915,-0.0908642,0.2809972,-0.3714478,-0.2826507,0.0000000,0.0000000,0.0000000,0.0590804,0.0000000,0.0000000,0.0000000,0.0000000,0.0564695,0.0000000
-0.0413571,0.0697220,-0.1431296,0.0000000,0.0000000,0.0000000,1.0000000,0.0022874,-0.0198046,-0.0895275,0.2835975,-0.3679171,-0.2871757,-0.0024465,0.0198915,-0.0908642,0.2809972,-0.3714478,-0.2826507,0.0000000,0.0000000,0.0000000,0.0590804,0.0000000,0.0000000,0.0000000,0.0000000,0.0564695,0.0000000
-0.0413571,0.0697220,-0.1431296,0.0000000,0.0000000,0.0000000,1.0000000,0.0022874,-0.0198046,-0.0895275,0.2835975,-0.3679171,-0.2871757,-0.0024465,0.0198915,-0.0908642,0.2809972,-0.3714478,-0.2826507,0.0000000,0.0000000,0.0000000,0.0590804,0.0000000,0.0000000,0.0000000,0.0000000,0.0564695,0.0000000
-0.0413571,0.0697220,-0.1431296,0.0000000,0.0000000,0.0000000,1.0000000,0.0022874,-0.0198046,-0.0895275,0.2835975,-0.3679171,-0.2871757,-0.0024465,0.0198915,-0.0908642,0.2809972,-0.3714478,-0.2826507,0.0000000,0.0000000,0.0000000,0.0590804,0.0000000,0.0000000,0.0000000,0.0000000,0.0564695,0.0000000
-0.0413571,0.0697220,-0.1431296,0.0000000,0.0000000,0.0000000,1.0000000,0.0022874,-0.0198046,-0.0895275,0.2835975,-0.3679171,-0.2871757,-0.0024465,0.0198915,-0.0908642,0.2809972,-0.3714478,-0.2826507,0.0000000,0.0000000,0.0000000,0.0590804,0.0000000,0.0000000,0.0000000,0.0000000,0.0564695,0.0000000
-0.0413571,0.0697220,-0.1431296,0.0000000,0.0000000,0.0000000,1.0000000,0.0022874,-0.0198046,-0.0895275,0.2835975,-0.3679171,-0.2871757,-0.0024465,0.0198915,-0.0908642,0.2809972,-0.3714478,-0.2826507,0.0000000,0.0000000,0.0000000,0.0590804,0.0000000,0.0000000,0.0000000,0.0000000,0.0564695,0.0000000
-0.0413571,0.0697220,-0.1431296,0.0000000,0.0000000,0.0000000,1.0000000,0.0022874,-0.0198046,-0.0895275,0.2835975,-0.3679171,-0.2871757,-0.0024465,0.0198915,-0.0908642,0.2809972,-0.3714478,-0.2826507,0.0000000,0.0000000,0.0000000,0.0590804,0.0000000,0.0000000,0.0000000,0.0000000,0.0564695,0.0000000
-0.0413571,0.0697220,-0.1431296,0.0000000,0.0000000,0.0000000,1.0000000,0.0022874,-0.0198046,-0.0895275,0.2835975,-0.3679171,-0.2871757,-0.0024465,0.0198915,-0.0908642,0.2809972,-0.3714478,-0.2826507,0.0000000,0.0000000,0.0000000,0.0590804,0.0000000,0.0000000,0.0000000,0.0000000,0.0564695,0.0000000
-0.0413571,0.0697220,-0.1431296,0.0000000,0.0000000,0.0000000,1.0000000,0.0022874,-0.0198046,-0.0895275,0.2835975,-0.3679171,-0.2871757,-0.0024465,0.0198915,-0.0908642,0.2809972,-0.3714478,-0.2826507,0.0000000,0.0000000,0.0000000,0.0590804,0.0000000,0.0000000,0.0000000,0.0000000,0.0564695,0.0000000
-0.0413571,0.0697220,-0.1431296,0.0000000,0.0000000,0.0000000,1.0000000,0.0022874,-0.0198046,-0.0895275,0.2835975,-0.3679171,-0.2871757,-0.0024465,0.0198915,-0.0908642,0.2809972,-0.3714478,-0.2826507,0.0000000,0.0000000,0.0000000,0.0590804,0.0000000,0.0000000,0.0000000,0.0000000,0.0564695,0.0000000
-0.0413571,0.0697220,-0.1431296,0.0000000,0.0000000,0.0000000,1.0000000,0.0022874,-0.0198046,-0.0895275,0.2835975,-0.3679171,-0.2871757,-0.0024465,0.0198915,-0.0908642,0.2809972,-0.3714478,-0.2826507,0.0000000,0.0000000,0.0000000,0.0590804,0.0000000,0.0000000,0.0000000,0.0000000,0.0564695,0.0000000
-0.0413571,0.0697220,-0.1431296,0.0000000,0.0000000,0.0000000,1.0000000,0.0022874,-0.0198046,-0.0895275,0.2835975,-0.3679171,-0.2871757,-0.0024465,0.0198915,-0.0908642,0.2809972,-0.3714478,-0.2826507,0.0000000,0.0000000,0.0000000,0.0590804,0.0000000,0.0000000,0.0000000,0.0000000,0.0564695,0.0000000
-0.0413571,0.0697220,-0.1431296,0.0000000,0.0000000,0.0000000,1.0000000,0.0022874,-0.0198046,-0.0895275,0.2835975,-0.3679171,-0.2871757,-0.0024465,0.0198915,-0.0908642,0.2809972,-0.3714478,-0.2826507,0.0000000,0.0000000,0.0000000,0.0590804,0.0000000,0.0000000,0.0000000,0.0000000,0.0564695,0.0000000
-0.0413571,0.0697220,-0.1431296,0.0000000,0.0000000,0.0000000,1.0000000,0.0022874,-0.0198046,-0.0895275,0.2835975,-0.3679171,-0.2871757,-0.0024465,0.0198915,-0.0908642,0.2809972,-0.3714478,-0.2826507,0.0000000,0.0000000,0.0000000,0.0590804,0.0000000,0.0000000,0.0000000,0.0000000,0.0564695,0.0000000
-0.0413571,0.0697220,-0.1431296,0.0000000,0.0000000,0.0000000,1.0000000,0.0022874,-0.0198046,-0.0895275,0.2835975,-0.3679171,-0.2871757,-0.0024465,0.0198915,-0.0908642,0.2809972,-0.3714478,-0.2826507,0.0000000,0.0000000,0.0000000,0.0590804,0.0000000,0.0000000,0.0000000,0.0000000,0.0564695,0.0000000
-0.0413571,0.0697220,-0.1431296,0.0000000,0.0000000,0.0000000,1.0000000,0.0022874,-0.0198046,-0.0895275,0.2835975,-0.3679171,-0.2871757,-0.0024465,0.0198915,-0.0908642,0.2809972,-0.3714478,-0.2826507,0.0000000,0.0000000,0.0000000,0.0590804,0.0000000,0.0000000,0.0000000,0.0000000,0.0564695,0.0000000
-0.0413571,0.0697220,-0.1431296,0.0000000,0.0000000,0.0000000,1.0000000,0.0022874,-0.0198046,-0.0895275,0.2835975,-0.3679171,-0.2871757,-0.0024465,0.0198915,-0.0908642,0.2809972,-0.3714478,-0.2826507,0.0000000,0.0000000,0.0000000,0.0590804,0.0000000,0.0000000,0.0000000,0.0000000,0.0564695,0.0000000
-0.0413571,0.0697220,-0.1431296,0.0000000,0.0000000,0.0000000,1.0000000,0.0022874,-0.0198046,-0.0895275,0.2835975,-0.3679171,-0.2871757,-0.0024465,0.0198915,-0.0908642,0.2809972,-0.3714478,-0.2826507,0.0000000,0.0000000,0.0000000,0.0590804,0.0000000,0.0000000,0.0000000,0.0000000,0.0564695,0.0000000
-0.0413571,0.0697220,-0.1431296,0.0000000,0.0000000,0.0000000,1.0000000,0.0022874,-0.0198046,-0.0895275,0.2835975,-0.3679171,-0.2871757,-0.0024465,0.0198915,-0.0908642,0.2809972,-0.3714478,-0.2826507,0.0000000,0.0000000,0.0000000,0.0590804,0.0000000,0.0000000,0.0000000,0.0000000,0.0564695,0.0000000
-0.0413571,0.0697220,-0.1431296,0.0000000,0.0000000,0.0000000,1.0000000,0.0022874,-0.0198046,-0.0895275,0.2835975,-0.3679171,-0.2871757,-0.0024465,0.0198915,-0.0908642,0.2809972,-0.3714478,-0.2826507,0.0000000,0.0000000,0.0000000,0.0590804,0.0000000,0.0000000,0.0000000,0.0000000,0.0564695,0.0000000
-0.0413571,0.0697220,-0.1431296,0.0000000,0.0000000,0.0000000,1.0000000,0.0022874,-0.0198046,-0.0895275,0.2835975,-0.3679171,-0.2871757,-0.0024465,0.0198915,-0.0908642,0.2809972,-0.3714478,-0.2826507,0.0000000,0.0000000,0.0000000,0.0590804,0.0000000,0.0000000,0.0000000,0.0000000,0.0564695,0.0000000
-0.0413571,0.0697220,-0.1431296,0.0000000,0.0000000,0.0000000,1.0000000,0.0022874,-0.0198046,-0.0895275,0.2835975,-0.3679171,-0.2871757,-0.0024465,0.0198915,-0.0908642,0.2809972,-0.3714478,-0.2826507,0.0000000,0.0000000,0.0000000,0.0590804,0.0000000,0.0000000,0.0000000,0.0000000,0.0564695,0.0000000
-0.0413571,0.0697220,-0.1431296,0.0000000,0.0000000,0.0000000,1.0000000,0.0022874,-0.0198046,-0.0895275,0.2835975,-0.3679171,-0.2871757,-0.0024465,0.0198915,-0.0908642,0.2809972,-0.3714478,-0.2826507,0.0000000,0.0000000,0.0000000,0.0590804,0.0000000,0.0000000,0.0000000,0.0000000,0.0564695,0.0000000
-0.0413571,0.0697220,-0.1431296,0.0000000,0.0000000,0.0000000,1.0000000,0.0022874,-0.0198046,-0.0895275,0.2835975,-0.3679171,-0.2871757,-0.0024465,0.0198915,-0.0908642,0.2809972,-0.3714478,-0.2826507,0.0000000,0.0000000,0.0000000,0.0590804,0.0000000,0.0000000,0.0000000,0.0000000,0.0564695,0.0000000
-0.0413571,0.0697220,-0.1431296,0.0000000,0.0000000,0.0000000,1.0000000,0.0022874,-0.0198046,-0.0895275,0.2835975,-0.3679171,-0.2871757,-0.0024465,0.0198915,-0.0908642,0.2809972,-0.3714478,-0.2826507,0.0000000,0.0000000,0.0000000,0.0590804,0.0000000,0.0000000,0.0000000,0.0000000,0.0564695,0.0000000
-0.0413571,0.0697220,-0.1431296,0.0000000,0.0000000,0.0000000,1.0000000,0.0022874,-0.0198046,-0.0895275,0.2835975,-0.3679171,-0.2871757,-0.0024465,0.0198915,-0.0908642,0.2809972,-0.3714478,-0.2826507,0.0000000,0.0000000,0.0000000,0.0590804,0.0000000,0.0000000,0.0000000,0.0000000,0.0564695,0.0000000
-0.0413571,0.0697220,-0.1431296,0.0000000,0.0000000,0.0000000,1.0000000,0.0022874,-0.0198046,-0.0895275,0.2835975,-0.3679171,-0.2871757,-0.0024465,0.0198915,-0.0908642,0.2809972,-0.3714478,-0.2826507,0.0000000,0.0000000,0.0000000,0.0590804,0.0000000,-0.0000443,-0.0000156,0.0000050,0.0564741,0.0000000
-0.0413571,0.0697220,-0.1431296,0.0000000,0.0000000,0.0000000,1.0000000,0.0022874,-0.0198046,-0.0895275,0.2835975,-0.3679171,-0.2871757,-0.0024465,0.0198915,-0.0908642,0.2809972,-0.3714478,-0.2826507,0.0000000,0.0000000,0.0000000,0.0590804,0.0000000,-0.0003474,-0.0001220,0.0000391,0.0565057,0.0000000
-0.0413571,0.0697220,-0.1431296,0.0000000,0.0000000,0.0000000,1.0000000,0.0022874,-0.0198046,-0.0895275,0.2835975,-0.3679171,-0.2871757,-0.0024465,0.0198915,-0.0908642,0.2809972,-0.3714478,-0.2826507,0.0000000,0.0000000,0.0000000,0.0590804,0.0000000,-0.0011488,-0.0004036,0.0001293,0.0565894,0.0000000
-0.0413571,0.0697220,-0.1431296,0.0000000,0.0000000,0.0000000,1.0000000,0.0022874,-0.0198046,-0.0895275,0.2835975,-0.3679171,-0.2871757,-0.0024465,0.0198915,-0.0908642,0.2809972,-0.3714478,-0.2826507,0.0000000,0.0000000,0.0000000,0.0590804,0.0000000,-0.0026674,-0.0009370,0.0003002,0.0567478,0.0000000
-0.0413571,0.0697220,-0.1431296,0.0000000,0.0000000,0.0000000,1.0000000,0.0022874,-0.0198046,-0.0895275,0.2835975,-0.3679171,-0.2871757,-0.0024465,0.0198915,-0.0908642,0.2809972,-0.3714478,-0.2826507,0.0000000,0.0000000,0.0000000,0.0590804,0.0000000,-0.0051021,-0.0017923,0.0005742,0.0570019,0.0000000
-0.0413571,0.0697220,-0.1431296,0.0000000,0.0000000,0.0000000,1.0000000,0.0022874,-0.0198046,-0.0895275,0.2835975,-0.3679171,-0.2871757,-0.0024465,0.0198915,-0.0908642,0.2809972,-0.3714478,-0.2826507,0.0000000,0.0000000,0.0000000,0.0590804,0.0000000,-0.0086326,-0.0030325,0.0009714,0.0573703,0.0000000
-0.0413571,0.0697220,-0.1431296,0.0000000,0.0000000,0.0000000,1.0000000,0.0022874,-0.0198046,-0.0895275,0.2835975,-0.3679171,-0.2871757,-0.0024465,0.0198915,-0.0908642,0.2809972,-0.3714478,-0.2826507,0.0000000,0.0000000,0.0000000,0.0590804,0.0000000,-0.0134196,-0.0047141,0.0015101,0.0578749,0.0000000
-0.0413571,0.0697220,-0.1431296,0.0000000,0.0000000,0.0000000,1.0000000,0.0022874,-0.0198046,-0.0895275,0.2835975,-0.3679171,-0.2871757,-0.0024465,0.0198915,-0.0908642,0.2809972,-0.3714478,-0.2826507,0.0000000,0.0000000,0.0000000,0.0590804,0.0000000,-0.0196055,-0.0068871,0.0022063,0.0585290,0.0000000
-0.0413571,0.0697220,-0.1431296,0.0000000,0.0000000,0.0000000,1.0000000,0.0022874,-0.0198046,-0.0895275,0.2835975,-0.3679171,-0.2871757,-0.0024465,0.0198915,-0.0908642,0.2809972,-0.3714478,-0.2826507,0.0000000,0.0000000,0.0000000,0.0590804,0.0000000,-0.0273154,-0.0095955,0.0030739,0.0593441,0.0000000
-0.0413571,0.0697220,-0.1431296,0.0000000,0.0000000,0.0000000,1.0000000,0.0022874,-0.0198046,-0.0895275,0.2835975,-0.3679171,-0.2871757,-0.0024465,0.0198915,-0.0908642,0.2809972,-0.3714478,-0.2826507,0.0000000,0.0000000,0.0000000,0.0590804,0.0000000,-0.0366569,-0.0128771,0.0041251,0.0603318,0.0000000
-0.0413571,0.0697220,-0.1431296,0.0000000,0.0000000,0.0000000,1.0000000,0.0022874,-0.0198046,-0.0895275,0.2835975,-0.3679171,-0.2871757,-0.0024465,0.0198915,-0.0908642,0.2809972,-0.3714478,-0.2826507,0.0000000,0.0000000,0.0000000,0.0590804,0.0000000,-0.0477215,-0.0167639,0.0053702,0.0615016,0.0000000
-0.0413571,0.0697220,-0.1431296,0.0000000,0.0000000,0.0000000,1.0000000,0.0022874,-0.0198046,-0.0895275,0.2835975,-0.3679171,-0.2871757,-0.0024465,0.0198915,-0.0908642,0.2809972,-0.3714478,-0.2826507,0.0000000,0.0000000,0.0000000,0.0590804,0.0000000,-0.0605844,-0.0212824,0.0068177,0.0628616,0.0000000
-0.0413571,0.0697220,-0.1431296,0.0000000,0.0000000,0.0000000,1.0000000,0.0022874,-0.0198046,-0.0895275,0.2835975,-0.3679171,-0.2871757,-0.0024465,0.0198915,-0.0908642,0.2809972,-0.3714478,-0.2826507,0.0000000,0.0000000,0.0000000,0.0590804,0.0000000,-0.0753058,-0.0264539,0.0084743,0.0644180,0.0000000
-0.0413571,0.0697220,-0.1431296,0.0000000,0.0000000,0.0000000,1.0000000,0.0022874,-0.0198046,-0.0895275,0.2835975,-0.3679171,-0.2871757,-0.0024465,0.0198915,-0.0908642,0.2809972,-0.3714478,-0.2826507,0.0000000,0.0000000,0.0000000,0.0590804,0.0000000,-0.0919309,-0.0322940,0.0103451,0.0661774,0.0000000
-0.0413571,0.0697220,-0.1431296,0.0000000,0.0000000,0.0000000,1.0000000,0.0022874,-0.0198046,-0.0895275,0.2835975,-0.3679171,-0.2871757,-0.0024465,0.0198915,-0.0908642,0.2809972,-0.3714478,-0.2826507,0.0000000,0.0000000,0.0000000,0.0590804,0.0000000,-0.1104908,-0.0388139,0.0124336,0.0681661,0.0000000
-0.0413571,0.0697220,-0.1431296,0.0000000,0.0000000,0.0000000,1.0000000,0.0022874,-0.0198046,-0.0895275,0.2835975,-0.3679171,-0.2871757,-0.0024465,0.0198915,-0.0908642,0.2809972,-0.3714478,-0.2826507,0.0000000,0.0000000,0.0000000,0.0590804,0.0000000,-0.1310031,-0.0460195,0.0147418,0.0703639,0.0000000
-0.0413571,0.0697220,-0.1431296,0.0000000,0.0000000,0.0000000,1.0000000,0.0022874,-0.0198046,-0.0895275,0.2835975,-0.3679171,-0.2871757,-0.0024465,0.0198915,-0.0908642,0.2809972,-0.3714478,-0.2826507,0.0000000,0.0000000,0.0000000,0.0590804,0.0000000,-0.1534722,-0.0539126,0.0172702,0.0727714,0.0000000
-0.0413571,0.0697220,-0.1431296,0.0000000,0.0000000,0.0000000,1.0000000,0.0022874,-0.0198046,-0.0895275,0.2835975,-0.3679171,-0.2871757,-0.0024465,0.0198915,-0.0908642,0.2809972,-0.3714478,-0.2826507,0.0000000,0.0000000,0.0000000,0.0590804,0.0000000,-0.1778902,-0.0624903,0.0200178,0.0753970,0.0000000
-0.0413571,0.0697220,-0.1431296,0.0000000,0.0000000,0.0000000,1.0000000,0.0022874,-0.0198046,-0.0895275,0.2835975,-0.3679171,-0.2871757,-0.0024465,0.0198915,-0.0908642,0.2809972,-0.3714478,-0.2826507,0.0000000,0.0000000,0.0000000,0.0590804,0.0000000,-0.2042372,-0.0717457,0.0229825,0.0782544,0.0000000
-0.0413571,0.0697220,-0.1431296,0.0000000,0.0000000,0.0000000,1.0000000,0.0022874,-0.0198046,-0.0895275,0.2835975,-0.3679171,-0.2871757,-0.0024465,0.0198915,-0.0908642,0.2809972,-0.3714478,-0.2826507,0.0000000,0.0000000,0.0000000,0.0590804,0.0000000,-0.2324821,-0.0816677,0.0261608,0.0813176,0.0000000
-0.0413571,0.0697220,-0.1431296,0.0000000,0.0000000,0.0000000,1.0000000,0.0022874,-0.0198046,-0.0895275,0.2835975,-0.3679171,-0.2871757,-0.0024465,0.0198915,-0.0908642,0.2809972,-0.3714478,-0.2826507,0.0000000,0.0000000,0.0000000,0.0590804,0.0000000,-0.2625831,-0.0922419,0.0295478,0.0845993,0.0000000
-0.0413571,0.0697220,-0.1431296,0.0000000,0.0000000,0.0000000,1.0000000,0.0022874,-0.0198046,-0.0895275,0.2835975,-0.3679171,-0.2871757,-0.0024465,0.0198915,-0.0908642,0.2809972,-0.3714478,-0.2826507,0.0000000,0.0000000,0.0000000,0.0590804,0.0000000,-0.2944883,-0.1034498,0.0331378,0.0881025,0.0000000
-0.0413571,0.0697220,-0.1431296,0.0000000,0.0000000,0.0000000,1.0000000,0.0022874,-0.0198046,-0.0895275,0.2835975,-0.3679171,-0.2871757,-0.0024465,0.0198915,-0.0908642,0.2809972,-0.3714478,-0.2826507,0.0000000,0.0000000,0.0000000,0.0590804,0.0000000,-0.3281362,-0.1152699,0.0369239,0.0917973,0.0000000
-0.0413571,0.0697220,-0.1431296,0.0000000,0.0000000,0.0000000,1.0000000,0.0022874,-0.0198046,-0.0895275,0.2835975,-0.3679171,-0.2871757,-0.0024465,0.0198915,-0.0908642,0.2809972,-0.3714478,-0.2826507,0.0000000,0.0000000,0.0000000,0.0590804,0.0000000,-0.3634562,-0.1276774,0.0408980,0.0957239,0.0000000
-0.0413571,0.0697220,-0.1431296,0.0000000,0.0000000,0.0000000,1.0000000,0.0022874,-0.0198046,-0.0895275,0.2835975,-0.3679171,-0.2871757,-0.0024465,0.0198915,-0.0908642,0.2809972,-0.3714478,-0.2826507,0.0000000,0.0000000,0.0000000,0.0590804,0.0000000,-0.4003696,-0.1406447,0.0450514,0.0998277,0.0000000
-0.0413571,0.0697220,-0.1431296,0.0000000,0.0000000,0.0000000,1.0000000,0.0022874,-0.0198046,-0.0895275,0.2835975,-0.3679171,-0.2871757,-0.0024465,0.0198915,-0.0908642,0.2809972,-0.3714478,-0.2826507,0.0000000,0.0000000,0.0000000,0.0590804,0.0000000,-0.4387896,-0.1541413,0.0493743,0.1041438,0.0000000
-0.0413571,0.0697220,-0.1431296,0.0000000,0.0000000,0.0000000,1.0000000,0.0022874,-0.0198046,-0.0895275,0.2835975,-0.3679171,-0.2871757,-0.0024465,0.0198915,-0.0908642,0.2809972,-0.3714478,-0.2826507,0.0000000,0.0000000,0.0000000,0.0590804,0.0000000,-0.4786223,-0.1681342,0.0538561,0.1086252,0.0000000
-0.0413571,0.0697220,-0.1431296,0.0000000,0.0000000,0.0000000,1.0000000,0.0022874,-0.0198046,-0.0895275,0.2835975,-0.3679171,-0.2871757,-0.0024465,0.0198915,-0.0908642,0.2809972,-0.3714478,-0.2826507,0.0000000,0.0000000,0.0000000,0.0590804,0.0000000,-0.5197672,-0.1825881,0.0584854,0.1133041,0.0000000
-0.0413571,0.0697220,-0.1431296,0.0000000,0.0000000,0.0000000,1.0000000,0.0022874,-0.0198046,-0.0895275,0.2835975,-0.3679171,-0.2871757,-0.0024465,0.0198915,-0.0908642,0.2809972,-0.3714478,-0.2826507,0.0000000,0.0000000,0.0000000,0.0590804,0.0000000,-0.5621176,-0.1974656,0.0632503,0.1181307,0.0000000
-0.0413571,0.0697220,-0.1431296,0.0000000,0.0000000,0.0000000,1.0000000,0.0022874,-0.0198046,-0.0895275,0.2835975,-0.3679171,-0.2871757,-0.0024465,0.0198915,-0.0908642,0.2809972,-0.3714478,-0.2826507,0.0000000,0.0000000,0.0000000,0.0590804,0.0000000,-0.6055614,-0.2127272,0.0681381,0.1231334,0.0000000
-0.0413571,0.0697220,-0.1431296,0.0000000,0.0000000,0.0000000,1.0000000,0.0022874,-0.0198046,-0.0895275,0.2835975,-0.3679171,-0.2871757,-0.0024465,0.0198915,-0.0908642,0.2809972,-0.3714478,-0.2826507,0.0000000,0.0000000,0.0000000,0.0590804,0.0000000,-0.6499815,-0.2283318,0.0731357,0.1282726,0.0000000
-0.0413571,0.0697220,-0.1431296,0.0000000,0.0000000,0.0000000,1.0000000,0.0022874,-0.0198046,-0.0895275,0.2835975,-0.3679171,-0.2871757,-0.0024465,0.0198915,-0.0908642,0.2809972,-0.3714478,-0.2826507,0.0000000,0.0000000,0.0000000,0.0590804,0.0000000,-0.6952564,-0.2442368,0.0782295,0.1335464,0.0000000
-0.0413571,0.0697220,-0.1431296,0.0000000,0.0000000,0.0000000,1.0000000,0.0022874,-0.0198046,-0.0895275,0.2835975,-0.3679171,-0.2871757,-0.0024465,0.0198915,-0.0908642,0.2809972,-0.3714478,-0.2826507,0.0000000,0.0000000,0.0000000,0.0590804,0.0000000,-0.7412611,-0.2603982,0.0834052,0.1389494,0.0000000
-0.0413571,0.0697220,-0.1431296,0.0000000,0.0000000,0.0000000,1.0000000,0.0022874,-0.0198046,-0.0895275,0.2835975,-0.3679171,-0.2871757,-0.0024465,0.0198915,-0.0908642,0.2809972,-0.3714478,-0.2826507,0.0000000,0.0000000,0.0000000,0.0590804,0.0000000,-0.7878671,-0.2767710,0.0886485,0.1444480,0.0000000
-0.0413571,0.0697220,-0.1431296,0.0000000,0.0000000,0.0000000,1.0000000,0.0022874,-0.0198046,-0.0895275,0.2835975,-0.3679171,-0.2871757,-0.0024465,0.0198915,-0.0908642,0.2809972,-0.3714478,-0.2826507,0.0000000,0.0000000,0.0000000,0.0590804,0.0000000,-0.8349435,-0.2933091,0.0939447,0.1500537,0.0000000
-0.0413571,0.0697220,-0.1431296,0.0000000,0.0000000,0.0000000,1.0000000,0.0022874,-0.0198046,-0.0895275,0.2835975,-0.3679171,-0.2871757,-0.0024465,0.0198915,-0.0908642,0.2809972,-0.3714478,-0.2826507,0.0000000,0.0000000,0.0000000,0.0590804,0.0000000,-0.8823574,-0.3099659,0.0992787,0.1557399,0.0000000
-0.0413571,0.0697220,-0.1431296,0.0000000,0.0000000,0.0000000,1.0000000,0.0022874,-0.0198046,-0.0895275,0.2835975,-0.3679171,-0.2871757,-0.0024465,0.0198915,-0.0908642,0.2809972,-0.3714478,-0.2826507,0.0000000,0.0000000,0.0000000,0.0590804,0.0000000,-0.9299743,-0.3266941,0.1046356,0.1614810,0.0000000
-0.0413571,0.0697220,-0.1431296,0.0000000,0.0000000,0.0000000,1.0000000,0.0022874,-0.0198046,-0.0895275,0.2835975,-0.3679171,-0.2871757,-0.0024465,0.0198915,-0.0908642,0.2809972,-0.3714478,-0.2826507,0.0000000,0.0000000,0.0000000,0.0590804,0.0000000,-0.9776588,-0.3434462,0.1099999,0.1672841,0.0000000
-0.0413571,0.0697220,-0.1431296,0.0000000,0.0000000,0.0000000,1.0000000,0.0022874,-0.0198046,-0.0895275,0.2835975,-0.3679171,-0.2871757,-0.0024465,0.0198915,-0.0908642,0.2809972,-0.3714478,-0.2826507,0.0000000,0.0000000,0.0000000,0.0590804,0.0000000,-1.0252755,-0.3601745,0.1153566,0.1731178,0.0000000
-0.0413571,0.0697220,-0.1431296,0.0000000,0.0000000,0.0000000,1.0000000,0.0022874,-0.0198046,-0.0895275,0.2835975,-0.3679171,-0.2871757,-0.0024465,0.0198915,-0.0908642,0.2809972,-0.3714478,-0.2826507,0.0000000,0.0000000,0.0000000,0.0590804,0.0000000,-1.0726891,-0.3768316,0.1206903,0.1789577,0.0000000
-0.0413571,0.0697220,-0.1431296,0.0000000,0.0000000,0.0000000,1.0000000,0.0022874,-0.0198046,-0.0895275,0.2835975,-0.3679171,-0.2871757,-0.0024465,0.0198915,-0.0908642,0.2809972,-0.3714478,-0.2826507,0.0000000,0.0000000,0.0000000,0.0590804,0.0000000,-1.1197650,-0.3933702,0.1259859,0.1848062,0.0000000
-0.0413571,0.0697220,-0.1431296,0.0000000,0.0000000,0.0000000,1.0000000,0.0022874,-0.0198046,-0.0895275,0.2835975,-0.3679171,-0.2871757,-0.0024465,0.0198915,-0.0908642,0.2809972,-0.3714478,-0.2826507,0.0000000,0.0000000,0.0000000,0.0590804,0.0000000,-1.1663704,-0.4097435,0.1312286,0.1906347,0.0000000
-0.0413571,0.0697220,-0.1431296,0.0000000,0.0000000,0.0000000,1.0000000,0.0022874,-0.0198046,-0.0895275,0.2835975,-0.3679171,-0.2871757,-0.0024465,0.0198915,-0.0908642,0.2809972,-0.3714478,-0.2826507,0.0000000,0.0000000,0.0000000,0.0590804,0.0000000,-1.2123742,-0.4259057,0.1364035,0.1964166,0.0000000
-0.0413571,0.0697220,-0.1431296,0.0000000,0.0000000,0.0000000,1.0000000,0.0022874,-0.0198046,-0.0895275,0.2835975,-0.3679171,-0.2871757,-0.0024465,0.0198915,-0.0908642,0.2809972,-0.3714478,-0.2826507,0.0000000,0.0000000,0.0000000,0.0590804,0.0000000,-1.2576482,-0.4418116,0.1414963,0.2021524,0.0000000
-0.0413571,0.0697220,-0.1431296,0.0000000,0.0000000,0.0000000,1.0000000,0.0022874,-0.0198046,-0.0895275,0.2835975,-0.3679171,-0.2871757,-0.0024465,0.0198915,-0.0908642,0.2809972,-0.3714478,-0.2826507,0.0000000,0.0000000,0.0000000,0.0590804,0.0000000,-1.3020672,-0.4574172,0.1464928,0.2078130,0.0000000
-0.0413571,0.0697220,-0.1431296,0.0000000,0.0000000,0.0000000,1.0000000,0.0022874,-0.0198046,-0.0895275,0.2835975,-0.3679171,-0.2871757,-0.0024465,0.0198915,-0.0908642,0.2809972,-0.3714478,-0.2826507,0.0000000,0.0000000,0.0000000,0.0590804,0.0000000,-1.3455098,-0.4726799,0.1513795,0.2133722,0.0000000
-0.0413571,0.0697220,-0.1431296,0.0000000,0.0000000,0.0000000,1.0000000,0.0022874,-0.0198046,-0.0895275,0.2835975,-0.3679171,-0.2871757,-0.0024465,0.0198915,-0.0908642,0.2809972,-0.3714478,-0.2826507,0.0000000,0.0000000,0.0000000,0.0590804,0.0000000,-1.3878589,-0.4875585,0.1561431,0.2188378,0.0000000
-0.0413571,0.0697220,-0.1431296,0.0000000,0.0000000,0.0000000,1.0000000,0.0022874,-0.0198046,-0.0895275,0.2835975,-0.3679171,-0.2871757,-0.0024465,0.0198915,-0.0908642,0.2809972,-0.3714478,-0.2826507,0.0000000,0.0000000,0.0000000,0.0590804,0.0000000,-1.4290025,-0.5020136,0.1607710,0.2241690,0.0000000
-0.0413571,0.0697220,-0.1431296,0.0000000,0.0000000,0.0000000,1.0000000,0.0022874,-0.0198046,-0.0895275,0.2835975,-0.3679171,-0.2871757,-0.0024465,0.0198915,-0.0908642,0.2809972,-0.3714478,-0.2826507,0.0000000,0.0000000,0.0000000,0.0590804,0.0000000,-1.4688338,-0.5160078,0.1652513,0.2293527,0.0000000
-0.0413571,0.0697220,-0.1431296,0.0000000,0.0000000,0.0000000,1.0000000,0.0022874,-0.0198046,-0.0895275,0.2835975,-0.3679171,-0.2871757,-0.0024465,0.0198915,-0.0908642,0.2809972,-0.3714478,-0.2826507,0.0000000,0.0000000,0.0000000,0.0590804,0.0000000,-1.5072523,-0.5295057,0.1695726,0.2343844,0.0000000
-0.0413571,0.0697220,-0.1431296,0.0000000,0.0000000,0.0000000,1.0000000,0.0022874,-0.0198046,-0.0895275,0.2835975,-0.3679171,-0.2871757,-0.0024465,0.0198915,-0.0908642,0.2809972,-0.3714478,-0.2826507,0.0000000,0.0000000,0.0000000,0.0590804,0.0000000,-1.5441641,-0.5424744,0.1737245,0.2392277,0.0000000
-0.0413571,0.0697220,-0.1431296,0.0000000,0.0000000,0.0000000,1.0000000,0.0022874,-0.0198046,-0.0895275,0.2835975,-0.3679171,-0.2871757,-0.0024465,0.0198915,-0.0908642,0.2809972,-0.3714478,-0.2826507,0.0000000,0.0000000,0.0000000,0.0590804,0.0000000,-1.5794826,-0.5548833,0.1776970,0.2438980,0.0000000
-0.0413571,0.0697220,-0.1431296,0.0000000,0.0000000,0.0000000,1.0000000,0.0022874,-0.0198046,-0.0895275,0.2835975,-0.3679171,-0.2871757,-0.0024465,0.0198915,-0.0908642,0.2809972,-0.3714478,-0.2826507,0.0000000,0.0000000,0.0000000,0.0590804,0.0000000,-1.6131290,-0.5667048,0.1814815,0.2483518,0.0000000
-0.0413571,0.0697220,-0.1431296,0.0000000,0.0000000,0.0000000,1.0000000,0.0022874,-0.0198046,-0.0895275,0.2835975,-0.3679171,-0.2871757,-0.0024465,0.0198915,-0.0908642,0.2809972,-0.3714478,-0.2826507,0.0000000,0.0000000,0.0000000,0.0590804,0.0000000,-1.6450326,-0.5779141,0.1850699,0.2526033,0.0000000
-0.0413571,0.0697220,-0.1431296,0.0000000,0.0000000,0.0000000,1.0000000,0.0022874,-0.0198046,-0.0895275,0.2835975,-0.3679171,-0.2871757,-0.0024465,0.0198915,-0.0908642,0.2809972,-0.3714478,-0.2826507,0.0000000,0.0000000,0.0000000,0.0590804,0.0000000,-1.6751322,-0.5884895,0.1884554,0.2566155,0.0000000
-0.0413571,0.0697220,-0.1431296,0.0000000,0.0000000,0.0000000,1.0000000,0.0022874,-0.0198046,-0.0895275,0.2835975,-0.3679171,-0.2871757,-0.0024465,0.0198915,-0.0908642,0.2809972,-0.3714478,-0.2826507,0.0000000,0.0000000,0.0000000,0.0590804,0.0000000,-1.7033756,-0.5984129,0.1916321,0.2604048,0.0000000
-0.0413571,0.0697220,-0.1431296,0.0000000,0.0000000,0.0000000,1.0000000,0.0022874,-0.0198046,-0.0895275,0.2835975,-0.3679171,-0.2871757,-0.0024465,0.0198915,-0.0908642,0.2809972,-0.3714478,-0.2826507,0.0000000,0.0000000,0.0000000,0.0590804,0.0000000,-1.7297213,-0.6076695,0.1945953,0.2639396,0.0000000
-0.0413571,0.0697220,-0.1431296,0.0000000,0.0000000,0.0000000,1.0000000,0.0022874,-0.0198046,-0.0895275,0.2835975,-0.3679171,-0.2871757,-0.0024465,0.0198915,-0.0908642,0.2809972,-0.3714478,-0.2826507,0.0000000,0.0000000,0.0000000,0.0590804,0.0000000,-1.7541379,-0.6162484,0.1973415,0.2672280,0.0000000
-0.0413571,0.0697220,-0.1431296,0.0000000,0.0000000,0.0000000,1.0000000,0.0022874,-0.0198046,-0.0895275,0.2835975,-0.3679171,-0.2871757,-0.0024465,0.0198915,-0.0908642,0.2809972,-0.3714478,-0.2826507,0.0000000,0.0000000,0.0000000,0.0590804,0.0000000,-1.7766057,-0.6241426,0.1998686,0.2702609,0.0000000
-0.0413571,0.0697220,-0.1431296,0.0000000,0.0000000,0.0000000,1.0000000,0.0022874,-0.0198046,-0.0895275,0.2835975,-0.3679171,-0.2871757,-0.0024465,0.0198915,-0.0908642,0.2809972,-0.3714478,-0.2826507,0.0000000,0.0000000,0.0000000,0.0590804,0.0000000,-1.7971168,-0.6313493,0.2021755,0.2730298,0.0000000
-0.0413571,0.0697220,-0.1431296,0.0000000,0.0000000,0.0000000,1.0000000,0.0022874,-0.0198046,-0.0895275,0.2835975,-0.3679171,-0.2871757,-0.0024465,0.0198915,-0.0908642,0.2809972,-0.3714478,-0.2826507,0.0000000,0.0000000,0.0000000,0.0590804,0.0000000,-1.8156757,-0.6378701,0.2042629,0.2755456,0.0000000
-0.0413571,0.0697220,-0.1431296,0.0000000,0.0000000,0.0000000,1.0000000,0.0022874,-0.0198046,-0.0895275,0.2835975,-0.3679171,-0.2871757,-0.0024465,0.0198915,-0.0908642,0.2809972,-0.3714478,-0.2826507,0.0000000,0.0000000,0.0000000,0.0590804,0.0000000,-1.8322998,-0.6437112,0.2061326,0.2778041,0.0000000
-0.0413571,0.0697220,-0.1431296,0.0000000,0.0000000,0.0000000,1.0000000,0.0022874,-0.0198046,-0.0895275,0.2835975,-0.3679171,-0.2871757,-0.0024465,0.0198915,-0.0908642,0.2809972,-0.3714478,-0.2826507,0.0000000,0.0000000,0.0000000,0.0590804,0.0000000,-1.8470203,-0.6488833,0.2077883,0.2798040,0.0000000
-0.0413571,0.0697220,-0.1431296,0.0000000,0.0000000,0.0000000,1.0000000,0.0022874,-0.0198046,-0.0895275,0.2835975,-0.3679171,-0.2871757,-0.0024465,0.0198915,-0.0908642,0.2809972,-0.3714478,-0.2826507,0.0000000,0.0000000,0.0000000,0.0590804,0.0000000,-1.8598824,-0.6534026,0.2092349,0.2815514,0.0000000
-0.0413571,0.0697220,-0.1431296,0.0000000,0.0000000,0.0000000,1.0000000,0.0022874,-0.0198046,-0.0895275,0.2835975,-0.3679171,-0.2871757,-0.0024465,0.0198915,-0.0908642,0.2809972,-0.3714478,-0.2826507,0.0000000,0.0000000,0.0000000,0.0590804,0.0000000,-1.8709463,-0.6572900,0.2104792,0.2830568,0.0000000
-0.0413571,0.0697220,-0.1431296,0.0000000,0.0000000,0.0000000,1.0000000,0.0022874,-0.0198046,-0.0895275,0.2835975,-0.3679171,-0.2871757,-0.0024465,0.0198915,-0.0908642,0.2809972,-0.3714478,-0.2826507,0.0000000,0.0000000,0.0000000,0.0590804,0.0000000,-1.8802873,-0.6605721,0.2115298,0.2843327,0.0000000
-0.0413571,0.0697220,-0.1431296,0.0000000,0.0000000,0.0000000,1.0000000,0.0022874,-0.0198046,-0.0895275,0.2835975,-0.3679171,-0.2871757,-0.0024465,0.0198915,-0.0908642,0.2809972,-0.3714478,-0.2826507,0.0000000,0.0000000,0.0000000,0.0590804,0.0000000,-1.8879966,-0.6632809,0.2123969,0.2853856,0.0000000
-0.0413571,0.0697220,-0.1431296,0.0000000,0.0000000,0.0000000,1.0000000,0.0022874,-0.0198046,-0.0895275,0.2835975,-0.3679171,-0.2871757,-0.0024465,0.0198915,-0.0908642,0.2809972,-0.3714478,-0.2826507,0.0000000,0.0000000,0.0000000,0.0590804,0.0000000,-1.8941822,-0.6654543,0.2130926,0.2862305,0.0000000
-0.0413571,0.0697220,-0.1431296,0.0000000,0.0000000,0.0000000,1.0000000,0.0022874,-0.0198046,-0.0895275,0.2835975,-0.3679171,-0.2871757,-0.0024465,0.0198915,-0.0908642,0.2809972,-0.3714478,-0.2826507,0.0000000,0.0000000,0.0000000,0.0590804,0.0000000,-1.8989689,-0.6671361,0.2136310,0.2868843,0.0000000
-0.0413571,0.0697220,-0.1431296,0.0000000,0.0000000,0.0000000,1.0000000,0.0022874,-0.0198046,-0.0895275,0.2835975,-0.3679171,-0.2871757,-0.0024465,0.0198915,-0.0908642,0.2809972,-0.3714478,-0.2826507,0.0000000,0.0000000,0.0000000,0.0590804,0.0000000,-1.9024991,-0.6683765,0.2140280,0.2873664,0.0000000
-0.0413571,0.0697220,-0.1431296,0.0000000,0.0000000,0.0000000,1.0000000,0.0022874,-0.0198046,-0.0895275,0.2835975,-0.3679171,-0.2871757,-0.0024465,0.0198915,-0.0908642,0.2809972,-0.3714478,-0.2826507,0.0000000,0.0000000,0.0000000,0.0590804,0.0000000,-1.9049337,-0.6692319,0.2143018,0.2876990,0.0000000
-0.0413571,0.0697220,-0.1431296,0.0000000,0.0000000,0.0000000,1.0000000,0.0022874,-0.0198046,-0.0895275,0.2835975,-0.3679171,-0.2871757,-0.0024465,0.0198915,-0.0908642,0.2809972,-0.3714478,-0.2826507,0.0000000,0.0000000,0.0000000,0.0590804,0.0000000,-1.9064522,-0.6697655,0.2144726,0.2879064,0.0000000
-0.0413571,0.0697220,-0.1431296,0.0000000,0.0000000,0.0000000,1.0000000,0.0022874,-0.0198046,-0.0895275,0.2835975,-0.3679171,-0.2871757,-0.0024465,0.0198915,-0.0908642,0.2809972,-0.3714478,-0.2826507,0.0000000,0.0000000,0.0000000,0.0590804,0.0000000,-1.9072535,-0.6700470,0.2145627,0.2880158,0.0000000
-0.0413571,0.0697220,-0.1431296,0.0000000,0.0000000,0.0000000,1.0000000,0.0022874,-0.0198046,-0.0895275,0.2835975,-0.3679171,-0.2871757,-0.0024465,0.0198915,-0.0908642,0.2809972,-0.3714478,-0.2826507,0.0000000,0.0000000,0.0000000,0.0590804,0.0000000,-1.9075566,-0.6701535,0.2145968,0.2880572,0.0000000
-0.0413571,0.0697220,-0.1431296,0.0000000,0.0000000,0.0000000,1.0000000,0.0022874,-0.0198046,-0.0895275,0.2835975,-0.3679171,-0.2871757,-0.0024465,0.0198915,-0.0908642,0.2809972,-0.3714478,-0.2826507,0.0000000,0.0000000,0.0000000,0.0590804,0.0000000,-1.9076009,-0.6701691,0.2146018,0.2880633,0.0000000
-0.0413571,0.0697220,-0.1431296,0.0000000,0.0000000,0.0000000,1.0000000,0.0022874,-0.0198046,-0.0895275,0.2835975,-0.3679171,-0.2871757,-0.0024465,0.0198915,-0.0908642,0.2809972,-0.3714478,-0.2826507,0.0000000,0.0000000,0.0000000,0.0590804,0.0000000,-1.9076009,-0.6701691,0.2146166,0.2880633,-0.0000074
-0.0413571,0.0697220,-0.1431296,0.0000000,0.0000000,0.0000000,1.0000000,0.0022874,-0.0198046,-0.0895275,0.2835975,-0.3679171,-0.2871757,-0.0024465,0.0198915,-0.0908642,0.2809972,-0.3714478,-0.2826507,0.0000000,0.0000000,0.0000000,0.0590804,0.0000000,-1.9076009,-0.6701691,0.2148250,0.2880633,-0.0001116
-0.0413571,0.0697220,-0.1431296,0.0000000,0.0000000,0.0000000,1.0000000,0.0022874,-0.0198046,-0.0895275,0.2835975,-0.3679171,-0.2871757,-0.0024465,0.0198915,-0.0908642,0.2809972,-0.3714478,-0.2826507,0.0000000,0.0000000,0.0000000,0.0590804,0.0000000,-1.9076009,-0.6701691,0.2156563,0.2880633,-0.0005272
-0.0413571,0.0697220,-0.1431296,0.0000000,0.0000000,0.0000000,1.0000000,0.0022874,-0.0198046,-0.0895275,0.2835975,-0.3679171,-0.2871757,-0.0024465,0.0198915,-0.0908642,0.2809972,-0.3714478,-0.2826507,0.0000000,0.0000000,0.0000000,0.0590804,0.0000000,-1.9076009,-0.6701691,0.2176700,0.2880633,-0.0015341
-0.0413571,0.0697220,-0.1431296,0.0000000,0.0000000,0.0000000,1.0000000,0.0022874,-0.0198046,-0.0895275,0.2835975,-0.3679171,-0.2871757,-0.0024465,0.0198915,-0.0908642,0.2809972,-0.3714478,-0.2826507,0.0000000,0.0000000,0.0000000,0.0590804,0.0000000,-1.9076009,-0.6701692,0.2214016,0.2880633,-0.0033999
-0.0413571,0.0697220,-0.1431296,0.0000000,0.0000000,0.0000000,1.0000000,0.0022874,-0.0198046,-0.0895275,0.2835975,-0.3679171,-0.2871757,-0.0024465,0.0198915,-0.0908642,0.2809972,-0.3714478,-0.2826507,0.0000000,0.0000000,0.0000000,0.0590804,0.0000000,-1.9076010,-0.6701692,0.2272096,0.2880633,-0.0063039
-0.0413571,0.0697220,-0.1431296,0.0000000,0.0000000,0.0000000,1.0000000,0.0022874,-0.0198046,-0.0895275,0.2835975,-0.3679171,-0.2871757,-0.0024465,0.0198915,-0.0908642,0.2809972,-0.3714478,-0.2826507,0.0000000,0.0000000,0.0000000,0.0590804,0.0000000,-1.9076010,-0.6701693,0.2351465,0.2880633,-0.0102723
-0.0413571,0.0697220,-0.1431296,0.0000000,0.0000000,0.0000000,1.0000000,0.0022874,-0.0198046,-0.0895275,0.2835975,-0.3679171,-0.2871757,-0.0024465,0.0198915,-0.0908642,0.2809972,-0.3714478,-0.2826507,0.0000000,0.0000000,0.0000000,0.0590804,0.0000000,-1.9076010,-0.6701694,0.2448689,0.2880633,-0.0151335
-0.0413571,0.0697220,-0.1431296,0.0000000,0.0000000,0.0000000,1.0000000,0.0022874,-0.0198046,-0.0895275,0.2835975,-0.3679171,-0.2871757,-0.0024465,0.0198915,-0.0908642,0.2809972,-0.3714478,-0.2826507,0.0000000,0.0000000,0.0000000,0.0590804,0.0000000,-1.9076011,-0.6701695,0.2555999,0.2880633,-0.0204990
-0.0413571,0.0697220,-0.1431296,0.0000000,0.0000000,0.0000000,1.0000000,0.0022874,-0.0198046,-0.0895275,0.2835975,-0.3679171,-0.2871757,-0.0024465,0.0198915,-0.0908642,0.2809972,-0.3714478,-0.2826507,0.0000000,0.0000000,0.0000000,0.0590804,0.0000000,-1.9076011,-0.6701696,0.2661498,0.2880633,-0.0257739
-0.0413571,0.0697220,-0.1431296,0.0000000,0.0000000,0.0000000,1.0000000,0.0022874,-0.0198046,-0.0895275,0.2835975,-0.3679171,-0.2871757,-0.0024465,0.0198915,-0.0908642,0.2809972,-0.3714478,-0.2826507,0.0000000,0.0000000,0.0000000,0.0590804,0.0000000,-1.9076012,-0.6701696,0.2749928,0.2880633,-0.0301954
-0.0413571,0.0697220,-0.1431296,0.0000000,0.0000000,0.0000000,1.0000000,0.0022874,-0.0198046,-0.0895275,0.2835975,-0.3679171,-0.2871757,-0.0024465,0.0198915,-0.0908642,0.2809972,-0.3714478,-0.2826507,0.0000000,0.0000000,0.0000000,0.0590804,0.0000000,-1.9076012,-0.6701697,0.2803949,0.2880633,-0.0328965
-0.0413571,0.0697220,-0.1431296,0.0000000,0.0000000,0.0000000,1.0000000,0.0022874,-0.0198046,-0.0895275,0.2835975,-0.3679171,-0.2871757,-0.0024465,0.0198915,-0.0908642,0.2809972,-0.3714478,-0.2826507,0.0000000,0.0000000,0.0000000,0.0590804,0.0000000,-1.9076012,-0.6701697,0.2805809,0.2880633,-0.0329895
-0.0413571,0.0697220,-0.1431296,0.0000000,0.0000000,0.0000000,1.0000000,0.0022874,-0.0198046,-0.0895275,0.2835975,-0.3679171,-0.2871757,-0.0024465,0.0198915,-0.0908642,0.2809972,-0.3714478,-0.2826507,0.0000000,0.0000000,0.0000000,0.0590804,0.0000000,-1.9076012,-0.6701696,0.2739224,0.2880633,-0.0296602
-0.0413571,0.0697220,-0.1431296,0.0000000,0.0000000,0.0000000,1.0000000,0.0022874,-0.0198046,-0.0895275,0.2835975,-0.3679171,-0.2871757,-0.0024465,0.0198915,-0.0908642,0.2809972,-0.3714478,-0.2826507,0.0000000,0.0000000,0.0000000,0.0590804,0.0000000,-1.9076011,-0.6701695,0.2591307,0.2880633,-0.0222644
-0.0413571,0.0697220,-0.1431296,0.0000000,0.0000000,0.0000000,1.0000000,0.0022874,-0.0198046,-0.0895275,0.2835975,-0.3679171,-0.2871757,-0.0024465,0.0198915,-0.0908642,0.2809972,-0.3714478,-0.2826507,0.0000000,0.0000000,0.0000000,0.0590804,0.0000000,-1.9076010,-0.6701693,0.2354336,0.2880633,-0.0104159
-0.0413571,0.0697220,-0.1431296,0.0000000,0.0000000,0.0000000,1.0000000,0.0022874,-0.0198046,-0.0895275,0.2835975,-0.3679171,-0.2871757,-0.0024465,0.0198915,-0.0908642,0.2809972,-0.3714478,-0.2826507,0.0000000,0.0000000,0.0000000,0.0590804,0.0000000,-1.9076009,-0.6701690,0.2027177,0.2880633,0.0059420
-0.0413571,0.0697220,-0.1431296,0.0000000,0.0000000,0.0000000,1.0000000,0.0022874,-0.0198046,-0.0895275,0.2835975,-0.3679171,-0.2871757,-0.0024465,0.0198915,-0.0908642,0.2809972,-0.3714478,-0.2826507,0.0000000,0.0000000,0.0000000,0.0590804,0.0000000,-1.9076007,-0.6701686,0.1616212,0.2880633,0.0264902
-0.0413571,0.0697220,-0.1431296,0.0000000,0.0000000,0.0000000,1.0000000,0.0022874,-0.0198046,-0.0895275,0.2835975,-0.3679171,-0.2871757,-0.0024465,0.0198915,-0.0908642,0.2809972,-0.3714478,-0.2826507,0.0000000,0.0000000,0.0000000,0.0590804,0.0000000,-1.9076006,-0.6701682,0.1135656,0.2880633,0.0505180
-0.0413571,0.0697220,-0.1431296,0.0000000,0.0000000,0.0000000,1.0000000,0.0022874,-0.0198046,-0.0895275,0.2835975,-0.3679171,-0.2871757,-0.0024465,0.0198915,-0.0908642,0.2809972,-0.3714478,-0.2826507,0.0000000,0.0000000,0.0000000,0.0590804,0.0000000,-1.9076005,-0.6701676,0.0607197,0.2880633,0.0769409
-0.0413571,0.0697220,-0.1431296,0.0000000,0.0000000,0.0000000,1.0000000,0.0022874,-0.0198046,-0.0895275,0.2835975,-0.3679171,-0.2871757,-0.0024465,0.0198915,-0.0908642,0.2809972,-0.3714478,-0.2826507,0.0000000,0.0000000,0.0000000,0.0590804,0.0000000,-1.9076004,-0.6701671,0.0058962,0.2880633,0.1043527
-0.0413571,0.0697220,-0.1431296,0.0000000,0.0000000,0.0000000,1.0000000,0.0022874,-0.0198046,-0.0895275,0.2835975,-0.3679171,-0.2871757,-0.0024465,0.0198915,-0.0908642,0.2809972,-0.3714478,-0.2826507,0.0000000,0.0000000,0.0000000,0.0590804,0.0000000,-1.9076004,-0.6701666,-0.0476134,0.2880633,0.1311075
-0.0413571,0.0697220,-0.1431296,0.0000000,0.0000000,0.0000000,1.0000000,0.0022874,-0.0198046,-0.0895275,0.2835975,-0.3679171,-0.2871757,-0.0024465,0.0198915,-0.0908642,0.2809972,-0.3714478,-0.2826507,0.0000000,0.0000000,0.0000000,0.0590804,0.0000000,-1.9076003,-0.6701661,-0.0962539,0.2880633,0.1554277
-0.0413571,0.0697220,-0.1431296,0.0000000,0.0000000,0.0000000,1.0000000,0.0022874,-0.0198046,-0.0895275,0.2835975,-0.3679171,-0.2871757,-0.0024465,0.0198915,-0.0908642,0.2809972,-0.3714478,-0.2826507,0.0000000,0.0000000,0.0000000,0.0590804,0.0000000,-1.9076004,-0.6701657,-0.1364558,0.2880633,0.1755286
-0.0413571,0.0697220,-0.1431296,0.0000000,0.0000000,0.0000000,1.0000000,0.0022874,-0.0198046,-0.0895275,0.2835975,-0.3679171,-0.2871757,-0.0024465,0.0198915,-0.0908642,0.2809972,-0.3714478,-0.2826507,0.0000000,0.0000000,0.0000000,0.0590804,0.0000000,-1.9076004,-0.6701655,-0.1648990,0.2880633,0.1897502
-0.0413571,0.0697220,-0.1431296,0.0000000,0.0000000,0.0000000,1.0000000,0.0022874,-0.0198046,-0.0895275,0.2835975,-0.3679171,-0.2871757,-0.0024465,0.0198915,-0.0908642,0.2809972,-0.3714478,-0.2826507,0.0000000,0.0000000,0.0000000,0.0590804,0.0000000,-1.9076004,-0.6701653,-0.1787696,0.2880633,0.1966855
-0.0413571,0.0697220,-0.1431296,0.0000000,0.0000000,0.0000000,1.0000000,0.0022874,-0.0198046,-0.0895275,0.2835975,-0.3679171,-0.2871757,-0.0024465,0.0198915,-0.0908642,0.2809972,-0.3714478,-0.2826507,0.0000000,0.0000000,0.0000000,0.0590804,0.0000000,-1.9076004,-0.6701654,-0.1759884,0.2880633,0.1952949
-0.0413571,0.0697220,-0.1431296,0.0000000,0.0000000,0.0000000,1.0000000,0.0022874,-0.0198046,-0.0895275,0.2835975,-0.3679171,-0.2871757,-0.0024465,0.0198915,-0.0908642,0.2809972,-0.3714478,-0.2826507,0.0000000,0.0000000,0.0000000,0.0590804,0.0000000,-1.9076004,-0.6701656,-0.1553917,0.2880633,0.1849966
-0.0413571,0.0697220,-0.1431296,0.0000000,0.0000000,0.0000000,1.0000000,0.0022874,-0.0198046,-0.0895275,0.2835975,-0.3679171,-0.2871757,-0.0024465,0.0198915,-0.0908642,0.2809972,-0.3714478,-0.2826507,0.0000000,0.0000000,0.0000000,0.0590804,0.0000000,-1.9076003,-0.6701659,-0.1168486,0.2880633,0.1657251
-0.0413571,0.0697220,-0.1431296,0.0000000,0.0000000,0.0000000,1.0000000,0.0022874,-0.0198046,-0.0895275,0.2835975,-0.3679171,-0.2871757,-0.0024465,0.0198915,-0.0908642,0.2809972,-0.3714478,-0.2826507,0.0000000,0.0000000,0.0000000,0.0590804,0.0000000,-1.9076003,-0.6701665,-0.0613038,0.2880633,0.1379526
-0.0413571,0.0697220,-0.1431296,0.0000000,0.0000000,0.0000000,1.0000000,0.0022874,-0.0198046,-0.0895275,0.2835975,-0.3679171,-0.2871757,-0.0024465,0.0198915,-0.0908642,0.2809972,-0.3714478,-0.2826507,0.0000000,0.0000000,0.0000000,0.0590804,0.0000000,-1.9076004,-0.6701672,0.0092588,0.2880633,0.1026713
-0.0413571,0.0697220,-0.1431296,0.0000000,0.0000000,0.0000000,1.0000000,0.0022874,-0.0198046,-0.0895275,0.2835975,-0.3679171,-0.2871757,-0.0024465,0.0198915,-0.0908642,0.2809972,-0.3714478,-0.2826507,0.0000000,0.0000000,0.0000000,0.0590804,0.0000000,-1.9076005,-0.6701679,0.0919298,0.2880633,0.0613359
-0.0413571,0.0697220,-0.1431296,0.0000000,0.0000000,0.0000000,1.0000000,0.0022874,-0.0198046,-0.0895275,0.2835975,-0.3679171,-0.2871757,-0.0024465,0.0198915,-0.0908642,0.2809972,-0.3714478,-0.2826507,0.0000000,0.0000000,0.0000000,0.0590804,0.0000000,-1.9076008,-0.6701688,0.1830566,0.2880633,0.0157726
-0.0413571,0.0697220,-0.1431296,0.0000000,0.0000000,0.0000000,1.0000000,0.0022874,-0.0198046,-0.0895275,0.2835975,-0.3679171,-0.2871757,-0.0024465,0.0198915,-0.0908642,0.2809972,-0.3714478,-0.2826507,0.0000000,0.0000000,0.0000000,0.0590804,0.0000000,-1.9076012,-0.6701697,0.2784799,0.2880633,-0.0319390
-0.0413571,0.0697220,-0.1431296,0.0000000,0.0000000,0.0000000,1.0000000,0.0022874,-0.0198046,-0.0895275,0.2835975,-0.3679171,-0.2871757,-0.0024465,0.0198915,-0.0908642,0.2809972,-0.3714478,-0.2826507,0.0000000,0.0000000,0.0000000,0.0590804,0.0000000,-1.9076016,-0.6701705,0.3738059,0.2880633,-0.0796018
-0.0413571,0.0697220,-0.1431296,0.0000000,0.0000000,0.0000000,1.0000000,0.0022874,-0.0198046,-0.0895275,0.2835975,-0.3679171,-0.2871757,-0.0024465,0.0198915,-0.0908642,0.2809972,-0.3714478,-0.2826507,0.0000000,0.0000000,0.0000000,0.0590804,0.0000000,-1.9076022,-0.6701713,0.4646890,0.2880633,-0.1250432
-0.0413571,0.0697220,-0.1431296,0.0000000,0.0000000,0.0000000,1.0000000,0.0022874,-0.0198046,-0.0895275,0.2835975,-0.3679171,-0.2871757,-0.0024465,0.0198915,-0.0908642,0.2809972,-0.3714478,-0.2826507,0.0000000,0.0000000,0.0000000,0.0590804,0.0000000,-1.9076028,-0.6701720,0.5471030,0.2880633,-0.1662500
-0.0413571,0.0697220,-0.1431296,0.0000000,0.0000000,0.0000000,1.0000000,0.0022874,-0.0198046,-0.0895275,0.2835975,-0.3679171,-0.2871757,-0.0024465,0.0198915,-0.0908642,0.2809972,-0.3714478,-0.2826507,0.0000000,0.0000000,0.0000000,0.0590804,0.0000000,-1.9076033,-0.6701725,0.6175758,0.2880633,-0.2014863
-0.0413571,0.0697220,-0.1431296,0.0000000,0.0000000,0.0000000,1.0000000,0.0022874,-0.0198046,-0.0895275,0.2835975,-0.3679171,-0.2871757,-0.0024465,0.0198915,-0.0908642,0.2809972,-0.3714478,-0.2826507,0.0000000,0.0000000,0.0000000,0.0590804,0.0000000,-1.9076038,-0.6701729,0.6733676,0.2880633,-0.2293820
-0.0413571,0.0697220,-0.1431296,0.0000000,0.0000000,0.0000000,1.0000000,0.0022874,-0.0198046,-0.0895275,0.2835975,-0.3679171,-0.2871757,-0.0024465,0.0198915,-0.0908642,0.2809972,-0.3714478,-0.2826507,0.0000000,0.0000000,0.0000000,0.0590804,0.0000000,-1.9076041,-0.6701732,0.7125758,0.2880633,-0.2489860
-0.0413571,0.0697220,-0.1431296,0.0000000,0.0000000,0.0000000,1.0000000,0.0022874,-0.0198046,-0.0895275,0.2835975,-0.3679171,-0.2871757,-0.0024465,0.0198915,-0.0908642,0.2809972,-0.3714478,-0.2826507,0.0000000,0.0000000,0.0000000,0.0590804,0.0000000,-1.9076043,-0.6701733,0.7340739,0.2880633,-0.2597350
-0.0413571,0.0697220,-0.1431296,0.0000000,0.0000000,0.0000000,1.0000000,0.0022874,-0.0198046,-0.0895275,0.2835975,-0.3679171,-0.2871757,-0.0024465,0.0198915,-0.0908642,0.2809972,-0.3714478,-0.2826507,0.0000000,0.0000000,0.0000000,0.0590804,0.0000000,-1.9076043,-0.6701733,0.7371695,0.2880633,-0.2612828
-0.0413571,0.0697220,-0.1431296,0.0000000,0.0000000,0.0000000,1.0000000,0.0022874,-0.0198046,-0.0895275,0.2835975,-0.3679171,-0.2871757,-0.0024465,0.0198915,-0.0908642,0.2809972,-0.3714478,-0.2826507,0.0000000,0.0000000,0.0000000,0.0590804,0.0000000,-1.9076042,-0.6701732,0.7217528,0.2880633,-0.2535745
-0.0413571,0.0697220,-0.1431296,0.0000000,0.0000000,0.0000000,1.0000000,0.0022874,-0.0198046,-0.0895275,0.2835975,-0.3679171,-0.2871757,-0.0024465,0.0198915,-0.0908642,0.2809972,-0.3714478,-0.2826507,0.0000000,0.0000000,0.0000000,0.0590804,0.0000000,-1.9076039,-0.6701730,0.6883700,0.2880633,-0.2368832
-0.0413571,0.0697220,-0.1431296,0.0000000,0.0000000,0.0000000,1.0000000,0.0022874,-0.0198046,-0.0895275,0.2835975,-0.3679171,-0.2871757,-0.0024465,0.0198915,-0.0908642,0.2809972,-0.3714478,-0.2826507,0.0000000,0.0000000,0.0000000,0.0590804,0.0000000,-1.9076035,-0.6701726,0.6382037,0.2880633,-0.2118002
-0.0413571,0.0697220,-0.1431296,0.0000000,0.0000000,0.0000000,1.0000000,0.0022874,-0.0198046,-0.0895275,0.2835975,-0.3679171,-0.2871757,-0.0024465,0.0198915,-0.0908642,0.2809972,-0.3714478,-0.2826507,0.0000000,0.0000000,0.0000000,0.0590804,0.0000000,-1.9076030,-0.6701722,0.5730311,0.2880633,-0.1792140
-0.0413571,0.0697220,-0.1431296,0.0000000,0.0000000,0.0000000,1.0000000,0.0022874,-0.0198046,-0.0895275,0.2835975,-0.3679171,-0.2871757,-0.0024465,0.0198915,-0.0908642,0.2809972,-0.3714478,-0.2826507,0.0000000,0.0000000,0.0000000,0.0590804,0.0000000,-1.9076024,-0.6701715,0.4951610,0.2880633,-0.1402791
-0.0413571,0.0697220,-0.1431296,0.0000000,0.0000000,0.0000000,1.0000000,0.0022874,-0.0198046,-0.0895275,0.2835975,-0.3679171,-0.2871757,-0.0024465,0.0198915,-0.0908642,0.2809972,-0.3714478,-0.2826507,0.0000000,0.0000000,0.0000000,0.0590804,0.0000000,-1.9076018,-0.6701708,0.4073519,0.2880633,-0.0963748
-0.0413571,0.0697220,-0.1431296,0.0000000,0.0000000,0.0000000,1.0000000,0.0022874,-0.0198046,-0.0895275,0.2835975,-0.3679171,-0.2871757,-0.0024465,0.0198915,-0.0908642,0.2809972,-0.3714478,-0.2826507,0.0000000,0.0000000,0.0000000,0.0590804,0.0000000,-1.9076013,-0.6701700,0.3127147,0.2880633,-0.0490563
-0.0413571,0.0697220,-0.1431296,0.0000000,0.0000000,0.0000000,1.0000000,0.0022874,-0.0198046,-0.0895275,0.2835975,-0.3679171,-0.2871757,-0.0024465,0.0198915,-0.0908642,0.2809972,-0.3714478,-0.2826507,0.0000000,0.0000000,0.0000000,0.0590804,0.0000000,-1.9076009,-0.6701691,0.2146018,0.2880633,-0.0000000
-0.0413571,0.0697220,-0.1431296,0.0000000,0.0000000,0.0000000,1.0000000,0.0022874,-0.0198046,-0.0895275,0.2835975,-0.3679171,-0.2871757,-0.0024465,0.0198915,-0.0908642,0.2809972,-0.3714478,-0.2826507,0.0000000,0.0000000,0.0000000,0.0590804,0.0000000,-1.9076006,-0.6701682,0.1164890,0.2880633,0.0490563
-0.0413571,0.0697220,-0.1431296,0.0000000,0.0000000,0.0000000,1.0000000,0.0022874,-0.0198046,-0.0895275,0.2835975,-0.3679171,-0.2871757,-0.0024465,0.0198915,-0.0908642,0.2809972,-0.3714478,-0.2826507,0.0000000,0.0000000,0.0000000,0.0590804,0.0000000,-1.9076004,-0.6701673,0.0218519,0.2880633,0.0963748
-0.0413571,0.0697220,-0.1431296,0.0000000,0.0000000,0.0000000,1.0000000,0.0022874,-0.0198046,-0.0895275,0.2835975,-0.3679171,-0.2871757,-0.0024465,0.0198915,-0.0908642,0.2809972,-0.3714478,-0.2826507,0.0000000,0.0000000,0.0000000,0.0590804,0.0000000,-1.9076003,-0.6701664,-0.0659568,0.2880633,0.1402791
-0.0413571,0.0697220,-0.1431296,0.0000000,0.0000000,0.0000000,1.0000000,0.0022874,-0.0198046,-0.0895275,0.2835975,-0.3679171,-0.2871757,-0.0024465,0.0198915,-0.0908642,0.2809972,-0.3714478,-0.2826507,0.0000000,0.0000000,0.0000000,0.0590804,0.0000000,-1.9076004,-0.6701657,-0.1438266,0.2880633,0.1792140
-0.0413571,0.0697220,-0.1431296,0.0000000,0.0000000,0.0000000,1.0000000,0.0022874,-0.0198046,-0.0895275,0.2835975,-0.3679171,-0.2871757,-0.0024465,0.0198915,-0.0908642,0.2809972,-0.3714478,-0.2826507,0.0000000,0.0000000,0.0000000,0.0590804,0.0000000,-1.9076004,-0.6701650,-0.2089988,0.2880633,0.2118002
-0.0413571,0.0697220,-0.1431296,0.0000000,0.0000000,0.0000000,1.0000000,0.0022874,-0.0198046,-0.0895275,0.2835975,-0.3679171,-0.2871757,-0.0024465,0.0198915,-0.0908642,0.2809972,-0.3714478,-0.2826507,0.0000000,0.0000000,0.0000000,0.0590804,0.0000000,-1.9076005,-0.6701646,-0.2591648,0.2880633,0.2368832
-0.0413571,0.0697220,-0.1431296,0.0000000,0.0000000,0.0000000,1.0000000,0.0022874,-0.0198046,-0.0895275,0.2835975,-0.3679171,-0.2871757,-0.0024465,0.0198915,-0.0908642,0.2809972,-0.3714478,-0.2826507,0.0000000,0.0000000,0.0000000,0.0590804,0.0000000,-1.9076006,-0.6701643,-0.2925473,0.2880633,0.2535745
-0.0413571,0.0697220,-0.1431296,0.0000000,0.0000000,0.0000000,1.0000000,0.0022874,-0.0198046,-0.0895275,0.2835975,-0.3679171,-0.2871757,-0.0024465,0.0198915,-0.0908642,0.2809972,-0.3714478,-0.2826507,0.0000000,0.0000000,0.0000000,0.0590804,0.0000000,-1.9076006,-0.6701641,-0.3079639,0.2880633,0.2612828
-0.0413571,0.0697220,-0.1431296,0.0000000,0.0000000,0.0000000,1.0000000,0.0022874,-0.0198046,-0.0895275,0.2835975,-0.3679171,-0.2871757,-0.0024465,0.0198915,-0.0908642,0.2809972,-0.3714478,-0.2826507,0.0000000,0.0000000,0.0000000,0.0590804,0.0000000,-1.9076006,-0.6701641,-0.3048684,0.2880633,0.2597350
-0.0413571,0.0697220,-0.1431296,0.0000000,0.0000000,0.0000000,1.0000000,0.0022874,-0.0198046,-0.0895275,0.2835975,-0.3679171,-0.2871757,-0.0024465,0.0198915,-0.0908642,0.2809972,-0.3714478,-0.2826507,0.0000000,0.0000000,0.0000000,0.0590804,0.0000000,-1.9076006,-0.6701643,-0.2833704,0.2880633,0.2489860
-0.0413571,0.0697220,-0.1431296,0.0000000,0.0000000,0.0000000,1.0000000,0.0022874,-0.0198046,-0.0895275,0.2835975,-0.3679171,-0.2871757,-0.0024465,0.0198915,-0.0908642,0.2809972,-0.3714478,-0.2826507,0.0000000,0.0000000,0.0000000,0.0590804,0.0000000,-1.9076005,-0.6701647,-0.2442316,0.2880633,0.2294166
-0.0413571,0.0697220,-0.1431296,0.0000000,0.0000000,0.0000000,1.0000000,0.0022874,-0.0198046,-0.0895275,0.2835975,-0.3679171,-0.2871757,-0.0024465,0.0198915,-0.0908642,0.2809972,-0.3714478,-0.2826507,0.0000000,0.0000000,0.0000000,0.0590804,0.0000000,-1.9076004,-0.6701652,-0.1888383,0.2880633,0.2017199
-0.0413571,0.0697220,-0.1431296,0.0000000,0.0000000,0.0000000,1.0000000,0.0022874,-0.0198046,-0.0895275,0.2835975,-0.3679171,-0.2871757,-0.0024465,0.0198915,-0.0908642,0.2809972,-0.3714478,-0.2826507,0.0000000,0.0000000,0.0000000,0.0590804,0.0000000,-1.9076003,-0.6701659,-0.1191530,0.2880633,0.1668772
-0.0413571,0.0697220,-0.1431296,0.0000000,0.0000000,0.0000000,1.0000000,0.0022874,-0.0198046,-0.0895275,0.2835975,-0.3679171,-0.2871757,-0.0024465,0.0198915,-0.0908642,0.2809972,-0.3714478,-0.2826507,0.0000000,0.0000000,0.0000000,0.0590804,0.0000000,-1.9076004,-0.6701667,-0.0376442,0.2880633,0.1261228
-0.0413571,0.0697220,-0.1431296,0.0000000,0.0000000,0.0000000,1.0000000,0.0022874,-0.0198046,-0.0895275,0.2835975,-0.3679171,-0.2871757,-0.0024465,0.0198915,-0.0908642,0.2809972,-0.3714478,-0.2826507,0.0000000,0.0000000,0.0000000,0.0590804,0.0000000,-1.9076005,-0.6701676,0.0528006,0.2880633,0.0809005
-0.0413571,0.0697220,-0.1431296,0.0000000,0.0000000,0.0000000,1.0000000,0.0022874,-0.0198046,-0.0895275,0.2835975,-0.3679171,-0.2871757,-0.0024465,0.0198915,-0.0908642,0.2809972,-0.3714478,-0.2826507,0.0000000,0.0000000,0.0000000,0.0590804,0.0000000,-1.9076007,-0.6701685,0.1489773,0.2880633,0.0328122
-0.0413571,0.0697220,-0.1431296,0.0000000,0.0000000,0.0000000,1.0000000,0.0022874,-0.0198046,-0.0895275,0.2835975,-0.3679171,-0.2871757,-0.0024465,0.0198915,-0.0908642,0.2809972,-0.3714478,-0.2826507,0.0000000,0.0000000,0.0000000,0.0590804,0.0000000,-1.9076010,-0.6701694,0.2474789,0.2880633,-0.0164385
-0.0413571,0.0697220,-0.1431296,0.0000000,0.0000000,0.0000000,1.0000000,0.0022874,-0.0198046,-0.0895275,0.2835975,-0.3679171,-0.2871757,-0.0024465,0.0198915,-0.0908642,0.2809972,-0.3714478,-0.2826507,0.0000000,0.0000000,0.0000000,0.0590804,0.0000000,-1.9076015,-0.6701703,0.3448159,0.2880633,-0.0651069
-0.0413571,0.0697220,-0.1431296,0.0000000,0.0000000,0.0000000,1.0000000,0.0022874,-0.0198046,-0.0895275,0.2835975,-0.3679171,-0.2871757,-0.0024465,0.0198915,-0.0908642,0.2809972,-0.3714478,-0.2826507,0.0000000,0.0000000,0.0000000,0.0590804,0.0000000,-1.9076020,-0.6701711,0.4375400,0.2880633,-0.1114688
-0.0413571,0.0697220,-0.1431296,0.0000000,0.0000000,0.0000000,1.0000000,0.0022874,-0.0198046,-0.0895275,0.2835975,-0.3679171,-0.2871757,-0.0024465,0.0198915,-0.0908642,0.2809972,-0.3714478,-0.2826507,0.0000000,0.0000000,0.0000000,0.0590804,0.0000000,-1.9076026,-0.6701718,0.5223665,0.2880633,-0.1538818
-0.0413571,0.0697220,-0.1431296,0.0000000,0.0000000,0.0000000,1.0000000,0.0022874,-0.0198046,-0.0895275,0.2835975,-0.3679171,-0.2871757,-0.0024465,0.0198915,-0.0908642,0.2809972,-0.3714478,-0.2826507,0.0000000,0.0000000,0.0000000,0.0590804,0.0000000,-1.9076031,-0.6701723,0.5962903,0.2880633,-0.1908435
-0.0413571,0.0697220,-0.1431296,0.0000000,0.0000000,0.0000000,1.0000000,0.0022874,-0.0198046,-0.0895275,0.2835975,-0.3679171,-0.2871757,-0.0024465,0.0198915,-0.0908642,0.2809972,-0.3714478,-0.2826507,0.0000000,0.0000000,0.0000000,0.0590804,0.0000000,-1.9076036,-0.6701728,0.6566926,0.2880633,-0.2210445
-0.0413571,0.0697220,-0.1431296,0.0000000,0.0000000,0.0000000,1.0000000,0.0022874,-0.0198046,-0.0895275,0.2835975,-0.3679171,-0.2871757,-0.0024465,0.0198915,-0.0908642,0.2809972,-0.3714478,-0.2826507,0.0000000,0.0000000,0.0000000,0.0590804,0.0000000,-1.9076040,-0.6701731,0.7014336,0.2880633,-0.2434149
-0.0413571,0.0697220,-0.1431296,0.0000000,0.0000000,0.0000000,1.0000000,0.0022874,-0.0198046,-0.0895275,0.2835975,-0.3679171,-0.2871757,-0.0024465,0.0198915,-0.0908642,0.2809972,-0.3714478,-0.2826507,0.0000000,0.0000000,0.0000000,0.0590804,0.0000000,-1.9076043,-0.6701733,0.7289283,0.2880633,-0.2571622
-0.0413571,0.0697220,-0.1431296,0.0000000,0.0000000,0.0000000,1.0000000,0.0022874,-0.0198046,-0.0895275,0.2835975,-0.3679171,-0.2871757,-0.0024465,0.0198915,-0.0908642,0.2809972,-0.3714478,-0.2826507,0.0000000,0.0000000,0.0000000,0.0590804,0.0000000,-1.9076043,-0.6701733,0.7382027,0.2880633,-0.2617994
-0.0413571,0.0697220,-0.1431296,0.0000000,0.0000000,0.0000000,1.0000000,0.0022874,-0.0198046,-0.0895275,0.2835975,-0.3679171,-0.2871757,-0.0024465,0.0198915,-0.0908642,0.2809972,-0.3714478,-0.2826507,0.0000000,0.0000000,0.0000000,0.0590804,0.0000000,-1.9076043,-0.6701733,0.7289283,0.2880633,-0.2571622
-0.0413571,0.0697220,-0.1431296,0.0000000,0.0000000,0.0000000,1.0000000,0.0022874,-0.0198046,-0.0895275,0.2835975,-0.3679171,-0.2871757,-0.0024465,0.0198915,-0.0908642,0.2809972,-0.3714478,-0.2826507,0.0000000,0.0000000,0.0000000,0.0590804,0.0000000,-1.9076040,-0.6701731,0.7014336,0.2880633,-0.2434149
-0.0413571,0.0697220,-0.1431296,0.0000000,0.0000000,0.0000000,1.0000000,0.0022874,-0.0198046,-0.0895275,0.2835975,-0.3679171,-0.2871757,-0.0024465,0.0198915,-0.0908642,0.2809972,-0.3714478,-0.2826507,0.0000000,0.0000000,0.0000000,0.0590804,0.0000000,-1.9076036,-0.6701728,0.6566926,0.2880633,-0.2210445
-0.0413571,0.0697220,-0.1431296,0.0000000,0.0000000,0.0000000,1.0000000,0.0022874,-0.0198046,-0.0895275,0.2835975,-0.3679171,-0.2871757,-0.0024465,0.0198915,-0.0908642,0.2809972,-0.3714478,-0.2826507,0.0000000,0.0000000,0.0000000,0.0590804,0.0000000,-1.9076031,-0.6701723,0.5962903,0.2880633,-0.1908435
-0.0413571,0.0697220,-0.1431296,0.0000000,0.0000000,0.0000000,1.0000000,0.0022874,-0.0198046,-0.0895275,0.2835975,-0.3679171,-0.2871757,-0.0024465,0.0198915,-0.0908642,0.2809972,-0.3714478,-0.2826507,0.0000000,0.0000000,0.0000000,0.0590804,0.0000000,-1.9076026,-0.6701718,0.5223665,0.2880633,-0.1538818
-0.0413571,0.0697220,-0.1431296,0.0000000,0.0000000,0.0000000,1.0000000,0.0022874,-0.0198046,-0.0895275,0.2835975,-0.3679171,-0.2871757,-0.0024465,0.0198915,-0.0908642,0.2809972,-0.3714478,-0.2826507,0.0000000,0.0000000,0.0000000,0.0590804,0.0000000,-1.9076020,-0.6701711,0.4375400,0.2880633,-0.1114688
-0.0413571,0.0697220,-0.1431296,0.0000000,0.0000000,0.0000000,1.0000000,0.0022874,-0.0198046,-0.0895275,0.2835975,-0.3679171,-0.2871757,-0.0024465,0.0198915,-0.0908642,0.2809972,-0.3714478,-0.2826507,0.0000000,0.0000000,0.0000000,0.0590804,0.0000000,-1.9076015,-0.6701703,0.3448159,0.2880633,-0.0651069
-0.0413571,0.0697220,-0.1431296,0.0000000,0.0000000,0.0000000,1.0000000,0.0022874,-0.0198046,-0.0895275,0.2835975,-0.3679171,-0.2871757,-0.0024465,0.0198915,-0.0908642,0.2809972,-0.3714478,-0.2826507,0.0000000,0.0000000,0.0000000,0.0590804,0.0000000,-1.9076010,-0.6701694,0.2474789,0.2880633,-0.0164385
-0.0413571,0.0697220,-0.1431296,0.0000000,0.0000000,0.0000000,1.0000000,0.0022874,-0.0198046,-0.0895275,0.2835975,-0.3679171,-0.2871757,-0.0024465,0.0198915,-0.0908642,0.2809972,-0.3714478,-0.2826507,0.0000000,0.0000000,0.0000000,0.0590804,0.0000000,-1.9076007,-0.6701685,0.1489773,0.2880633,0.0328122
-0.0413571,0.0697220,-0.1431296,0.0000000,0.0000000,0.0000000,1.0000000,0.0022874,-0.0198046,-0.0895275,0.2835975,-0.3679171,-0.2871757,-0.0024465,0.0198915,-0.0908642,0.2809972,-0.3714478,-0.2826507,0.0000000,0.0000000,0.0000000,0.0590804,0.0000000,-1.9076005,-0.6701676,0.0528006,0.2880633,0.0809005
-0.0413571,0.0697220,-0.1431296,0.0000000,0.0000000,0.0000000,1.0000000,0.0022874,-0.0198046,-0.0895275,0.2835975,-0.3679171,-0.2871757,-0.0024465,0.0198915,-0.0908642,0.2809972,-0.3714478,-0.2826507,0.0000000,0.0000000,0.0000000,0.0590804,0.0000000,-1.9076004,-0.6701667,-0.0376442,0.2880633,0.1261228
-0.0413571,0.0697220,-0.1431296,0.0000000,0.0000000,0.0000000,1.0000000,0.0022874,-0.0198046,-0.0895275,0.2835975,-0.3679171,-0.2871757,-0.0024465,0.0198915,-0.0908642,0.2809972,-0.3714478,-0.2826507,0.0000000,0.0000000,0.0000000,0.0590804,0.0000000,-1.9076003,-0.6701659,-0.1191530,0.2880633,0.1668772
-0.0413571,0.0697220,-0.1431296,0.0000000,0.0000000,0.0000000,1.0000000,0.0022874,-0.0198046,-0.0895275,0.2835975,-0.3679171,-0.2871757,-0.0024465,0.0198915,-0.0908642,0.2809972,-0.3714478,-0.2826507,0.0000000,0.0000000,0.0000000,0.0590804,0.0000000,-1.9076004,-0.6701652,-0.1888383,0.2880633,0.2017199
-0.0413571,0.0697220,-0.1431296,0.0000000,0.0000000,0.0000000,1.0000000,0.0022874,-0.0198046,-0.0895275,0.2835975,-0.3679171,-0.2871757,-0.0024465,0.0198915,-0.0908642,0.2809972,-0.3714478,-0.2826507,0.0000000,0.0000000,0.0000000,0.0590804,0.0000000,-1.9076005,-0.6701647,-0.2442316,0.2880633,0.2294166
-0.0413571,0.0697220,-0.1431296,0.0000000,0.0000000,0.0000000,1.0000000,0.0022874,-0.0198046,-0.0895275,0.2835975,-0.3679171,-0.2871757,-0.0024465,0.0198915,-0.0908642,0.2809972,-0.3714478,-0.2826507,0.0000000,0.0000000,0.0000000,0.0590804,0.0000000,-1.9076006,-0.6701643,-0.2833704,0.2880633,0.2489860
-0.0413571,0.0697220,-0.1431296,0.0000000,0.0000000,0.0000000,1.0000000,0.0022874,-0.0198046,-0.0895275,0.2835975,-0.3679171,-0.2871757,-0.0024465,0.0198915,-0.0908642,0.2809972,-0.3714478,-0.2826507,0.0000000,0.0000000,0.0000000,0.0590804,0.0000000,-1.9076006,-0.6701641,-0.3048684,0.2880633,0.2597350
-0.0413571,0.0697220,-0.1431296,0.0000000,0.0000000,0.0000000,1.0000000,0.0022874,-0.0198046,-0.0895275,0.2835975,-0.3679171,-0.2871757,-0.0024465,0.0198915,-0.0908642,0.2809972,-0.3714478,-0.2826507,0.0000000,0.0000000,0.0000000,0.0590804,0.0000000,-1.9076006,-0.6701641,-0.3079639,0.2880633,0.2612828
-0.0413571,0.0697220,-0.1431296,0.0000000,0.0000000,0.0000000,1.0000000,0.0022874,-0.0198046,-0.0895275,0.2835975,-0.3679171,-0.2871757,-0.0024465,0.0198915,-0.0908642,0.2809972,-0.3714478,-0.2826507,0.0000000,0.0000000,0.0000000,0.0590804,0.0000000,-1.9076006,-0.6701643,-0.2925473,0.2880633,0.2535745
-0.0413571,0.0697220,-0.1431296,0.0000000,0.0000000,0.0000000,1.0000000,0.0022874,-0.0198046,-0.0895275,0.2835975,-0.3679171,-0.2871757,-0.0024465,0.0198915,-0.0908642,0.2809972,-0.3714478,-0.2826507,0.0000000,0.0000000,0.0000000,0.0590804,0.0000000,-1.9076005,-0.6701646,-0.2591648,0.2880633,0.2368832
-0.0413571,0.0697220,-0.1431296,0.0000000,0.0000000,0.0000000,1.0000000,0.0022874,-0.0198046,-0.0895275,0.2835975,-0.3679171,-0.2871757,-0.0024465,0.0198915,-0.0908642,0.2809972,-0.3714478,-0.2826507,0.0000000,0.0000000,0.0000000,0.0590804,0.0000000,-1.9076004,-0.6701650,-0.2089988,0.2880633,0.2118002
-0.0413571,0.0697220,-0.1431296,0.0000000,0.0000000,0.0000000,1.0000000,0.0022874,-0.0198046,-0.0895275,0.2835975,-0.3679171,-0.2871757,-0.0024465,0.0198915,-0.0908642,0.2809972,-0.3714478,-0.2826507,0.0000000,0.0000000,0.0000000,0.0590804,0.0000000,-1.9076004,-0.6701657,-0.1438266,0.2880633,0.1792140
-0.0413571,0.0697220,-0.1431296,0.0000000,0.0000000,0.0000000,1.0000000,0.0022874,-0.0198046,-0.0895275,0.2835975,-0.3679171,-0.2871757,-0.0024465,0.0198915,-0.0908642,0.2809972,-0.3714478,-0.2826507,0.0000000,0.0000000,0.0000000,0.0590804,0.0000000,-1.9076003,-0.6701664,-0.0659568,0.2880633,0.1402791
-0.0413571,0.0697220,-0.1431296,0.0000000,0.0000000,0.0000000,1.0000000,0.0022874,-0.0198046,-0.0895275,0.2835975,-0.3679171,-0.2871757,-0.0024465,0.0198915,-0.0908642,0.2809972,-0.3714478,-0.2826507,0.0000000,0.0000000,0.0000000,0.0590804,0.0000000,-1.9076004,-0.6701673,0.0218519,0.2880633,0.0963748
-0.0413571,0.0697220,-0.1431296,0.0000000,0.0000000,0.0000000,1.0000000,0.0022874,-0.0198046,-0.0895275,0.2835975,-0.3679171,-0.2871757,-0.0024465,0.0198915,-0.0908642,0.2809972,-0.3714478,-0.2826507,0.0000000,0.0000000,0.0000000,0.0590804,0.0000000,-1.9076006,-0.6701682,0.1164890,0.2880633,0.0490563
-0.0413571,0.0697220,-0.1431296,0.0000000,0.0000000,0.0000000,1.0000000,0.0022874,-0.0198046,-0.0895275,0.2835975,-0.3679171,-0.2871757,-0.0024465,0.0198915,-0.0908642,0.2809972,-0.3714478,-0.2826507,0.0000000,0.0000000,0.0000000,0.0590804,0.0000000,-1.9076009,-0.6701691,0.2146018,0.2880633,0.0000000
-0.0413571,0.0697220,-0.1431296,0.0000000,0.0000000,0.0000000,1.0000000,0.0022874,-0.0198046,-0.0895275,0.2835975,-0.3679171,-0.2871757,-0.0024465,0.0198915,-0.0908642,0.2809972,-0.3714478,-0.2826507,0.0000000,0.0000000,0.0000000,0.0590804,0.0000000,-1.9076013,-0.6701700,0.3127147,0.2880633,-0.0490563
-0.0413571,0.0697220,-0.1431296,0.0000000,0.0000000,0.0000000,1.0000000,0.0022874,-0.0198046,-0.0895275,0.2835975,-0.3679171,-0.2871757,-0.0024465,0.0198915,-0.0908642,0.2809972,-0.3714478,-0.2826507,0.0000000,0.0000000,0.0000000,0.0590804,0.0000000,-1.9076018,-0.6701708,0.4073519,0.2880633,-0.0963748
-0.0413571,0.0697220,-0.1431296,0.0000000,0.0000000,0.0000000,1.0000000,0.0022874,-0.0198046,-0.0895275,0.2835975,-0.3679171,-0.2871757,-0.0024465,0.0198915,-0.0908642,0.2809972,-0.3714478,-0.2826507,0.0000000,0.0000000,0.0000000,0.0590804,0.0000000,-1.9076024,-0.6701715,0.4951610,0.2880633,-0.1402791
-0.0413571,0.0697220,-0.1431296,0.0000000,0.0000000,0.0000000,1.0000000,0.0022874,-0.0198046,-0.0895275,0.2835975,-0.3679171,-0.2871757,-0.0024465,0.0198915,-0.0908642,0.2809972,-0.3714478,-0.2826507,0.0000000,0.0000000,0.0000000,0.0590804,0.0000000,-1.9076030,-0.6701722,0.5730311,0.2880633,-0.1792140
-0.0413571,0.0697220,-0.1431296,0.0000000,0.0000000,0.0000000,1.0000000,0.0022874,-0.0198046,-0.0895275,0.2835975,-0.3679171,-0.2871757,-0.0024465,0.0198915,-0.0908642,0.2809972,-0.3714478,-0.2826507,0.0000000,0.0000000,0.0000000,0.0590804,0.0000000,-1.9076035,-0.6701726,0.6382037,0.2880633,-0.2118002
-0.0413571,0.0697220,-0.1431296,0.0000000,0.0000000,0.0000000,1.0000000,0.0022874,-0.0198046,-0.0895275,0.2835975,-0.3679171,-0.2871757,-0.0024465,0.0198915,-0.0908642,0.2809972,-0.3714478,-0.2826507,0.0000000,0.0000000,0.0000000,0.0590804,0.0000000,-1.9076039,-0.6701730,0.6883700,0.2880633,-0.2368832
-0.0413571,0.0697220,-0.1431296,0.0000000,0.0000000,0.0000000,1.0000000,0.0022874,-0.0198046,-0.0895275,0.2835975,-0.3679171,-0.2871757,-0.0024465,0.0198915,-0.0908642,0.2809972,-0.3714478,-0.2826507,0.0000000,0.0000000,0.0000000,0.0590804,0.0000000,-1.9076042,-0.6701732,0.7217528,0.2880633,-0.2535745
-0.0413571,0.0697220,-0.1431296,0.0000000,0.0000000,0.0000000,1.0000000,0.0022874,-0.0198046,-0.0895275,0.2835975,-0.3679171,-0.2871757,-0.0024465,0.0198915,-0.0908642,0.2809972,-0.3714478,-0.2826507,0.0000000,0.0000000,0.0000000,0.0590804,0.0000000,-1.9076043,-0.6701733,0.7371695,0.2880633,-0.2612828
-0.0413571,0.0697220,-0.1431296,0.0000000,0.0000000,0.0000000,1.0000000,0.0022874,-0.0198046,-0.0895275,0.2835975,-0.3679171,-0.2871757,-0.0024465,0.0198915,-0.0908642,0.2809972,-0.3714478,-0.2826507,0.0000000,0.0000000,0.0000000,0.0590804,0.0000000,-1.9076043,-0.6701733,0.7340739,0.2880633,-0.2597350
-0.0413571,0.0697220,-0.1431296,0.0000000,0.0000000,0.0000000,1.0000000,0.0022874,-0.0198046,-0.0895275,0.2835975,-0.3679171,-0.2871757,-0.0024465,0.0198915,-0.0908642,0.2809972,-0.3714478,-0.2826507,0.0000000,0.0000000,0.0000000,0.0590804,0.0000000,-1.9076041,-0.6701732,0.7125758,0.2880633,-0.2489860
-0.0413571,0.0697220,-0.1431296,0.0000000,0.0000000,0.0000000,1.0000000,0.0022874,-0.0198046,-0.0895275,0.2835975,-0.3679171,-0.2871757,-0.0024465,0.0198915,-0.0908642,0.2809972,-0.3714478,-0.2826507,0.0000000,0.0000000,0.0000000,0.0590804,0.0000000,-1.9076038,-0.6701729,0.6734367,0.2880633,-0.2294166
-0.0413571,0.0697220,-0.1431296,0.0000000,0.0000000,0.0000000,1.0000000,0.0022874,-0.0198046,-0.0895275,0.2835975,-0.3679171,-0.2871757,-0.0024465,0.0198915,-0.0908642,0.2809972,-0.3714478,-0.2826507,0.0000000,0.0000000,0.0000000,0.0590804,0.0000000,-1.9076033,-0.6701725,0.6180431,0.2880633,-0.2017199
-0.0413571,0.0697220,-0.1431296,0.0000000,0.0000000,0.0000000,1.0000000,0.0022874,-0.0198046,-0.0895275,0.2835975,-0.3679171,-0.2871757,-0.0024465,0.0198915,-0.0908642,0.2809972,-0.3714478,-0.2826507,0.0000000,0.0000000,0.0000000,0.0590804,0.0000000,-1.9076028,-0.6701720,0.5483574,0.2880633,-0.1668772
-0.0413571,0.0697220,-0.1431296,0.0000000,0.0000000,0.0000000,1.0000000,0.0022874,-0.0198046,-0.0895275,0.2835975,-0.3679171,-0.2871757,-0.0024465,0.0198915,-0.0908642,0.2809972,-0.3714478,-0.2826507,0.0000000,0.0000000,0.0000000,0.0590804,0.0000000,-1.9076022,-0.6701713,0.4668482,0.2880633,-0.1261228
-0.0413571,0.0697220,-0.1431296,0.0000000,0.0000000,0.0000000,1.0000000,0.0022874,-0.0198046,-0.0895275,0.2835975,-0.3679171,-0.2871757,-0.0024465,0.0198915,-0.0908642,0.2809972,-0.3714478,-0.2826507,0.0000000,0.0000000,0.0000000,0.0590804,0.0000000,-1.9076017,-0.6701705,0.3764032,0.2880633,-0.0809005
-0.0413571,0.0697220,-0.1431296,0.0000000,0.0000000,0.0000000,1.0000000,0.0022874,-0.0198046,-0.0895275,0.2835975,-0.3679171,-0.2871757,-0.0024465,0.0198915,-0.0908642,0.2809972,-0.3714478,-0.2826507,0.0000000,0.0000000,0.0000000,0.0590804,0.0000000,-1.9076012,-0.6701697,0.2802263,0.2880633,-0.0328122
-0.0413571,0.0697220,-0.1431296,0.0000000,0.0000000,0.0000000,1.0000000,0.0022874,-0.0198046,-0.0895275,0.2835975,-0.3679171,-0.2871757,-0.0024465,0.0198915,-0.0908642,0.2809972,-0.3714478,-0.2826507,0.0000000,0.0000000,0.0000000,0.0590804,0.0000000,-1.9076008,-0.6701688,0.1817247,0.2880633,0.0164385
-0.0413571,0.0697220,-0.1431296,0.0000000,0.0000000,0.0000000,1.0000000,0.0022874,-0.0198046,-0.0895275,0.2835975,-0.3679171,-0.2871757,-0.0024465,0.0198915,-0.0908642,0.2809972,-0.3714478,-0.2826507,0.0000000,0.0000000,0.0000000,0.0590804,0.0000000,-1.9076005,-0.6701679,0.0843878,0.2880633,0.0651069
-0.0413571,0.0697220,-0.1431296,0.0000000,0.0000000,0.0000000,1.0000000,0.0022874,-0.0198046,-0.0895275,0.2835975,-0.3679171,-0.2871757,-0.0024465,0.0198915,-0.0908642,0.2809972,-0.3714478,-0.2826507,0.0000000,0.0000000,0.0000000,0.0590804,0.0000000,-1.9076004,-0.6701670,-0.0083360,0.2880633,0.1114688
-0.0413571,0.0697220,-0.1431296,0.0000000,0.0000000,0.0000000,1.0000000,0.0022874,-0.0198046,-0.0895275,0.2835975,-0.3679171,-0.2871757,-0.0024465,0.0198915,-0.0908642,0.2809972,-0.3714478,-0.2826507,0.0000000,0.0000000,0.0000000,0.0590804,0.0000000,-1.9076003,-0.6701662,-0.0931622,0.2880633,0.1538818
-0.0413571,0.0697220,-0.1431296,0.0000000,0.0000000,0.0000000,1.0000000,0.0022874,-0.0198046,-0.0895275,0.2835975,-0.3679171,-0.2871757,-0.0024465,0.0198915,-0.0908642,0.2809972,-0.3714478,-0.2826507,0.0000000,0.0000000,0.0000000,0.0590804,0.0000000,-1.9076004,-0.6701655,-0.1670856,0.2880633,0.1908435
-0.0413571,0.0697220,-0.1431296,0.0000000,0.0000000,0.0000000,1.0000000,0.0022874,-0.0198046,-0.0895275,0.2835975,-0.3679171,-0.2871757,-0.0024465,0.0198915,-0.0908642,0.2809972,-0.3714478,-0.2826507,0.0000000,0.0000000,0.0000000,0.0590804,0.0000000,-1.9076005,-0.6701649,-0.2274875,0.2880633,0.2210445
-0.0413571,0.0697220,-0.1431296,0.0000000,0.0000000,0.0000000,1.0000000,0.0022874,-0.0198046,-0.0895275,0.2835975,-0.3679171,-0.2871757,-0.0024465,0.0198915,-0.0908642,0.2809972,-0.3714478,-0.2826507,0.0000000,0.0000000,0.0000000,0.0590804,0.0000000,-1.9076005,-0.6701644,-0.2722282,0.2880633,0.2434149
-0.0413571,0.0697220,-0.1431296,0.0000000,0.0000000,0.0000000,1.0000000,0.0022874,-0.0198046,-0.0895275,0.2835975,-0.3679171,-0.2871757,-0.0024465,0.0198915,-0.0908642,0.2809972,-0.3714478,-0.2826507,0.0000000,0.0000000,0.0000000,0.0590804,0.0000000,-1.9076006,-0.6701642,-0.2997228,0.2880633,0.2571622
-0.0413571,0.0697220,-0.1431296,0.0000000,0.0000000,0.0000000,1.0000000,0.0022874,-0.0198046,-0.0895275,0.2835975,-0.3679171,-0.2871757,-0.0024465,0.0198915,-0.0908642,0.2809972,-0.3714478,-0.2826507,0.0000000,0.0000000,0.0000000,0.0590804,0.0000000,-1.9076006,-0.6701641,-0.3089971,0.2880633,0.2617994
-0.0413571,0.0697220,-0.1431296,0.0000000,0.0000000,0.0000000,1.0000000,0.0022874,-0.0198046,-0.0895275,0.2835975,-0.3679171,-0.2871757,-0.0024465,0.0198915,-0.0908642,0.2809972,-0.3714478,-0.2826507,0.0000000,0.0000000,0.0000000,0.0590804,0.0000000,-1.9076006,-0.6701642,-0.2997228,0.2880633,0.2571622
-0.0413571,0.0697220,-0.1431296,0.0000000,0.0000000,0.0000000,1.0000000,0.0022874,-0.0198046,-0.0895275,0.2835975,-0.3679171,-0.2871757,-0.0024465,0.0198915,-0.0908642,0.2809972,-0.3714478,-0.2826507,0.0000000,0.0000000,0.0000000,0.0590804,0.0000000,-1.9076005,-0.6701644,-0.2722282,0.2880633,0.2434149
-0.0413571,0.0697220,-0.1431296,0.0000000,0.0000000,0.0000000,1.0000000,0.0022874,-0.0198046,-0.0895275,0.2835975,-0.3679171,-0.2871757,-0.0024465,0.0198915,-0.0908642,0.2809972,-0.3714478,-0.2826507,0.0000000,0.0000000,0.0000000,0.0590804,0.0000000,-1.9076005,-0.6701649,-0.2274875,0.2880633,0.2210445
-0.0413571,0.0697220,-0.1431296,0.0000000,0.0000000,0.0000000,1.0000000,0.0022874,-0.0198046,-0.0895275,0.2835975,-0.3679171,-0.2871757,-0.0024465,0.0198915,-0.0908642,0.2809972,-0.3714478,-0.2826507,0.0000000,0.0000000,0.0000000,0.0590804,0.0000000,-1.9076004,-0.6701655,-0.1670856,0.2880633,0.1908435
-0.0413571,0.0697220,-0.1431296,0.0000000,0.0000000,0.0000000,1.0000000,0.0022874,-0.0198046,-0.0895275,0.2835975,-0.3679171,-0.2871757,-0.0024465,0.0198915,-0.0908642,0.2809972,-0.3714478,-0.2826507,0.0000000,0.0000000,0.0000000,0.0590804,0.0000000,-1.9076003,-0.6701662,-0.0931622,0.2880633,0.1538818
-0.0413571,0.0697220,-0.1431296,0.0000000,0.0000000,0.0000000,1.0000000,0.0022874,-0.0198046,-0.0895275,0.2835975,-0.3679171,-0.2871757,-0.0024465,0.0198915,-0.0908642,0.2809972,-0.3714478,-0.2826507,0.0000000,0.0000000,0.0000000,0.0590804,0.0000000,-1.9076004,-0.6701670,-0.0083360,0.2880633,0.1114688
-0.0413571,0.0697220,-0.1431296,0.0000000,0.0000000,0.0000000,1.0000000,0.0022874,-0.0198046,-0.0895275,0.2835975,-0.3679171,-0.2871757,-0.0024465,0.0198915,-0.0908642,0.2809972,-0.3714478,-0.2826507,0.0000000,0.0000000,0.0000000,0.0590804,0.0000000,-1.9076005,-0.6701679,0.0843878,0.2880633,0.0651069
-0.0413571,0.0697220,-0.1431296,0.0000000,0.0000000,0.0000000,1.0000000,0.0022874,-0.0198046,-0.0895275,0.2835975,-0.3679171,-0.2871757,-0.0024465,0.0198915,-0.0908642,0.2809972,-0.3714478,-0.2826507,0.0000000,0.0000000,0.0000000,0.0590804,0.0000000,-1.9076008,-0.6701688,0.1817247,0.2880633,0.0164385
-0.0413571,0.0697220,-0.1431296,0.0000000,0.0000000,0.0000000,1.0000000,0.0022874,-0.0198046,-0.0895275,0.2835975,-0.3679171,-0.2871757,-0.0024465,0.0198915,-0.0908642,0.2809972,-0.3714478,-0.2826507,0.0000000,0.0000000,0.0000000,0.0590804,0.0000000,-1.9076012,-0.6701697,0.2802263,0.2880633,-0.0328122
-0.0413571,0.0697220,-0.1431296,0.0000000,0.0000000,0.0000000,1.0000000,0.0022874,-0.0198046,-0.0895275,0.2835975,-0.3679171,-0.2871757,-0.0024465,0.0198915,-0.0908642,0.2809972,-0.3714478,-0.2826507,0.0000000,0.0000000,0.0000000,0.0590804,0.0000000,-1.9076017,-0.6701705,0.3764032,0.2880633,-0.0809005
-0.0413571,0.0697220,-0.1431296,0.0000000,0.0000000,0.0000000,1.0000000,0.0022874,-0.0198046,-0.0895275,0.2835975,-0.3679171,-0.2871757,-0.0024465,0.0198915,-0.0908642,0.2809972,-0.3714478,-0.2826507,0.0000000,0.0000000,0.0000000,0.0590804,0.0000000,-1.9076022,-0.6701713,0.4668482,0.2880633,-0.1261228
-0.0413571,0.0697220,-0.1431296,0.0000000,0.0000000,0.0000000,1.0000000,0.0022874,-0.0198046,-0.0895275,0.2835975,-0.3679171,-0.2871757,-0.0024465,0.0198915,-0.0908642,0.2809972,-0.3714478,-0.2826507,0.0000000,0.0000000,0.0000000,0.0590804,0.0000000,-1.9076028,-0.6701720,0.5483574,0.2880633,-0.1668772
-0.0413571,0.0697220,-0.1431296,0.0000000,0.0000000,0.0000000,1.0000000,0.0022874,-0.0198046,-0.0895275,0.2835975,-0.3679171,-0.2871757,-0.0024465,0.0198915,-0.0908642,0.2809972,-0.3714478,-0.2826507,0.0000000,0.0000000,0.0000000,0.0590804,0.0000000,-1.9076033,-0.6701725,0.6180431,0.2880633,-0.2017199
-0.0413571,0.0697220,-0.1431296,0.0000000,0.0000000,0.0000000,1.0000000,0.0022874,-0.0198046,-0.0895275,0.2835975,-0.3679171,-0.2871757,-0.0024465,0.0198915,-0.0908642,0.2809972,-0.3714478,-0.2826507,0.0000000,0.0000000,0.0000000,0.0590804,0.0000000,-1.9076038,-0.6701729,0.6734367,0.2880633,-0.2294166
-0.0413571,0.0697220,-0.1431296,0.0000000,0.0000000,0.0000000,1.0000000,0.0022874,-0.0198046,-0.0895275,0.2835975,-0.3679171,-0.2871757,-0.0024465,0.0198915,-0.0908642,0.2809972,-0.3714478,-0.2826507,0.0000000,0.0000000,0.0000000,0.0590804,0.0000000,-1.9076041,-0.6701732,0.7125758,0.2880633,-0.2489860
-0.0413571,0.0697220,-0.1431296,0.0000000,0.0000000,0.0000000,1.0000000,0.0022874,-0.0198046,-0.0895275,0.2835975,-0.3679171,-0.2871757,-0.0024465,0.0198915,-0.0908642,0.2809972,-0.3714478,-0.2826507,0.0000000,0.0000000,0.0000000,0.0590804,0.0000000,-1.9076043,-0.6701733,0.7340739,0.2880633,-0.2597350
-0.0413571,0.0697220,-0.1431296,0.0000000,0.0000000,0.0000000,1.0000000,0.0022874,-0.0198046,-0.0895275,0.2835975,-0.3679171,-0.2871757,-0.0024465,0.0198915,-0.0908642,0.2809972,-0.3714478,-0.2826507,0.0000000,0.0000000,0.0000000,0.0590804,0.0000000,-1.9076043,-0.6701733,0.7371695,0.2880633,-0.2612828
-0.0413571,0.0697220,-0.1431296,0.0000000,0.0000000,0.0000000,1.0000000,0.0022874,-0.0198046,-0.0895275,0.2835975,-0.3679171,-0.2871757,-0.0024465,0.0198915,-0.0908642,0.2809972,-0.3714478,-0.2826507,0.0000000,0.0000000,0.0000000,0.0590804,0.0000000,-1.9076042,-0.6701732,0.7217528,0.2880633,-0.2535745
-0.0413571,0.0697220,-0.1431296,0.0000000,0.0000000,0.0000000,1.0000000,0.0022874,-0.0198046,-0.0895275,0.2835975,-0.3679171,-0.2871757,-0.0024465,0.0198915,-0.0908642,0.2809972,-0.3714478,-0.2826507,0.0000000,0.0000000,0.0000000,0.0590804,0.0000000,-1.9076039,-0.6701730,0.6883700,0.2880633,-0.2368832
-0.0413571,0.0697220,-0.1431296,0.0000000,0.0000000,0.0000000,1.0000000,0.0022874,-0.0198046,-0.0895275,0.2835975,-0.3679171,-0.2871757,-0.0024465,0.0198915,-0.0908642,0.2809972,-0.3714478,-0.2826507,0.0000000,0.0000000,0.0000000,0.0590804,0.0000000,-1.9076035,-0.6701726,0.6382037,0.2880633,-0.2118002
-0.0413571,0.0697220,-0.1431296,0.0000000,0.0000000,0.0000000,1.0000000,0.0022874,-0.0198046,-0.0895275,0.2835975,-0.3679171,-0.2871757,-0.0024465,0.0198915,-0.0908642,0.2809972,-0.3714478,-0.2826507,0.0000000,0.0000000,0.0000000,0.0590804,0.0000000,-1.9076030,-0.6701722,0.5730311,0.2880633,-0.1792140
-0.0413571,0.0697220,-0.1431296,0.0000000,0.0000000,0.0000000,1.0000000,0.0022874,-0.0198046,-0.0895275,0.2835975,-0.3679171,-0.2871757,-0.0024465,0.0198915,-0.0908642,0.2809972,-0.3714478,-0.2826507,0.0000000,0.0000000,0.0000000,0.0590804,0.0000000,-1.9076024,-0.6701715,0.4951610,0.2880633,-0.1402791
-0.0413571,0.0697220,-0.1431296,0.0000000,0.0000000,0.0000000,1.0000000,0.0022874,-0.0198046,-0.0895275,0.2835975,-0.3679171,-0.2871757,-0.0024465,0.0198915,-0.0908642,0.2809972,-0.3714478,-0.2826507,0.0000000,0.0000000,0.0000000,0.0590804,0.0000000,-1.9076018,-0.6701708,0.4073519,0.2880633,-0.0963748
-0.0413571,0.0697220,-0.1431296,0.0000000,0.0000000,0.0000000,1.0000000,0.0022874,-0.0198046,-0.0895275,0.2835975,-0.3679171,-0.2871757,-0.0024465,0.0198915,-0.0908642,0.2809972,-0.3714478,-0.2826507,0.0000000,0.0000000,0.0000000,0.0590804,0.0000000,-1.9076013,-0.6701700,0.3127147,0.2880633,-0.0490563
-0.0413571,0.0697220,-0.1431296,0.0000000,0.0000000,0.0000000,1.0000000,0.0022874,-0.0198046,-0.0895275,0.2835975,-0.3679171,-0.2871757,-0.0024465,0.0198915,-0.0908642,0.2809972,-0.3714478,-0.2826507,0.0000000,0.0000000,0.0000000,0.0590804,0.0000000,-1.9076009,-0.6701691,0.2146018,0.2880633,-0.0000000
-0.0413571,0.0697220,-0.1431296,0.0000000,0.0000000,0.0000000,1.0000000,0.0022874,-0.0198046,-0.0895275,0.2835975,-0.3679171,-0.2871757,-0.0024465,0.0198915,-0.0908642,0.2809972,-0.3714478,-0.2826507,0.0000000,0.0000000,0.0000000,0.0590804,0.0000000,-1.9076006,-0.6701682,0.1164890,0.2880633,0.0490563
-0.0413571,0.0697220,-0.1431296,0.0000000,0.0000000,0.0000000,1.0000000,0.0022874,-0.0198046,-0.0895275,0.2835975,-0.3679171,-0.2871757,-0.0024465,0.0198915,-0.0908642,0.2809972,-0.3714478,-0.2826507,0.0000000,0.0000000,0.0000000,0.0590804,0.0000000,-1.9076004,-0.6701673,0.0218519,0.2880633,0.0963748
-0.0413571,0.0697220,-0.1431296,0.0000000,0.0000000,0.0000000,1.0000000,0.0022874,-0.0198046,-0.0895275,0.2835975,-0.3679171,-0.2871757,-0.0024465,0.0198915,-0.0908642,0.2809972,-0.3714478,-0.2826507,0.0000000,0.0000000,0.0000000,0.0590804,0.0000000,-1.9076003,-0.6701664,-0.0659568,0.2880633,0.1402791
-0.0413571,0.0697220,-0.1431296,0.0000000,0.0000000,0.0000000,1.0000000,0.0022874,-0.0198046,-0.0895275,0.2835975,-0.3679171,-0.2871757,-0.0024465,0.0198915,-0.0908642,0.2809972,-0.3714478,-0.2826507,0.0000000,0.0000000,0.0000000,0.0590804,0.0000000,-1.9076004,-0.6701657,-0.1438266,0.2880633,0.1792140
-0.0413571,0.0697220,-0.1431296,0.0000000,0.0000000,0.0000000,1.0000000,0.0022874,-0.0198046,-0.0895275,0.2835975,-0.3679171,-0.2871757,-0.0024465,0.0198915,-0.0908642,0.2809972,-0.3714478,-0.2826507,0.0000000,0.0000000,0.0000000,0.0590804,0.0000000,-1.9076004,-0.6701650,-0.2089988,0.2880633,0.2118002
-0.0413571,0.0697220,-0.1431296,0.0000000,0.0000000,0.0000000,1.0000000,0.0022874,-0.0198046,-0.0895275,0.2835975,-0.3679171,-0.2871757,-0.0024465,0.0198915,-0.0908642,0.2809972,-0.3714478,-0.2826507,0.0000000,0.0000000,0.0000000,0.0590804,0.0000000,-1.9076005,-0.6701646,-0.2591648,0.2880633,0.2368832
-0.0413571,0.0697220,-0.1431296,0.0000000,0.0000000,0.0000000,1.0000000,0.0022874,-0.0198046,-0.0895275,0.2835975,-0.3679171,-0.2871757,-0.0024465,0.0198915,-0.0908642,0.2809972,-0.3714478,-0.2826507,0.0000000,0.0000000,0.0000000,0.0590804,0.0000000,-1.9076006,-0.6701643,-0.2925473,0.2880633,0.2535745
-0.0413571,0.0697220,-0.1431296,0.0000000,0.0000000,0.0000000,1.0000000,0.0022874,-0.0198046,-0.0895275,0.2835975,-0.3679171,-0.2871757,-0.0024465,0.0198915,-0.0908642,0.2809972,-0.3714478,-0.2826507,0.0000000,0.0000000,0.0000000,0.0590804,0.0000000,-1.9076006,-0.6701641,-0.3079639,0.2880633,0.2612828
-0.0413571,0.0697220,-0.1431296,0.0000000,0.0000000,0.0000000,1.0000000,0.0022874,-0.0198046,-0.0895275,0.2835975,-0.3679171,-0.2871757,-0.0024465,0.0198915,-0.0908642,0.2809972,-0.3714478,-0.2826507,0.0000000,0.0000000,0.0000000,0.0590804,0.0000000,-1.9076006,-0.6701641,-0.3048684,0.2880633,0.2597350
-0.0413571,0.0697220,-0.1431296,0.0000000,0.0000000,0.0000000,1.0000000,0.0022874,-0.0198046,-0.0895275,0.2835975,-0.3679171,-0.2871757,-0.0024465,0.0198915,-0.0908642,0.2809972,-0.3714478,-0.2826507,0.0000000,0.0000000,0.0000000,0.0590804,0.0000000,-1.9076006,-0.6701643,-0.2833704,0.2880633,0.2489860
-0.0413571,0.0697220,-0.1431296,0.0000000,0.0000000,0.0000000,1.0000000,0.0022874,-0.0198046,-0.0895275,0.2835975,-0.3679171,-0.2871757,-0.0024465,0.0198915,-0.0908642,0.2809972,-0.3714478,-0.2826507,0.0000000,0.0000000,0.0000000,0.0590804,0.0000000,-1.9076005,-0.6701647,-0.2442316,0.2880633,0.2294166
-0.0413571,0.0697220,-0.1431296,0.0000000,0.0000000,0.0000000,1.0000000,0.0022874,-0.0198046,-0.0895275,0.2835975,-0.3679171,-0.2871757,-0.0024465,0.0198915,-0.0908642,0.2809972,-0.3714478,-0.2826507,0.0000000,0.0000000,0.0000000,0.0590804,0.0000000,-1.9076004,-0.6701652,-0.1888383,0.2880633,0.2017199
-0.0413571,0.0697220,-0.1431296,0.0000000,0.0000000,0.0000000,1.0000000,0.0022874,-0.0198046,-0.0895275,0.2835975,-0.3679171,-0.2871757,-0.0024465,0.0198915,-0.0908642,0.2809972,-0.3714478,-0.2826507,0.0000000,0.0000000,0.0000000,0.0590804,0.0000000,-1.9076003,-0.6701659,-0.1191530,0.2880633,0.1668772
-0.0413571,0.0697220,-0.1431296,0.0000000,0.0000000,0.0000000,1.0000000,0.0022874,-0.0198046,-0.0895275,0.2835975,-0.3679171,-0.2871757,-0.0024465,0.0198915,-0.0908642,0.2809972,-0.3714478,-0.2826507,0.0000000,0.0000000,0.0000000,0.0590804,0.0000000,-1.9076004,-0.6701667,-0.0376442,0.2880633,0.1261228
-0.0413571,0.0697220,-0.1431296,0.0000000,0.0000000,0.0000000,1.0000000,0.0022874,-0.0198046,-0.0895275,0.2835975,-0.3679171,-0.2871757,-0.0024465,0.0198915,-0.0908642,0.2809972,-0.3714478,-0.2826507,0.0000000,0.0000000,0.0000000,0.0590804,0.0000000,-1.9076005,-0.6701676,0.0528006,0.2880633,0.0809005
-0.0413571,0.0697220,-0.1431296,0.0000000,0.0000000,0.0000000,1.0000000,0.0022874,-0.0198046,-0.0895275,0.2835975,-0.3679171,-0.2871757,-0.0024465,0.0198915,-0.0908642,0.2809972,-0.3714478,-0.2826507,0.0000000,0.0000000,0.0000000,0.0590804,0.0000000,-1.9076007,-0.6701685,0.1489773,0.2880633,0.0328122
-0.0413571,0.0697220,-0.1431296,0.0000000,0.0000000,0.0000000,1.0000000,0.0022874,-0.0198046,-0.0895275,0.2835975,-0.3679171,-0.2871757,-0.0024465,0.0198915,-0.0908642,0.2809972,-0.3714478,-0.2826507,0.0000000,0.0000000,0.0000000,0.0590804,0.0000000,-1.9076010,-0.6701694,0.2474789,0.2880633,-0.0164385
-0.0413571,0.0697220,-0.1431296,0.0000000,0.0000000,0.0000000,1.0000000,0.0022874,-0.0198046,-0.0895275,0.2835975,-0.3679171,-0.2871757,-0.0024465,0.0198915,-0.0908642,0.2809972,-0.3714478,-0.2826507,0.0000000,0.0000000,0.0000000,0.0590804,0.0000000,-1.9076015,-0.6701703,0.3448159,0.2880633,-0.0651069
-0.0413571,0.0697220,-0.1431296,0.0000000,0.0000000,0.0000000,1.0000000,0.0022874,-0.0198046,-0.0895275,0.2835975,-0.3679171,-0.2871757,-0.0024465,0.0198915,-0.0908642,0.2809972,-0.3714478,-0.2826507,0.0000000,0.0000000,0.0000000,0.0590804,0.0000000,-1.9076020,-0.6701711,0.4375400,0.2880633,-0.1114688
-0.0413571,0.0697220,-0.1431296,0.0000000,0.0000000,0.0000000,1.0000000,0.0022874,-0.0198046,-0.0895275,0.2835975,-0.3679171,-0.2871757,-0.0024465,0.0198915,-0.0908642,0.2809972,-0.3714478,-0.2826507,0.0000000,0.0000000,0.0000000,0.0590804,0.0000000,-1.9076026,-0.6701718,0.5223665,0.2880633,-0.1538818
-0.0413571,0.0697220,-0.1431296,0.0000000,0.0000000,0.0000000,1.0000000,0.0022874,-0.0198046,-0.0895275,0.2835975,-0.3679171,-0.2871757,-0.0024465,0.0198915,-0.0908642,0.2809972,-0.3714478,-0.2826507,0.0000000,0.0000000,0.0000000,0.0590804,0.0000000,-1.9076031,-0.6701723,0.5962903,0.2880633,-0.1908435
-0.0413571,0.0697220,-0.1431296,0.0000000,0.0000000,0.0000000,1.0000000,0.0022874,-0.0198046,-0.0895275,0.2835975,-0.3679171,-0.2871757,-0.0024465,0.0198915,-0.0908642,0.2809972,-0.3714478,-0.2826507,0.0000000,0.0000000,0.0000000,0.0590804,0.0000000,-1.9076036,-0.6701728,0.6566926,0.2880633,-0.2210445
-0.0413571,0.0697220,-0.1431296,0.0000000,0.0000000,0.0000000,1.0000000,0.0022874,-0.0198046,-0.0895275,0.2835975,-0.3679171,-0.2871757,-0.0024465,0.0198915,-0.0908642,0.2809972,-0.3714478,-0.2826507,0.0000000,0.0000000,0.0000000,0.0590804,0.0000000,-1.9076040,-0.6701731,0.7014336,0.2880633,-0.2434149
-0.0413571,0.0697220,-0.1431296,0.0000000,0.0000000,0.0000000,1.0000000,0.0022874,-0.0198046,-0.0895275,0.2835975,-0.3679171,-0.2871757,-0.0024465,0.0198915,-0.0908642,0.2809972,-0.3714478,-0.2826507,0.0000000,0.0000000,0.0000000,0.0590804,0.0000000,-1.9076043,-0.6701733,0.7289283,0.2880633,-0.2571622
-0.0413571,0.0697220,-0.1431296,0.0000000,0.0000000,0.0000000,1.0000000,0.0022874,-0.0198046,-0.0895275,0.2835975,-0.3679171,-0.2871757,-0.0024465,0.0198915,-0.0908642,0.2809972,-0.3714478,-0.2826507,0.0000000,0.0000000,0.0000000,0.0590804,0.0000000,-1.9076043,-0.6701733,0.7382027,0.2880633,-0.2617994
-0.0413571,0.0697220,-0.1431296,0.0000000,0.0000000,0.0000000,1.0000000,0.0022874,-0.0198046,-0.0895275,0.2835975,-0.3679171,-0.2871757,-0.0024465,0.0198915,-0.0908642,0.2809972,-0.3714478,-0.2826507,0.0000000,0.0000000,0.0000000,0.0590804,0.0000000,-1.9076043,-0.6701733,0.7289283,0.2880633,-0.2571622
-0.0413571,0.0697220,-0.1431296,0.0000000,0.0000000,0.0000000,1.0000000,0.0022874,-0.0198046,-0.0895275,0.2835975,-0.3679171,-0.2871757,-0.0024465,0.0198915,-0.0908642,0.2809972,-0.3714478,-0.2826507,0.0000000,0.0000000,0.0000000,0.0590804,0.0000000,-1.9076040,-0.6701731,0.7014336,0.2880633,-0.2434149
-0.0413571,0.0697220,-0.1431296,0.0000000,0.0000000,0.0000000,1.0000000,0.0022874,-0.0198046,-0.0895275,0.2835975,-0.3679171,-0.2871757,-0.0024465,0.0198915,-0.0908642,0.2809972,-0.3714478,-0.2826507,0.0000000,0.0000000,0.0000000,0.0590804,0.0000000,-1.9076036,-0.6701728,0.6566926,0.2880633,-0.2210445
-0.0413571,0.0697220,-0.1431296,0.0000000,0.0000000,0.0000000,1.0000000,0.0022874,-0.0198046,-0.0895275,0.2835975,-0.3679171,-0.2871757,-0.0024465,0.0198915,-0.0908642,0.2809972,-0.3714478,-0.2826507,0.0000000,0.0000000,0.0000000,0.0590804,0.0000000,-1.9076031,-0.6701723,0.5962903,0.2880633,-0.1908435
-0.0413571,0.0697220,-0.1431296,0.0000000,0.0000000,0.0000000,1.0000000,0.0022874,-0.0198046,-0.0895275,0.2835975,-0.3679171,-0.2871757,-0.0024465,0.0198915,-0.0908642,0.2809972,-0.3714478,-0.2826507,0.0000000,0.0000000,0.0000000,0.0590804,0.0000000,-1.9076026,-0.6701718,0.5223665,0.2880633,-0.1538818
-0.0413571,0.0697220,-0.1431296,0.0000000,0.0000000,0.0000000,1.0000000,0.0022874,-0.0198046,-0.0895275,0.2835975,-0.3679171,-0.2871757,-0.0024465,0.0198915,-0.0908642,0.2809972,-0.3714478,-0.2826507,0.0000000,0.0000000,0.0000000,0.0590804,0.0000000,-1.9076020,-0.6701711,0.4375400,0.2880633,-0.1114688
-0.0413571,0.0697220,-0.1431296,0.0000000,0.0000000,0.0000000,1.0000000,0.0022874,-0.0198046,-0.0895275,0.2835975,-0.3679171,-0.2871757,-0.0024465,0.0198915,-0.0908642,0.2809972,-0.3714478,-0.2826507,0.0000000,0.0000000,0.0000000,0.0590804,0.0000000,-1.9076015,-0.6701703,0.3448159,0.2880633,-0.0651069
-0.0413571,0.0697220,-0.1431296,0.0000000,0.0000000,0.0000000,1.0000000,0.0022874,-0.0198046,-0.0895275,0.2835975,-0.3679171,-0.2871757,-0.0024465,0.0198915,-0.0908642,0.2809972,-0.3714478,-0.2826507,0.0000000,0.0000000,0.0000000,0.0590804,0.0000000,-1.9076010,-0.6701694,0.2474789,0.2880633,-0.0164385
-0.0413571,0.0697220,-0.1431296,0.0000000,0.0000000,0.0000000,1.0000000,0.0022874,-0.0198046,-0.0895275,0.2835975,-0.3679171,-0.2871757,-0.0024465,0.0198915,-0.0908642,0.2809972,-0.3714478,-0.2826507,0.0000000,0.0000000,0.0000000,0.0590804,0.0000000,-1.9076007,-0.6701685,0.1489773,0.2880633,0.0328122
-0.0413571,0.0697220,-0.1431296,0.0000000,0.0000000,0.0000000,1.0000000,0.0022874,-0.0198046,-0.0895275,0.2835975,-0.3679171,-0.2871757,-0.0024465,0.0198915,-0.0908642,0.2809972,-0.3714478,-0.2826507,0.0000000,0.0000000,0.0000000,0.0590804,0.0000000,-1.9076005,-0.6701676,0.0528006,0.2880633,0.0809005
-0.0413571,0.0697220,-0.1431296,0.0000000,0.0000000,0.0000000,1.0000000,0.0022874,-0.0198046,-0.0895275,0.2835975,-0.3679171,-0.2871757,-0.0024465,0.0198915,-0.0908642,0.2809972,-0.3714478,-0.2826507,0.0000000,0.0000000,0.0000000,0.0590804,0.0000000,-1.9076004,-0.6701667,-0.0376442,0.2880633,0.1261228
-0.0413571,0.0697220,-0.1431296,0.0000000,0.0000000,0.0000000,1.0000000,0.0022874,-0.0198046,-0.0895275,0.2835975,-0.3679171,-0.2871757,-0.0024465,0.0198915,-0.0908642,0.2809972,-0.3714478,-0.2826507,0.0000000,0.0000000,0.0000000,0.0590804,0.0000000,-1.9076003,-0.6701659,-0.1191530,0.2880633,0.1668772
-0.0413571,0.0697220,-0.1431296,0.0000000,0.0000000,0.0000000,1.0000000,0.0022874,-0.0198046,-0.0895275,0.2835975,-0.3679171,-0.2871757,-0.0024465,0.0198915,-0.0908642,0.2809972,-0.3714478,-0.2826507,0.0000000,0.0000000,0.0000000,0.0590804,0.0000000,-1.9076004,-0.6701652,-0.1888383,0.2880633,0.2017199
-0.0413571,0.0697220,-0.1431296,0.0000000,0.0000000,0.0000000,1.0000000,0.0022874,-0.0198046,-0.0895275,0.2835975,-0.3679171,-0.2871757,-0.0024465,0.0198915,-0.0908642,0.2809972,-0.3714478,-0.2826507,0.0000000,0.0000000,0.0000000,0.0590804,0.0000000,-1.9076005,-0.6701647,-0.2442316,0.2880633,0.2294166
-0.0413571,0.0697220,-0.1431296,0.0000000,0.0000000,0.0000000,1.0000000,0.0022874,-0.0198046,-0.0895275,0.2835975,-0.3679171,-0.2871757,-0.0024465,0.0198915,-0.0908642,0.2809972,-0.3714478,-0.2826507,0.0000000,0.0000000,0.0000000,0.0590804,0.0000000,-1.9076006,-0.6701643,-0.2833704,0.2880633,0.2489860
-0.0413571,0.0697220,-0.1431296,0.0000000,0.0000000,0.0000000,1.0000000,0.0022874,-0.0198046,-0.0895275,0.2835975,-0.3679171,-0.2871757,-0.0024465,0.0198915,-0.0908642,0.2809972,-0.3714478,-0.2826507,0.0000000,0.0000000,0.0000000,0.0590804,0.0000000,-1.9076006,-0.6701641,-0.3048684,0.2880633,0.2597350
-0.0413571,0.0697220,-0.1431296,0.0000000,0.0000000,0.0000000,1.0000000,0.0022874,-0.0198046,-0.0895275,0.2835975,-0.3679171,-0.2871757,-0.0024465,0.0198915,-0.0908642,0.2809972,-0.3714478,-0.2826507,0.0000000,0.0000000,0.0000000,0.0590804,0.0000000,-1.9076006,-0.6701641,-0.3079639,0.2880633,0.2612828
-0.0413571,0.0697220,-0.1431296,0.0000000,0.0000000,0.0000000,1.0000000,0.0022874,-0.0198046,-0.0895275,0.2835975,-0.3679171,-0.2871757,-0.0024465,0.0198915,-0.0908642,0.2809972,-0.3714478,-0.2826507,0.0000000,0.0000000,0.0000000,0.0590804,0.0000000,-1.9076006,-0.6701643,-0.2925473,0.2880633,0.2535745
-0.0413571,0.0697220,-0.1431296,0.0000000,0.0000000,0.0000000,1.0000000,0.0022874,-0.0198046,-0.0895275,0.2835975,-0.3679171,-0.2871757,-0.0024465,0.0198915,-0.0908642,0.2809972,-0.3714478,-0.2826507,0.0000000,0.0000000,0.0000000,0.0590804,0.0000000,-1.9076005,-0.6701646,-0.2591648,0.2880633,0.2368832
-0.0413571,0.0697220,-0.1431296,0.0000000,0.0000000,0.0000000,1.0000000,0.0022874,-0.0198046,-0.0895275,0.2835975,-0.3679171,-0.2871757,-0.0024465,0.0198915,-0.0908642,0.2809972,-0.3714478,-0.2826507,0.0000000,0.0000000,0.0000000,0.0590804,0.0000000,-1.9076004,-0.6701650,-0.2089988,0.2880633,0.2118002
-0.0413571,0.0697220,-0.1431296,0.0000000,0.0000000,0.0000000,1.0000000,0.0022874,-0.0198046,-0.0895275,0.2835975,-0.3679171,-0.2871757,-0.0024465,0.0198915,-0.0908642,0.2809972,-0.3714478,-0.2826507,0.0000000,0.0000000,0.0000000,0.0590804,0.0000000,-1.9076004,-0.6701657,-0.1438266,0.2880633,0.1792140
-0.0413571,0.0697220,-0.1431296,0.0000000,0.0000000,0.0000000,1.0000000,0.0022874,-0.0198046,-0.0895275,0.2835975,-0.3679171,-0.2871757,-0.0024465,0.0198915,-0.0908642,0.2809972,-0.3714478,-0.2826507,0.0000000,0.0000000,0.0000000,0.0590804,0.0000000,-1.9076003,-0.6701664,-0.0659568,0.2880633,0.1402791
-0.0413571,0.0697220,-0.1431296,0.0000000,0.0000000,0.0000000,1.0000000,0.0022874,-0.0198046,-0.0895275,0.2835975,-0.3679171,-0.2871757,-0.0024465,0.0198915,-0.0908642,0.2809972,-0.3714478,-0.2826507,0.0000000,0.0000000,0.0000000,0.0590804,0.0000000,-1.9076004,-0.6701673,0.0218519,0.2880633,0.0963748
-0.0413571,0.0697220,-0.1431296,0.0000000,0.0000000,0.0000000,1.0000000,0.0022874,-0.0198046,-0.0895275,0.2835975,-0.3679171,-0.2871757,-0.0024465,0.0198915,-0.0908642,0.2809972,-0.3714478,-0.2826507,0.0000000,0.0000000,0.0000000,0.0590804,0.0000000,-1.9076006,-0.6701682,0.1164890,0.2880633,0.0490563
-0.0413571,0.0697220,-0.1431296,0.0000000,0.0000000,0.0000000,1.0000000,0.0022874,-0.0198046,-0.0895275,0.2835975,-0.3679171,-0.2871757,-0.0024465,0.0198915,-0.0908642,0.2809972,-0.3714478,-0.2826507,0.0000000,0.0000000,0.0000000,0.0590804,0.0000000,-1.9076009,-0.6701691,0.2146018,0.2880633,0.0000000
-0.0413571,0.0697220,-0.1431296,0.0000000,0.0000000,0.0000000,1.0000000,0.0022874,-0.0198046,-0.0895275,0.2835975,-0.3679171,-0.2871757,-0.0024465,0.0198915,-0.0908642,0.2809972,-0.3714478,-0.2826507,0.0000000,0.0000000,0.0000000,0.0590804,0.0000000,-1.9076013,-0.6701700,0.3127147,0.2880633,-0.0490563
-0.0413571,0.0697220,-0.1431296,0.0000000,0.0000000,0.0000000,1.0000000,0.0022874,-0.0198046,-0.0895275,0.2835975,-0.3679171,-0.2871757,-0.0024465,0.0198915,-0.0908642,0.2809972,-0.3714478,-0.2826507,0.0000000,0.0000000,0.0000000,0.0590804,0.0000000,-1.9076018,-0.6701708,0.4073519,0.2880633,-0.0963748
-0.0413571,0.0697220,-0.1431296,0.0000000,0.0000000,0.0000000,1.0000000,0.0022874,-0.0198046,-0.0895275,0.2835975,-0.3679171,-0.2871757,-0.0024465,0.0198915,-0.0908642,0.2809972,-0.3714478,-0.2826507,0.0000000,0.0000000,0.0000000,0.0590804,0.0000000,-1.9076024,-0.6701715,0.4951610,0.2880633,-0.1402791
-0.0413571,0.0697220,-0.1431296,0.0000000,0.0000000,0.0000000,1.0000000,0.0022874,-0.0198046,-0.0895275,0.2835975,-0.3679171,-0.2871757,-0.0024465,0.0198915,-0.0908642,0.2809972,-0.3714478,-0.2826507,0.0000000,0.0000000,0.0000000,0.0590804,0.0000000,-1.9076030,-0.6701722,0.5730311,0.2880633,-0.1792140
-0.0413571,0.0697220,-0.1431296,0.0000000,0.0000000,0.0000000,1.0000000,0.0022874,-0.0198046,-0.0895275,0.2835975,-0.3679171,-0.2871757,-0.0024465,0.0198915,-0.0908642,0.2809972,-0.3714478,-0.2826507,0.0000000,0.0000000,0.0000000,0.0590804,0.0000000,-1.9076035,-0.6701726,0.6382037,0.2880633,-0.2118002
-0.0413571,0.0697220,-0.1431296,0.0000000,0.0000000,0.0000000,1.0000000,0.0022874,-0.0198046,-0.0895275,0.2835975,-0.3679171,-0.2871757,-0.0024465,0.0198915,-0.0908642,0.2809972,-0.3714478,-0.2826507,0.0000000,0.0000000,0.0000000,0.0590804,0.0000000,-1.9076039,-0.6701730,0.6883700,0.2880633,-0.2368832
-0.0413571,0.0697220,-0.1431296,0.0000000,0.0000000,0.0000000,1.0000000,0.0022874,-0.0198046,-0.0895275,0.2835975,-0.3679171,-0.2871757,-0.0024465,0.0198915,-0.0908642,0.2809972,-0.3714478,-0.2826507,0.0000000,0.0000000,0.0000000,0.0590804,0.0000000,-1.9076042,-0.6701732,0.7217528,0.2880633,-0.2535745
-0.0413571,0.0697220,-0.1431296,0.0000000,0.0000000,0.0000000,1.0000000,0.0022874,-0.0198046,-0.0895275,0.2835975,-0.3679171,-0.2871757,-0.0024465,0.0198915,-0.0908642,0.2809972,-0.3714478,-0.2826507,0.0000000,0.0000000,0.0000000,0.0590804,0.0000000,-1.9076043,-0.6701733,0.7371695,0.2880633,-0.2612828
-0.0413571,0.0697220,-0.1431296,0.0000000,0.0000000,0.0000000,1.0000000,0.0022874,-0.0198046,-0.0895275,0.2835975,-0.3679171,-0.2871757,-0.0024465,0.0198915,-0.0908642,0.2809972,-0.3714478,-0.2826507,0.0000000,0.0000000,0.0000000,0.0590804,0.0000000,-1.9076043,-0.6701733,0.7340739,0.2880633,-0.2597350
-0.0413571,0.0697220,-0.1431296,0.0000000,0.0000000,0.0000000,1.0000000,0.0022874,-0.0198046,-0.0895275,0.2835975,-0.3679171,-0.2871757,-0.0024465,0.0198915,-0.0908642,0.2809972,-0.3714478,-0.2826507,0.0000000,0.0000000,0.0000000,0.0590804,0.0000000,-1.9076041,-0.6701732,0.7125758,0.2880633,-0.2489860
-0.0413571,0.0697220,-0.1431296,0.0000000,0.0000000,0.0000000,1.0000000,0.0022874,-0.0198046,-0.0895275,0.2835975,-0.3679171,-0.2871757,-0.0024465,0.0198915,-0.0908642,0.2809972,-0.3714478,-0.2826507,0.0000000,0.0000000,0.0000000,0.0590804,0.0000000,-1.9076038,-0.6701729,0.6734367,0.2880633,-0.2294166
-0.0413571,0.0697220,-0.1431296,0.0000000,0.0000000,0.0000000,1.0000000,0.0022874,-0.0198046,-0.0895275,0.2835975,-0.3679171,-0.2871757,-0.0024465,0.0198915,-0.0908642,0.2809972,-0.3714478,-0.2826507,0.0000000,0.0000000,0.0000000,0.0590804,0.0000000,-1.9076033,-0.6701725,0.6180431,0.2880633,-0.2017199
-0.0413571,0.0697220,-0.1431296,0.0000000,0.0000000,0.0000000,1.0000000,0.0022874,-0.0198046,-0.0895275,0.2835975,-0.3679171,-0.2871757,-0.0024465,0.0198915,-0.0908642,0.2809972,-0.3714478,-0.2826507,0.0000000,0.0000000,0.0000000,0.0590804,0.0000000,-1.9076028,-0.6701720,0.5483574,0.2880633,-0.1668772
-0.0413571,0.0697220,-0.1431296,0.0000000,0.0000000,0.0000000,1.0000000,0.0022874,-0.0198046,-0.0895275,0.2835975,-0.3679171,-0.2871757,-0.0024465,0.0198915,-0.0908642,0.2809972,-0.3714478,-0.2826507,0.0000000,0.0000000,0.0000000,0.0590804,0.0000000,-1.9076022,-0.6701713,0.4668482,0.2880633,-0.1261228
-0.0413571,0.0697220,-0.1431296,0.0000000,0.0000000,0.0000000,1.0000000,0.0022874,-0.0198046,-0.0895275,0.2835975,-0.3679171,-0.2871757,-0.0024465,0.0198915,-0.0908642,0.2809972,-0.3714478,-0.2826507,0.0000000,0.0000000,0.0000000,0.0590804,0.0000000,-1.9076017,-0.6701705,0.3764032,0.2880633,-0.0809005
-0.0413571,0.0697220,-0.1431296,0.0000000,0.0000000,0.0000000,1.0000000,0.0022874,-0.0198046,-0.0895275,0.2835975,-0.3679171,-0.2871757,-0.0024465,0.0198915,-0.0908642,0.2809972,-0.3714478,-0.2826507,0.0000000,0.0000000,0.0000000,0.0590804,0.0000000,-1.9076012,-0.6701697,0.2802263,0.2880633,-0.0328122
-0.0413571,0.0697220,-0.1431296,0.0000000,0.0000000,0.0000000,1.0000000,0.0022874,-0.0198046,-0.0895275,0.2835975,-0.3679171,-0.2871757,-0.0024465,0.0198915,-0.0908642,0.2809972,-0.3714478,-0.2826507,0.0000000,0.0000000,0.0000000,0.0590804,0.0000000,-1.9076008,-0.6701688,0.1817247,0.2880633,0.0164385
-0.0413571,0.0697220,-0.1431296,0.0000000,0.0000000,0.0000000,1.0000000,0.0022874,-0.0198046,-0.0895275,0.2835975,-0.3679171,-0.2871757,-0.0024465,0.0198915,-0.0908642,0.2809972,-0.3714478,-0.2826507,0.0000000,0.0000000,0.0000000,0.0590804,0.0000000,-1.9076005,-0.6701679,0.0843878,0.2880633,0.0651069
-0.0413571,0.0697220,-0.1431296,0.0000000,0.0000000,0.0000000,1.0000000,0.0022874,-0.0198046,-0.0895275,0.2835975,-0.3679171,-0.2871757,-0.0024465,0.0198915,-0.0908642,0.2809972,-0.3714478,-0.2826507,0.0000000,0.0000000,0.0000000,0.0590804,0.0000000,-1.9076004,-0.6701670,-0.0083360,0.2880633,0.1114688
-0.0413571,0.0697220,-0.1431296,0.0000000,0.0000000,0.0000000,1.0000000,0.0022874,-0.0198046,-0.0895275,0.2835975,-0.3679171,-0.2871757,-0.0024465,0.0198915,-0.0908642,0.2809972,-0.3714478,-0.2826507,0.0000000,0.0000000,0.0000000,0.0590804,0.0000000,-1.9076003,-0.6701662,-0.0931622,0.2880633,0.1538818
-0.0413571,0.0697220,-0.1431296,0.0000000,0.0000000,0.0000000,1.0000000,0.0022874,-0.0198046,-0.0895275,0.2835975,-0.3679171,-0.2871757,-0.0024465,0.0198915,-0.0908642,0.2809972,-0.3714478,-0.2826507,0.0000000,0.0000000,0.0000000,0.0590804,0.0000000,-1.9076004,-0.6701655,-0.1670856,0.2880633,0.1908435
-0.0413571,0.0697220,-0.1431296,0.0000000,0.0000000,0.0000000,1.0000000,0.0022874,-0.0198046,-0.0895275,0.2835975,-0.3679171,-0.2871757,-0.0024465,0.0198915,-0.0908642,0.2809972,-0.3714478,-0.2826507,0.0000000,0.0000000,0.0000000,0.0590804,0.0000000,-1.9076005,-0.6701649,-0.2274875,0.2880633,0.2210445
-0.0413571,0.0697220,-0.1431296,0.0000000,0.0000000,0.0000000,1.0000000,0.0022874,-0.0198046,-0.0895275,0.2835975,-0.3679171,-0.2871757,-0.0024465,0.0198915,-0.0908642,0.2809972,-0.3714478,-0.2826507,0.0000000,0.0000000,0.0000000,0.0590804,0.0000000,-1.9076005,-0.6701644,-0.2722282,0.2880633,0.2434149
-0.0413571,0.0697220,-0.1431296,0.0000000,0.0000000,0.0000000,1.0000000,0.0022874,-0.0198046,-0.0895275,0.2835975,-0.3679171,-0.2871757,-0.0024465,0.0198915,-0.0908642,0.2809972,-0.3714478,-0.2826507,0.0000000,0.0000000,0.0000000,0.0590804,0.0000000,-1.9076006,-0.6701642,-0.2997228,0.2880633,0.2571622
-0.0413571,0.0697220,-0.1431296,0.0000000,0.0000000,0.0000000,1.0000000,0.0022874,-0.0198046,-0.0895275,0.2835975,-0.3679171,-0.2871757,-0.0024465,0.0198915,-0.0908642,0.2809972,-0.3714478,-0.2826507,0.0000000,0.0000000,0.0000000,0.0590804,0.0000000,-1.9076006,-0.6701641,-0.3089971,0.2880633,0.2617994
-0.0413571,0.0697220,-0.1431296,0.0000000,0.0000000,0.0000000,1.0000000,0.0022874,-0.0198046,-0.0895275,0.2835975,-0.3679171,-0.2871757,-0.0024465,0.0198915,-0.0908642,0.2809972,-0.3714478,-0.2826507,0.0000000,0.0000000,0.0000000,0.0590804,0.0000000,-1.9076006,-0.6701642,-0.2997228,0.2880633,0.2571622
-0.0413571,0.0697220,-0.1431296,0.0000000,0.0000000,0.0000000,1.0000000,0.0022874,-0.0198046,-0.0895275,0.2835975,-0.3679171,-0.2871757,-0.0024465,0.0198915,-0.0908642,0.2809972,-0.3714478,-0.2826507,0.0000000,0.0000000,0.0000000,0.0590804,0.0000000,-1.9076005,-0.6701644,-0.2722282,0.2880633,0.2434149
-0.0413571,0.0697220,-0.1431296,0.0000000,0.0000000,0.0000000,1.0000000,0.0022874,-0.0198046,-0.0895275,0.2835975,-0.3679171,-0.2871757,-0.0024465,0.0198915,-0.0908642,0.2809972,-0.3714478,-0.2826507,0.0000000,0.0000000,0.0000000,0.0590804,0.0000000,-1.9076005,-0.6701649,-0.2274875,0.2880633,0.2210445
-0.0413571,0.0697220,-0.1431296,0.0000000,0.0000000,0.0000000,1.0000000,0.0022874,-0.0198046,-0.0895275,0.2835975,-0.3679171,-0.2871757,-0.0024465,0.0198915,-0.0908642,0.2809972,-0.3714478,-0.2826507,0.0000000,0.0000000,0.0000000,0.0590804,0.0000000,-1.9076004,-0.6701655,-0.1670856,0.2880633,0.1908435
-0.0413571,0.0697220,-0.1431296,0.0000000,0.0000000,0.0000000,1.0000000,0.0022874,-0.0198046,-0.0895275,0.2835975,-0.3679171,-0.2871757,-0.0024465,0.0198915,-0.0908642,0.2809972,-0.3714478,-0.2826507,0.0000000,0.0000000,0.0000000,0.0590804,0.0000000,-1.9076003,-0.6701662,-0.0931622,0.2880633,0.1538818
-0.0413571,0.0697220,-0.1431296,0.0000000,0.0000000,0.0000000,1.0000000,0.0022874,-0.0198046,-0.0895275,0.2835975,-0.3679171,-0.2871757,-0.0024465,0.0198915,-0.0908642,0.2809972,-0.3714478,-0.2826507,0.0000000,0.0000000,0.0000000,0.0590804,0.0000000,-1.9076004,-0.6701670,-0.0083360,0.2880633,0.1114688
-0.0413571,0.0697220,-0.1431296,0.0000000,0.0000000,0.0000000,1.0000000,0.0022874,-0.0198046,-0.0895275,0.2835975,-0.3679171,-0.2871757,-0.0024465,0.0198915,-0.0908642,0.2809972,-0.3714478,-0.2826507,0.0000000,0.0000000,0.0000000,0.0590804,0.0000000,-1.9076005,-0.6701679,0.0843878,0.2880633,0.0651069
-0.0413571,0.0697220,-0.1431296,0.0000000,0.0000000,0.0000000,1.0000000,0.0022874,-0.0198046,-0.0895275,0.2835975,-0.3679171,-0.2871757,-0.0024465,0.0198915,-0.0908642,0.2809972,-0.3714478,-0.2826507,0.0000000,0.0000000,0.0000000,0.0590804,0.0000000,-1.9076008,-0.6701688,0.1817247,0.2880633,0.0164385
-0.0413571,0.0697220,-0.1431296,0.0000000,0.0000000,0.0000000,1.0000000,0.0022874,-0.0198046,-0.0895275,0.2835975,-0.3679171,-0.2871757,-0.0024465,0.0198915,-0.0908642,0.2809972,-0.3714478,-0.2826507,0.0000000,0.0000000,0.0000000,0.0590804,0.0000000,-1.9076012,-0.6701697,0.2802263,0.2880633,-0.0328122
-0.0413571,0.0697220,-0.1431296,0.0000000,0.0000000,0.0000000,1.0000000,0.0022874,-0.0198046,-0.0895275,0.2835975,-0.3679171,-0.2871757,-0.0024465,0.0198915,-0.0908642,0.2809972,-0.3714478,-0.2826507,0.0000000,0.0000000,0.0000000,0.0590804,0.0000000,-1.9076017,-0.6701705,0.3764032,0.2880633,-0.0809005
-0.0413571,0.0697220,-0.1431296,0.0000000,0.0000000,0.0000000,1.0000000,0.0022874,-0.0198046,-0.0895275,0.2835975,-0.3679171,-0.2871757,-0.0024465,0.0198915,-0.0908642,0.2809972,-0.3714478,-0.2826507,0.0000000,0.0000000,0.0000000,0.0590804,0.0000000,-1.9076022,-0.6701713,0.4668482,0.2880633,-0.1261228
-0.0413571,0.0697220,-0.1431296,0.0000000,0.0000000,0.0000000,1.0000000,0.0022874,-0.0198046,-0.0895275,0.2835975,-0.3679171,-0.2871757,-0.0024465,0.0198915,-0.0908642,0.2809972,-0.3714478,-0.2826507,0.0000000,0.0000000,0.0000000,0.0590804,0.0000000,-1.9076028,-0.6701720,0.5483574,0.2880633,-0.1668772
-0.0413571,0.0697220,-0.1431296,0.0000000,0.0000000,0.0000000,1.0000000,0.0022874,-0.0198046,-0.0895275,0.2835975,-0.3679171,-0.2871757,-0.0024465,0.0198915,-0.0908642,0.2809972,-0.3714478,-0.2826507,0.0000000,0.0000000,0.0000000,0.0590804,0.0000000,-1.9076033,-0.6701725,0.6180431,0.2880633,-0.2017199
-0.0413571,0.0697220,-0.1431296,0.0000000,0.0000000,0.0000000,1.0000000,0.0022874,-0.0198046,-0.0895275,0.2835975,-0.3679171,-0.2871757,-0.0024465,0.0198915,-0.0908642,0.2809972,-0.3714478,-0.2826507,0.0000000,0.0000000,0.0000000,0.0590804,0.0000000,-1.9076038,-0.6701729,0.6734367,0.2880633,-0.2294166
-0.0413571,0.0697220,-0.1431296,0.0000000,0.0000000,0.0000000,1.0000000,0.0022874,-0.0198046,-0.0895275,0.2835975,-0.3679171,-0.2871757,-0.0024465,0.0198915,-0.0908642,0.2809972,-0.3714478,-0.2826507,0.0000000,0.0000000,0.0000000,0.0590804,0.0000000,-1.9076041,-0.6701732,0.7125758,0.2880633,-0.2489860
-0.0413571,0.0697220,-0.1431296,0.0000000,0.0000000,0.0000000,1.0000000,0.0022874,-0.0198046,-0.0895275,0.2835975,-0.3679171,-0.2871757,-0.0024465,0.0198915,-0.0908642,0.2809972,-0.3714478,-0.2826507,0.0000000,0.0000000,0.0000000,0.0590804,0.0000000,-1.9076043,-0.6701733,0.7340739,0.2880633,-0.2597350
-0.0413571,0.0697220,-0.1431296,0.0000000,0.0000000,0.0000000,1.0000000,0.0022874,-0.0198046,-0.0895275,0.2835975,-0.3679171,-0.2871757,-0.0024465,0.0198915,-0.0908642,0.2809972,-0.3714478,-0.2826507,0.0000000,0.0000000,0.0000000,0.0590804,0.0000000,-1.9076043,-0.6701733,0.7371695,0.2880633,-0.2612828
-0.0413571,0.0697220,-0.1431296,0.0000000,0.0000000,0.0000000,1.0000000,0.0022874,-0.0198046,-0.0895275,0.2835975,-0.3679171,-0.2871757,-0.0024465,0.0198915,-0.0908642,0.2809972,-0.3714478,-0.2826507,0.0000000,0.0000000,0.0000000,0.0590804,0.0000000,-1.9076042,-0.6701732,0.7217528,0.2880633,-0.2535745
-0.0413571,0.0697220,-0.1431296,0.0000000,0.0000000,0.0000000,1.0000000,0.0022874,-0.0198046,-0.0895275,0.2835975,-0.3679171,-0.2871757,-0.0024465,0.0198915,-0.0908642,0.2809972,-0.3714478,-0.2826507,0.0000000,0.0000000,0.0000000,0.0590804,0.0000000,-1.9076039,-0.6701730,0.6883700,0.2880633,-0.2368832
-0.0413571,0.0697220,-0.1431296,0.0000000,0.0000000,0.0000000,1.0000000,0.0022874,-0.0198046,-0.0895275,0.2835975,-0.3679171,-0.2871757,-0.0024465,0.0198915,-0.0908642,0.2809972,-0.3714478,-0.2826507,0.0000000,0.0000000,0.0000000,0.0590804,0.0000000,-1.9076035,-0.6701726,0.6382037,0.2880633,-0.2118002
-0.0413571,0.0697220,-0.1431296,0.0000000,0.0000000,0.0000000,1.0000000,0.0022874,-0.0198046,-0.0895275,0.2835975,-0.3679171,-0.2871757,-0.0024465,0.0198915,-0.0908642,0.2809972,-0.3714478,-0.2826507,0.0000000,0.0000000,0.0000000,0.0590804,0.0000000,-1.9076030,-0.6701722,0.5730311,0.2880633,-0.1792140
-0.0413571,0.0697220,-0.1431296,0.0000000,0.0000000,0.0000000,1.0000000,0.0022874,-0.0198046,-0.0895275,0.2835975,-0.3679171,-0.2871757,-0.0024465,0.0198915,-0.0908642,0.2809972,-0.3714478,-0.2826507,0.0000000,0.0000000,0.0000000,0.0590804,0.0000000,-1.9076024,-0.6701715,0.4951610,0.2880633,-0.1402791
-0.0413571,0.0697220,-0.1431296,0.0000000,0.0000000,0.0000000,1.0000000,0.0022874,-0.0198046,-0.0895275,0.2835975,-0.3679171,-0.2871757,-0.0024465,0.0198915,-0.0908642,0.2809972,-0.3714478,-0.2826507,0.0000000,0.0000000,0.0000000,0.0590804,0.0000000,-1.9076018,-0.6701708,0.4073519,0.2880633,-0.0963748
-0.0413571,0.0697220,-0.1431296,0.0000000,0.0000000,0.0000000,1.0000000,0.0022874,-0.0198046,-0.0895275,0.2835975,-0.3679171,-0.2871757,-0.0024465,0.0198915,-0.0908642,0.2809972,-0.3714478,-0.2826507,0.0000000,0.0000000,0.0000000,0.0590804,0.0000000,-1.9076013,-0.6701700,0.3127147,0.2880633,-0.0490563
-0.0413571,0.0697220,-0.1431296,0.0000000,0.0000000,0.0000000,1.0000000,0.0022874,-0.0198046,-0.0895275,0.2835975,-0.3679171,-0.2871757,-0.0024465,0.0198915,-0.0908642,0.2809972,-0.3714478,-0.2826507,0.0000000,0.0000000,0.0000000,0.0590804,0.0000000,-1.9076009,-0.6701691,0.2146018,0.2880633,-0.0000000
-0.0413571,0.0697220,-0.1431296,0.0000000,0.0000000,0.0000000,1.0000000,0.0022874,-0.0198046,-0.0895275,0.2835975,-0.3679171,-0.2871757,-0.0024465,0.0198915,-0.0908642,0.2809972,-0.3714478,-0.2826507,0.0000000,0.0000000,0.0000000,0.0590804,0.0000000,-1.9076006,-0.6701682,0.1164890,0.2880633,0.0490563
-0.0413571,0.0697220,-0.1431296,0.0000000,0.0000000,0.0000000,1.0000000,0.0022874,-0.0198046,-0.0895275,0.2835975,-0.3679171,-0.2871757,-0.0024465,0.0198915,-0.0908642,0.2809972,-0.3714478,-0.2826507,0.0000000,0.0000000,0.0000000,0.0590804,0.0000000,-1.9076004,-0.6701673,0.0218519,0.2880633,0.0963748
-0.0413571,0.0697220,-0.1431296,0.0000000,0.0000000,0.0000000,1.0000000,0.0022874,-0.0198046,-0.0895275,0.2835975,-0.3679171,-0.2871757,-0.0024465,0.0198915,-0.0908642,0.2809972,-0.3714478,-0.2826507,0.0000000,0.0000000,0.0000000,0.0590804,0.0000000,-1.9076003,-0.6701664,-0.0659568,0.2880633,0.1402791
-0.0413571,0.0697220,-0.1431296,0.0000000,0.0000000,0.0000000,1.0000000,0.0022874,-0.0198046,-0.0895275,0.2835975,-0.3679171,-0.2871757,-0.0024465,0.0198915,-0.0908642,0.2809972,-0.3714478,-0.2826507,0.0000000,0.0000000,0.0000000,0.0590804,0.0000000,-1.9076004,-0.6701657,-0.1438266,0.2880633,0.1792140
-0.0413571,0.0697220,-0.1431296,0.0000000,0.0000000,0.0000000,1.0000000,0.0022874,-0.0198046,-0.0895275,0.2835975,-0.3679171,-0.2871757,-0.0024465,0.0198915,-0.0908642,0.2809972,-0.3714478,-0.2826507,0.0000000,0.0000000,0.0000000,0.0590804,0.0000000,-1.9076004,-0.6701650,-0.2089988,0.2880633,0.2118002
-0.0413571,0.0697220,-0.1431296,0.0000000,0.0000000,0.0000000,1.0000000,0.0022874,-0.0198046,-0.0895275,0.2835975,-0.3679171,-0.2871757,-0.0024465,0.0198915,-0.0908642,0.2809972,-0.3714478,-0.2826507,0.0000000,0.0000000,0.0000000,0.0590804,0.0000000,-1.9076005,-0.6701646,-0.2591648,0.2880633,0.2368832
-0.0413571,0.0697220,-0.1431296,0.0000000,0.0000000,0.0000000,1.0000000,0.0022874,-0.0198046,-0.0895275,0.2835975,-0.3679171,-0.2871757,-0.0024465,0.0198915,-0.0908642,0.2809972,-0.3714478,-0.2826507,0.0000000,0.0000000,0.0000000,0.0590804,0.0000000,-1.9076006,-0.6701643,-0.2925473,0.2880633,0.2535745
-0.0413571,0.0697220,-0.1431296,0.0000000,0.0000000,0.0000000,1.0000000,0.0022874,-0.0198046,-0.0895275,0.2835975,-0.3679171,-0.2871757,-0.0024465,0.0198915,-0.0908642,0.2809972,-0.3714478,-0.2826507,0.0000000,0.0000000,0.0000000,0.0590804,0.0000000,-1.9076006,-0.6701641,-0.3079639,0.2880633,0.2612828
-0.0413571,0.0697220,-0.1431296,0.0000000,0.0000000,0.0000000,1.0000000,0.0022874,-0.0198046,-0.0895275,0.2835975,-0.3679171,-0.2871757,-0.0024465,0.0198915,-0.0908642,0.2809972,-0.3714478,-0.2826507,0.0000000,0.0000000,0.0000000,0.0590804,0.0000000,-1.9076006,-0.6701641,-0.3048684,0.2880633,0.2597350
-0.0413571,0.0697220,-0.1431296,0.0000000,0.0000000,0.0000000,1.0000000,0.0022874,-0.0198046,-0.0895275,0.2835975,-0.3679171,-0.2871757,-0.0024465,0.0198915,-0.0908642,0.2809972,-0.3714478,-0.2826507,0.0000000,0.0000000,0.0000000,0.0590804,0.0000000,-1.9076006,-0.6701643,-0.2833704,0.2880633,0.2489860
-0.0413571,0.0697220,-0.1431296,0.0000000,0.0000000,0.0000000,1.0000000,0.0022874,-0.0198046,-0.0895275,0.2835975,-0.3679171,-0.2871757,-0.0024465,0.0198915,-0.0908642,0.2809972,-0.3714478,-0.2826507,0.0000000,0.0000000,0.0000000,0.0590804,0.0000000,-1.9076005,-0.6701647,-0.2441625,0.2880633,0.2293820
-0.0413571,0.0697220,-0.1431296,0.0000000,0.0000000,0.0000000,1.0000000,0.0022874,-0.0198046,-0.0895275,0.2835975,-0.3679171,-0.2871757,-0.0024465,0.0198915,-0.0908642,0.2809972,-0.3714478,-0.2826507,0.0000000,0.0000000,0.0000000,0.0590804,0.0000000,-1.9076004,-0.6701652,-0.1883711,0.2880633,0.2014863
-0.0413571,0.0697220,-0.1431296,0.0000000,0.0000000,0.0000000,1.0000000,0.0022874,-0.0198046,-0.0895275,0.2835975,-0.3679171,-0.2871757,-0.0024465,0.0198915,-0.0908642,0.2809972,-0.3714478,-0.2826507,0.0000000,0.0000000,0.0000000,0.0590804,0.0000000,-1.9076003,-0.6701659,-0.1178986,0.2880633,0.1662500
-0.0413571,0.0697220,-0.1431296,0.0000000,0.0000000,0.0000000,1.0000000,0.0022874,-0.0198046,-0.0895275,0.2835975,-0.3679171,-0.2871757,-0.0024465,0.0198915,-0.0908642,0.2809972,-0.3714478,-0.2826507,0.0000000,0.0000000,0.0000000,0.0590804,0.0000000,-1.9076004,-0.6701667,-0.0354849,0.2880633,0.1250432
-0.0413571,0.0697220,-0.1431296,0.0000000,0.0000000,0.0000000,1.0000000,0.0022874,-0.0198046,-0.0895275,0.2835975,-0.3679171,-0.2871757,-0.0024465,0.0198915,-0.0908642,0.2809972,-0.3714478,-0.2826507,0.0000000,0.0000000,0.0000000,0.0590804,0.0000000,-1.9076005,-0.6701676,0.0553979,0.2880633,0.0796018
-0.0413571,0.0697220,-0.1431296,0.0000000,0.0000000,0.0000000,1.0000000,0.0022874,-0.0198046,-0.0895275,0.2835975,-0.3679171,-0.2871757,-0.0024465,0.0198915,-0.0908642,0.2809972,-0.3714478,-0.2826507,0.0000000,0.0000000,0.0000000,0.0590804,0.0000000,-1.9076007,-0.6701685,0.1507237,0.2880633,0.0319390
-0.0413571,0.0697220,-0.1431296,0.0000000,0.0000000,0.0000000,1.0000000,0.0022874,-0.0198046,-0.0895275,0.2835975,-0.3679171,-0.2871757,-0.0024465,0.0198915,-0.0908642,0.2809972,-0.3714478,-0.2826507,0.0000000,0.0000000,0.0000000,0.0590804,0.0000000,-1.9076010,-0.6701694,0.2461471,0.2880633,-0.0157726
-0.0413571,0.0697220,-0.1431296,0.0000000,0.0000000,0.0000000,1.0000000,0.0022874,-0.0198046,-0.0895275,0.2835975,-0.3679171,-0.2871757,-0.0024465,0.0198915,-0.0908642,0.2809972,-0.3714478,-0.2826507,0.0000000,0.0000000,0.0000000,0.0590804,0.0000000,-1.9076015,-0.6701702,0.3372739,0.2880633,-0.0613359
-0.0413571,0.0697220,-0.1431296,0.0000000,0.0000000,0.0000000,1.0000000,0.0022874,-0.0198046,-0.0895275,0.2835975,-0.3679171,-0.2871757,-0.0024465,0.0198915,-0.0908642,0.2809972,-0.3714478,-0.2826507,0.0000000,0.0000000,0.0000000,0.0590804,0.0000000,-1.9076019,-0.6701709,0.4199451,0.2880633,-0.1026713
-0.0413571,0.0697220,-0.1431296,0.0000000,0.0000000,0.0000000,1.0000000,0.0022874,-0.0198046,-0.0895275,0.2835975,-0.3679171,-0.2871757,-0.0024465,0.0198915,-0.0908642,0.2809972,-0.3714478,-0.2826507,0.0000000,0.0000000,0.0000000,0.0590804,0.0000000,-1.9076024,-0.6701715,0.4905080,0.2880633,-0.1379526
-0.0413571,0.0697220,-0.1431296,0.0000000,0.0000000,0.0000000,1.0000000,0.0022874,-0.0198046,-0.0895275,0.2835975,-0.3679171,-0.2871757,-0.0024465,0.0198915,-0.0908642,0.2809972,-0.3714478,-0.2826507,0.0000000,0.0000000,0.0000000,0.0590804,0.0000000,-1.9076028,-0.6701719,0.5460531,0.2880633,-0.1657251
-0.0413571,0.0697220,-0.1431296,0.0000000,0.0000000,0.0000000,1.0000000,0.0022874,-0.0198046,-0.0895275,0.2835975,-0.3679171,-0.2871757,-0.0024465,0.0198915,-0.0908642,0.2809972,-0.3714478,-0.2826507,0.0000000,0.0000000,0.0000000,0.0590804,0.0000000,-1.9076030,-0.6701722,0.5845963,0.2880633,-0.1849966
-0.0413571,0.0697220,-0.1431296,0.0000000,0.0000000,0.0000000,1.0000000,0.0022874,-0.0198046,-0.0895275,0.2835975,-0.3679171,-0.2871757,-0.0024465,0.0198915,-0.0908642,0.2809972,-0.3714478,-0.2826507,0.0000000,0.0000000,0.0000000,0.0590804,0.0000000,-1.9076032,-0.6701724,0.6051931,0.2880633,-0.1952949
-0.0413571,0.0697220,-0.1431296,0.0000000,0.0000000,0.0000000,1.0000000,0.0022874,-0.0198046,-0.0895275,0.2835975,-0.3679171,-0.2871757,-0.0024465,0.0198915,-0.0908642,0.2809972,-0.3714478,-0.2826507,0.0000000,0.0000000,0.0000000,0.0590804,0.0000000,-1.9076032,-0.6701724,0.6079743,0.2880633,-0.1966855
-0.0413571,0.0697220,-0.1431296,0.0000000,0.0000000,0.0000000,1.0000000,0.0022874,-0.0198046,-0.0895275,0.2835975,-0.3679171,-0.2871757,-0.0024465,0.0198915,-0.0908642,0.2809972,-0.3714478,-0.2826507,0.0000000,0.0000000,0.0000000,0.0590804,0.0000000,-1.9076031,-0.6701723,0.5941036,0.2880633,-0.1897502
-0.0413571,0.0697220,-0.1431296,0.0000000,0.0000000,0.0000000,1.0000000,0.0022874,-0.0198046,-0.0895275,0.2835975,-0.3679171,-0.2871757,-0.0024465,0.0198915,-0.0908642,0.2809972,-0.3714478,-0.2826507,0.0000000,0.0000000,0.0000000,0.0590804,0.0000000,-1.9076029,-0.6701721,0.5656603,0.2880633,-0.1755286
-0.0413571,0.0697220,-0.1431296,0.0000000,0.0000000,0.0000000,1.0000000,0.0022874,-0.0198046,-0.0895275,0.2835975,-0.3679171,-0.2871757,-0.0024465,0.0198915,-0.0908642,0.2809972,-0.3714478,-0.2826507,0.0000000,0.0000000,0.0000000,0.0590804,0.0000000,-1.9076026,-0.6701718,0.5254582,0.2880633,-0.1554277
-0.0413571,0.0697220,-0.1431296,0.0000000,0.0000000,0.0000000,1.0000000,0.0022874,-0.0198046,-0.0895275,0.2835975,-0.3679171,-0.2871757,-0.0024465,0.0198915,-0.0908642,0.2809972,-0.3714478,-0.2826507,0.0000000,0.0000000,0.0000000,0.0590804,0.0000000,-1.9076023,-0.6701714,0.4768176,0.2880633,-0.1311075
-0.0413571,0.0697220,-0.1431296,0.0000000,0.0000000,0.0000000,1.0000000,0.0022874,-0.0198046,-0.0895275,0.2835975,-0.3679171,-0.2871757,-0.0024465,0.0198915,-0.0908642,0.2809972,-0.3714478,-0.2826507,0.0000000,0.0000000,0.0000000,0.0590804,0.0000000,-1.9076019,-0.6701709,0.4233078,0.2880633,-0.1043527
-0.0413571,0.0697220,-0.1431296,0.0000000,0.0000000,0.0000000,1.0000000,0.0022874,-0.0198046,-0.0895275,0.2835975,-0.3679171,-0.2871757,-0.0024465,0.0198915,-0.0908642,0.2809972,-0.3714478,-0.2826507,0.0000000,0.0000000,0.0000000,0.0590804,0.0000000,-1.9076016,-0.6701705,0.3684841,0.2880633,-0.0769409
-0.0413571,0.0697220,-0.1431296,0.0000000,0.0000000,0.0000000,1.0000000,0.0022874,-0.0198046,-0.0895275,0.2835975,-0.3679171,-0.2871757,-0.0024465,0.0198915,-0.0908642,0.2809972,-0.3714478,-0.2826507,0.0000000,0.0000000,0.0000000,0.0590804,0.0000000,-1.9076013,-0.6701700,0.3156380,0.2880633,-0.0505180
-0.0413571,0.0697220,-0.1431296,0.0000000,0.0000000,0.0000000,1.0000000,0.0022874,-0.0198046,-0.0895275,0.2835975,-0.3679171,-0.2871757,-0.0024465,0.0198915,-0.0908642,0.2809972,-0.3714478,-0.2826507,0.0000000,0.0000000,0.0000000,0.0590804,0.0000000,-1.9076011,-0.6701696,0.2675824,0.2880633,-0.0264902
-0.0413571,0.0697220,-0.1431296,0.0000000,0.0000000,0.0000000,1.0000000,0.0022874,-0.0198046,-0.0895275,0.2835975,-0.3679171,-0.2871757,-0.0024465,0.0198915,-0.0908642,0.2809972,-0.3714478,-0.2826507,0.0000000,0.0000000,0.0000000,0.0590804,0.0000000,-1.9076010,-0.6701692,0.2264859,0.2880633,-0.0059420
-0.0413571,0.0697220,-0.1431296,0.0000000,0.0000000,0.0000000,1.0000000,0.0022874,-0.0198046,-0.0895275,0.2835975,-0.3679171,-0.2871757,-0.0024465,0.0198915,-0.0908642,0.2809972,-0.3714478,-0.2826507,0.0000000,0.0000000,0.0000000,0.0590804,0.0000000,-1.9076008,-0.6701689,0.1937700,0.2880633,0.0104159
-0.0413571,0.0697220,-0.1431296,0.0000000,0.0000000,0.0000000,1.0000000,0.0022874,-0.0198046,-0.0895275,0.2835975,-0.3679171,-0.2871757,-0.0024465,0.0198915,-0.0908642,0.2809972,-0.3714478,-0.2826507,0.0000000,0.0000000,0.0000000,0.0590804,0.0000000,-1.9076008,-0.6701687,0.1700729,0.2880633,0.0222644
-0.0413571,0.0697220,-0.1431296,0.0000000,0.0000000,0.0000000,1.0000000,0.0022874,-0.0198046,-0.0895275,0.2835975,-0.3679171,-0.2871757,-0.0024465,0.0198915,-0.0908642,0.2809972,-0.3714478,-0.2826507,0.0000000,0.0000000,0.0000000,0.0590804,0.0000000,-1.9076007,-0.6701685,0.1552812,0.2880633,0.0296602
-0.0413571,0.0697220,-0.1431296,0.0000000,0.0000000,0.0000000,1.0000000,0.0022874,-0.0198046,-0.0895275,0.2835975,-0.3679171,-0.2871757,-0.0024465,0.0198915,-0.0908642,0.2809972,-0.3714478,-0.2826507,0.0000000,0.0000000,0.0000000,0.0590804,0.0000000,-1.9076007,-0.6701685,0.1486227,0.2880633,0.0329895
-0.0413571,0.0697220,-0.1431296,0.0000000,0.0000000,0.0000000,1.0000000,0.0022874,-0.0198046,-0.0895275,0.2835975,-0.3679171,-0.2871757,-0.0024465,0.0198915,-0.0908642,0.2809972,-0.3714478,-0.2826507,0.0000000,0.0000000,0.0000000,0.0590804,0.0000000,-1.9076007,-0.6701685,0.1488087,0.2880633,0.0328965
-0.0413571,0.0697220,-0.1431296,0.0000000,0.0000000,0.0000000,1.0000000,0.0022874,-0.0198046,-0.0895275,0.2835975,-0.3679171,-0.2871757,-0.0024465,0.0198915,-0.0908642,0.2809972,-0.3714478,-0.2826507,0.0000000,0.0000000,0.0000000,0.0590804,0.0000000,-1.9076007,-0.6701685,0.1542109,0.2880633,0.0301954
-0.0413571,0.0697220,-0.1431296,0.0000000,0.0000000,0.0000000,1.0000000,0.0022874,-0.0198046,-0.0895275,0.2835975,-0.3679171,-0.2871757,-0.0024465,0.0198915,-0.0908642,0.2809972,-0.3714478,-0.2826507,0.0000000,0.0000000,0.0000000,0.0590804,0.0000000,-1.9076007,-0.6701686,0.1630538,0.2880633,0.0257739
-0.0413571,0.0697220,-0.1431296,0.0000000,0.0000000,0.0000000,1.0000000,0.0022874,-0.0198046,-0.0895275,0.2835975,-0.3679171,-0.2871757,-0.0024465,0.0198915,-0.0908642,0.2809972,-0.3714478,-0.2826507,0.0000000,0.0000000,0.0000000,0.0590804,0.0000000,-1.9076008,-0.6701687,0.1736037,0.2880633,0.0204990
-0.0413571,0.0697220,-0.1431296,0.0000000,0.0000000,0.0000000,1.0000000,0.0022874,-0.0198046,-0.0895275,0.2835975,-0.3679171,-0.2871757,-0.0024465,0.0198915,-0.0908642,0.2809972,-0.3714478,-0.2826507,0.0000000,0.0000000,0.0000000,0.0590804,0.0000000,-1.9076008,-0.6701688,0.1843347,0.2880633,0.0151335
-0.0413571,0.0697220,-0.1431296,0.0000000,0.0000000,0.0000000,1.0000000,0.0022874,-0.0198046,-0.0895275,0.2835975,-0.3679171,-0.2871757,-0.0024465,0.0198915,-0.0908642,0.2809972,-0.3714478,-0.2826507,0.0000000,0.0000000,0.0000000,0.0590804,0.0000000,-1.9076008,-0.6701689,0.1940571,0.2880633,0.0102723
-0.0413571,0.0697220,-0.1431296,0.0000000,0.0000000,0.0000000,1.0000000,0.0022874,-0.0198046,-0.0895275,0.2835975,-0.3679171,-0.2871757,-0.0024465,0.0198915,-0.0908642,0.2809972,-0.3714478,-0.2826507,0.0000000,0.0000000,0.0000000,0.0590804,0.0000000,-1.9076009,-0.6701690,0.2019940,0.2880633,0.0063039
-0.0413571,0.0697220,-0.1431296,0.0000000,0.0000000,0.0000000,1.0000000,0.0022874,-0.0198046,-0.0895275,0.2835975,-0.3679171,-0.2871757,-0.0024465,0.0198915,-0.0908642,0.2809972,-0.3714478,-0.2826507,0.0000000,0.0000000,0.0000000,0.0590804,0.0000000,-1.9076009,-0.6701690,0.2078021,0.2880633,0.0033999
-0.0413571,0.0697220,-0.1431296,0.0000000,0.0000000,0.0000000,1.0000000,0.0022874,-0.0198046,-0.0895275,0.2835975,-0.3679171,-0.2871757,-0.0024465,0.0198915,-0.0908642,0.2809972,-0.3714478,-0.2826507,0.0000000,0.0000000,0.0000000,0.0590804,0.0000000,-1.9076009,-0.6701691,0.2115337,0.2880633,0.0015341
-0.0413571,0.0697220,-0.1431296,0.0000000,0.0000000,0.0000000,1.0000000,0.0022874,-0.0198046,-0.0895275,0.2835975,-0.3679171,-0.2871757,-0.0024465,0.0198915,-0.0908642,0.2809972,-0.3714478,-0.2826507,0.0000000,0.0000000,0.0000000,0.0590804,0.0000000,-1.9076009,-0.6701691,0.2135474,0.2880633,0.0005272
-0.0413571,0.0697220,-0.1431296,0.0000000,0.0000000,0.0000000,1.0000000,0.0022874,-0.0198046,-0.0895275,0.2835975,-0.3679171,-0.2871757,-0.0024465,0.0198915,-0.0908642,0.2809972,-0.3714478,-0.2826507,0.0000000,0.0000000,0.0000000,0.0590804,0.0000000,-1.9076009,-0.6701691,0.2143786,0.2880633,0.0001116
-0.0413571,0.0697220,-0.1431296,0.0000000,0.0000000,0.0000000,1.0000000,0.0022874,-0.0198046,-0.0895275,0.2835975,-0.3679171,-0.2871757,-0.0024465,0.0198915,-0.0908642,0.2809972,-0.3714478,-0.2826507,0.0000000,0.0000000,0.0000000,0.0590804,0.0000000,-1.9076009,-0.6701691,0.2145870,0.2880633,0.0000074
-0.0413571,0.0697220,-0.1431296,0.0000000,0.0000000,0.0000000,1.0000000,0.0022874,-0.0198046,-0.0895275,0.2835975,-0.3679171,-0.2871757,-0.0024465,0.0198915,-0.0908642,0.2809972,-0.3714478,-0.2826507,0.0000000,0.0000000,0.0000000,0.0590804,0.0000000,-1.9076009,-0.6701691,0.2146018,0.2880633,0.0000000
-0.0413571,0.0697220,-0.1431296,0.0000000,0.0000000,0.0000000,1.0000000,0.0022874,-0.0198046,-0.0895275,0.2835975,-0.3679171,-0.2871757,-0.0024465,0.0198915,-0.0908642,0.2809972,-0.3714478,-0.2826507,0.0000000,0.0000000,0.0000000,0.0590804,0.0000000,-1.9075566,-0.6701535,0.2145968,0.2880572,0.0000000
-0.0413571,0.0697220,-0.1431296,0.0000000,0.0000000,0.0000000,1.0000000,0.0022874,-0.0198046,-0.0895275,0.2835975,-0.3679171,-0.2871757,-0.0024465,0.0198915,-0.0908642,0.2809972,-0.3714478,-0.2826507,0.0000000,0.0000000,0.0000000,0.0590804,0.0000000,-1.9072535,-0.6700470,0.2145627,0.2880158,0.0000000
-0.0413571,0.0697220,-0.1431296,0.0000000,0.0000000,0.0000000,1.0000000,0.0022874,-0.0198046,-0.0895275,0.2835975,-0.3679171,-0.2871757,-0.0024465,0.0198915,-0.0908642,0.2809972,-0.3714478,-0.2826507,0.0000000,0.0000000,0.0000000,0.0590804,0.0000000,-1.9064522,-0.6697655,0.2144726,0.2879064,0.0000000
-0.0413571,0.0697220,-0.1431296,0.0000000,0.0000000,0.0000000,1.0000000,0.0022874,-0.0198046,-0.0895275,0.2835975,-0.3679171,-0.2871757,-0.0024465,0.0198915,-0.0908642,0.2809972,-0.3714478,-0.2826507,0.0000000,0.0000000,0.0000000,0.0590804,0.0000000,-1.9049337,-0.6692319,0.2143018,0.2876990,0.0000000
-0.0413571,0.0697220,-0.1431296,0.0000000,0.0000000,0.0000000,1.0000000,0.0022874,-0.0198046,-0.0895275,0.2835975,-0.3679171,-0.2871757,-0.0024465,0.0198915,-0.0908642,0.2809972,-0.3714478,-0.2826507,0.0000000,0.0000000,0.0000000,0.0590804,0.0000000,-1.9024991,-0.6683765,0.2140280,0.2873664,0.0000000
-0.0413571,0.0697220,-0.1431296,0.0000000,0.0000000,0.0000000,1.0000000,0.0022874,-0.0198046,-0.0895275,0.2835975,-0.3679171,-0.2871757,-0.0024465,0.0198915,-0.0908642,0.2809972,-0.3714478,-0.2826507,0.0000000,0.0000000,0.0000000,0.0590804,0.0000000,-1.8989689,-0.6671361,0.2136310,0.2868843,0.0000000
-0.0413571,0.0697220,-0.1431296,0.0000000,0.0000000,0.0000000,1.0000000,0.0022874,-0.0198046,-0.0895275,0.2835975,-0.3679171,-0.2871757,-0.0024465,0.0198915,-0.0908642,0.2809972,-0.3714478,-0.2826507,0.0000000,0.0000000,0.0000000,0.0590804,0.0000000,-1.8941822,-0.6654543,0.2130926,0.2862305,0.0000000
-0.0413571,0.0697220,-0.1431296,0.0000000,0.0000000,0.0000000,1.0000000,0.0022874,-0.0198046,-0.0895275,0.2835975,-0.3679171,-0.2871757,-0.0024465,0.0198915,-0.0908642,0.2809972,-0.3714478,-0.2826507,0.0000000,0.0000000,0.0000000,0.0590804,0.0000000,-1.8879966,-0.6632809,0.2123969,0.2853856,0.0000000
-0.0413571,0.0697220,-0.1431296,0.0000000,0.0000000,0.0000000,1.0000000,0.0022874,-0.0198046,-0.0895275,0.2835975,-0.3679171,-0.2871757,-0.0024465,0.0198915,-0.0908642,0.2809972,-0.3714478,-0.2826507,0.0000000,0.0000000,0.0000000,0.0590804,0.0000000,-1.8802873,-0.6605721,0.2115298,0.2843327,0.0000000
-0.0413571,0.0697220,-0.1431296,0.0000000,0.0000000,0.0000000,1.0000000,0.0022874,-0.0198046,-0.0895275,0.2835975,-0.3679171,-0.2871757,-0.0024465,0.0198915,-0.0908642,0.2809972,-0.3714478,-0.2826507,0.0000000,0.0000000,0.0000000,0.0590804,0.0000000,-1.8709463,-0.6572900,0.2104792,0.2830568,0.0000000
-0.0413571,0.0697220,-0.1431296,0.0000000,0.0000000,0.0000000,1.0000000,0.0022874,-0.0198046,-0.0895275,0.2835975,-0.3679171,-0.2871757,-0.0024465,0.0198915,-0.0908642,0.2809972,-0.3714478,-0.2826507,0.0000000,0.0000000,0.0000000,0.0590804,0.0000000,-1.8598824,-0.6534026,0.2092349,0.2815514,0.0000000
-0.0413571,0.0697220,-0.1431296,0.0000000,0.0000000,0.0000000,1.0000000,0.0022874,-0.0198046,-0.0895275,0.2835975,-0.3679171,-0.2871757,-0.0024465,0.0198915,-0.0908642,0.2809972,-0.3714478,-0.2826507,0.0000000,0.0000000,0.0000000,0.0590804,0.0000000,-1.8470203,-0.6488833,0.2077883,0.2798040,0.0000000
-0.0413571,0.0697220,-0.1431296,0.0000000,0.0000000,0.0000000,1.0000000,0.0022874,-0.0198046,-0.0895275,0.2835975,-0.3679171,-0.2871757,-0.0024465,0.0198915,-0.0908642,0.2809972,-0.3714478,-0.2826507,0.0000000,0.0000000,0.0000000,0.0590804,0.0000000,-1.8322998,-0.6437112,0.2061326,0.2778041,0.0000000
-0.0413571,0.0697220,-0.1431296,0.0000000,0.0000000,0.0000000,1.0000000,0.0022874,-0.0198046,-0.0895275,0.2835975,-0.3679171,-0.2871757,-0.0024465,0.0198915,-0.0908642,0.2809972,-0.3714478,-0.2826507,0.0000000,0.0000000,0.0000000,0.0590804,0.0000000,-1.8156757,-0.6378701,0.2042629,0.2755456,0.0000000
-0.0413571,0.0697220,-0.1431296,0.0000000,0.0000000,0.0000000,1.0000000,0.0022874,-0.0198046,-0.0895275,0.2835975,-0.3679171,-0.2871757,-0.0024465,0.0198915,-0.0908642,0.2809972,-0.3714478,-0.2826507,0.0000000,0.0000000,0.0000000,0.0590804,0.0000000,-1.7971168,-0.6313493,0.2021755,0.2730298,0.0000000
-0.0413571,0.0697220,-0.1431296,0.0000000,0.0000000,0.0000000,1.0000000,0.0022874,-0.0198046,-0.0895275,0.2835975,-0.3679171,-0.2871757,-0.0024465,0.0198915,-0.0908642,0.2809972,-0.3714478,-0.2826507,0.0000000,0.0000000,0.0000000,0.0590804,0.0000000,-1.7766057,-0.6241426,0.1998686,0.2702609,0.0000000
-0.0413571,0.0697220,-0.1431296,0.0000000,0.0000000,0.0000000,1.0000000,0.0022874,-0.0198046,-0.0895275,0.2835975,-0.3679171,-0.2871757,-0.0024465,0.0198915,-0.0908642,0.2809972,-0.3714478,-0.2826507,0.0000000,0.0000000,0.0000000,0.0590804,0.0000000,-1.7541379,-0.6162484,0.1973415,0.2672280,0.0000000
-0.0413571,0.0697220,-0.1431296,0.0000000,0.0000000,0.0000000,1.0000000,0.0022874,-0.0198046,-0.0895275,0.2835975,-0.3679171,-0.2871757,-0.0024465,0.0198915,-0.0908642,0.2809972,-0.3714478,-0.2826507,0.0000000,0.0000000,0.0000000,0.0590804,0.0000000,-1.7297213,-0.6076695,0.1945953,0.2639396,0.0000000
-0.0413571,0.0697220,-0.1431296,0.0000000,0.0000000,0.0000000,1.0000000,0.0022874,-0.0198046,-0.0895275,0.2835975,-0.3679171,-0.2871757,-0.0024465,0.0198915,-0.0908642,0.2809972,-0.3714478,-0.2826507,0.0000000,0.0000000,0.0000000,0.0590804,0.0000000,-1.7033756,-0.5984129,0.1916321,0.2604048,0.0000000
-0.0413571,0.0697220,-0.1431296,0.0000000,0.0000000,0.0000000,1.0000000,0.0022874,-0.0198046,-0.0895275,0.2835975,-0.3679171,-0.2871757,-0.0024465,0.0198915,-0.0908642,0.2809972,-0.3714478,-0.2826507,0.0000000,0.0000000,0.0000000,0.0590804,0.0000000,-1.6751322,-0.5884895,0.1884554,0.2566155,0.0000000
-0.0413571,0.0697220,-0.1431296,0.0000000,0.0000000,0.0000000,1.0000000,0.0022874,-0.0198046,-0.0895275,0.2835975,-0.3679171,-0.2871757,-0.0024465,0.0198915,-0.0908642,0.2809972,-0.3714478,-0.2826507,0.0000000,0.0000000,0.0000000,0.0590804,0.0000000,-1.6450326,-0.5779141,0.1850699,0.2526033,0.0000000
-0.0413571,0.0697220,-0.1431296,0.0000000,0.0000000,0.0000000,1.0000000,0.0022874,-0.0198046,-0.0895275,0.2835975,-0.3679171,-0.2871757,-0.0024465,0.0198915,-0.0908642,0.2809972,-0.3714478,-0.2826507,0.0000000,0.0000000,0.0000000,0.0590804,0.0000000,-1.6131290,-0.5667048,0.1814815,0.2483518,0.0000000
-0.0413571,0.0697220,-0.1431296,0.0000000,0.0000000,0.0000000,1.0000000,0.0022874,-0.0198046,-0.0895275,0.2835975,-0.3679171,-0.2871757,-0.0024465,0.0198915,-0.0908642,0.2809972,-0.3714478,-0.2826507,0.0000000,0.0000000,0.0000000,0.0590804,0.0000000,-1.5794826,-0.5548833,0.1776970,0.2438980,0.0000000
-0.0413571,0.0697220,-0.1431296,0.0000000,0.0000000,0.0000000,1.0000000,0.0022874,-0.0198046,-0.0895275,0.2835975,-0.3679171,-0.2871757,-0.0024465,0.0198915,-0.0908642,0.2809972,-0.3714478,-0.2826507,0.0000000,0.0000000,0.0000000,0.0590804,0.0000000,-1.5441641,-0.5424744,0.1737245,0.2392277,0.0000000
-0.0413571,0.0697220,-0.1431296,0.0000000,0.0000000,0.0000000,1.0000000,0.0022874,-0.0198046,-0.0895275,0.2835975,-0.3679171,-0.2871757,-0.0024465,0.0198915,-0.0908642,0.2809972,-0.3714478,-0.2826507,0.0000000,0.0000000,0.0000000,0.0590804,0.0000000,-1.5072523,-0.5295057,0.1695726,0.2343844,0.0000000
-0.0413571,0.0697220,-0.1431296,0.0000000,0.0000000,0.0000000,1.0000000,0.0022874,-0.0198046,-0.0895275,0.2835975,-0.3679171,-0.2871757,-0.0024465,0.0198915,-0.0908642,0.2809972,-0.3714478,-0.2826507,0.0000000,0.0000000,0.0000000,0.0590804,0.0000000,-1.4688338,-0.5160078,0.1652513,0.2293527,0.0000000
-0.0413571,0.0697220,-0.1431296,0.0000000,0.0000000,0.0000000,1.0000000,0.0022874,-0.0198046,-0.0895275,0.2835975,-0.3679171,-0.2871757,-0.0024465,0.0198915,-0.0908642,0.2809972,-0.3714478,-0.2826507,0.0000000,0.0000000,0.0000000,0.0590804,0.0000000,-1.4290025,-0.5020136,0.1607710,0.2241690,0.0000000
-0.0413571,0.0697220,-0.1431296,0.0000000,0.0000000,0.0000000,1.0000000,0.0022874,-0.0198046,-0.0895275,0.2835975,-0.3679171,-0.2871757,-0.0024465,0.0198915,-0.0908642,0.2809972,-0.3714478,-0.2826507,0.0000000,0.0000000,0.0000000,0.0590804,0.0000000,-1.3878589,-0.4875585,0.1561431,0.2188378,0.0000000
-0.0413571,0.0697220,-0.1431296,0.0000000,0.0000000,0.0000000,1.0000000,0.0022874,-0.0198046,-0.0895275,0.2835975,-0.3679171,-0.2871757,-0.0024465,0.0198915,-0.0908642,0.2809972,-0.3714478,-0.2826507,0.0000000,0.0000000,0.0000000,0.0590804,0.0000000,-1.3455098,-0.4726799,0.1513795,0.2133722,0.0000000
-0.0413571,0.0697220,-0.1431296,0.0000000,0.0000000,0.0000000,1.0000000,0.0022874,-0.0198046,-0.0895275,0.2835975,-0.3679171,-0.2871757,-0.0024465,0.0198915,-0.0908642,0.2809972,-0.3714478,-0.2826507,0.0000000,0.0000000,0.0000000,0.0590804,0.0000000,-1.3020672,-0.4574172,0.1464928,0.2078130,0.0000000
-0.0413571,0.0697220,-0.1431296,0.0000000,0.0000000,0.0000000,1.0000000,0.0022874,-0.0198046,-0.0895275,0.2835975,-0.3679171,-0.2871757,-0.0024465,0.0198915,-0.0908642,0.2809972,-0.3714478,-0.2826507,0.0000000,0.0000000,0.0000000,0.0590804,0.0000000,-1.2576482,-0.4418116,0.1414963,0.2021524,0.0000000
-0.0413571,0.0697220,-0.1431296,0.0000000,0.0000000,0.0000000,1.0000000,0.0022874,-0.0198046,-0.0895275,0.2835975,-0.3679171,-0.2871757,-0.0024465,0.0198915,-0.0908642,0.2809972,-0.3714478,-0.2826507,0.0000000,0.0000000,0.0000000,0.0590804,0.0000000,-1.2123742,-0.4259057,0.1364035,0.1964166,0.0000000
-0.0413571,0.0697220,-0.1431296,0.0000000,0.0000000,0.0000000,1.0000000,0.0022874,-0.0198046,-0.0895275,0.2835975,-0.3679171,-0.2871757,-0.0024465,0.0198915,-0.0908642,0.2809972,-0.3714478,-0.2826507,0.0000000,0.0000000,0.0000000,0.0590804,0.0000000,-1.1663704,-0.4097435,0.1312286,0.1906347,0.0000000
-0.0413571,0.0697220,-0.1431296,0.0000000,0.0000000,0.0000000,1.0000000,0.0022874,-0.0198046,-0.0895275,0.2835975,-0.3679171,-0.2871757,-0.0024465,0.0198915,-0.0908642,0.2809972,-0.3714478,-0.2826507,0.0000000,0.0000000,0.0000000,0.0590804,0.0000000,-1.1197650,-0.3933702,0.1259859,0.1848062,0.0000000
-0.0413571,0.0697220,-0.1431296,0.0000000,0.0000000,0.0000000,1.0000000,0.0022874,-0.0198046,-0.0895275,0.2835975,-0.3679171,-0.2871757,-0.0024465,0.0198915,-0.0908642,0.2809972,-0.3714478,-0.2826507,0.0000000,0.0000000,0.0000000,0.0590804,0.0000000,-1.0726891,-0.3768316,0.1206903,0.1789577,0.0000000
-0.0413571,0.0697220,-0.1431296,0.0000000,0.0000000,0.0000000,1.0000000,0.0022874,-0.0198046,-0.0895275,0.2835975,-0.3679171,-0.2871757,-0.0024465,0.0198915,-0.0908642,0.2809972,-0.3714478,-0.2826507,0.0000000,0.0000000,0.0000000,0.0590804,0.0000000,-1.0252755,-0.3601745,0.1153566,0.1731178,0.0000000
-0.0413571,0.0697220,-0.1431296,0.0000000,0.0000000,0.0000000,1.0000000,0.0022874,-0.0198046,-0.0895275,0.2835975,-0.3679171,-0.2871757,-0.0024465,0.0198915,-0.0908642,0.2809972,-0.3714478,-0.2826507,0.0000000,0.0000000,0.0000000,0.0590804,0.0000000,-0.9776588,-0.3434462,0.1099999,0.1672841,0.0000000
-0.0413571,0.0697220,-0.1431296,0.0000000,0.0000000,0.0000000,1.0000000,0.0022874,-0.0198046,-0.0895275,0.2835975,-0.3679171,-0.2871757,-0.0024465,0.0198915,-0.0908642,0.2809972,-0.3714478,-0.2826507,0.0000000,0.0000000,0.0000000,0.0590804,0.0000000,-0.9299743,-0.3266941,0.1046356,0.1614810,0.0000000
-0.0413571,0.0697220,-0.1431296,0.0000000,0.0000000,0.0000000,1.0000000,0.0022874,-0.0198046,-0.0895275,0.2835975,-0.3679171,-0.2871757,-0.0024465,0.0198915,-0.0908642,0.2809972,-0.3714478,-0.2826507,0.0000000,0.0000000,0.0000000,0.0590804,0.0000000,-0.8823574,-0.3099659,0.0992787,0.1557399,0.0000000
-0.0413571,0.0697220,-0.1431296,0.0000000,0.0000000,0.0000000,1.0000000,0.0022874,-0.0198046,-0.0895275,0.2835975,-0.3679171,-0.2871757,-0.0024465,0.0198915,-0.0908642,0.2809972,-0.3714478,-0.2826507,0.0000000,0.0000000,0.0000000,0.0590804,0.0000000,-0.8349435,-0.2933091,0.0939447,0.1500537,0.0000000
-0.0413571,0.0697220,-0.1431296,0.0000000,0.0000000,0.0000000,1.0000000,0.0022874,-0.0198046,-0.0895275,0.2835975,-0.3679171,-0.2871757,-0.0024465,0.0198915,-0.0908642,0.2809972,-0.3714478,-0.2826507,0.0000000,0.0000000,0.0000000,0.0590804,0.0000000,-0.7878671,-0.2767710,0.0886485,0.1444480,0.0000000
-0.0413571,0.0697220,-0.1431296,0.0000000,0.0000000,0.0000000,1.0000000,0.0022874,-0.0198046,-0.0895275,0.2835975,-0.3679171,-0.2871757,-0.0024465,0.0198915,-0.0908642,0.2809972,-0.3714478,-0.2826507,0.0000000,0.0000000,0.0000000,0.0590804,0.0000000,-0.7412611,-0.2603982,0.0834052,0.1389494,0.0000000
-0.0413571,0.0697220,-0.1431296,0.0000000,0.0000000,0.0000000,1.0000000,0.0022874,-0.0198046,-0.0895275,0.2835975,-0.3679171,-0.2871757,-0.0024465,0.0198915,-0.0908642,0.2809972,-0.3714478,-0.2826507,0.0000000,0.0000000,0.0000000,0.0590804,0.0000000,-0.6952564,-0.2442368,0.0782295,0.1335464,0.0000000
-0.0413571,0.0697220,-0.1431296,0.0000000,0.0000000,0.0000000,1.0000000,0.0022874,-0.0198046,-0.0895275,0.2835975,-0.3679171,-0.2871757,-0.0024465,0.0198915,-0.0908642,0.2809972,-0.3714478,-0.2826507,0.0000000,0.0000000,0.0000000,0.0590804,0.0000000,-0.6499815,-0.2283318,0.0731357,0.1282726,0.0000000
-0.0413571,0.0697220,-0.1431296,0.0000000,0.0000000,0.0000000,1.0000000,0.0022874,-0.0198046,-0.0895275,0.2835975,-0.3679171,-0.2871757,-0.0024465,0.0198915,-0.0908642,0.2809972,-0.3714478,-0.2826507,0.0000000,0.0000000,0.0000000,0.0590804,0.0000000,-0.6055614,-0.2127272,0.0681381,0.1231334,0.0000000
-0.0413571,0.0697220,-0.1431296,0.0000000,0.0000000,0.0000000,1.0000000,0.0022874,-0.0198046,-0.0895275,0.2835975,-0.3679171,-0.2871757,-0.0024465,0.0198915,-0.0908642,0.2809972,-0.3714478,-0.2826507,0.0000000,0.0000000,0.0000000,0.0590804,0.0000000,-0.5621176,-0.1974656,0.0632503,0.1181307,0.0000000
-0.0413571,0.0697220,-0.1431296,0.0000000,0.0000000,0.0000000,1.0000000,0.0022874,-0.0198046,-0.0895275,0.2835975,-0.3679171,-0.2871757,-0.0024465,0.0198915,-0.0908642,0.2809972,-0.3714478,-0.2826507,0.0000000,0.0000000,0.0000000,0.0590804,0.0000000,-0.5197672,-0.1825881,0.0584854,0.1133041,0.0000000
-0.0413571,0.0697220,-0.1431296,0.0000000,0.0000000,0.0000000,1.0000000,0.0022874,-0.0198046,-0.0895275,0.2835975,-0.3679171,-0.2871757,-0.0024465,0.0198915,-0.0908642,0.2809972,-0.3714478,-0.2826507,0.0000000,0.0000000,0.0000000,0.0590804,0.0000000,-0.4786223,-0.1681342,0.0538561,0.1086252,0.0000000
-0.0413571,0.0697220,-0.1431296,0.0000000,0.0000000,0.0000000,1.0000000,0.0022874,-0.0198046,-0.0895275,0.2835975,-0.3679171,-0.2871757,-0.0024465,0.0198915,-0.0908642,0.2809972,-0.3714478,-0.2826507,0.0000000,0.0000000,0.0000000,0.0590804,0.0000000,-0.4387896,-0.1541413,0.0493743,0.1041438,0.0000000
-0.0413571,0.0697220,-0.1431296,0.0000000,0.0000000,0.0000000,1.0000000,0.0022874,-0.0198046,-0.0895275,0.2835975,-0.3679171,-0.2871757,-0.0024465,0.0198915,-0.0908642,0.2809972,-0.3714478,-0.2826507,0.0000000,0.0000000,0.0000000,0.0590804,0.0000000,-0.4003696,-0.1406447,0.0450514,0.0998277,0.0000000
-0.0413571,0.0697220,-0.1431296,0.0000000,0.0000000,0.0000000,1.0000000,0.0022874,-0.0198046,-0.0895275,0.2835975,-0.3679171,-0.2871757,-0.0024465,0.0198915,-0.0908642,0.2809972,-0.3714478,-0.2826507,0.0000000,0.0000000,0.0000000,0.0590804,0.0000000,-0.3634562,-0.1276774,0.0408980,0.0957239,0.0000000
-0.0413571,0.0697220,-0.1431296,0.0000000,0.0000000,0.0000000,1.0000000,0.0022874,-0.0198046,-0.0895275,0.2835975,-0.3679171,-0.2871757,-0.0024465,0.0198915,-0.0908642,0.2809972,-0.3714478,-0.2826507,0.0000000,0.0000000,0.0000000,0.0590804,0.0000000,-0.3281362,-0.1152699,0.0369239,0.0917973,0.0000000
-0.0413571,0.0697220,-0.1431296,0.0000000,0.0000000,0.0000000,1.0000000,0.0022874,-0.0198046,-0.0895275,0.2835975,-0.3679171,-0.2871757,-0.0024465,0.0198915,-0.0908642,0.2809972,-0.3714478,-0.2826507,0.0000000,0.0000000,0.0000000,0.0590804,0.0000000,-0.2944883,-0.1034498,0.0331378,0.0881025,0.0000000
-0.0413571,0.0697220,-0.1431296,0.0000000,0.0000000,0.0000000,1.0000000,0.0022874,-0.0198046,-0.0895275,0.2835975,-0.3679171,-0.2871757,-0.0024465,0.0198915,-0.0908642,0.2809972,-0.3714478,-0.2826507,0.0000000,0.0000000,0.0000000,0.0590804,0.0000000,-0.2625831,-0.0922419,0.0295478,0.0845993,0.0000000
-0.0413571,0.0697220,-0.1431296,0.0000000,0.0000000,0.0000000,1.0000000,0.0022874,-0.0198046,-0.0895275,0.2835975,-0.3679171,-0.2871757,-0.0024465,0.0198915,-0.0908642,0.2809972,-0.3714478,-0.2826507,0.0000000,0.0000000,0.0000000,0.0590804,0.0000000,-0.2324821,-0.0816677,0.0261608,0.0813176,0.0000000
-0.0413571,0.0697220,-0.1431296,0.0000000,0.0000000,0.0000000,1.0000000,0.0022874,-0.0198046,-0.0895275,0.2835975,-0.3679171,-0.2871757,-0.0024465,0.0198915,-0.0908642,0.2809972,-0.3714478,-0.2826507,0.0000000,0.0000000,0.0000000,0.0590804,0.0000000,-0.2042372,-0.0717457,0.0229825,0.0782544,0.0000000
-0.0413571,0.0697220,-0.1431296,0.0000000,0.0000000,0.0000000,1.0000000,0.0022874,-0.0198046,-0.0895275,0.2835975,-0.3679171,-0.2871757,-0.0024465,0.0198915,-0.0908642,0.2809972,-0.3714478,-0.2826507,0.0000000,0.0000000,0.0000000,0.0590804,0.0000000,-0.1778902,-0.0624903,0.0200178,0.0753970,0.0000000
-0.0413571,0.0697220,-0.1431296,0.0000000,0.0000000,0.0000000,1.0000000,0.0022874,-0.0198046,-0.0895275,0.2835975,-0.3679171,-0.2871757,-0.0024465,0.0198915,-0.0908642,0.2809972,-0.3714478,-0.2826507,0.0000000,0.0000000,0.0000000,0.0590804,0.0000000,-0.1534722,-0.0539126,0.0172702,0.0727714,0.0000000
-0.0413571,0.0697220,-0.1431296,0.0000000,0.0000000,0.0000000,1.0000000,0.0022874,-0.0198046,-0.0895275,0.2835975,-0.3679171,-0.2871757,-0.0024465,0.0198915,-0.0908642,0.2809972,-0.3714478,-0.2826507,0.0000000,0.0000000,0.0000000,0.0590804,0.0000000,-0.1310031,-0.0460195,0.0147418,0.0703639,0.0000000
-0.0413571,0.0697220,-0.1431296,0.0000000,0.0000000,0.0000000,1.0000000,0.0022874,-0.0198046,-0.0895275,0.2835975,-0.3679171,-0.2871757,-0.0024465,0.0198915,-0.0908642,0.2809972,-0.3714478,-0.2826507,0.0000000,0.0000000,0.0000000,0.0590804,0.0000000,-0.1104908,-0.0388139,0.0124336,0.0681661,0.0000000
-0.0413571,0.0697220,-0.1431296,0.0000000,0.0000000,0.0000000,1.0000000,0.0022874,-0.0198046,-0.0895275,0.2835975,-0.3679171,-0.2871757,-0.0024465,0.0198915,-0.0908642,0.2809972,-0.3714478,-0.2826507,0.0000000,0.0000000,0.0000000,0.0590804,0.0000000,-0.0919309,-0.0322940,0.0103451,0.0661774,0.0000000
-0.0413571,0.0697220,-0.1431296,0.0000000,0.0000000,0.0000000,1.0000000,0.0022874,-0.0198046,-0.0895275,0.2835975,-0.3679171,-0.2871757,-0.0024465,0.0198915,-0.0908642,0.2809972,-0.3714478,-0.2826507,0.0000000,0.0000000,0.0000000,0.0590804,0.0000000,-0.0753058,-0.0264539,0.0084743,0.0644180,0.0000000
-0.0413571,0.0697220,-0.1431296,0.0000000,0.0000000,0.0000000,1.0000000,0.0022874,-0.0198046,-0.0895275,0.2835975,-0.3679171,-0.2871757,-0.0024465,0.0198915,-0.0908642,0.2809972,-0.3714478,-0.2826507,0.0000000,0.0000000,0.0000000,0.0590804,0.0000000,-0.0605844,-0.0212824,0.0068177,0.0628616,0.0000000
-0.0413571,0.0697220,-0.1431296,0.0000000,0.0000000,0.0000000,1.0000000,0.0022874,-0.0198046,-0.0895275,0.2835975,-0.3679171,-0.2871757,-0.0024465,0.0198915,-0.0908642,0.2809972,-0.3714478,-0.2826507,0.0000000,0.0000000,0.0000000,0.0590804,0.0000000,-0.0477215,-0.0167639,0.0053702,0.0615016,0.0000000
-0.0413571,0.0697220,-0.1431296,0.0000000,0.0000000,0.0000000,1.0000000,0.0022874,-0.0198046,-0.0895275,0.2835975,-0.3679171,-0.2871757,-0.0024465,0.0198915,-0.0908642,0.2809972,-0.3714478,-0.2826507,0.0000000,0.0000000,0.0000000,0.0590804,0.0000000,-0.0366569,-0.0128771,0.0041251,0.0603318,0.0000000
-0.0413571,0.0697220,-0.1431296,0.0000000,0.0000000,0.0000000,1.0000000,0.0022874,-0.0198046,-0.0895275,0.2835975,-0.3679171,-0.2871757,-0.0024465,0.0198915,-0.0908642,0.2809972,-0.3714478,-0.2826507,0.0000000,0.0000000,0.0000000,0.0590804,0.0000000,-0.0273154,-0.0095955,0.0030739,0.0593441,0.0000000
-0.0413571,0.0697220,-0.1431296,0.0000000,0.0000000,0.0000000,1.0000000,0.0022874,-0.0198046,-0.0895275,0.2835975,-0.3679171,-0.2871757,-0.0024465,0.0198915,-0.0908642,0.2809972,-0.3714478,-0.2826507,0.0000000,0.0000000,0.0000000,0.0590804,0.0000000,-0.0196055,-0.0068871,0.0022063,0.0585290,0.0000000
-0.0413571,0.0697220,-0.1431296,0.0000000,0.0000000,0.0000000,1.0000000,0.0022874,-0.0198046,-0.0895275,0.2835975,-0.3679171,-0.2871757,-0.0024465,0.0198915,-0.0908642,0.2809972,-0.3714478,-0.2826507,0.0000000,0.0000000,0.0000000,0.0590804,0.0000000,-0.0134196,-0.0047141,0.0015101,0.0578749,0.0000000
-0.0413571,0.0697220,-0.1431296,0.0000000,0.0000000,0.0000000,1.0000000,0.0022874,-0.0198046,-0.0895275,0.2835975,-0.3679171,-0.2871757,-0.0024465,0.0198915,-0.0908642,0.2809972,-0.3714478,-0.2826507,0.0000000,0.0000000,0.0000000,0.0590804,0.0000000,-0.0086326,-0.0030325,0.0009714,0.0573703,0.0000000
-0.0413571,0.0697220,-0.1431296,0.0000000,0.0000000,0.0000000,1.0000000,0.0022874,-0.0198046,-0.0895275,0.2835975,-0.3679171,-0.2871757,-0.0024465,0.0198915,-0.0908642,0.2809972,-0.3714478,-0.2826507,0.0000000,0.0000000,0.0000000,0.0590804,0.0000000,-0.0051021,-0.0017923,0.0005742,0.0570019,0.0000000
-0.0413571,0.0697220,-0.1431296,0.0000000,0.0000000,0.0000000,1.0000000,0.0022874,-0.0198046,-0.0895275,0.2835975,-0.3679171,-0.2871757,-0.0024465,0.0198915,-0.0908642,0.2809972,-0.3714478,-0.2826507,0.0000000,0.0000000,0.0000000,0.0590804,0.0000000,-0.0026674,-0.0009370,0.0003002,0.0567478,0.0000000
-0.0413571,0.0697220,-0.1431296,0.0000000,0.0000000,0.0000000,1.0000000,0.0022874,-0.0198046,-0.0895275,0.2835975,-0.3679171,-0.2871757,-0.0024465,0.0198915,-0.0908642,0.2809972,-0.3714478,-0.2826507,0.0000000,0.0000000,0.0000000,0.0590804,0.0000000,-0.0011488,-0.0004036,0.0001293,0.0565894,0.0000000
-0.0413571,0.0697220,-0.1431296,0.0000000,0.0000000,0.0000000,1.0000000,0.0022874,-0.0198046,-0.0895275,0.2835975,-0.3679171,-0.2871757,-0.0024465,0.0198915,-0.0908642,0.2809972,-0.3714478,-0.2826507,0.0000000,0.0000000,0.0000000,0.0590804,0.0000000,-0.0003474,-0.0001220,0.0000391,0.0565057,0.0000000
-0.0413571,0.0697220,-0.1431296,0.0000000,0.0000000,0.0000000,1.0000000,0.0022874,-0.0198046,-0.0895275,0.2835975,-0.3679171,-0.2871757,-0.0024465,0.0198915,-0.0908642,0.2809972,-0.3714478,-0.2826507,0.0000000,0.0000000,0.0000000,0.0590804,0.0000000,-0.0000443,-0.0000156,0.0000050,0.0564741,0.0000000
-0.0413571,0.0697220,-0.1431296,0.0000000,0.0000000,0.0000000,1.0000000,0.0022874,-0.0198046,-0.0895275,0.2835975,-0.3679171,-0.2871757,-0.0024465,0.0198915,-0.0908642,0.2809972,-0.3714478,-0.2826507,0.0000000,0.0000000,0.0000000,0.0590804,0.0000000,-0.0000000,-0.0000000,0.0000000,0.0564695,0.0000000
-0.0413571,0.0697220,-0.1431296,0.0000000,0.0000000,0.0000000,1.0000000,0.0022874,-0.0198046,-0.0895275,0.2835975,-0.3679171,-0.2871757,-0.0024465,0.0198915,-0.0908642,0.2809972,-0.3714478,-0.2826507,0.0000000,0.0000000,0.0000000,0.0590804,0.0000000,-0.0000000,-0.0000000,0.0000000,0.0564695,0.0000000
-0.0413571,0.0697220,-0.1431296,0.0000000,0.0000000,0.0000000,1.0000000,0.0022874,-0.0198046,-0.0895275,0.2835975,-0.3679171,-0.2871757,-0.0024465,0.0198915,-0.0908642,0.2809972,-0.3714478,-0.2826507,0.0000000,0.0000000,0.0000000,0.0590804,0.0000000,-0.0000000,-0.0000000,0.0000000,0.0564695,0.0000000
-0.0413571,0.0697220,-0.1431296,0.0000000,0.0000000,0.0000000,1.0000000,0.0022874,-0.0198046,-0.0895275,0.2835975,-0.3679171,-0.2871757,-0.0024465,0.0198915,-0.0908642,0.2809972,-0.3714478,-0.2826507,0.0000000,0.0000000,0.0000000,0.0590804,0.0000000,-0.0000000,-0.0000000,0.0000000,0.0564695,0.0000000
-0.0413571,0.0697220,-0.1431296,0.0000000,0.0000000,0.0000000,1.0000000,0.0022874,-0.0198046,-0.0895275,0.2835975,-0.3679171,-0.2871757,-0.0024465,0.0198915,-0.0908642,0.2809972,-0.3714478,-0.2826507,0.0000000,0.0000000,0.0000000,0.0590804,0.0000000,-0.0000000,-0.0000000,0.0000000,0.0564695,0.0000000
-0.0413571,0.0697220,-0.1431296,0.0000000,0.0000000,0.0000000,1.0000000,0.0022874,-0.0198046,-0.0895275,0.2835975,-0.3679171,-0.2871757,-0.0024465,0.0198915,-0.0908642,0.2809972,-0.3714478,-0.2826507,0.0000000,0.0000000,0.0000000,0.0590804,0.0000000,-0.0000000,0.0000000,0.0000000,0.0564695,0.0000000
-0.0413571,0.0697220,-0.1431296,0.0000000,0.0000000,0.0000000,1.0000000,0.0022874,-0.0198046,-0.0895275,0.2835975,-0.3679171,-0.2871757,-0.0024465,0.0198915,-0.0908642,0.2809972,-0.3714478,-0.2826507,0.0000000,0.0000000,0.0000000,0.0590804,0.0000000,0.0000000,0.0000000,0.0000000,0.0564695,0.0000000
-0.0413571,0.0697220,-0.1431296,0.0000000,0.0000000,0.0000000,1.0000000,0.0022874,-0.0198046,-0.0895275,0.2835975,-0.3679171,-0.2871757,-0.0024465,0.0198915,-0.0908642,0.2809972,-0.3714478,-0.2826507,0.0000000,0.0000000,0.0000000,0.0590804,0.0000000,0.0000000,0.0000000,0.0000000,0.0564695,0.0000000
-0.0413571,0.0697220,-0.1431296,0.0000000,0.0000000,0.0000000,1.0000000,0.0022874,-0.0198046,-0.0895275,0.2835975,-0.3679171,-0.2871757,-0.0024465,0.0198915,-0.0908642,0.2809972,-0.3714478,-0.2826507,0.0000000,0.0000000,0.0000000,0.0590804,0.0000000,0.0000000,0.0000000,0.0000000,0.0564695,0.0000000
-0.0413571,0.0697220,-0.1431296,0.0000000,0.0000000,0.0000000,1.0000000,0.0022874,-0.0198046,-0.0895275,0.2835975,-0.3679171,-0.2871757,-0.0024465,0.0198915,-0.0908642,0.2809972,-0.3714478,-0.2826507,0.0000000,0.0000000,0.0000000,0.0590804,0.0000000,0.0000000,0.0000000,0.0000000,0.0564695,0.0000000
-0.0413571,0.0697220,-0.1431296,0.0000000,0.0000000,0.0000000,1.0000000,0.0022874,-0.0198046,-0.0895275,0.2835975,-0.3679171,-0.2871757,-0.0024465,0.0198915,-0.0908642,0.2809972,-0.3714478,-0.2826507,0.0000000,0.0000000,0.0000000,0.0590804,0.0000000,0.0000000,0.0000000,0.0000000,0.0564695,0.0000000
-0.0413571,0.0697220,-0.1431296,0.0000000,0.0000000,0.0000000,1.0000000,0.0022874,-0.0198046,-0.0895275,0.2835975,-0.3679171,-0.2871757,-0.0024465,0.0198915,-0.0908642,0.2809972,-0.3714478,-0.2826507,0.0000000,0.0000000,0.0000000,0.0590804,0.0000000,0.0000000,0.0000000,0.0000000,0.0564695,0.0000000
-0.0413571,0.0697220,-0.1431296,0.0000000,0.0000000,0.0000000,1.0000000,0.0022874,-0.0198046,-0.0895275,0.2835975,-0.3679171,-0.2871757,-0.0024465,0.0198915,-0.0908642,0.2809972,-0.3714478,-0.2826507,0.0000000,0.0000000,0.0000000,0.0590804,0.0000000,0.0000000,0.0000000,0.0000000,0.0564695,0.0000000
-0.0413571,0.0697220,-0.1431296,0.0000000,0.0000000,0.0000000,1.0000000,0.0022874,-0.0198046,-0.0895275,0.2835975,-0.3679171,-0.2871757,-0.0024465,0.0198915,-0.0908642,0.2809972,-0.3714478,-0.2826507,0.0000000,0.0000000,0.0000000,0.0590804,0.0000000,0.0000000,0.0000000,0.0000000,0.0564695,0.0000000
-0.0413571,0.0697220,-0.1431296,0.0000000,0.0000000,0.0000000,1.0000000,0.0022874,-0.0198046,-0.0895275,0.2835975,-0.3679171,-0.2871757,-0.0024465,0.0198915,-0.0908642,0.2809972,-0.3714478,-0.2826507,0.0000000,0.0000000,0.0000000,0.0590804,0.0000000,0.0000000,0.0000000,0.0000000,0.0564695,0.0000000
-0.0413571,0.0697220,-0.1431296,0.0000000,0.0000000,0.0000000,1.0000000,0.0022874,-0.0198046,-0.0895275,0.2835975,-0.3679171,-0.2871757,-0.0024465,0.0198915,-0.0908642,0.2809972,-0.3714478,-0.2826507,0.0000000,0.0000000,0.0000000,0.0590804,0.0000000,0.0000000,0.0000000,0.0000000,0.0564695,0.0000000
-0.0413571,0.0697220,-0.1431296,0.0000000,0.0000000,0.0000000,1.0000000,0.0022874,-0.0198046,-0.0895275,0.2835975,-0.3679171,-0.2871757,-0.0024465,0.0198915,-0.0908642,0.2809972,-0.3714478,-0.2826507,0.0000000,0.0000000,0.0000000,0.0590804,0.0000000,0.0000000,0.0000000,0.0000000,0.0564695,0.0000000
-0.0413571,0.0697220,-0.1431296,0.0000000,0.0000000,0.0000000,1.0000000,0.0022874,-0.0198046,-0.0895275,0.2835975,-0.3679171,-0.2871757,-0.0024465,0.0198915,-0.0908642,0.2809972,-0.3714478,-0.2826507,0.0000000,0.0000000,0.0000000,0.0590804,0.0000000,0.0000000,0.0000000,0.0000000,0.0564695,0.0000000
-0.0413571,0.0697220,-0.1431296,0.0000000,0.0000000,0.0000000,1.0000000,0.0022874,-0.0198046,-0.0895275,0.2835975,-0.3679171,-0.2871757,-0.0024465,0.0198915,-0.0908642,0.2809972,-0.3714478,-0.2826507,0.0000000,0.0000000,0.0000000,0.0590804,0.0000000,0.0000000,0.0000000,0.0000000,0.0564695,0.0000000
-0.0413571,0.0697220,-0.1431296,0.0000000,0.0000000,0.0000000,1.0000000,0.0022874,-0.0198046,-0.0895275,0.2835975,-0.3679171,-0.2871757,-0.0024465,0.0198915,-0.0908642,0.2809972,-0.3714478,-0.2826507,0.0000000,0.0000000,0.0000000,0.0590804,0.0000000,0.0000000,0.0000000,0.0000000,0.0564695,0.0000000
-0.0413571,0.0697220,-0.1431296,0.0000000,0.0000000,0.0000000,1.0000000,0.0022874,-0.0198046,-0.0895275,0.2835975,-0.3679171,-0.2871757,-0.0024465,0.0198915,-0.0908642,0.2809972,-0.3714478,-0.2826507,0.0000000,0.0000000,0.0000000,0.0590804,0.0000000,0.0000000,0.0000000,0.0000000,0.0564695,0.0000000
-0.0413571,0.0697220,-0.1431296,0.0000000,0.0000000,0.0000000,1.0000000,0.0022874,-0.0198046,-0.0895275,0.2835975,-0.3679171,-0.2871757,-0.0024465,0.0198915,-0.0908642,0.2809972,-0.3714478,-0.2826507,0.0000000,0.0000000,0.0000000,0.0590804,0.0000000,0.0000000,0.0000000,0.0000000,0.0564695,0.0000000
-0.0413571,0.0697220,-0.1431296,0.0000000,0.0000000,0.0000000,1.0000000,0.0022874,-0.0198046,-0.0895275,0.2835975,-0.3679171,-0.2871757,-0.0024465,0.0198915,-0.0908642,0.2809972,-0.3714478,-0.2826507,0.0000000,0.0000000,0.0000000,0.0590804,0.0000000,0.0000000,0.0000000,0.0000000,0.0564695,0.0000000
-0.0413571,0.0697220,-0.1431296,0.0000000,0.0000000,0.0000000,1.0000000,0.0022874,-0.0198046,-0.0895275,0.2835975,-0.3679171,-0.2871757,-0.0024465,0.0198915,-0.0908642,0.2809972,-0.3714478,-0.2826507,0.0000000,0.0000000,0.0000000,0.0590804,0.0000000,0.0000000,0.0000000,0.0000000,0.0564695,0.0000000
-0.0413571,0.0697220,-0.1431296,0.0000000,0.0000000,0.0000000,1.0000000,0.0022874,-0.0198046,-0.0895275,0.2835975,-0.3679171,-0.2871757,-0.0024465,0.0198915,-0.0908642,0.2809972,-0.3714478,-0.2826507,0.0000000,0.0000000,0.0000000,0.0590804,0.0000000,0.0000000,0.0000000,0.0000000,0.0564695,0.0000000
-0.0413571,0.0697220,-0.1431296,0.0000000,0.0000000,0.0000000,1.0000000,0.0022874,-0.0198046,-0.0895275,0.2835975,-0.3679171,-0.2871757,-0.0024465,0.0198915,-0.0908642,0.2809972,-0.3714478,-0.2826507,0.0000000,0.0000000,0.0000000,0.0590804,0.0000000,0.0000000,0.0000000,0.0000000,0.0564695,0.0000000
-0.0413571,0.0697220,-0.1431296,0.0000000,0.0000000,0.0000000,1.0000000,0.0022874,-0.0198046,-0.0895275,0.2835975,-0.3679171,-0.2871757,-0.0024465,0.0198915,-0.0908642,0.2809972,-0.3714478,-0.2826507,0.0000000,0.0000000,0.0000000,0.0590804,0.0000000,0.0000000,0.0000000,0.0000000,0.0564695,0.0000000
-0.0413571,0.0697220,-0.1431296,0.0000000,0.0000000,0.0000000,1.0000000,0.0022874,-0.0198046,-0.0895275,0.2835975,-0.3679171,-0.2871757,-0.0024465,0.0198915,-0.0908642,0.2809972,-0.3714478,-0.2826507,0.0000000,0.0000000,0.0000000,0.0590804,0.0000000,0.0000000,0.0000000,0.0000000,0.0564695,0.0000000
-0.0413571,0.0697220,-0.1431296,0.0000000,0.0000000,0.0000000,1.0000000,0.0022874,-0.0198046,-0.0895275,0.2835975,-0.3679171,-0.2871757,-0.0024465,0.0198915,-0.0908642,0.2809972,-0.3714478,-0.2826507,0.0000000,0.0000000,0.0000000,0.0590804,0.0000000,0.0000000,0.0000000,0.0000000,0.0564695,0.0000000
-0.0413571,0.0697220,-0.1431296,0.0000000,0.0000000,0.0000000,1.0000000,0.0022874,-0.0198046,-0.0895275,0.2835975,-0.3679171,-0.2871757,-0.0024465,0.0198915,-0.0908642,0.2809972,-0.3714478,-0.2826507,0.0000000,0.0000000,0.0000000,0.0590804,0.0000000,0.0000000,0.0000000,0.0000000,0.0564695,0.0000000
-0.0413571,0.0697220,-0.1431296,0.0000000,0.0000000,0.0000000,1.0000000,0.0022874,-0.0198046,-0.0895275,0.2835975,-0.3679171,-0.2871757,-0.0024465,0.0198915,-0.0908642,0.2809972,-0.3714478,-0.2826507,0.0000000,0.0000000,0.0000000,0.0590804,0.0000000,0.0000000,0.0000000,0.0000000,0.0564695,0.0000000
-0.0413571,0.0697220,-0.1431296,0.0000000,0.0000000,0.0000000,1.0000000,0.0022874,-0.0198046,-0.0895275,0.2835975,-0.3679171,-0.2871757,-0.0024465,0.0198915,-0.0908642,0.2809972,-0.3714478,-0.2826507,0.0000000,0.0000000,0.0000000,0.0590804,0.0000000,0.0000000,0.0000000,0.0000000,0.0564695,0.0000000
-0.0413571,0.0697220,-0.1431296,0.0000000,0.0000000,0.0000000,1.0000000,0.0022874,-0.0198046,-0.0895275,0.2835975,-0.3679171,-0.2871757,-0.0024465,0.0198915,-0.0908642,0.2809972,-0.3714478,-0.2826507,0.0000000,0.0000000,0.0000000,0.0590804,0.0000000,0.0000000,0.0000000,0.0000000,0.0564695,0.0000000
-0.0413571,0.0697220,-0.1431296,0.0000000,0.0000000,0.0000000,1.0000000,0.0022874,-0.0198046,-0.0895275,0.2835975,-0.3679171,-0.2871757,-0.0024465,0.0198915,-0.0908642,0.2809972,-0.3714478,-0.2826507,0.0000000,0.0000000,0.0000000,0.0590804,0.0000000,0.0000000,0.0000000,0.0000000,0.0564695,0.0000000
-0.0413571,0.0697220,-0.1431296,0.0000000,0.0000000,0.0000000,1.0000000,0.0022874,-0.0198046,-0.0895275,0.2835975,-0.3679171,-0.2871757,-0.0024465,0.0198915,-0.0908642,0.2809972,-0.3714478,-0.2826507,0.0000000,0.0000000,0.0000000,0.0590804,0.0000000,0.0000000,0.0000000,0.0000000,0.0564695,0.0000000
-0.0413571,0.0697220,-0.1431296,0.0000000,0.0000000,0.0000000,1.0000000,0.0022874,-0.0198046,-0.0895275,0.2835975,-0.3679171,-0.2871757,-0.0024465,0.0198915,-0.0908642,0.2809972,-0.3714478,-0.2826507,0.0000000,0.0000000,0.0000000,0.0590804,0.0000000,0.0000000,0.0000000,0.0000000,0.0564695,0.0000000
-0.0413571,0.0697220,-0.1431296,0.0000000,0.0000000,0.0000000,1.0000000,0.0022874,-0.0198046,-0.0895275,0.2835975,-0.3679171,-0.2871757,-0.0024465,0.0198915,-0.0908642,0.2809972,-0.3714478,-0.2826507,0.0000000,0.0000000,0.0000000,0.0590804,0.0000000,0.0000000,0.0000000,0.0000000,0.0564695,0.0000000
-0.0413571,0.0697220,-0.1431296,0.0000000,0.0000000,0.0000000,1.0000000,0.0022874,-0.0198046,-0.0895275,0.2835975,-0.3679171,-0.2871757,-0.0024465,0.0198915,-0.0908642,0.2809972,-0.3714478,-0.2826507,0.0000000,0.0000000,0.0000000,0.0590804,0.0000000,0.0000000,0.0000000,0.0000000,0.0564695,0.0000000
-0.0413571,0.0697220,-0.1431296,0.0000000,0.0000000,0.0000000,1.0000000,0.0022874,-0.0198046,-0.0895275,0.2835975,-0.3679171,-0.2871757,-0.0024465,0.0198915,-0.0908642,0.2809972,-0.3714478,-0.2826507,0.0000000,0.0000000,0.0000000,0.0590804,0.0000000,0.0000000,0.0000000,0.0000000,0.0564695,0.0000000
-0.0413571,0.0697220,-0.1431296,0.0000000,0.0000000,0.0000000,1.0000000,0.0022874,-0.0198046,-0.0895275,0.2835975,-0.3679171,-0.2871757,-0.0024465,0.0198915,-0.0908642,0.2809972,-0.3714478,-0.2826507,0.0000000,0.0000000,0.0000000,0.0590804,0.0000000,0.0000000,0.0000000,0.0000000,0.0564695,0.0000000
-0.0413571,0.0697220,-0.1431296,0.0000000,0.0000000,0.0000000,1.0000000,0.0022874,-0.0198046,-0.0895275,0.2835975,-0.3679171,-0.2871757,-0.0024465,0.0198915,-0.0908642,0.2809972,-0.3714478,-0.2826507,0.0000000,0.0000000,0.0000000,0.0590804,0.0000000,0.0000000,0.0000000,0.0000000,0.0564695,0.0000000
-0.0413571,0.0697220,-0.1431296,0.0000000,0.0000000,0.0000000,1.0000000,0.0022874,-0.0198046,-0.0895275,0.2835975,-0.3679171,-0.2871757,-0.0024465,0.0198915,-0.0908642,0.2809972,-0.3714478,-0.2826507,0.0000000,0.0000000,0.0000000,0.0590804,0.0000000,0.0000000,0.0000000,0.0000000,0.0564695,0.0000000
-0.0413571,0.0697220,-0.1431296,0.0000000,0.0000000,0.0000000,1.0000000,0.0022874,-0.0198046,-0.0895275,0.2835975,-0.3679171,-0.2871757,-0.0024465,0.0198915,-0.0908642,0.2809972,-0.3714478,-0.2826507,0.0000000,0.0000000,0.0000000,0.0590804,0.0000000,0.0000000,0.0000000,0.0000000,0.0564695,0.0000000
-0.0413571,0.0697220,-0.1431296,0.0000000,0.0000000,0.0000000,1.0000000,0.0022874,-0.0198046,-0.0895275,0.2835975,-0.3679171,-0.2871757,-0.0024465,0.0198915,-0.0908642,0.2809972,-0.3714478,-0.2826507,0.0000000,0.0000000,0.0000000,0.0590804,0.0000000,0.0000000,0.0000000,0.0000000,0.0564695,0.0000000
-0.0413571,0.0697220,-0.1431296,0.0000000,0.0000000,0.0000000,1.0000000,0.0022874,-0.0198046,-0.0895275,0.2835975,-0.3679171,-0.2871757,-0.0024465,0.0198915,-0.0908642,0.2809972,-0.3714478,-0.2826507,0.0000000,0.0000000,0.0000000,0.0590804,0.0000000,0.0000000,0.0000000,0.0000000,0.0564695,0.0000000
-0.0413571,0.0697220,-0.1431296,0.0000000,0.0000000,0.0000000,1.0000000,0.0022874,-0.0198046,-0.0895275,0.2835975,-0.3679171,-0.2871757,-0.0024465,0.0198915,-0.0908642,0.2809972,-0.3714478,-0.2826507,0.0000000,0.0000000,0.0000000,0.0590804,0.0000000,0.0000000,0.0000000,0.0000000,0.0564695,0.0000000
-0.0413571,0.0697220,-0.1431296,0.0000000,0.0000000,0.0000000,1.0000000,0.0022874,-0.0198046,-0.0895275,0.2835975,-0.3679171,-0.2871757,-0.0024465,0.0198915,-0.0908642,0.2809972,-0.3714478,-0.2826507,0.0000000,0.0000000,0.0000000,0.0590804,0.0000000,0.0000000,0.0000000,0.0000000,0.0564695,0.0000000
-0.0413571,0.0697220,-0.1431296,0.0000000,0.0000000,0.0000000,1.0000000,0.0022874,-0.0198046,-0.0895275,0.2835975,-0.3679171,-0.2871757,-0.0024465,0.0198915,-0.0908642,0.2809972,-0.3714478,-0.2826507,0.0000000,0.0000000,0.0000000,0.0590804,0.0000000,0.0000000,0.0000000,0.0000000,0.0564695,0.0000000
-0.0413571,0.0697220,-0.1431296,0.0000000,0.0000000,0.0000000,1.0000000,0.0022874,-0.0198046,-0.0895275,0.2835975,-0.3679171,-0.2871757,-0.0024465,0.0198915,-0.0908642,0.2809972,-0.3714478,-0.2826507,0.0000000,0.0000000,0.0000000,0.0590804,0.0000000,0.0000000,0.0000000,0.0000000,0.0564695,0.0000000
-0.0413571,0.0697220,-0.1431296,0.0000000,0.0000000,0.0000000,1.0000000,0.0022874,-0.0198046,-0.0895275,0.2835975,-0.3679171,-0.2871757,-0.0024465,0.0198915,-0.0908642,0.2809972,-0.3714478,-0.2826507,0.0000000,0.0000000,0.0000000,0.0590804,0.0000000,0.0000000,0.0000000,0.0000000,0.0564695,0.0000000
-0.0413571,0.0697220,-0.1431296,0.0000000,0.0000000,0.0000000,1.0000000,0.0022874,-0.0198046,-0.0895275,0.2835975,-0.3679171,-0.2871757,-0.0024465,0.0198915,-0.0908642,0.2809972,-0.3714478,-0.2826507,0.0000000,0.0000000,0.0000000,0.0590804,0.0000000,0.0000000,0.0000000,0.0000000,0.0564695,0.0000000
