root_x,root_y,root_z,root_qx,root_qy,root_qz,root_qw,PG_left_leg_pitch,PG_left_leg_roll,LL_hip_joint,LL_knee_actuator_joint,LL_Revolute67,LL_Revolute81,PG_right_leg_pitch,PG_right_leg_roll,RL_hip_joint,RL_knee_actuator_joint,RL_Revolute67,RL_Revolute81,LH_yaw,LH_pitch,LH_roll,LH_elbow_joint,LH_wrist_roll,RH_yaw,RH_pitch,RH_roll,RH_elbow_joint,RH_wrist_roll
-0.0413571,0.0697220,-0.1431296,0.0000000,0.0000000,0.0000000,1.0000000,0.0021387,-0.0006876,-0.0861532,0.2835975,-0.3572055,-0.3048797,-0.0021515,0.0006291,-0.0874779,0.2809972,-0.3607842,-0.3003595,0.0000000,0.0000000,0.0000000,0.0590804,0.0000000,0.0000000,0.0000000,0.0000000,0.0564695,0.0000000
-0.0413571,0.0697220,-0.1431296,0.0000000,0.0000000,0.0000000,1.0000000,0.0021387,-0.0006876,-0.0861532,0.2835975,-0.3572055,-0.3048797,-0.0021515,0.0006291,-0.0874779,0.2809972,-0.3607842,-0.3003595,0.0000000,0.0000000,0.0000000,0.0590804,0.0000000,0.0000000,0.0000000,0.0000000,0.0564695,0.0000000
-0.0413571,0.0697220,-0.1431296,0.0000000,0.0000000,0.0000000,1.0000000,0.0021387,-0.0006876,-0.0861532,0.2835975,-0.3572055,-0.3048797,-0.0021515,0.0006291,-0.0874779,0.2809972,-0.3607842,-0.3003595,0.0000000,0.0000000,0.0000000,0.0590804,0.0000000,0.0000000,0.0000000,0.0000000,0.0564695,0.0000000
-0.0413571,0.0697220,-0.1431296,0.0000000,0.0000000,0.0000000,1.0000000,0.0021387,-0.0006876,-0.0861532,0.2835975,-0.3572055,-0.3048797,-0.0021515,0.0006291,-0.0874779,0.2809972,-0.3607842,-0.3003595,0.0000000,0.0000000,0.0000000,0.0590804,0.0000000,0.0000000,0.0000000,0.0000000,0.0564695,0.0000000
-0.0413571,0.0697220,-0.1431296,0.0000000,0.0000000,0.0000000,1.0000000,0.0021387,-0.0006876,-0.0861532,0.2835975,-0.3572055,-0.3048797,-0.0021515,0.0006291,-0.0874779,0.2809972,-0.3607842,-0.3003595,0.0000000,0.0000000,0.0000000,0.0590804,0.0000000,0.0000000,0.0000000,0.0000000,0.0564695,0.0000000
-0.0413571,0.0697220,-0.1431296,0.0000000,0.0000000,0.0000000,1.0000000,0.0021387,-0.0006876,-0.0861532,0.2835975,-0.3572055,-0.3048797,-0.0021515,0.0006291,-0.0874779,0.2809972,-0.3607842,-0.3003595,0.0000000,0.0000000,0.0000000,0.0590804,0.0000000,0.0000000,0.0000000,0.0000000,0.0564695,0.0000000
-0.0413571,0.0697220,-0.1431296,0.0000000,0.0000000,0.0000000,1.0000000,0.0021387,-0.0006876,-0.0861532,0.2835975,-0.3572055,-0.3048797,-0.0021515,0.0006291,-0.0874779,0.2809972,-0.3607842,-0.3003595,0.0000000,0.0000000,0.0000000,0.0590804,0.0000000,0.0000000,0.0000000,0.0000000,0.0564695,0.0000000
-0.0413571,0.0697220,-0.1431296,0.0000000,0.0000000,0.0000000,1.0000000,0.0021387,-0.0006876,-0.0861532,0.2835975,-0.3572055,-0.3048797,-0.0021515,0.0006291,-0.0874779,0.2809972,-0.3607842,-0.3003595,0.0000000,0.0000000,0.0000000,0.0590804,0.0000000,0.0000000,0.0000000,0.0000000,0.0564695,0.0000000
-0.0413571,0.0697220,-0.1431296,0.0000000,0.0000000,0.0000000,1.0000000,0.0021387,-0.0006876,-0.0861532,0.2835975,-0.3572055,-0.3048797,-0.0021515,0.0006291,-0.0874779,0.2809972,-0.3607842,-0.3003595,0.0000000,0.0000000,0.0000000,0.0590804,0.0000000,0.0000000,0.0000000,0.0000000,0.0564695,0.0000000
-0.0413571,0.0697220,-0.1431296,0.0000000,0.0000000,0.0000000,1.0000000,0.0021387,-0.0006876,-0.0861532,0.2835975,-0.3572055,-0.3048797,-0.0021515,0.0006291,-0.0874779,0.2809972,-0.3607842,-0.3003595,0.0000000,0.0000000,0.0000000,0.0590804,0.0000000,0.0000000,0.0000000,0.0000000,0.0564695,0.0000000
-0.0413571,0.0697220,-0.1431296,0.0000000,0.0000000,0.0000000,1.0000000,0.0021387,-0.0006876,-0.0861532,0.2835975,-0.3572055,-0.3048797,-0.0021515,0.0006291,-0.0874779,0.2809972,-0.3607842,-0.3003595,0.0000000,0.0000000,0.0000000,0.0590804,0.0000000,0.0000000,0.0000000,0.0000000,0.0564695,0.0000000
-0.0413571,0.0697220,-0.1431296,0.0000000,0.0000000,0.0000000,1.0000000,0.0021387,-0.0006876,-0.0861532,0.2835975,-0.3572055,-0.3048797,-0.0021515,0.0006291,-0.0874779,0.2809972,-0.3607842,-0.3003595,0.0000000,0.0000000,0.0000000,0.0590804,0.0000000,0.0000000,0.0000000,0.0000000,0.0564695,0.0000000
-0.0413571,0.0697220,-0.1431296,0.0000000,0.0000000,0.0000000,1.0000000,0.0021387,-0.0006876,-0.0861532,0.2835975,-0.3572055,-0.3048797,-0.0021515,0.0006291,-0.0874779,0.2809972,-0.3607842,-0.3003595,0.0000000,0.0000000,0.0000000,0.0590804,0.0000000,0.0000000,0.0000000,0.0000000,0.0564695,0.0000000
-0.0413571,0.0697220,-0.1431296,0.0000000,0.0000000,0.0000000,1.0000000,0.0021387,-0.0006876,-0.0861532,0.2835975,-0.3572055,-0.3048797,-0.0021515,0.0006291,-0.0874779,0.2809972,-0.3607842,-0.3003595,0.0000000,0.0000000,0.0000000,0.0590804,0.0000000,0.0000000,0.0000000,0.0000000,0.0564695,0.0000000
-0.0413571,0.0697220,-0.1431296,0.0000000,0.0000000,0.0000000,1.0000000,0.0021387,-0.0006876,-0.0861532,0.2835975,-0.3572055,-0.3048797,-0.0021515,0.0006291,-0.0874779,0.2809972,-0.3607842,-0.3003595,0.0000000,0.0000000,0.0000000,0.0590804,0.0000000,0.0000000,0.0000000,0.0000000,0.0564695,0.0000000
-0.0413571,0.0697220,-0.1431296,0.0000000,0.0000000,0.0000000,1.0000000,0.0021387,-0.0006876,-0.0861532,0.2835975,-0.3572055,-0.3048797,-0.0021515,0.0006291,-0.0874779,0.2809972,-0.3607842,-0.3003595,0.0000000,0.0000000,0.0000000,0.0590804,0.0000000,0.0000000,0.0000000,0.0000000,0.0564695,0.0000000
-0.0413571,0.0697220,-0.1431296,0.0000000,0.0000000,0.0000000,1.0000000,0.0021387,-0.0006876,-0.0861532,0.2835975,-0.3572055,-0.3048797,-0.0021515,0.0006291,-0.0874779,0.2809972,-0.3607842,-0.3003595,0.0000000,0.0000000,0.0000000,0.0590804,0.0000000,0.0000000,0.0000000,0.0000000,0.0564695,0.0000000
-0.0413571,0.0697220,-0.1431296,0.0000000,0.0000000,0.0000000,1.0000000,0.0021387,-0.0006876,-0.0861532,0.2835975,-0.3572055,-0.3048797,-0.0021515,0.0006291,-0.0874779,0.2809972,-0.3607842,-0.3003595,0.0000000,0.0000000,0.0000000,0.0590804,0.0000000,0.0000000,0.0000000,0.0000000,0.0564695,0.0000000
-0.0413571,0.0697220,-0.1431296,0.0000000,0.0000000,0.0000000,1.0000000,0.0021387,-0.0006876,-0.0861532,0.2835975,-0.3572055,-0.3048797,-0.0021515,0.0006291,-0.0874779,0.2809972,-0.3607842,-0.3003595,0.0000000,0.0000000,0.0000000,0.0590804,0.0000000,0.0000000,0.0000000,0.0000000,0.0564695,0.0000000
-0.0413571,0.0697220,-0.1431296,0.0000000,0.0000000,0.0000000,1.0000000,0.0021387,-0.0006876,-0.0861532,0.2835975,-0.3572055,-0.3048797,-0.0021515,0.0006291,-0.0874779,0.2809972,-0.3607842,-0.3003595,0.0000000,0.0000000,0.0000000,0.0590804,0.0000000,0.0000000,0.0000000,0.0000000,0.0564695,0.0000000
-0.0413571,0.0697220,-0.1431296,0.0000000,0.0000000,0.0000000,1.0000000,0.0021387,-0.0006876,-0.0861532,0.2835975,-0.3572055,-0.3048797,-0.0021515,0.0006291,-0.0874779,0.2809972,-0.3607842,-0.3003595,0.0000000,0.0000000,0.0000000,0.0590804,0.0000000,0.0000000,0.0000000,0.0000000,0.0564695,0.0000000
-0.0413571,0.0697220,-0.1431296,0.0000000,0.0000000,0.0000000,1.0000000,0.0021387,-0.0006876,-0.0861532,0.2835975,-0.3572055,-0.3048797,-0.0021515,0.0006291,-0.0874779,0.2809972,-0.3607842,-0.3003595,0.0000000,0.0000000,0.0000000,0.0590804,0.0000000,0.0000000,0.0000000,0.0000000,0.0564695,0.0000000
-0.0413571,0.0697220,-0.1431296,0.0000000,0.0000000,0.0000000,1.0000000,0.0021387,-0.0006876,-0.0861532,0.2835975,-0.3572055,-0.3048797,-0.0021515,0.0006291,-0.0874779,0.2809972,-0.3607842,-0.3003595,0.0000000,0.0000000,0.0000000,0.0590804,0.0000000,0.0000000,0.0000000,0.0000000,0.0564695,0.0000000
-0.0413571,0.0697220,-0.1431296,0.0000000,0.0000000,0.0000000,1.0000000,0.0021387,-0.0006876,-0.0861532,0.2835975,-0.3572055,-0.3048797,-0.0021515,0.0006291,-0.0874779,0.2809972,-0.3607842,-0.3003595,0.0000000,0.0000000,0.0000000,0.0590804,0.0000000,0.0000000,0.0000000,0.0000000,0.0564695,0.0000000
-0.0413571,0.0697220,-0.1431296,0.0000000,0.0000000,0.0000000,1.0000000,0.0021387,-0.0006876,-0.0861532,0.2835975,-0.3572055,-0.3048797,-0.0021515,0.0006291,-0.0874779,0.2809972,-0.3607842,-0.3003595,0.0000000,0.0000000,0.0000000,0.0590804,0.0000000,0.0000000,0.0000000,0.0000000,0.0564695,0.0000000
-0.0413571,0.0697220,-0.1431296,0.0000000,0.0000000,0.0000000,1.0000000,0.0021387,-0.0006876,-0.0861532,0.2835975,-0.3572055,-0.3048797,-0.0021515,0.0006291,-0.0874779,0.2809972,-0.3607842,-0.3003595,0.0000000,0.0000000,0.0000000,0.0590804,0.0000000,0.0000000,0.0000000,0.0000000,0.0564695,0.0000000
-0.0413571,0.0697220,-0.1431296,0.0000000,0.0000000,0.0000000,1.0000000,0.0021387,-0.0006876,-0.0861532,0.2835975,-0.3572055,-0.3048797,-0.0021515,0.0006291,-0.0874779,0.2809972,-0.3607842,-0.3003595,0.0000000,0.0000000,0.0000000,0.0590804,0.0000000,0.0000000,0.0000000,0.0000000,0.0564695,0.0000000
-0.0413571,0.0697220,-0.1431296,0.0000000,0.0000000,0.0000000,1.0000000,0.0021387,-0.0006876,-0.0861532,0.2835975,-0.3572055,-0.3048797,-0.0021515,0.0006291,-0.0874779,0.2809972,-0.3607842,-0.3003595,0.0000000,0.0000000,0.0000000,0.0590804,0.0000000,0.0000000,0.0000000,0.0000000,0.0564695,0.0000000
-0.0413571,0.0697220,-0.1431296,0.0000000,0.0000000,0.0000000,1.0000000,0.0021387,-0.0006876,-0.0861532,0.2835975,-0.3572055,-0.3048797,-0.0021515,0.0006291,-0.0874779,0.2809972,-0.3607842,-0.3003595,0.0000000,0.0000000,0.0000000,0.0590804,0.0000000,0.0000000,0.0000000,0.0000000,0.0564695,0.0000000
-0.0413571,0.0697220,-0.1431296,0.0000000,0.0000000,0.0000000,1.0000000,0.0021387,-0.0006876,-0.0861532,0.2835975,-0.3572055,-0.3048797,-0.0021515,0.0006291,-0.0874779,0.2809972,-0.3607842,-0.3003595,0.0000000,0.0000000,0.0000000,0.0590804,0.0000000,0.0000000,0.0000000,0.0000000,0.0564695,0.0000000
-0.0413571,0.0697220,-0.1431296,0.0000000,0.0000000,0.0000000,1.0000000,0.0021387,-0.0006876,-0.0861532,0.2835975,-0.3572055,-0.3048797,-0.0021515,0.0006291,-0.0874779,0.2809972,-0.3607842,-0.3003595,0.0000000,0.0000000,0.0000000,0.0590804,0.0000000,0.0000000,0.0000000,0.0000000,0.0564695,0.0000000
-0.0413571,0.0697220,-0.1431296,0.0000000,0.0000000,0.0000000,1.0000000,0.0021387,-0.0006876,-0.0861532,0.2835975,-0.3572055,-0.3048797,-0.0021515,0.0006291,-0.0874779,0.2809972,-0.3607842,-0.3003595,0.0000000,0.0000000,0.0000000,0.0590804,0.0000000,0.0000000,0.0000000,0.0000000,0.0564695,0.0000000
-0.0413571,0.0697220,-0.1431296,0.0000000,0.0000000,0.0000000,1.0000000,0.0021387,-0.0006876,-0.0861532,0.2835975,-0.3572055,-0.3048797,-0.0021515,0.0006291,-0.0874779,0.2809972,-0.3607842,-0.3003595,0.0000000,0.0000000,0.0000000,0.0590804,0.0000000,0.0000000,0.0000000,0.0000000,0.0564695,0.0000000
-0.0413571,0.0697220,-0.1431296,0.0000000,0.0000000,0.0000000,1.0000000,0.0021387,-0.0006876,-0.0861532,0.2835975,-0.3572055,-0.3048797,-0.0021515,0.0006291,-0.0874779,0.2809972,-0.3607842,-0.3003595,0.0000000,0.0000000,0.0000000,0.0590804,0.0000000,0.0000000,0.0000000,0.0000000,0.0564695,0.0000000
-0.0413571,0.0697220,-0.1431296,0.0000000,0.0000000,0.0000000,1.0000000,0.0021387,-0.0006876,-0.0861532,0.2835975,-0.3572055,-0.3048797,-0.0021515,0.0006291,-0.0874779,0.2809972,-0.3607842,-0.3003595,0.0000000,0.0000000,0.0000000,0.0590804,0.0000000,0.0000000,0.0000000,0.0000000,0.0564695,0.0000000
-0.0413571,0.0697220,-0.1431296,0.0000000,0.0000000,0.0000000,1.0000000,0.0021387,-0.0006876,-0.0861532,0.2835975,-0.3572055,-0.3048797,-0.0021515,0.0006291,-0.0874779,0.2809972,-0.3607842,-0.3003595,0.0000000,0.0000000,0.0000000,0.0590804,0.0000000,0.0000000,0.0000000,0.0000000,0.0564695,0.0000000
-0.0413571,0.0697220,-0.1431296,0.0000000,0.0000000,0.0000000,1.0000000,0.0021387,-0.0006876,-0.0861532,0.2835975,-0.3572055,-0.3048797,-0.0021515,0.0006291,-0.0874779,0.2809972,-0.3607842,-0.3003595,0.0000000,0.0000000,0.0000000,0.0590804,0.0000000,0.0000000,0.0000000,0.0000000,0.0564695,0.0000000
-0.0413571,0.0697220,-0.1431296,0.0000000,0.0000000,0.0000000,1.0000000,0.0021387,-0.0006876,-0.0861532,0.2835975,-0.3572055,-0.3048797,-0.0021515,0.0006291,-0.0874779,0.2809972,-0.3607842,-0.3003595,0.0000000,0.0000000,0.0000000,0.0590804,0.0000000,0.0000000,0.0000000,0.0000000,0.0564695,0.0000000
-0.0413571,0.0697220,-0.1431296,0.0000000,0.0000000,0.0000000,1.0000000,0.0021387,-0.0006876,-0.0861532,0.2835975,-0.3572055,-0.3048797,-0.0021515,0.0006291,-0.0874779,0.2809972,-0.3607842,-0.3003595,0.0000000,0.0000000,0.0000000,0.0590804,0.0000000,0.0000000,0.0000000,0.0000000,0.0564695,0.0000000
-0.0413571,0.0697220,-0.1431296,0.0000000,0.0000000,0.0000000,1.0000000,0.0021387,-0.0006876,-0.0861532,0.2835975,-0.3572055,-0.3048797,-0.0021515,0.0006291,-0.0874779,0.2809972,-0.3607842,-0.3003595,0.0000000,0.0000000,0.0000000,0.0590804,0.0000000,0.0000000,0.0000000,0.0000000,0.0564695,0.0000000
-0.0413571,0.0697220,-0.1431296,0.0000000,0.0000000,0.0000000,1.0000000,0.0021387,-0.0006876,-0.0861532,0.2835975,-0.3572055,-0.3048797,-0.0021515,0.0006291,-0.0874779,0.2809972,-0.3607842,-0.3003595,0.0000000,0.0000000,0.0000000,0.0590804,0.0000000,0.0000000,0.0000000,0.0000000,0.0564695,0.0000000
-0.0413571,0.0697220,-0.1431296,0.0000000,0.0000000,0.0000000,1.0000000,0.0021387,-0.0006876,-0.0861532,0.2835975,-0.3572055,-0.3048797,-0.0021515,0.0006291,-0.0874779,0.2809972,-0.3607842,-0.3003595,0.0000000,0.0000000,0.0000000,0.0590804,0.0000000,0.0000000,0.0000000,0.0000000,0.0564695,0.0000000
-0.0413571,0.0697220,-0.1431296,0.0000000,0.0000000,0.0000000,1.0000000,0.0021387,-0.0006876,-0.0861532,0.2835975,-0.3572055,-0.3048797,-0.0021515,0.0006291,-0.0874779,0.2809972,-0.3607842,-0.3003595,0.0000000,0.0000000,0.0000000,0.0590804,0.0000000,0.0000000,0.0000000,0.0000000,0.0564695,0.0000000
-0.0413571,0.0697220,-0.1431296,0.0000000,0.0000000,0.0000000,1.0000000,0.0021387,-0.0006876,-0.0861532,0.2835975,-0.3572055,-0.3048797,-0.0021515,0.0006291,-0.0874779,0.2809972,-0.3607842,-0.3003595,0.0000000,0.0000000,0.0000000,0.0590804,0.0000000,0.0000000,0.0000000,0.0000000,0.0564695,0.0000000
-0.0413571,0.0697220,-0.1431296,0.0000000,0.0000000,0.0000000,1.0000000,0.0021387,-0.0006876,-0.0861532,0.2835975,-0.3572055,-0.3048797,-0.0021515,0.0006291,-0.0874779,0.2809972,-0.3607842,-0.3003595,0.0000000,0.0000000,0.0000000,0.0590804,0.0000000,0.0000000,0.0000000,0.0000000,0.0564695,0.0000000
-0.0413571,0.0697220,-0.1431296,0.0000000,0.0000000,0.0000000,1.0000000,0.0021387,-0.0006876,-0.0861532,0.2835975,-0.3572055,-0.3048797,-0.0021515,0.0006291,-0.0874779,0.2809972,-0.3607842,-0.3003595,0.0000000,0.0000000,0.0000000,0.0590804,0.0000000,0.0000000,0.0000000,0.0000000,0.0564695,0.0000000
-0.0413571,0.0697220,-0.1431296,0.0000000,0.0000000,0.0000000,1.0000000,0.0021387,-0.0006876,-0.0861532,0.2835975,-0.3572055,-0.3048797,-0.0021515,0.0006291,-0.0874779,0.2809972,-0.3607842,-0.3003595,0.0000000,0.0000000,0.0000000,0.0590804,0.0000000,0.0000000,0.0000000,0.0000000,0.0564695,0.0000000
-0.0413571,0.0697220,-0.1431296,0.0000000,0.0000000,0.0000000,1.0000000,0.0021387,-0.0006876,-0.0861532,0.2835975,-0.3572055,-0.3048797,-0.0021515,0.0006291,-0.0874779,0.2809972,-0.3607842,-0.3003595,0.0000000,0.0000000,0.0000000,0.0590804,0.0000000,0.0000000,0.0000000,0.0000000,0.0564695,0.0000000
-0.0413571,0.0697220,-0.1431296,0.0000000,0.0000000,0.0000000,1.0000000,0.0021387,-0.0006876,-0.0861532,0.2835975,-0.3572055,-0.3048797,-0.0021515,0.0006291,-0.0874779,0.2809972,-0.3607842,-0.3003595,0.0000000,0.0000000,0.0000000,0.0590804,0.0000000,0.0000000,0.0000000,0.0000000,0.0564695,0.0000000
-0.0413571,0.0697220,-0.1431296,0.0000000,0.0000000,0.0000000,1.0000000,0.0021387,-0.0006876,-0.0861532,0.2835975,-0.3572055,-0.3048797,-0.0021515,0.0006291,-0.0874779,0.2809972,-0.3607842,-0.3003595,0.0000000,0.0000000,0.0000000,0.0590804,0.0000000,0.0000000,0.0000000,0.0000000,0.0564695,0.0000000
-0.0413571,0.0697220,-0.1431296,0.0000000,0.0000000,0.0000000,1.0000000,0.0021387,-0.0006876,-0.0861532,0.2835975,-0.3572055,-0.3048797,-0.0021515,0.0006291,-0.0874779,0.2809972,-0.3607842,-0.3003595,0.0000000,0.0000000,0.0000000,0.0590804,0.0000000,0.0000000,0.0000000,0.0000000,0.0564695,0.0000000
-0.0413571,0.0697222,-0.1431296,0.0000000,0.0000000,0.0000000,1.0000000,0.0021385,-0.0006876,-0.0861532,0.2835975,-0.3572059,-0.3048795,-0.0021517,0.0006291,-0.0874779,0.2809972,-0.3607838,-0.3003598,0.0000000,0.0000000,0.0000000,0.0590804,0.0000000,0.0000000,0.0000000,0.0000000,0.0564695,0.0000000
-0.0413571,0.0697234,-0.1431296,0.0000000,0.0000000,0.0000000,1.0000000,0.0021371,-0.0006876,-0.0861532,0.2835975,-0.3572082,-0.3048778,-0.0021531,0.0006291,-0.0874779,0.2809972,-0.3607815,-0.3003615,0.0000000,0.0000000,0.0000000,0.0590804,0.0000000,0.0000000,0.0000000,0.0000000,0.0564695,0.0000000
-0.0413571,0.0697267,-0.1431296,0.0000000,0.0000000,0.0000000,1.0000000,0.0021335,-0.0006876,-0.0861532,0.2835975,-0.3572145,-0.3048733,-0.0021567,0.0006291,-0.0874779,0.2809972,-0.3607751,-0.3003660,0.0000000,0.0000000,0.0000000,0.0590804,0.0000000,0.0000000,0.0000000,0.0000000,0.0564695,0.0000000
-0.0413571,0.0697331,-0.1431296,0.0000000,0.0000000,0.0000000,1.0000000,0.0021264,-0.0006876,-0.0861532,0.2835976,-0.3572267,-0.3048647,-0.0021638,0.0006291,-0.0874779,0.2809971,-0.3607630,-0.3003747,0.0000000,0.0000000,0.0000000,0.0590804,0.0000000,0.0000000,0.0000000,0.0000000,0.0564695,0.0000000
-0.0413571,0.0697434,-0.1431296,0.0000000,0.0000000,0.0000000,1.0000000,0.0021149,-0.0006876,-0.0861532,0.2835976,-0.3572464,-0.3048506,-0.0021753,0.0006291,-0.0874779,0.2809971,-0.3607433,-0.3003888,0.0000000,0.0000000,0.0000000,0.0590804,0.0000000,0.0000000,0.0000000,0.0000000,0.0564695,0.0000000
-0.0413571,0.0697586,-0.1431296,0.0000000,0.0000000,0.0000000,1.0000000,0.0020980,-0.0006876,-0.0861533,0.2835977,-0.3572754,-0.3048299,-0.0021922,0.0006291,-0.0874778,0.2809970,-0.3607142,-0.3004096,0.0000000,0.0000000,0.0000000,0.0590804,0.0000000,0.0000000,0.0000000,0.0000000,0.0564695,0.0000000
-0.0413571,0.0697795,-0.1431296,0.0000000,0.0000000,0.0000000,1.0000000,0.0020747,-0.0006876,-0.0861534,0.2835978,-0.3573153,-0.3048015,-0.0022155,0.0006291,-0.0874778,0.2809969,-0.3606742,-0.3004382,0.0000000,0.0000000,0.0000000,0.0590804,0.0000000,0.0000000,0.0000000,0.0000000,0.0564695,0.0000000
-0.0413571,0.0698069,-0.1431296,0.0000000,0.0000000,0.0000000,1.0000000,0.0020441,-0.0006876,-0.0861535,0.2835980,-0.3573676,-0.3047642,-0.0022461,0.0006292,-0.0874777,0.2809967,-0.3606218,-0.3004758,0.0000000,0.0000000,0.0000000,0.0590804,0.0000000,0.0000000,0.0000000,0.0000000,0.0564695,0.0000000
-0.0413571,0.0698417,-0.1431296,0.0000000,0.0000000,0.0000000,1.0000000,0.0020054,-0.0006876,-0.0861536,0.2835982,-0.3574340,-0.3047169,-0.0022848,0.0006292,-0.0874776,0.2809965,-0.3605553,-0.3005233,0.0000000,0.0000000,0.0000000,0.0590804,0.0000000,0.0000000,0.0000000,0.0000000,0.0564695,0.0000000
-0.0413571,0.0698844,-0.1431296,0.0000000,0.0000000,0.0000000,1.0000000,0.0019578,-0.0006876,-0.0861537,0.2835984,-0.3575156,-0.3046587,-0.0023324,0.0006292,-0.0874774,0.2809963,-0.3604735,-0.3005819,0.0000000,0.0000000,0.0000000,0.0590804,0.0000000,0.0000000,0.0000000,0.0000000,0.0564695,0.0000000
-0.0413571,0.0699359,-0.1431296,0.0000000,0.0000000,0.0000000,1.0000000,0.0019004,-0.0006876,-0.0861539,0.2835987,-0.3576139,-0.3045886,-0.0023898,0.0006293,-0.0874772,0.2809960,-0.3603751,-0.3006524,0.0000000,0.0000000,0.0000000,0.0590804,0.0000000,0.0000000,0.0000000,0.0000000,0.0564695,0.0000000
-0.0413571,0.0699968,-0.1431296,0.0000000,0.0000000,0.0000000,1.0000000,0.0018326,-0.0006876,-0.0861541,0.2835991,-0.3577302,-0.3045058,-0.0024576,0.0006294,-0.0874770,0.2809957,-0.3602586,-0.3007357,0.0000000,0.0000000,0.0000000,0.0590804,0.0000000,0.0000000,0.0000000,0.0000000,0.0564695,0.0000000
-0.0413571,0.0700677,-0.1431297,0.0000000,0.0000000,0.0000000,1.0000000,0.0017536,-0.0006876,-0.0861544,0.2835995,-0.3578656,-0.3044093,-0.0025366,0.0006294,-0.0874768,0.2809952,-0.3601231,-0.3008328,0.0000000,0.0000000,0.0000000,0.0590804,0.0000000,0.0000000,0.0000000,0.0000000,0.0564695,0.0000000
-0.0413571,0.0701492,-0.1431297,0.0000000,0.0000000,0.0000000,1.0000000,0.0016628,-0.0006876,-0.0861547,0.2835999,-0.3580212,-0.3042984,-0.0026274,0.0006295,-0.0874765,0.2809948,-0.3599672,-0.3009444,0.0000000,0.0000000,0.0000000,0.0590804,0.0000000,0.0000000,0.0000000,0.0000000,0.0564695,0.0000000
-0.0413571,0.0702418,-0.1431297,0.0000000,0.0000000,0.0000000,1.0000000,0.0015596,-0.0006876,-0.0861550,0.2836004,-0.3581981,-0.3041724,-0.0027306,0.0006296,-0.0874762,0.2809943,-0.3597901,-0.3010712,0.0000000,0.0000000,0.0000000,0.0590804,0.0000000,0.0000000,0.0000000,0.0000000,0.0564695,0.0000000
-0.0413571,0.0703461,-0.1431298,0.0000000,0.0000000,0.0000000,1.0000000,0.0014434,-0.0006876,-0.0861554,0.2836010,-0.3583972,-0.3040306,-0.0028467,0.0006297,-0.0874759,0.2809937,-0.3595908,-0.3012141,0.0000000,0.0000000,0.0000000,0.0590804,0.0000000,0.0000000,0.0000000,0.0000000,0.0564695,0.0000000
-0.0413571,0.0704626,-0.1431299,0.0000000,0.0000000,0.0000000,1.0000000,0.0013138,-0.0006876,-0.0861558,0.2836017,-0.3586196,-0.3038722,-0.0029764,0.0006298,-0.0874755,0.2809930,-0.3593682,-0.3013735,0.0000000,0.0000000,0.0000000,0.0590804,0.0000000,0.0000000,0.0000000,0.0000000,0.0564695,0.0000000
-0.0413571,0.0705916,-0.1431300,0.0000000,0.0000000,0.0000000,1.0000000,0.0011700,-0.0006877,-0.0861563,0.2836024,-0.3588660,-0.3036968,-0.0031202,0.0006300,-0.0874750,0.2809923,-0.3591216,-0.3015502,0.0000000,0.0000000,0.0000000,0.0590804,0.0000000,0.0000000,0.0000000,0.0000000,0.0564695,0.0000000
-0.0413571,0.0707336,-0.1431302,0.0000000,0.0000000,0.0000000,1.0000000,0.0010119,-0.0006877,-0.0861568,0.2836032,-0.3591373,-0.3035037,-0.0032783,0.0006301,-0.0874746,0.2809915,-0.3588502,-0.3017448,0.0000000,0.0000000,0.0000000,0.0590804,0.0000000,0.0000000,0.0000000,0.0000000,0.0564695,0.0000000
-0.0413571,0.0708890,-0.1431304,0.0000000,0.0000000,0.0000000,1.0000000,0.0008388,-0.0006877,-0.0861574,0.2836041,-0.3594341,-0.3032924,-0.0034514,0.0006303,-0.0874741,0.2809906,-0.3585533,-0.3019577,0.0000000,0.0000000,0.0000000,0.0590804,0.0000000,0.0000000,0.0000000,0.0000000,0.0564695,0.0000000
-0.0413571,0.0710580,-0.1431306,0.0000000,0.0000000,0.0000000,1.0000000,0.0006504,-0.0006877,-0.0861580,0.2836050,-0.3597572,-0.3030626,-0.0036398,0.0006304,-0.0874735,0.2809896,-0.3582301,-0.3021894,0.0000000,0.0000000,0.0000000,0.0590804,0.0000000,0.0000000,0.0000000,0.0000000,0.0564695,0.0000000
-0.0413571,0.0712412,-0.1431309,0.0000000,0.0000000,0.0000000,1.0000000,0.0004464,-0.0006877,-0.0861587,0.2836061,-0.3601072,-0.3028136,-0.0038438,0.0006306,-0.0874729,0.2809886,-0.3578803,-0.3024403,0.0000000,0.0000000,0.0000000,0.0590804,0.0000000,0.0000000,0.0000000,0.0000000,0.0564695,0.0000000
-0.0413571,0.0714386,-0.1431312,0.0000000,0.0000000,0.0000000,1.0000000,0.0002264,-0.0006877,-0.0861594,0.2836072,-0.3604846,-0.3025453,-0.0040638,0.0006308,-0.0874722,0.2809875,-0.3575031,-0.3027110,0.0000000,0.0000000,0.0000000,0.0590804,0.0000000,0.0000000,0.0000000,0.0000000,0.0564695,0.0000000
-0.0413571,0.0716507,-0.1431317,0.0000000,0.0000000,0.0000000,1.0000000,-0.0000098,-0.0006878,-0.0861601,0.2836084,-0.3608899,-0.3022572,-0.0042999,0.0006310,-0.0874715,0.2809863,-0.3570981,-0.3030017,0.0000000,0.0000000,0.0000000,0.0590804,0.0000000,0.0000000,0.0000000,0.0000000,0.0564695,0.0000000
-0.0413571,0.0718775,-0.1431322,0.0000000,0.0000000,0.0000000,1.0000000,-0.0002624,-0.0006878,-0.0861610,0.2836096,-0.3613235,-0.3019491,-0.0045526,0.0006312,-0.0874708,0.2809850,-0.3566649,-0.3033127,0.0000000,0.0000000,0.0000000,0.0590804,0.0000000,0.0000000,0.0000000,0.0000000,0.0564695,0.0000000
-0.0413571,0.0721193,-0.1431328,0.0000000,0.0000000,0.0000000,1.0000000,-0.0005318,-0.0006878,-0.0861618,0.2836110,-0.3617859,-0.3016206,-0.0048220,0.0006315,-0.0874700,0.2809836,-0.3562032,-0.3036443,0.0000000,0.0000000,0.0000000,0.0590804,0.0000000,0.0000000,0.0000000,0.0000000,0.0564695,0.0000000
-0.0413571,0.0723763,-0.1431335,0.0000000,0.0000000,0.0000000,1.0000000,-0.0008181,-0.0006878,-0.0861628,0.2836124,-0.3622774,-0.3012716,-0.0051083,0.0006317,-0.0874691,0.2809822,-0.3557126,-0.3039968,0.0000000,0.0000000,0.0000000,0.0590804,0.0000000,0.0000000,0.0000000,0.0000000,0.0564695,0.0000000
-0.0413571,0.0726485,-0.1431344,0.0000000,0.0000000,0.0000000,1.0000000,-0.0011214,-0.0006879,-0.0861637,0.2836140,-0.3627982,-0.3009020,-0.0054116,0.0006320,-0.0874682,0.2809806,-0.3551930,-0.3043704,0.0000000,0.0000000,0.0000000,0.0590804,0.0000000,0.0000000,0.0000000,0.0000000,0.0564695,0.0000000
-0.0413571,0.0729362,-0.1431353,0.0000000,0.0000000,0.0000000,1.0000000,-0.0014418,-0.0006879,-0.0861648,0.2836156,-0.3633486,-0.3005115,-0.0057320,0.0006323,-0.0874672,0.2809790,-0.3546440,-0.3047652,0.0000000,0.0000000,0.0000000,0.0590804,0.0000000,0.0000000,0.0000000,0.0000000,0.0564695,0.0000000
-0.0413571,0.0732394,-0.1431365,0.0000000,0.0000000,0.0000000,1.0000000,-0.0017796,-0.0006879,-0.0861659,0.2836173,-0.3639288,-0.3001001,-0.0060697,0.0006326,-0.0874662,0.2809773,-0.3540656,-0.3051814,0.0000000,0.0000000,0.0000000,0.0590804,0.0000000,0.0000000,0.0000000,0.0000000,0.0564695,0.0000000
-0.0413571,0.0735581,-0.1431378,0.0000000,0.0000000,0.0000000,1.0000000,-0.0021346,-0.0006880,-0.0861670,0.2836191,-0.3645388,-0.2996678,-0.0064248,0.0006329,-0.0874652,0.2809755,-0.3534577,-0.3056190,0.0000000,0.0000000,0.0000000,0.0590804,0.0000000,0.0000000,0.0000000,0.0000000,0.0564695,0.0000000
-0.0413571,0.0738924,-0.1431393,0.0000000,0.0000000,0.0000000,1.0000000,-0.0025070,-0.0006880,-0.0861683,0.2836209,-0.3651789,-0.2992144,-0.0067971,0.0006333,-0.0874640,0.2809736,-0.3528203,-0.3060781,0.0000000,0.0000000,0.0000000,0.0590804,0.0000000,0.0000000,0.0000000,0.0000000,0.0564695,0.0000000
-0.0413571,0.0742422,-0.1431410,0.0000000,0.0000000,0.0000000,1.0000000,-0.0028967,-0.0006880,-0.0861695,0.2836229,-0.3658489,-0.2987401,-0.0071869,0.0006336,-0.0874629,0.2809716,-0.3521533,-0.3065588,0.0000000,0.0000000,0.0000000,0.0590804,0.0000000,0.0000000,0.0000000,0.0000000,0.0564695,0.0000000
-0.0413571,0.0746077,-0.1431429,0.0000000,0.0000000,0.0000000,1.0000000,-0.0033038,-0.0006881,-0.0861708,0.2836250,-0.3665489,-0.2982447,-0.0075940,0.0006340,-0.0874617,0.2809695,-0.3514568,-0.3070610,0.0000000,0.0000000,0.0000000,0.0590804,0.0000000,0.0000000,0.0000000,0.0000000,0.0564695,0.0000000
-0.0413571,0.0749886,-0.1431450,0.0000000,0.0000000,0.0000000,1.0000000,-0.0037282,-0.0006881,-0.0861722,0.2836271,-0.3672788,-0.2977286,-0.0080183,0.0006344,-0.0874604,0.2809674,-0.3507309,-0.3075847,0.0000000,0.0000000,0.0000000,0.0590804,0.0000000,0.0000000,0.0000000,0.0000000,0.0564695,0.0000000
-0.0413571,0.0753850,-0.1431475,0.0000000,0.0000000,0.0000000,1.0000000,-0.0041697,-0.0006881,-0.0861737,0.2836293,-0.3680386,-0.2971916,-0.0084599,0.0006348,-0.0874591,0.2809651,-0.3499759,-0.3081298,0.0000000,0.0000000,0.0000000,0.0590804,0.0000000,0.0000000,0.0000000,0.0000000,0.0564695,0.0000000
-0.0413571,0.0757967,-0.1431501,0.0000000,0.0000000,0.0000000,1.0000000,-0.0046284,-0.0006882,-0.0861752,0.2836316,-0.3688280,-0.2966341,-0.0089185,0.0006352,-0.0874577,0.2809628,-0.3491918,-0.3086962,0.0000000,0.0000000,0.0000000,0.0590804,0.0000000,0.0000000,0.0000000,0.0000000,0.0564695,0.0000000
-0.0413571,0.0762237,-0.1431531,0.0000000,0.0000000,0.0000000,1.0000000,-0.0051041,-0.0006882,-0.0861767,0.2836340,-0.3696469,-0.2960561,-0.0093942,0.0006356,-0.0874563,0.2809604,-0.3483789,-0.3092838,0.0000000,0.0000000,0.0000000,0.0590804,0.0000000,0.0000000,0.0000000,0.0000000,0.0564695,0.0000000
-0.0413571,0.0766658,-0.1431564,0.0000000,0.0000000,0.0000000,1.0000000,-0.0055966,-0.0006883,-0.0861783,0.2836365,-0.3704951,-0.2954579,-0.0098867,0.0006361,-0.0874548,0.2809579,-0.3475375,-0.3098924,0.0000000,0.0000000,0.0000000,0.0590804,0.0000000,0.0000000,0.0000000,0.0000000,0.0564695,0.0000000
-0.0413571,0.0771229,-0.1431601,0.0000000,0.0000000,0.0000000,1.0000000,-0.0061058,-0.0006883,-0.0861800,0.2836391,-0.3713725,-0.2948393,-0.0103959,0.0006365,-0.0874533,0.2809553,-0.3466680,-0.3105218,0.0000000,0.0000000,0.0000000,0.0590804,0.0000000,0.0000000,0.0000000,0.0000000,0.0564695,0.0000000
-0.0413571,0.0775947,-0.1431641,0.0000000,0.0000000,0.0000000,1.0000000,-0.0066314,-0.0006884,-0.0861817,0.2836417,-0.3722793,-0.2941994,-0.0109215,0.0006370,-0.0874517,0.2809526,-0.3457706,-0.3111719,0.0000000,0.0000000,0.0000000,0.0590804,0.0000000,0.0000000,0.0000000,0.0000000,0.0564695,0.0000000
-0.0413571,0.0780811,-0.1431685,0.0000000,0.0000000,0.0000000,1.0000000,-0.0071733,-0.0006884,-0.0861834,0.2836445,-0.3732144,-0.2935400,-0.0114633,0.0006375,-0.0874501,0.2809498,-0.3448459,-0.3118423,0.0000000,0.0000000,0.0000000,0.0590804,0.0000000,0.0000000,0.0000000,0.0000000,0.0564695,0.0000000
-0.0413571,0.0785819,-0.1431733,0.0000000,0.0000000,0.0000000,1.0000000,-0.0077311,-0.0006885,-0.0861852,0.2836473,-0.3741775,-0.2928614,-0.0120212,0.0006380,-0.0874484,0.2809470,-0.3438942,-0.3125328,0.0000000,0.0000000,0.0000000,0.0590804,0.0000000,0.0000000,0.0000000,0.0000000,0.0564695,0.0000000
-0.0413571,0.0790968,-0.1431785,0.0000000,0.0000000,0.0000000,1.0000000,-0.0083048,-0.0006885,-0.0861871,0.2836502,-0.3751682,-0.2921639,-0.0125948,0.0006385,-0.0874467,0.2809441,-0.3429159,-0.3132431,0.0000000,0.0000000,0.0000000,0.0590804,0.0000000,0.0000000,0.0000000,0.0000000,0.0564695,0.0000000
-0.0413571,0.0796256,-0.1431842,0.0000000,0.0000000,0.0000000,1.0000000,-0.0088938,-0.0006886,-0.0861890,0.2836531,-0.3761859,-0.2914479,-0.0131839,0.0006390,-0.0874449,0.2809411,-0.3419468,-0.3139736,0.0000000,0.0000000,0.0000000,0.0590804,0.0000000,0.0000000,0.0000000,0.0000000,0.0564695,0.0000000
-0.0413571,0.0801679,-0.1431904,0.0000000,0.0000000,0.0000000,1.0000000,-0.0094981,-0.0006886,-0.0861910,0.2836562,-0.3772302,-0.2907138,-0.0137881,0.0006396,-0.0874431,0.2809380,-0.3409608,-0.3147234,0.0000000,0.0000000,0.0000000,0.0590804,0.0000000,0.0000000,0.0000000,0.0000000,0.0564695,0.0000000
-0.0413571,0.0807236,-0.1431970,0.0000000,0.0000000,0.0000000,1.0000000,-0.0101171,-0.0006887,-0.0861930,0.2836593,-0.3783005,-0.2899621,-0.0144072,0.0006402,-0.0874412,0.2809349,-0.3399510,-0.3154919,0.0000000,0.0000000,0.0000000,0.0590804,0.0000000,0.0000000,0.0000000,0.0000000,0.0564695,0.0000000
-0.0413571,0.0812923,-0.1432042,0.0000000,0.0000000,0.0000000,1.0000000,-0.0107507,-0.0006887,-0.0861951,0.2836625,-0.3793963,-0.2891930,-0.0150407,0.0006407,-0.0874393,0.2809317,-0.3389180,-0.3162789,0.0000000,0.0000000,0.0000000,0.0590804,0.0000000,0.0000000,0.0000000,0.0000000,0.0564695,0.0000000
-0.0413571,0.0818737,-0.1432118,0.0000000,0.0000000,0.0000000,1.0000000,-0.0113984,-0.0006888,-0.0861972,0.2836657,-0.3805170,-0.2884072,-0.0156884,0.0006413,-0.0874374,0.2809284,-0.3378623,-0.3170837,0.0000000,0.0000000,0.0000000,0.0590804,0.0000000,0.0000000,0.0000000,0.0000000,0.0564695,0.0000000
-0.0413571,0.0824674,-0.1432201,0.0000000,0.0000000,0.0000000,1.0000000,-0.0120599,-0.0006889,-0.0861993,0.2836691,-0.3816620,-0.2876051,-0.0163498,0.0006419,-0.0874354,0.2809250,-0.3367847,-0.3179060,0.0000000,0.0000000,0.0000000,0.0590804,0.0000000,0.0000000,0.0000000,0.0000000,0.0564695,0.0000000
-0.0413571,0.0830731,-0.1432289,0.0000000,0.0000000,0.0000000,1.0000000,-0.0127347,-0.0006889,-0.0862015,0.2836725,-0.3828306,-0.2867872,-0.0170247,0.0006425,-0.0874334,0.2809216,-0.3356857,-0.3187454,0.0000000,0.0000000,0.0000000,0.0590804,0.0000000,0.0000000,0.0000000,0.0000000,0.0564695,0.0000000
-0.0413571,0.0836905,-0.1432383,0.0000000,0.0000000,0.0000000,1.0000000,-0.0134225,-0.0006890,-0.0862038,0.2836759,-0.3840222,-0.2859540,-0.0177124,0.0006431,-0.0874313,0.2809181,-0.3345661,-0.3196013,0.0000000,0.0000000,0.0000000,0.0590804,0.0000000,0.0000000,0.0000000,0.0000000,0.0564695,0.0000000
-0.0413571,0.0843191,-0.1432483,0.0000000,0.0000000,0.0000000,1.0000000,-0.0141228,-0.0006890,-0.0862061,0.2836795,-0.3852361,-0.2851061,-0.0184128,0.0006438,-0.0874292,0.2809145,-0.3334267,-0.3204733,0.0000000,0.0000000,0.0000000,0.0590804,0.0000000,0.0000000,0.0000000,0.0000000,0.0564695,0.0000000
-0.0413571,0.0849585,-0.1432589,0.0000000,0.0000000,0.0000000,1.0000000,-0.0148353,-0.0006891,-0.0862084,0.2836831,-0.3864714,-0.2842439,-0.0191252,0.0006444,-0.0874271,0.2809109,-0.3322680,-0.3213608,0.0000000,0.0000000,0.0000000,0.0590804,0.0000000,0.0000000,0.0000000,0.0000000,0.0564695,0.0000000
-0.0413571,0.0856084,-0.1432702,0.0000000,0.0000000,0.0000000,1.0000000,-0.0155594,-0.0006892,-0.0862107,0.2836867,-0.3877275,-0.2833681,-0.0198492,0.0006451,-0.0874249,0.2809072,-0.3310910,-0.3222632,0.0000000,0.0000000,0.0000000,0.0590804,0.0000000,0.0000000,0.0000000,0.0000000,0.0564695,0.0000000
-0.0413571,0.0862683,-0.1432821,0.0000000,0.0000000,0.0000000,1.0000000,-0.0162946,-0.0006892,-0.0862131,0.2836904,-0.3890036,-0.2824793,-0.0205845,0.0006458,-0.0874227,0.2809035,-0.3298964,-0.3231801,0.0000000,0.0000000,0.0000000,0.0590804,0.0000000,0.0000000,0.0000000,0.0000000,0.0564695,0.0000000
-0.0413571,0.0869379,-0.1432947,0.0000000,0.0000000,0.0000000,1.0000000,-0.0170406,-0.0006893,-0.0862156,0.2836942,-0.3902988,-0.2815780,-0.0213304,0.0006464,-0.0874205,0.2808997,-0.3286849,-0.3241109,0.0000000,0.0000000,0.0000000,0.0590804,0.0000000,0.0000000,0.0000000,0.0000000,0.0564695,0.0000000
-0.0413571,0.0876165,-0.1433080,0.0000000,0.0000000,0.0000000,1.0000000,-0.0177968,-0.0006894,-0.0862180,0.2836980,-0.3916690,-0.2806661,-0.0220866,0.0006471,-0.0874182,0.2808958,-0.3274575,-0.3250549,0.0000000,0.0000000,0.0000000,0.0590804,0.0000000,0.0000000,0.0000000,0.0000000,0.0564695,0.0000000
-0.0413571,0.0883039,-0.1433219,0.0000000,0.0000000,0.0000000,1.0000000,-0.0185627,-0.0006894,-0.0862205,0.2837018,-0.3930689,-0.2797432,-0.0228524,0.0006478,-0.0874159,0.2808919,-0.3262149,-0.3260115,0.0000000,0.0000000,0.0000000,0.0590804,0.0000000,0.0000000,0.0000000,0.0000000,0.0564695,0.0000000
-0.0413571,0.0889995,-0.1433366,0.0000000,0.0000000,0.0000000,1.0000000,-0.0193378,-0.0006895,-0.0862230,0.2837057,-0.3944863,-0.2788099,-0.0236275,0.0006485,-0.0874136,0.2808880,-0.3249606,-0.3269803,0.0000000,0.0000000,0.0000000,0.0590804,0.0000000,0.0000000,0.0000000,0.0000000,0.0564695,0.0000000
-0.0413571,0.0897029,-0.1433520,0.0000000,0.0000000,0.0000000,1.0000000,-0.0201215,-0.0006896,-0.0862256,0.2837097,-0.3959203,-0.2778666,-0.0244112,0.0006492,-0.0874112,0.2808840,-0.3236934,-0.3279605,0.0000000,0.0000000,0.0000000,0.0590804,0.0000000,0.0000000,0.0000000,0.0000000,0.0564695,0.0000000
-0.0413571,0.0904136,-0.1433681,0.0000000,0.0000000,0.0000000,1.0000000,-0.0209134,-0.0006896,-0.0862282,0.2837137,-0.3973699,-0.2769141,-0.0252031,0.0006499,-0.0874088,0.2808800,-0.3224137,-0.3289514,0.0000000,0.0000000,0.0000000,0.0590804,0.0000000,0.0000000,0.0000000,0.0000000,0.0564695,0.0000000
-0.0413571,0.0911311,-0.1433849,0.0000000,0.0000000,0.0000000,1.0000000,-0.0217129,-0.0006897,-0.0862308,0.2837177,-0.3988341,-0.2759531,-0.0260026,0.0006507,-0.0874064,0.2808759,-0.3211225,-0.3299525,0.0000000,0.0000000,0.0000000,0.0590804,0.0000000,0.0000000,0.0000000,0.0000000,0.0564695,0.0000000
-0.0413571,0.0918549,-0.1434025,0.0000000,0.0000000,0.0000000,1.0000000,-0.0225195,-0.0006898,-0.0862334,0.2837218,-0.4003119,-0.2749842,-0.0268091,0.0006514,-0.0874040,0.2808718,-0.3198206,-0.3309630,0.0000000,0.0000000,0.0000000,0.0590804,0.0000000,0.0000000,0.0000000,0.0000000,0.0564695,0.0000000
-0.0413571,0.0925845,-0.1434208,0.0000000,0.0000000,0.0000000,1.0000000,-0.0233325,-0.0006899,-0.0862361,0.2837259,-0.4018025,-0.2740081,-0.0276221,0.0006521,-0.0874016,0.2808677,-0.3185089,-0.3319823,0.0000000,0.0000000,0.0000000,0.0590804,0.0000000,0.0000000,0.0000000,0.0000000,0.0564695,0.0000000
-0.0413571,0.0933195,-0.1434398,0.0000000,0.0000000,0.0000000,1.0000000,-0.0241515,-0.0006899,-0.0862387,0.2837300,-0.4033046,-0.2730255,-0.0284410,0.0006529,-0.0873991,0.2808635,-0.3171885,-0.3330097,0.0000000,0.0000000,0.0000000,0.0590804,0.0000000,0.0000000,0.0000000,0.0000000,0.0564695,0.0000000
-0.0413571,0.0940592,-0.1434596,0.0000000,0.0000000,0.0000000,1.0000000,-0.0249758,-0.0006900,-0.0862414,0.2837341,-0.4048174,-0.2720371,-0.0292653,0.0006536,-0.0873966,0.2808593,-0.3158602,-0.3340444,0.0000000,0.0000000,0.0000000,0.0590804,0.0000000,0.0000000,0.0000000,0.0000000,0.0564695,0.0000000
-0.0413571,0.0948031,-0.1434800,0.0000000,0.0000000,0.0000000,1.0000000,-0.0258049,-0.0006901,-0.0862441,0.2837383,-0.4063397,-0.2710436,-0.0300944,0.0006544,-0.0873942,0.2808551,-0.3145249,-0.3350857,0.0000000,0.0000000,0.0000000,0.0590804,0.0000000,0.0000000,0.0000000,0.0000000,0.0564695,0.0000000
-0.0413571,0.0955509,-0.1435013,0.0000000,0.0000000,0.0000000,1.0000000,-0.0266382,-0.0006901,-0.0862469,0.2837425,-0.4078705,-0.2700457,-0.0309276,0.0006551,-0.0873916,0.2808509,-0.3131836,-0.3361330,0.0000000,0.0000000,0.0000000,0.0590804,0.0000000,0.0000000,0.0000000,0.0000000,0.0564695,0.0000000
-0.0413571,0.0963018,-0.1435232,0.0000000,0.0000000,0.0000000,1.0000000,-0.0274751,-0.0006902,-0.0862496,0.2837467,-0.4094088,-0.2690442,-0.0317645,0.0006559,-0.0873891,0.2808466,-0.3118374,-0.3371855,0.0000000,0.0000000,0.0000000,0.0590804,0.0000000,0.0000000,0.0000000,0.0000000,0.0564695,0.0000000
-0.0413571,0.0970554,-0.1435458,0.0000000,0.0000000,0.0000000,1.0000000,-0.0283150,-0.0006903,-0.0862523,0.2837509,-0.4109534,-0.2680396,-0.0326043,0.0006567,-0.0873866,0.2808423,-0.3104870,-0.3382424,0.0000000,0.0000000,0.0000000,0.0590804,0.0000000,0.0000000,0.0000000,0.0000000,0.0564695,0.0000000
-0.0413571,0.0978112,-0.1435692,0.0000000,0.0000000,0.0000000,1.0000000,-0.0291573,-0.0006904,-0.0862551,0.2837552,-0.4125032,-0.2670329,-0.0334466,0.0006574,-0.0873841,0.2808380,-0.3091336,-0.3393031,0.0000000,0.0000000,0.0000000,0.0590804,0.0000000,0.0000000,0.0000000,0.0000000,0.0564695,0.0000000
-0.0413571,0.0985686,-0.1435932,0.0000000,0.0000000,0.0000000,1.0000000,-0.0300015,-0.0006904,-0.0862578,0.2837594,-0.4140573,-0.2660246,-0.0342907,0.0006582,-0.0873815,0.2808337,-0.3077780,-0.3403667,0.0000000,0.0000000,0.0000000,0.0590804,0.0000000,0.0000000,0.0000000,0.0000000,0.0564695,0.0000000
-0.0413571,0.0993271,-0.1436179,0.0000000,0.0000000,0.0000000,1.0000000,-0.0308469,-0.0006905,-0.0862606,0.2837637,-0.4156144,-0.2650155,-0.0351361,0.0006589,-0.0873790,0.2808294,-0.3064212,-0.3414326,0.0000000,0.0000000,0.0000000,0.0590804,0.0000000,0.0000000,0.0000000,0.0000000,0.0564695,0.0000000
-0.0413571,0.1000861,-0.1436433,0.0000000,0.0000000,0.0000000,1.0000000,-0.0316929,-0.0006906,-0.0862633,0.2837679,-0.4171735,-0.2640063,-0.0359820,0.0006597,-0.0873765,0.2808251,-0.3050643,-0.3424999,0.0000000,0.0000000,0.0000000,0.0590804,0.0000000,0.0000000,0.0000000,0.0000000,0.0564695,0.0000000
-0.0413571,0.1008451,-0.1436693,0.0000000,0.0000000,0.0000000,1.0000000,-0.0325389,-0.0006907,-0.0862661,0.2837722,-0.4187334,-0.2629977,-0.0368280,0.0006605,-0.0873739,0.2808208,-0.3037081,-0.3435679,0.0000000,0.0000000,0.0000000,0.0590804,0.0000000,0.0000000,0.0000000,0.0000000,0.0564695,0.0000000
-0.0413571,0.1016036,-0.1436959,0.0000000,0.0000000,0.0000000,1.0000000,-0.0333844,-0.0006907,-0.0862689,0.2837765,-0.4202931,-0.2619905,-0.0376734,0.0006613,-0.0873714,0.2808165,-0.3023536,-0.3446359,0.0000000,0.0000000,0.0000000,0.0590804,0.0000000,0.0000000,0.0000000,0.0000000,0.0564695,0.0000000
-0.0413571,0.1023609,-0.1437231,0.0000000,0.0000000,0.0000000,1.0000000,-0.0342287,-0.0006908,-0.0862716,0.2837807,-0.4218515,-0.2609854,-0.0385177,0.0006620,-0.0873688,0.2808122,-0.3010017,-0.3457031,0.0000000,0.0000000,0.0000000,0.0590804,0.0000000,0.0000000,0.0000000,0.0000000,0.0564695,0.0000000
-0.0413571,0.1031167,-0.1437510,0.0000000,0.0000000,0.0000000,1.0000000,-0.0350712,-0.0006909,-0.0862744,0.2837849,-0.4234074,-0.2599830,-0.0393601,0.0006628,-0.0873663,0.2808080,-0.2996536,-0.3467687,0.0000000,0.0000000,0.0000000,0.0590804,0.0000000,0.0000000,0.0000000,0.0000000,0.0564695,0.0000000
-0.0413571,0.1038703,-0.1437793,0.0000000,0.0000000,0.0000000,1.0000000,-0.0359113,-0.0006909,-0.0862771,0.2837892,-0.4249598,-0.2589841,-0.0402002,0.0006636,-0.0873638,0.2808037,-0.2983100,-0.3478320,0.0000000,0.0000000,0.0000000,0.0590804,0.0000000,0.0000000,0.0000000,0.0000000,0.0564695,0.0000000
-0.0413571,0.1046213,-0.1438082,0.0000000,0.0000000,0.0000000,1.0000000,-0.0367485,-0.0006910,-0.0862799,0.2837933,-0.4265074,-0.2579893,-0.0410373,0.0006643,-0.0873613,0.2807994,-0.2969719,-0.3488922,0.0000000,0.0000000,0.0000000,0.0590804,0.0000000,0.0000000,0.0000000,0.0000000,0.0564695,0.0000000
-0.0413571,0.1053690,-0.1438376,0.0000000,0.0000000,0.0000000,1.0000000,-0.0375821,-0.0006911,-0.0862826,0.2837975,-0.4280493,-0.2569994,-0.0418709,0.0006651,-0.0873588,0.2807952,-0.2956403,-0.3499485,0.0000000,0.0000000,0.0000000,0.0590804,0.0000000,0.0000000,0.0000000,0.0000000,0.0564695,0.0000000
-0.0413571,0.1061130,-0.1438675,0.0000000,0.0000000,0.0000000,1.0000000,-0.0384115,-0.0006912,-0.0862853,0.2838016,-0.4295843,-0.2560151,-0.0427003,0.0006658,-0.0873563,0.2807910,-0.2943396,-0.3510004,0.0000000,0.0000000,0.0000000,0.0590804,0.0000000,0.0000000,0.0000000,0.0000000,0.0564695,0.0000000
-0.0413571,0.1068527,-0.1438978,0.0000000,0.0000000,0.0000000,1.0000000,-0.0392363,-0.0006912,-0.0862880,0.2838057,-0.4311113,-0.2550370,-0.0435250,0.0006666,-0.0873538,0.2807868,-0.2930718,-0.3520471,0.0000000,0.0000000,0.0000000,0.0590804,0.0000000,0.0000000,0.0000000,0.0000000,0.0564695,0.0000000
-0.0413571,0.1075876,-0.1439286,0.0000000,0.0000000,0.0000000,1.0000000,-0.0400557,-0.0006913,-0.0862907,0.2838098,-0.4326293,-0.2540659,-0.0443443,0.0006673,-0.0873513,0.2807826,-0.2918127,-0.3530877,0.0000000,0.0000000,0.0000000,0.0590804,0.0000000,0.0000000,0.0000000,0.0000000,0.0564695,0.0000000
-0.0413571,0.1083172,-0.1439597,0.0000000,0.0000000,0.0000000,1.0000000,-0.0408692,-0.0006914,-0.0862933,0.2838139,-0.4341371,-0.2531023,-0.0451578,0.0006681,-0.0873489,0.2807785,-0.2905634,-0.3541213,0.0000000,0.0000000,0.0000000,0.0590804,0.0000000,0.0000000,0.0000000,0.0000000,0.0564695,0.0000000
-0.0413571,0.1090410,-0.1439911,0.0000000,0.0000000,0.0000000,1.0000000,-0.0416763,-0.0006914,-0.0862960,0.2838179,-0.4356338,-0.2521469,-0.0459648,0.0006688,-0.0873464,0.2807744,-0.2893247,-0.3551474,0.0000000,0.0000000,0.0000000,0.0590804,0.0000000,0.0000000,0.0000000,0.0000000,0.0564695,0.0000000
-0.0413571,0.1097585,-0.1440228,0.0000000,0.0000000,0.0000000,1.0000000,-0.0424764,-0.0006915,-0.0862986,0.2838219,-0.4371181,-0.2512005,-0.0467648,0.0006695,-0.0873440,0.2807703,-0.2880973,-0.3561652,0.0000000,0.0000000,0.0000000,0.0590804,0.0000000,0.0000000,0.0000000,0.0000000,0.0564695,0.0000000
-0.0413571,0.1104692,-0.1440549,0.0000000,0.0000000,0.0000000,1.0000000,-0.0432689,-0.0006916,-0.0863012,0.2838258,-0.4386067,-0.2502639,-0.0475573,0.0006702,-0.0873416,0.2807663,-0.2868822,-0.3571739,0.0000000,0.0000000,0.0000000,0.0590804,0.0000000,0.0000000,0.0000000,0.0000000,0.0564695,0.0000000
-0.0413571,0.1111726,-0.1440871,0.0000000,0.0000000,0.0000000,1.0000000,-0.0440533,-0.0006916,-0.0863037,0.2838297,-0.4401504,-0.2493391,-0.0483417,0.0006710,-0.0873393,0.2807623,-0.2856802,-0.3581729,0.0000000,0.0000000,0.0000000,0.0590804,0.0000000,0.0000000,0.0000000,0.0000000,0.0564695,0.0000000
-0.0413571,0.1118682,-0.1441195,0.0000000,0.0000000,0.0000000,1.0000000,-0.0448291,-0.0006917,-0.0863063,0.2838336,-0.4416778,-0.2484251,-0.0491174,0.0006717,-0.0873370,0.2807584,-0.2844920,-0.3591614,0.0000000,0.0000000,0.0000000,0.0590804,0.0000000,0.0000000,0.0000000,0.0000000,0.0564695,0.0000000
-0.0413571,0.1125556,-0.1441521,0.0000000,0.0000000,0.0000000,1.0000000,-0.0455957,-0.0006918,-0.0863088,0.2838374,-0.4431879,-0.2475224,-0.0498839,0.0006724,-0.0873346,0.2807545,-0.2833184,-0.3601388,0.0000000,0.0000000,0.0000000,0.0590804,0.0000000,0.0000000,0.0000000,0.0000000,0.0564695,0.0000000
-0.0413571,0.1132343,-0.1441848,0.0000000,0.0000000,0.0000000,1.0000000,-0.0463526,-0.0006918,-0.0863113,0.2838412,-0.4446793,-0.2466281,-0.0506408,0.0006730,-0.0873324,0.2807506,-0.2821602,-0.3611044,0.0000000,0.0000000,0.0000000,0.0590804,0.0000000,0.0000000,0.0000000,0.0000000,0.0564695,0.0000000
-0.0413571,0.1139038,-0.1442175,0.0000000,0.0000000,0.0000000,1.0000000,-0.0470994,-0.0006919,-0.0863137,0.2838449,-0.4461511,-0.2457442,-0.0513875,0.0006737,-0.0873301,0.2807468,-0.2810182,-0.3620575,0.0000000,0.0000000,0.0000000,0.0590804,0.0000000,0.0000000,0.0000000,0.0000000,0.0564695,0.0000000
-0.0413571,0.1145637,-0.1442503,0.0000000,0.0000000,0.0000000,1.0000000,-0.0478354,-0.0006919,-0.0863161,0.2838486,-0.4476025,-0.2448734,-0.0521235,0.0006744,-0.0873279,0.2807431,-0.2798931,-0.3629975,0.0000000,0.0000000,0.0000000,0.0590804,0.0000000,0.0000000,0.0000000,0.0000000,0.0564695,0.0000000
-0.0413571,0.1152136,-0.1442830,0.0000000,0.0000000,0.0000000,1.0000000,-0.0485603,-0.0006920,-0.0863185,0.2838522,-0.4490326,-0.2440163,-0.0528483,0.0006751,-0.0873257,0.2807394,-0.2787856,-0.3639237,0.0000000,0.0000000,0.0000000,0.0590804,0.0000000,0.0000000,0.0000000,0.0000000,0.0564695,0.0000000
-0.0413571,0.1158531,-0.1443157,0.0000000,0.0000000,0.0000000,1.0000000,-0.0492736,-0.0006921,-0.0863208,0.2838557,-0.4504403,-0.2431734,-0.0535616,0.0006757,-0.0873236,0.2807358,-0.2776964,-0.3648355,0.0000000,0.0000000,0.0000000,0.0590804,0.0000000,0.0000000,0.0000000,0.0000000,0.0564695,0.0000000
-0.0413571,0.1164816,-0.1443482,0.0000000,0.0000000,0.0000000,1.0000000,-0.0499748,-0.0006921,-0.0863231,0.2838592,-0.4518247,-0.2423452,-0.0542627,0.0006763,-0.0873215,0.2807322,-0.2766261,-0.3657323,0.0000000,0.0000000,0.0000000,0.0590804,0.0000000,0.0000000,0.0000000,0.0000000,0.0564695,0.0000000
-0.0413571,0.1170990,-0.1443807,0.0000000,0.0000000,0.0000000,1.0000000,-0.0506635,-0.0006922,-0.0863254,0.2838627,-0.4531850,-0.2415322,-0.0549513,0.0006770,-0.0873194,0.2807287,-0.2755754,-0.3666136,0.0000000,0.0000000,0.0000000,0.0590804,0.0000000,0.0000000,0.0000000,0.0000000,0.0564695,0.0000000
-0.0413571,0.1177047,-0.1444129,0.0000000,0.0000000,0.0000000,1.0000000,-0.0513392,-0.0006922,-0.0863276,0.2838660,-0.4545203,-0.2407349,-0.0556270,0.0006776,-0.0873174,0.2807253,-0.2745449,-0.3674787,0.0000000,0.0000000,0.0000000,0.0590804,0.0000000,0.0000000,0.0000000,0.0000000,0.0564695,0.0000000
-0.0413571,0.1182984,-0.1444449,0.0000000,0.0000000,0.0000000,1.0000000,-0.0520016,-0.0006923,-0.0863297,0.2838693,-0.4558297,-0.2399538,-0.0562893,0.0006782,-0.0873154,0.2807219,-0.2735352,-0.3683272,0.0000000,0.0000000,0.0000000,0.0590804,0.0000000,0.0000000,0.0000000,0.0000000,0.0564695,0.0000000
-0.0413571,0.1188798,-0.1444766,0.0000000,0.0000000,0.0000000,1.0000000,-0.0526502,-0.0006923,-0.0863319,0.2838725,-0.4571125,-0.2391893,-0.0569379,0.0006788,-0.0873134,0.2807186,-0.2725470,-0.3691584,0.0000000,0.0000000,0.0000000,0.0590804,0.0000000,0.0000000,0.0000000,0.0000000,0.0564695,0.0000000
-0.0413571,0.1194485,-0.1445079,0.0000000,0.0000000,0.0000000,1.0000000,-0.0532847,-0.0006924,-0.0863339,0.2838757,-0.4583678,-0.2384418,-0.0575724,0.0006794,-0.0873115,0.2807154,-0.2715806,-0.3699718,0.0000000,0.0000000,0.0000000,0.0590804,0.0000000,0.0000000,0.0000000,0.0000000,0.0564695,0.0000000
-0.0413571,0.1200042,-0.1445389,0.0000000,0.0000000,0.0000000,1.0000000,-0.0539048,-0.0006925,-0.0863360,0.2838788,-0.4595948,-0.2377116,-0.0581923,0.0006799,-0.0873096,0.2807122,-0.2706368,-0.3707671,0.0000000,0.0000000,0.0000000,0.0590804,0.0000000,0.0000000,0.0000000,0.0000000,0.0564695,0.0000000
-0.0413571,0.1205466,-0.1445695,0.0000000,0.0000000,0.0000000,1.0000000,-0.0545099,-0.0006925,-0.0863379,0.2838818,-0.4607930,-0.2369993,-0.0587974,0.0006805,-0.0873078,0.2807091,-0.2697159,-0.3715436,0.0000000,0.0000000,0.0000000,0.0590804,0.0000000,0.0000000,0.0000000,0.0000000,0.0564695,0.0000000
-0.0413571,0.1210754,-0.1445997,0.0000000,0.0000000,0.0000000,1.0000000,-0.0551000,-0.0006926,-0.0863399,0.2838847,-0.4619616,-0.2363052,-0.0593874,0.0006810,-0.0873060,0.2807061,-0.2688184,-0.3723011,0.0000000,0.0000000,0.0000000,0.0590804,0.0000000,0.0000000,0.0000000,0.0000000,0.0564695,0.0000000
-0.0413571,0.1215903,-0.1446293,0.0000000,0.0000000,0.0000000,1.0000000,-0.0556745,-0.0006926,-0.0863418,0.2838876,-0.4630999,-0.2356295,-0.0599619,0.0006815,-0.0873043,0.2807032,-0.2679448,-0.3730390,0.0000000,0.0000000,0.0000000,0.0590804,0.0000000,0.0000000,0.0000000,0.0000000,0.0564695,0.0000000
-0.0413571,0.1220910,-0.1446584,0.0000000,0.0000000,0.0000000,1.0000000,-0.0562333,-0.0006926,-0.0863436,0.2838904,-0.4642074,-0.2349726,-0.0605207,0.0006820,-0.0873026,0.2807004,-0.2670954,-0.3737569,0.0000000,0.0000000,0.0000000,0.0590804,0.0000000,0.0000000,0.0000000,0.0000000,0.0564695,0.0000000
-0.0413571,0.1225774,-0.1446870,0.0000000,0.0000000,0.0000000,1.0000000,-0.0567761,-0.0006927,-0.0863454,0.2838931,-0.4652836,-0.2343349,-0.0610634,0.0006825,-0.0873010,0.2806976,-0.2662731,-0.3744567,0.0000000,0.0000000,0.0000000,0.0590804,0.0000000,0.0000000,0.0000000,0.0000000,0.0564695,0.0000000
-0.0413571,0.1230493,-0.1447149,0.0000000,0.0000000,0.0000000,1.0000000,-0.0573027,-0.0006927,-0.0863471,0.2838957,-0.4663278,-0.2337164,-0.0615899,0.0006830,-0.0872994,0.2806949,-0.2654766,-0.3751365,0.0000000,0.0000000,0.0000000,0.0590804,0.0000000,0.0000000,0.0000000,0.0000000,0.0564695,0.0000000
-0.0413571,0.1235063,-0.1447423,0.0000000,0.0000000,0.0000000,1.0000000,-0.0578128,-0.0006928,-0.0863488,0.2838982,-0.4673397,-0.2331176,-0.0620999,0.0006835,-0.0872979,0.2806924,-0.2647052,-0.3757953,0.0000000,0.0000000,0.0000000,0.0590804,0.0000000,0.0000000,0.0000000,0.0000000,0.0564695,0.0000000
-0.0413571,0.1239484,-0.1447689,0.0000000,0.0000000,0.0000000,1.0000000,-0.0583062,-0.0006928,-0.0863504,0.2839007,-0.4683188,-0.2325385,-0.0625933,0.0006839,-0.0872964,0.2806899,-0.2639593,-0.3764327,0.0000000,0.0000000,0.0000000,0.0590804,0.0000000,0.0000000,0.0000000,0.0000000,0.0564695,0.0000000
-0.0413571,0.1243754,-0.1447948,0.0000000,0.0000000,0.0000000,1.0000000,-0.0587827,-0.0006929,-0.0863519,0.2839031,-0.4692648,-0.2319794,-0.0630698,0.0006844,-0.0872949,0.2806874,-0.2632392,-0.3770487,0.0000000,0.0000000,0.0000000,0.0590804,0.0000000,0.0000000,0.0000000,0.0000000,0.0564695,0.0000000
-0.0413571,0.1247872,-0.1448201,0.0000000,0.0000000,0.0000000,1.0000000,-0.0592423,-0.0006929,-0.0863534,0.2839054,-0.4701773,-0.2314405,-0.0635293,0.0006848,-0.0872936,0.2806851,-0.2625449,-0.3776428,0.0000000,0.0000000,0.0000000,0.0590804,0.0000000,0.0000000,0.0000000,0.0000000,0.0564695,0.0000000
-0.0413571,0.1251835,-0.1448445,0.0000000,0.0000000,0.0000000,1.0000000,-0.0596847,-0.0006929,-0.0863549,0.2839076,-0.4710559,-0.2309218,-0.0639717,0.0006852,-0.0872922,0.2806828,-0.2618768,-0.3782150,0.0000000,0.0000000,0.0000000,0.0590804,0.0000000,0.0000000,0.0000000,0.0000000,0.0564695,0.0000000
-0.0413571,0.1255645,-0.1448682,0.0000000,0.0000000,0.0000000,1.0000000,-0.0601099,-0.0006930,-0.0863563,0.2839097,-0.4719006,-0.2304235,-0.0643968,0.0006856,-0.0872909,0.2806807,-0.2612349,-0.3787651,0.0000000,0.0000000,0.0000000,0.0590804,0.0000000,0.0000000,0.0000000,0.0000000,0.0564695,0.0000000
-0.0413571,0.1259299,-0.1448910,0.0000000,0.0000000,0.0000000,1.0000000,-0.0605178,-0.0006930,-0.0863576,0.2839117,-0.4727111,-0.2299456,-0.0648047,0.0006860,-0.0872897,0.2806786,-0.2606193,-0.3792930,0.0000000,0.0000000,0.0000000,0.0590804,0.0000000,0.0000000,0.0000000,0.0000000,0.0564695,0.0000000
-0.0413571,0.1262798,-0.1449130,0.0000000,0.0000000,0.0000000,1.0000000,-0.0609083,-0.0006930,-0.0863589,0.2839136,-0.4734873,-0.2294882,-0.0651952,0.0006863,-0.0872885,0.2806766,-0.2600300,-0.3797986,0.0000000,0.0000000,0.0000000,0.0590804,0.0000000,0.0000000,0.0000000,0.0000000,0.0564695,0.0000000
-0.0413571,0.1266140,-0.1449342,0.0000000,0.0000000,0.0000000,1.0000000,-0.0612814,-0.0006931,-0.0863601,0.2839155,-0.4742291,-0.2290513,-0.0655683,0.0006866,-0.0872874,0.2806747,-0.2594671,-0.3802817,0.0000000,0.0000000,0.0000000,0.0590804,0.0000000,0.0000000,0.0000000,0.0000000,0.0564695,0.0000000
-0.0413571,0.1269328,-0.1449545,0.0000000,0.0000000,0.0000000,1.0000000,-0.0616372,-0.0006931,-0.0863613,0.2839173,-0.4749366,-0.2286349,-0.0659240,0.0006870,-0.0872863,0.2806729,-0.2589306,-0.3807426,0.0000000,0.0000000,0.0000000,0.0590804,0.0000000,0.0000000,0.0000000,0.0000000,0.0564695,0.0000000
-0.0413571,0.1272359,-0.1449739,0.0000000,0.0000000,0.0000000,1.0000000,-0.0619756,-0.0006931,-0.0863624,0.2839189,-0.4756096,-0.2282388,-0.0662624,0.0006873,-0.0872853,0.2806712,-0.2584204,-0.3811810,0.0000000,0.0000000,0.0000000,0.0590804,0.0000000,0.0000000,0.0000000,0.0000000,0.0564695,0.0000000
-0.0413571,0.1275236,-0.1449924,0.0000000,0.0000000,0.0000000,1.0000000,-0.0622968,-0.0006931,-0.0863635,0.2839205,-0.4762485,-0.2278631,-0.0665835,0.0006876,-0.0872844,0.2806696,-0.2579363,-0.3815972,0.0000000,0.0000000,0.0000000,0.0590804,0.0000000,0.0000000,0.0000000,0.0000000,0.0564695,0.0000000
-0.0413571,0.1277959,-0.1450100,0.0000000,0.0000000,0.0000000,1.0000000,-0.0626007,-0.0006932,-0.0863644,0.2839221,-0.4768532,-0.2275076,-0.0668874,0.0006879,-0.0872834,0.2806680,-0.2574782,-0.3819912,0.0000000,0.0000000,0.0000000,0.0590804,0.0000000,0.0000000,0.0000000,0.0000000,0.0564695,0.0000000
-0.0413571,0.1280528,-0.1450267,0.0000000,0.0000000,0.0000000,1.0000000,-0.0628876,-0.0006932,-0.0863654,0.2839235,-0.4774241,-0.2271721,-0.0671743,0.0006881,-0.0872826,0.2806666,-0.2570460,-0.3823631,0.0000000,0.0000000,0.0000000,0.0590804,0.0000000,0.0000000,0.0000000,0.0000000,0.0564695,0.0000000
-0.0413571,0.1282947,-0.1450425,0.0000000,0.0000000,0.0000000,1.0000000,-0.0631575,-0.0006932,-0.0863663,0.2839248,-0.4779614,-0.2268564,-0.0674442,0.0006884,-0.0872818,0.2806652,-0.2566393,-0.3827132,0.0000000,0.0000000,0.0000000,0.0590804,0.0000000,0.0000000,0.0000000,0.0000000,0.0564695,0.0000000
-0.0413571,0.1285215,-0.1450574,0.0000000,0.0000000,0.0000000,1.0000000,-0.0634108,-0.0006932,-0.0863671,0.2839261,-0.4784655,-0.2265604,-0.0676974,0.0006886,-0.0872810,0.2806639,-0.2562579,-0.3830417,0.0000000,0.0000000,0.0000000,0.0590804,0.0000000,0.0000000,0.0000000,0.0000000,0.0564695,0.0000000
-0.0413571,0.1287335,-0.1450713,0.0000000,0.0000000,0.0000000,1.0000000,-0.0636475,-0.0006933,-0.0863679,0.2839273,-0.4789368,-0.2262838,-0.0679341,0.0006888,-0.0872803,0.2806627,-0.2559014,-0.3833488,0.0000000,0.0000000,0.0000000,0.0590804,0.0000000,0.0000000,0.0000000,0.0000000,0.0564695,0.0000000
-0.0413571,0.1289310,-0.1450843,0.0000000,0.0000000,0.0000000,1.0000000,-0.0638679,-0.0006933,-0.0863686,0.2839284,-0.4793757,-0.2260262,-0.0681545,0.0006890,-0.0872796,0.2806616,-0.2555695,-0.3836348,0.0000000,0.0000000,0.0000000,0.0590804,0.0000000,0.0000000,0.0000000,0.0000000,0.0564695,0.0000000
-0.0413571,0.1291141,-0.1450965,0.0000000,0.0000000,0.0000000,1.0000000,-0.0640724,-0.0006933,-0.0863693,0.2839294,-0.4797829,-0.2257873,-0.0683590,0.0006892,-0.0872790,0.2806606,-0.2552617,-0.3839001,0.0000000,0.0000000,0.0000000,0.0590804,0.0000000,0.0000000,0.0000000,0.0000000,0.0564695,0.0000000
-0.0413571,0.1292832,-0.1451077,0.0000000,0.0000000,0.0000000,1.0000000,-0.0642612,-0.0006933,-0.0863699,0.2839303,-0.4801589,-0.2255667,-0.0685477,0.0006894,-0.0872784,0.2806596,-0.2549776,-0.3841452,0.0000000,0.0000000,0.0000000,0.0590804,0.0000000,0.0000000,0.0000000,0.0000000,0.0564695,0.0000000
-0.0413571,0.1294386,-0.1451180,0.0000000,0.0000000,0.0000000,1.0000000,-0.0644347,-0.0006933,-0.0863705,0.2839312,-0.4805044,-0.2253641,-0.0687212,0.0006895,-0.0872779,0.2806587,-0.2547165,-0.3843703,0.0000000,0.0000000,0.0000000,0.0590804,0.0000000,0.0000000,0.0000000,0.0000000,0.0564695,0.0000000
-0.0413571,0.1295806,-0.1451275,0.0000000,0.0000000,0.0000000,1.0000000,-0.0645932,-0.0006933,-0.0863710,0.2839320,-0.4808203,-0.2251789,-0.0688797,0.0006897,-0.0872774,0.2806579,-0.2544779,-0.3845762,0.0000000,0.0000000,0.0000000,0.0590804,0.0000000,0.0000000,0.0000000,0.0000000,0.0564695,0.0000000
-0.0413571,0.1297096,-0.1451361,0.0000000,0.0000000,0.0000000,1.0000000,-0.0647373,-0.0006933,-0.0863715,0.2839327,-0.4811072,-0.2250107,-0.0690238,0.0006898,-0.0872770,0.2806572,-0.2542612,-0.3847632,0.0000000,0.0000000,0.0000000,0.0590804,0.0000000,0.0000000,0.0000000,0.0000000,0.0564695,0.0000000
-0.0413571,0.1298260,-0.1451440,0.0000000,0.0000000,0.0000000,1.0000000,-0.0648672,-0.0006934,-0.0863719,0.2839333,-0.4813662,-0.2248590,-0.0691537,0.0006899,-0.0872766,0.2806565,-0.2540656,-0.3849320,0.0000000,0.0000000,0.0000000,0.0590804,0.0000000,0.0000000,0.0000000,0.0000000,0.0564695,0.0000000
-0.0413571,0.1299303,-0.1451510,0.0000000,0.0000000,0.0000000,1.0000000,-0.0649837,-0.0006934,-0.0863723,0.2839339,-0.4815983,-0.2247230,-0.0692702,0.0006900,-0.0872763,0.2806559,-0.2538904,-0.3850832,0.0000000,0.0000000,0.0000000,0.0590804,0.0000000,0.0000000,0.0000000,0.0000000,0.0564695,0.0000000
-0.0413571,0.1300229,-0.1451572,0.0000000,0.0000000,0.0000000,1.0000000,-0.0650871,-0.0006934,-0.0863726,0.2839344,-0.4818044,-0.2246023,-0.0693736,0.0006901,-0.0872759,0.2806554,-0.2537348,-0.3852175,0.0000000,0.0000000,0.0000000,0.0590804,0.0000000,0.0000000,0.0000000,0.0000000,0.0564695,0.0000000
-0.0413571,0.1301044,-0.1451627,0.0000000,0.0000000,0.0000000,1.0000000,-0.0651781,-0.0006934,-0.0863729,0.2839349,-0.4819857,-0.2244961,-0.0694646,0.0006902,-0.0872757,0.2806549,-0.2535979,-0.3853357,0.0000000,0.0000000,0.0000000,0.0590804,0.0000000,0.0000000,0.0000000,0.0000000,0.0564695,0.0000000
-0.0413571,0.1301753,-0.1451675,0.0000000,0.0000000,0.0000000,1.0000000,-0.0652573,-0.0006934,-0.0863732,0.2839353,-0.4821434,-0.2244036,-0.0695437,0.0006903,-0.0872754,0.2806545,-0.2534789,-0.3854385,0.0000000,0.0000000,0.0000000,0.0590804,0.0000000,0.0000000,0.0000000,0.0000000,0.0564695,0.0000000
-0.0413571,0.1302362,-0.1451716,0.0000000,0.0000000,0.0000000,1.0000000,-0.0653253,-0.0006934,-0.0863734,0.2839356,-0.4822789,-0.2243243,-0.0696117,0.0006903,-0.0872752,0.2806542,-0.2533766,-0.3855268,0.0000000,0.0000000,0.0000000,0.0590804,0.0000000,0.0000000,0.0000000,0.0000000,0.0564695,0.0000000
-0.0413571,0.1302877,-0.1451751,0.0000000,0.0000000,0.0000000,1.0000000,-0.0653828,-0.0006934,-0.0863736,0.2839359,-0.4823935,-0.2242572,-0.0696692,0.0006904,-0.0872751,0.2806539,-0.2532901,-0.3856015,0.0000000,0.0000000,0.0000000,0.0590804,0.0000000,0.0000000,0.0000000,0.0000000,0.0564695,0.0000000
-0.0413571,0.1303305,-0.1451780,0.0000000,0.0000000,0.0000000,1.0000000,-0.0654305,-0.0006934,-0.0863737,0.2839361,-0.4824887,-0.2242014,-0.0697170,0.0006904,-0.0872749,0.2806537,-0.2532183,-0.3856636,0.0000000,0.0000000,0.0000000,0.0590804,0.0000000,0.0000000,0.0000000,0.0000000,0.0564695,0.0000000
-0.0413571,0.1303652,-0.1451803,0.0000000,0.0000000,0.0000000,1.0000000,-0.0654693,-0.0006934,-0.0863738,0.2839363,-0.4825660,-0.2241562,-0.0697557,0.0006905,-0.0872748,0.2806535,-0.2531600,-0.3857140,0.0000000,0.0000000,0.0000000,0.0590804,0.0000000,0.0000000,0.0000000,0.0000000,0.0564695,0.0000000
-0.0413571,0.1303926,-0.1451822,0.0000000,0.0000000,0.0000000,1.0000000,-0.0654999,-0.0006934,-0.0863739,0.2839365,-0.4826271,-0.2241204,-0.0697864,0.0006905,-0.0872747,0.2806533,-0.2531139,-0.3857538,0.0000000,0.0000000,0.0000000,0.0590804,0.0000000,0.0000000,0.0000000,0.0000000,0.0564695,0.0000000
-0.0413571,0.1304136,-0.1451836,0.0000000,0.0000000,0.0000000,1.0000000,-0.0655233,-0.0006934,-0.0863740,0.2839366,-0.4826736,-0.2240932,-0.0698097,0.0006905,-0.0872746,0.2806532,-0.2530788,-0.3857841,0.0000000,0.0000000,0.0000000,0.0590804,0.0000000,0.0000000,0.0000000,0.0000000,0.0564695,0.0000000
-0.0413571,0.1304287,-0.1451846,0.0000000,0.0000000,0.0000000,1.0000000,-0.0655402,-0.0006934,-0.0863741,0.2839367,-0.4827074,-0.2240734,-0.0698267,0.0006905,-0.0872746,0.2806531,-0.2530533,-0.3858061,0.0000000,0.0000000,0.0000000,0.0590804,0.0000000,0.0000000,0.0000000,0.0000000,0.0564695,0.0000000
-0.0413571,0.1304391,-0.1451853,0.0000000,0.0000000,0.0000000,1.0000000,-0.0655518,-0.0006934,-0.0863741,0.2839367,-0.4827304,-0.2240599,-0.0698382,0.0006905,-0.0872745,0.2806530,-0.2530360,-0.3858211,0.0000000,0.0000000,0.0000000,0.0590804,0.0000000,0.0000000,0.0000000,0.0000000,0.0564695,0.0000000
-0.0413571,0.1304454,-0.1451857,0.0000000,0.0000000,0.0000000,1.0000000,-0.0655589,-0.0006934,-0.0863741,0.2839368,-0.4827445,-0.2240517,-0.0698453,0.0006906,-0.0872745,0.2806530,-0.2530253,-0.3858303,0.0000000,0.0000000,0.0000000,0.0590804,0.0000000,0.0000000,0.0000000,0.0000000,0.0564695,0.0000000
-0.0413571,0.1304487,-0.1451860,0.0000000,0.0000000,0.0000000,1.0000000,-0.0655625,-0.0006934,-0.0863742,0.2839368,-0.4827519,-0.2240474,-0.0698490,0.0006906,-0.0872745,0.2806530,-0.2530198,-0.3858351,0.0000000,0.0000000,0.0000000,0.0590804,0.0000000,0.0000000,0.0000000,0.0000000,0.0564695,0.0000000
-0.0413571,0.1304499,-0.1451860,0.0000000,0.0000000,0.0000000,1.0000000,-0.0655639,-0.0006934,-0.0863742,0.2839368,-0.4827546,-0.2240458,-0.0698503,0.0006906,-0.0872745,0.2806530,-0.2530177,-0.3858369,0.0000000,0.0000000,0.0000000,0.0590804,0.0000000,0.0000000,0.0000000,0.0000000,0.0564695,0.0000000
-0.0413571,0.1304501,-0.1451861,0.0000000,0.0000000,0.0000000,1.0000000,-0.0655641,-0.0006934,-0.0863742,0.2839368,-0.4827550,-0.2240455,-0.0698505,0.0006906,-0.0872745,0.2806530,-0.2530174,-0.3858372,0.0000000,0.0000000,0.0000000,0.0590804,0.0000000,0.0000000,0.0000000,0.0000000,0.0564695,0.0000000
-0.0413571,0.1304499,-0.1451860,0.0000000,0.0000000,0.0000000,1.0000000,-0.0655639,-0.0006934,-0.0863742,0.2839368,-0.4827546,-0.2240458,-0.0698503,0.0006906,-0.0872745,0.2806530,-0.2530177,-0.3858369,0.0000000,0.0000000,0.0000000,0.0590804,0.0000000,0.0000000,0.0000000,0.0000000,0.0564695,0.0000000
-0.0413571,0.1304487,-0.1451860,0.0000000,0.0000000,0.0000000,1.0000000,-0.0655625,-0.0006934,-0.0863742,0.2839368,-0.4827519,-0.2240474,-0.0698490,0.0006906,-0.0872745,0.2806530,-0.2530198,-0.3858351,0.0000000,0.0000000,0.0000000,0.0590804,0.0000000,0.0000000,0.0000000,0.0000000,0.0564695,0.0000000
-0.0413571,0.1304454,-0.1451857,0.0000000,0.0000000,0.0000000,1.0000000,-0.0655589,-0.0006934,-0.0863741,0.2839368,-0.4827445,-0.2240517,-0.0698453,0.0006906,-0.0872745,0.2806530,-0.2530253,-0.3858303,0.0000000,0.0000000,0.0000000,0.0590804,0.0000000,0.0000000,0.0000000,0.0000000,0.0564695,0.0000000
-0.0413571,0.1304391,-0.1451853,0.0000000,0.0000000,0.0000000,1.0000000,-0.0655518,-0.0006934,-0.0863741,0.2839367,-0.4827304,-0.2240599,-0.0698382,0.0006905,-0.0872745,0.2806530,-0.2530360,-0.3858211,0.0000000,0.0000000,0.0000000,0.0590804,0.0000000,0.0000000,0.0000000,0.0000000,0.0564695,0.0000000
-0.0413571,0.1304287,-0.1451846,0.0000000,0.0000000,0.0000000,1.0000000,-0.0655402,-0.0006934,-0.0863741,0.2839367,-0.4827074,-0.2240734,-0.0698267,0.0006905,-0.0872746,0.2806531,-0.2530533,-0.3858061,0.0000000,0.0000000,0.0000000,0.0590804,0.0000000,0.0000000,0.0000000,0.0000000,0.0564695,0.0000000
-0.0413571,0.1304136,-0.1451836,0.0000000,0.0000000,0.0000000,1.0000000,-0.0655233,-0.0006934,-0.0863740,0.2839366,-0.4826736,-0.2240932,-0.0698097,0.0006905,-0.0872746,0.2806532,-0.2530788,-0.3857841,0.0000000,0.0000000,0.0000000,0.0590804,0.0000000,0.0000000,0.0000000,0.0000000,0.0564695,0.0000000
-0.0413571,0.1303926,-0.1451822,0.0000000,0.0000000,0.0000000,1.0000000,-0.0654999,-0.0006934,-0.0863739,0.2839365,-0.4826271,-0.2241204,-0.0697864,0.0006905,-0.0872747,0.2806533,-0.2531139,-0.3857538,0.0000000,0.0000000,0.0000000,0.0590804,0.0000000,0.0000000,0.0000000,0.0000000,0.0564695,0.0000000
-0.0413571,0.1303652,-0.1451803,0.0000000,0.0000000,0.0000000,1.0000000,-0.0654693,-0.0006934,-0.0863738,0.2839363,-0.4825660,-0.2241562,-0.0697557,0.0006905,-0.0872748,0.2806535,-0.2531600,-0.3857140,0.0000000,0.0000000,0.0000000,0.0590804,0.0000000,0.0000000,0.0000000,0.0000000,0.0564695,0.0000000
-0.0413571,0.1303305,-0.1451780,0.0000000,0.0000000,0.0000000,1.0000000,-0.0654305,-0.0006934,-0.0863737,0.2839361,-0.4824887,-0.2242014,-0.0697170,0.0006904,-0.0872749,0.2806537,-0.2532183,-0.3856636,0.0000000,0.0000000,0.0000000,0.0590804,0.0000000,0.0000000,0.0000000,0.0000000,0.0564695,0.0000000
-0.0413571,0.1302877,-0.1451751,0.0000000,0.0000000,0.0000000,1.0000000,-0.0653828,-0.0006934,-0.0863736,0.2839359,-0.4823935,-0.2242572,-0.0696692,0.0006904,-0.0872751,0.2806539,-0.2532901,-0.3856015,0.0000000,0.0000000,0.0000000,0.0590804,0.0000000,0.0000000,0.0000000,0.0000000,0.0564695,0.0000000
-0.0413571,0.1302362,-0.1451716,0.0000000,0.0000000,0.0000000,1.0000000,-0.0653253,-0.0006934,-0.0863734,0.2839356,-0.4822789,-0.2243243,-0.0696117,0.0006903,-0.0872752,0.2806542,-0.2533766,-0.3855268,0.0000000,0.0000000,0.0000000,0.0590804,0.0000000,0.0000000,0.0000000,0.0000000,0.0564695,0.0000000
-0.0413571,0.1301753,-0.1451675,0.0000000,0.0000000,0.0000000,1.0000000,-0.0652573,-0.0006934,-0.0863732,0.2839353,-0.4821434,-0.2244036,-0.0695437,0.0006903,-0.0872754,0.2806545,-0.2534789,-0.3854385,0.0000000,0.0000000,0.0000000,0.0590804,0.0000000,0.0000000,0.0000000,0.0000000,0.0564695,0.0000000
-0.0413571,0.1301044,-0.1451627,0.0000000,0.0000000,0.0000000,1.0000000,-0.0651781,-0.0006934,-0.0863729,0.2839349,-0.4819857,-0.2244961,-0.0694646,0.0006902,-0.0872757,0.2806549,-0.2535979,-0.3853357,0.0000000,0.0000000,0.0000000,0.0590804,0.0000000,0.0000000,0.0000000,0.0000000,0.0564695,0.0000000
-0.0413571,0.1300229,-0.1451572,0.0000000,0.0000000,0.0000000,1.0000000,-0.0650871,-0.0006934,-0.0863726,0.2839344,-0.4818044,-0.2246023,-0.0693736,0.0006901,-0.0872759,0.2806554,-0.2537348,-0.3852175,0.0000000,0.0000000,0.0000000,0.0590804,0.0000000,0.0000000,0.0000000,0.0000000,0.0564695,0.0000000
-0.0413571,0.1299303,-0.1451510,0.0000000,0.0000000,0.0000000,1.0000000,-0.0649837,-0.0006934,-0.0863723,0.2839339,-0.4815983,-0.2247230,-0.0692702,0.0006900,-0.0872763,0.2806559,-0.2538904,-0.3850832,0.0000000,0.0000000,0.0000000,0.0590804,0.0000000,0.0000000,0.0000000,0.0000000,0.0564695,0.0000000
-0.0413571,0.1298260,-0.1451440,0.0000000,0.0000000,0.0000000,1.0000000,-0.0648672,-0.0006934,-0.0863719,0.2839333,-0.4813662,-0.2248590,-0.0691537,0.0006899,-0.0872766,0.2806565,-0.2540656,-0.3849320,0.0000000,0.0000000,0.0000000,0.0590804,0.0000000,0.0000000,0.0000000,0.0000000,0.0564695,0.0000000
-0.0413571,0.1297096,-0.1451361,0.0000000,0.0000000,0.0000000,1.0000000,-0.0647373,-0.0006933,-0.0863715,0.2839327,-0.4811072,-0.2250107,-0.0690238,0.0006898,-0.0872770,0.2806572,-0.2542612,-0.3847632,0.0000000,0.0000000,0.0000000,0.0590804,0.0000000,0.0000000,0.0000000,0.0000000,0.0564695,0.0000000
-0.0413571,0.1295806,-0.1451275,0.0000000,0.0000000,0.0000000,1.0000000,-0.0645932,-0.0006933,-0.0863710,0.2839320,-0.4808203,-0.2251789,-0.0688797,0.0006897,-0.0872774,0.2806579,-0.2544779,-0.3845762,0.0000000,0.0000000,0.0000000,0.0590804,0.0000000,0.0000000,0.0000000,0.0000000,0.0564695,0.0000000
-0.0413571,0.1294386,-0.1451180,0.0000000,0.0000000,0.0000000,1.0000000,-0.0644347,-0.0006933,-0.0863705,0.2839312,-0.4805044,-0.2253641,-0.0687212,0.0006895,-0.0872779,0.2806587,-0.2547165,-0.3843703,0.0000000,0.0000000,0.0000000,0.0590804,0.0000000,0.0000000,0.0000000,0.0000000,0.0564695,0.0000000
-0.0413571,0.1292832,-0.1451077,0.0000000,0.0000000,0.0000000,1.0000000,-0.0642612,-0.0006933,-0.0863699,0.2839303,-0.4801589,-0.2255667,-0.0685477,0.0006894,-0.0872784,0.2806596,-0.2549776,-0.3841452,0.0000000,0.0000000,0.0000000,0.0590804,0.0000000,0.0000000,0.0000000,0.0000000,0.0564695,0.0000000
-0.0413571,0.1291141,-0.1450965,0.0000000,0.0000000,0.0000000,1.0000000,-0.0640724,-0.0006933,-0.0863693,0.2839294,-0.4797829,-0.2257873,-0.0683590,0.0006892,-0.0872790,0.2806606,-0.2552617,-0.3839001,0.0000000,0.0000000,0.0000000,0.0590804,0.0000000,0.0000000,0.0000000,0.0000000,0.0564695,0.0000000
-0.0413571,0.1289310,-0.1450843,0.0000000,0.0000000,0.0000000,1.0000000,-0.0638679,-0.0006933,-0.0863686,0.2839284,-0.4793757,-0.2260262,-0.0681545,0.0006890,-0.0872796,0.2806616,-0.2555695,-0.3836348,0.0000000,0.0000000,0.0000000,0.0590804,0.0000000,0.0000000,0.0000000,0.0000000,0.0564695,0.0000000
-0.0413571,0.1287335,-0.1450713,0.0000000,0.0000000,0.0000000,1.0000000,-0.0636475,-0.0006933,-0.0863679,0.2839273,-0.4789368,-0.2262838,-0.0679341,0.0006888,-0.0872803,0.2806627,-0.2559014,-0.3833488,0.0000000,0.0000000,0.0000000,0.0590804,0.0000000,0.0000000,0.0000000,0.0000000,0.0564695,0.0000000
-0.0413571,0.1285215,-0.1450574,0.0000000,0.0000000,0.0000000,1.0000000,-0.0634108,-0.0006932,-0.0863671,0.2839261,-0.4784655,-0.2265604,-0.0676974,0.0006886,-0.0872810,0.2806639,-0.2562579,-0.3830417,0.0000000,0.0000000,0.0000000,0.0590804,0.0000000,0.0000000,0.0000000,0.0000000,0.0564695,0.0000000
-0.0413571,0.1282947,-0.1450425,0.0000000,0.0000000,0.0000000,1.0000000,-0.0631575,-0.0006932,-0.0863663,0.2839248,-0.4779614,-0.2268564,-0.0674442,0.0006884,-0.0872818,0.2806652,-0.2566393,-0.3827132,0.0000000,0.0000000,0.0000000,0.0590804,0.0000000,0.0000000,0.0000000,0.0000000,0.0564695,0.0000000
-0.0413571,0.1280528,-0.1450267,0.0000000,0.0000000,0.0000000,1.0000000,-0.0628876,-0.0006932,-0.0863654,0.2839235,-0.4774241,-0.2271721,-0.0671743,0.0006881,-0.0872826,0.2806666,-0.2570460,-0.3823631,0.0000000,0.0000000,0.0000000,0.0590804,0.0000000,0.0000000,0.0000000,0.0000000,0.0564695,0.0000000
-0.0413571,0.1277959,-0.1450100,0.0000000,0.0000000,0.0000000,1.0000000,-0.0626007,-0.0006932,-0.0863644,0.2839221,-0.4768532,-0.2275076,-0.0668874,0.0006879,-0.0872834,0.2806680,-0.2574782,-0.3819912,0.0000000,0.0000000,0.0000000,0.0590804,0.0000000,0.0000000,0.0000000,0.0000000,0.0564695,0.0000000
-0.0413571,0.1275236,-0.1449924,0.0000000,0.0000000,0.0000000,1.0000000,-0.0622968,-0.0006931,-0.0863635,0.2839205,-0.4762485,-0.2278631,-0.0665835,0.0006876,-0.0872844,0.2806696,-0.2579363,-0.3815972,0.0000000,0.0000000,0.0000000,0.0590804,0.0000000,0.0000000,0.0000000,0.0000000,0.0564695,0.0000000
-0.0413571,0.1272359,-0.1449739,0.0000000,0.0000000,0.0000000,1.0000000,-0.0619756,-0.0006931,-0.0863624,0.2839189,-0.4756096,-0.2282388,-0.0662624,0.0006873,-0.0872853,0.2806712,-0.2584204,-0.3811810,0.0000000,0.0000000,0.0000000,0.0590804,0.0000000,0.0000000,0.0000000,0.0000000,0.0564695,0.0000000
-0.0413571,0.1269328,-0.1449545,0.0000000,0.0000000,0.0000000,1.0000000,-0.0616372,-0.0006931,-0.0863613,0.2839173,-0.4749366,-0.2286349,-0.0659240,0.0006870,-0.0872863,0.2806729,-0.2589306,-0.3807426,0.0000000,0.0000000,0.0000000,0.0590804,0.0000000,0.0000000,0.0000000,0.0000000,0.0564695,0.0000000
-0.0413571,0.1266140,-0.1449342,0.0000000,0.0000000,0.0000000,1.0000000,-0.0612814,-0.0006931,-0.0863601,0.2839155,-0.4742291,-0.2290513,-0.0655683,0.0006866,-0.0872874,0.2806747,-0.2594671,-0.3802817,0.0000000,0.0000000,0.0000000,0.0590804,0.0000000,0.0000000,0.0000000,0.0000000,0.0564695,0.0000000
-0.0413571,0.1262798,-0.1449130,0.0000000,0.0000000,0.0000000,1.0000000,-0.0609083,-0.0006930,-0.0863589,0.2839136,-0.4734873,-0.2294882,-0.0651952,0.0006863,-0.0872885,0.2806766,-0.2600300,-0.3797986,0.0000000,0.0000000,0.0000000,0.0590804,0.0000000,0.0000000,0.0000000,0.0000000,0.0564695,0.0000000
-0.0413571,0.1259299,-0.1448910,0.0000000,0.0000000,0.0000000,1.0000000,-0.0605178,-0.0006930,-0.0863576,0.2839117,-0.4727111,-0.2299456,-0.0648047,0.0006860,-0.0872897,0.2806786,-0.2606193,-0.3792930,0.0000000,0.0000000,0.0000000,0.0590804,0.0000000,0.0000000,0.0000000,0.0000000,0.0564695,0.0000000
-0.0413571,0.1255645,-0.1448682,0.0000000,0.0000000,0.0000000,1.0000000,-0.0601099,-0.0006930,-0.0863563,0.2839097,-0.4719006,-0.2304235,-0.0643968,0.0006856,-0.0872909,0.2806807,-0.2612349,-0.3787651,0.0000000,0.0000000,0.0000000,0.0590804,0.0000000,0.0000000,0.0000000,0.0000000,0.0564695,0.0000000
-0.0413571,0.1251835,-0.1448445,0.0000000,0.0000000,0.0000000,1.0000000,-0.0596847,-0.0006929,-0.0863549,0.2839076,-0.4710559,-0.2309218,-0.0639717,0.0006852,-0.0872922,0.2806828,-0.2618768,-0.3782150,0.0000000,0.0000000,0.0000000,0.0590804,0.0000000,0.0000000,0.0000000,0.0000000,0.0564695,0.0000000
-0.0413571,0.1247872,-0.1448201,0.0000000,0.0000000,0.0000000,1.0000000,-0.0592423,-0.0006929,-0.0863534,0.2839054,-0.4701773,-0.2314405,-0.0635293,0.0006848,-0.0872936,0.2806851,-0.2625449,-0.3776428,0.0000000,0.0000000,0.0000000,0.0590804,0.0000000,0.0000000,0.0000000,0.0000000,0.0564695,0.0000000
-0.0413571,0.1243754,-0.1447948,0.0000000,0.0000000,0.0000000,1.0000000,-0.0587827,-0.0006929,-0.0863519,0.2839031,-0.4692648,-0.2319794,-0.0630698,0.0006844,-0.0872949,0.2806874,-0.2632392,-0.3770487,0.0000000,0.0000000,0.0000000,0.0590804,0.0000000,0.0000000,0.0000000,0.0000000,0.0564695,0.0000000
-0.0413571,0.1239484,-0.1447689,0.0000000,0.0000000,0.0000000,1.0000000,-0.0583062,-0.0006928,-0.0863504,0.2839007,-0.4683188,-0.2325385,-0.0625933,0.0006839,-0.0872964,0.2806899,-0.2639593,-0.3764327,0.0000000,0.0000000,0.0000000,0.0590804,0.0000000,0.0000000,0.0000000,0.0000000,0.0564695,0.0000000
-0.0413571,0.1235063,-0.1447423,0.0000000,0.0000000,0.0000000,1.0000000,-0.0578128,-0.0006928,-0.0863488,0.2838982,-0.4673397,-0.2331176,-0.0620999,0.0006835,-0.0872979,0.2806924,-0.2647052,-0.3757953,0.0000000,0.0000000,0.0000000,0.0590804,0.0000000,0.0000000,0.0000000,0.0000000,0.0564695,0.0000000
-0.0413571,0.1230493,-0.1447149,0.0000000,0.0000000,0.0000000,1.0000000,-0.0573027,-0.0006927,-0.0863471,0.2838957,-0.4663278,-0.2337164,-0.0615899,0.0006830,-0.0872994,0.2806949,-0.2654766,-0.3751365,0.0000000,0.0000000,0.0000000,0.0590804,0.0000000,0.0000000,0.0000000,0.0000000,0.0564695,0.0000000
-0.0413571,0.1225774,-0.1446870,0.0000000,0.0000000,0.0000000,1.0000000,-0.0567761,-0.0006927,-0.0863454,0.2838931,-0.4652836,-0.2343349,-0.0610634,0.0006825,-0.0873010,0.2806976,-0.2662731,-0.3744567,0.0000000,0.0000000,0.0000000,0.0590804,0.0000000,0.0000000,0.0000000,0.0000000,0.0564695,0.0000000
-0.0413571,0.1220910,-0.1446584,0.0000000,0.0000000,0.0000000,1.0000000,-0.0562333,-0.0006926,-0.0863436,0.2838904,-0.4642074,-0.2349726,-0.0605207,0.0006820,-0.0873026,0.2807004,-0.2670954,-0.3737569,0.0000000,0.0000000,0.0000000,0.0590804,0.0000000,0.0000000,0.0000000,0.0000000,0.0564695,0.0000000
-0.0413571,0.1215903,-0.1446293,0.0000000,0.0000000,0.0000000,1.0000000,-0.0556745,-0.0006926,-0.0863418,0.2838876,-0.4630999,-0.2356295,-0.0599619,0.0006815,-0.0873043,0.2807032,-0.2679448,-0.3730390,0.0000000,0.0000000,0.0000000,0.0590804,0.0000000,0.0000000,0.0000000,0.0000000,0.0564695,0.0000000
-0.0413571,0.1210754,-0.1445997,0.0000000,0.0000000,0.0000000,1.0000000,-0.0551000,-0.0006926,-0.0863399,0.2838847,-0.4619616,-0.2363052,-0.0593874,0.0006810,-0.0873060,0.2807061,-0.2688184,-0.3723011,0.0000000,0.0000000,0.0000000,0.0590804,0.0000000,0.0000000,0.0000000,0.0000000,0.0564695,0.0000000
-0.0413571,0.1205466,-0.1445695,0.0000000,0.0000000,0.0000000,1.0000000,-0.0545099,-0.0006925,-0.0863379,0.2838818,-0.4607930,-0.2369993,-0.0587974,0.0006805,-0.0873078,0.2807091,-0.2697159,-0.3715436,0.0000000,0.0000000,0.0000000,0.0590804,0.0000000,0.0000000,0.0000000,0.0000000,0.0564695,0.0000000
-0.0413571,0.1200042,-0.1445389,0.0000000,0.0000000,0.0000000,1.0000000,-0.0539048,-0.0006925,-0.0863360,0.2838788,-0.4595948,-0.2377116,-0.0581923,0.0006799,-0.0873096,0.2807122,-0.2706368,-0.3707671,0.0000000,0.0000000,0.0000000,0.0590804,0.0000000,0.0000000,0.0000000,0.0000000,0.0564695,0.0000000
-0.0413571,0.1194485,-0.1445079,0.0000000,0.0000000,0.0000000,1.0000000,-0.0532847,-0.0006924,-0.0863339,0.2838757,-0.4583678,-0.2384418,-0.0575724,0.0006794,-0.0873115,0.2807154,-0.2715806,-0.3699718,0.0000000,0.0000000,0.0000000,0.0590804,0.0000000,0.0000000,0.0000000,0.0000000,0.0564695,0.0000000
-0.0413571,0.1188798,-0.1444766,0.0000000,0.0000000,0.0000000,1.0000000,-0.0526502,-0.0006923,-0.0863319,0.2838725,-0.4571125,-0.2391893,-0.0569379,0.0006788,-0.0873134,0.2807186,-0.2725470,-0.3691584,0.0000000,0.0000000,0.0000000,0.0590804,0.0000000,0.0000000,0.0000000,0.0000000,0.0564695,0.0000000
-0.0413571,0.1182984,-0.1444449,0.0000000,0.0000000,0.0000000,1.0000000,-0.0520016,-0.0006923,-0.0863297,0.2838693,-0.4558297,-0.2399538,-0.0562893,0.0006782,-0.0873154,0.2807219,-0.2735352,-0.3683272,0.0000000,0.0000000,0.0000000,0.0590804,0.0000000,0.0000000,0.0000000,0.0000000,0.0564695,0.0000000
-0.0413571,0.1177047,-0.1444129,0.0000000,0.0000000,0.0000000,1.0000000,-0.0513392,-0.0006922,-0.0863276,0.2838660,-0.4545203,-0.2407349,-0.0556270,0.0006776,-0.0873174,0.2807253,-0.2745449,-0.3674787,0.0000000,0.0000000,0.0000000,0.0590804,0.0000000,0.0000000,0.0000000,0.0000000,0.0564695,0.0000000
-0.0413571,0.1170990,-0.1443807,0.0000000,0.0000000,0.0000000,1.0000000,-0.0506635,-0.0006922,-0.0863254,0.2838627,-0.4531850,-0.2415322,-0.0549513,0.0006770,-0.0873194,0.2807287,-0.2755754,-0.3666136,0.0000000,0.0000000,0.0000000,0.0590804,0.0000000,0.0000000,0.0000000,0.0000000,0.0564695,0.0000000
-0.0413571,0.1164816,-0.1443482,0.0000000,0.0000000,0.0000000,1.0000000,-0.0499748,-0.0006921,-0.0863231,0.2838592,-0.4518247,-0.2423452,-0.0542627,0.0006763,-0.0873215,0.2807322,-0.2766261,-0.3657323,0.0000000,0.0000000,0.0000000,0.0590804,0.0000000,0.0000000,0.0000000,0.0000000,0.0564695,0.0000000
-0.0413571,0.1158531,-0.1443157,0.0000000,0.0000000,0.0000000,1.0000000,-0.0492736,-0.0006921,-0.0863208,0.2838557,-0.4504403,-0.2431734,-0.0535616,0.0006757,-0.0873236,0.2807358,-0.2776964,-0.3648355,0.0000000,0.0000000,0.0000000,0.0590804,0.0000000,0.0000000,0.0000000,0.0000000,0.0564695,0.0000000
-0.0413571,0.1152136,-0.1442830,0.0000000,0.0000000,0.0000000,1.0000000,-0.0485603,-0.0006920,-0.0863185,0.2838522,-0.4490326,-0.2440163,-0.0528483,0.0006751,-0.0873257,0.2807394,-0.2787856,-0.3639237,0.0000000,0.0000000,0.0000000,0.0590804,0.0000000,0.0000000,0.0000000,0.0000000,0.0564695,0.0000000
-0.0413571,0.1145637,-0.1442503,0.0000000,0.0000000,0.0000000,1.0000000,-0.0478354,-0.0006919,-0.0863161,0.2838486,-0.4476025,-0.2448734,-0.0521235,0.0006744,-0.0873279,0.2807431,-0.2798931,-0.3629975,0.0000000,0.0000000,0.0000000,0.0590804,0.0000000,0.0000000,0.0000000,0.0000000,0.0564695,0.0000000
-0.0413571,0.1139038,-0.1442175,0.0000000,0.0000000,0.0000000,1.0000000,-0.0470994,-0.0006919,-0.0863137,0.2838449,-0.4461511,-0.2457442,-0.0513875,0.0006737,-0.0873301,0.2807468,-0.2810182,-0.3620575,0.0000000,0.0000000,0.0000000,0.0590804,0.0000000,0.0000000,0.0000000,0.0000000,0.0564695,0.0000000
-0.0413571,0.1132343,-0.1441848,0.0000000,0.0000000,0.0000000,1.0000000,-0.0463526,-0.0006918,-0.0863113,0.2838412,-0.4446793,-0.2466281,-0.0506408,0.0006730,-0.0873324,0.2807506,-0.2821602,-0.3611044,0.0000000,0.0000000,0.0000000,0.0590804,0.0000000,0.0000000,0.0000000,0.0000000,0.0564695,0.0000000
-0.0413571,0.1125556,-0.1441521,0.0000000,0.0000000,0.0000000,1.0000000,-0.0455957,-0.0006918,-0.0863088,0.2838374,-0.4431879,-0.2475224,-0.0498839,0.0006724,-0.0873346,0.2807545,-0.2833184,-0.3601388,0.0000000,0.0000000,0.0000000,0.0590804,0.0000000,0.0000000,0.0000000,0.0000000,0.0564695,0.0000000
-0.0413571,0.1118682,-0.1441195,0.0000000,0.0000000,0.0000000,1.0000000,-0.0448291,-0.0006917,-0.0863063,0.2838336,-0.4416778,-0.2484251,-0.0491174,0.0006717,-0.0873370,0.2807584,-0.2844920,-0.3591614,0.0000000,0.0000000,0.0000000,0.0590804,0.0000000,0.0000000,0.0000000,0.0000000,0.0564695,0.0000000
-0.0413571,0.1111726,-0.1440871,0.0000000,0.0000000,0.0000000,1.0000000,-0.0440533,-0.0006916,-0.0863037,0.2838297,-0.4401504,-0.2493391,-0.0483417,0.0006710,-0.0873393,0.2807623,-0.2856802,-0.3581729,0.0000000,0.0000000,0.0000000,0.0590804,0.0000000,0.0000000,0.0000000,0.0000000,0.0564695,0.0000000
-0.0413571,0.1104692,-0.1440549,0.0000000,0.0000000,0.0000000,1.0000000,-0.0432689,-0.0006916,-0.0863012,0.2838258,-0.4386067,-0.2502639,-0.0475573,0.0006702,-0.0873416,0.2807663,-0.2868822,-0.3571739,0.0000000,0.0000000,0.0000000,0.0590804,0.0000000,0.0000000,0.0000000,0.0000000,0.0564695,0.0000000
-0.0413571,0.1097585,-0.1440228,0.0000000,0.0000000,0.0000000,1.0000000,-0.0424764,-0.0006915,-0.0862986,0.2838219,-0.4371181,-0.2512005,-0.0467648,0.0006695,-0.0873440,0.2807703,-0.2880973,-0.3561652,0.0000000,0.0000000,0.0000000,0.0590804,0.0000000,0.0000000,0.0000000,0.0000000,0.0564695,0.0000000
-0.0413571,0.1090410,-0.1439911,0.0000000,0.0000000,0.0000000,1.0000000,-0.0416763,-0.0006914,-0.0862960,0.2838179,-0.4356338,-0.2521469,-0.0459648,0.0006688,-0.0873464,0.2807744,-0.2893247,-0.3551474,0.0000000,0.0000000,0.0000000,0.0590804,0.0000000,0.0000000,0.0000000,0.0000000,0.0564695,0.0000000
-0.0413571,0.1083172,-0.1439597,0.0000000,0.0000000,0.0000000,1.0000000,-0.0408692,-0.0006914,-0.0862933,0.2838139,-0.4341371,-0.2531023,-0.0451578,0.0006681,-0.0873489,0.2807785,-0.2905634,-0.3541213,0.0000000,0.0000000,0.0000000,0.0590804,0.0000000,0.0000000,0.0000000,0.0000000,0.0564695,0.0000000
-0.0413571,0.1075876,-0.1439286,0.0000000,0.0000000,0.0000000,1.0000000,-0.0400557,-0.0006913,-0.0862907,0.2838098,-0.4326293,-0.2540659,-0.0443443,0.0006673,-0.0873513,0.2807826,-0.2918127,-0.3530877,0.0000000,0.0000000,0.0000000,0.0590804,0.0000000,0.0000000,0.0000000,0.0000000,0.0564695,0.0000000
-0.0413571,0.1068527,-0.1438978,0.0000000,0.0000000,0.0000000,1.0000000,-0.0392363,-0.0006912,-0.0862880,0.2838057,-0.4311113,-0.2550370,-0.0435250,0.0006666,-0.0873538,0.2807868,-0.2930718,-0.3520471,0.0000000,0.0000000,0.0000000,0.0590804,0.0000000,0.0000000,0.0000000,0.0000000,0.0564695,0.0000000
-0.0413571,0.1061130,-0.1438675,0.0000000,0.0000000,0.0000000,1.0000000,-0.0384115,-0.0006912,-0.0862853,0.2838016,-0.4295843,-0.2560151,-0.0427003,0.0006658,-0.0873563,0.2807910,-0.2943396,-0.3510004,0.0000000,0.0000000,0.0000000,0.0590804,0.0000000,0.0000000,0.0000000,0.0000000,0.0564695,0.0000000
-0.0413571,0.1053690,-0.1438376,0.0000000,0.0000000,0.0000000,1.0000000,-0.0375821,-0.0006911,-0.0862826,0.2837975,-0.4280493,-0.2569994,-0.0418709,0.0006651,-0.0873588,0.2807952,-0.2956403,-0.3499485,0.0000000,0.0000000,0.0000000,0.0590804,0.0000000,0.0000000,0.0000000,0.0000000,0.0564695,0.0000000
-0.0413571,0.1046213,-0.1438082,0.0000000,0.0000000,0.0000000,1.0000000,-0.0367485,-0.0006910,-0.0862799,0.2837933,-0.4265074,-0.2579893,-0.0410373,0.0006643,-0.0873613,0.2807994,-0.2969719,-0.3488922,0.0000000,0.0000000,0.0000000,0.0590804,0.0000000,0.0000000,0.0000000,0.0000000,0.0564695,0.0000000
-0.0413571,0.1038703,-0.1437793,0.0000000,0.0000000,0.0000000,1.0000000,-0.0359113,-0.0006909,-0.0862771,0.2837892,-0.4249598,-0.2589841,-0.0402002,0.0006636,-0.0873638,0.2808037,-0.2983100,-0.3478320,0.0000000,0.0000000,0.0000000,0.0590804,0.0000000,0.0000000,0.0000000,0.0000000,0.0564695,0.0000000
-0.0413571,0.1031167,-0.1437510,0.0000000,0.0000000,0.0000000,1.0000000,-0.0350712,-0.0006909,-0.0862744,0.2837849,-0.4234074,-0.2599830,-0.0393601,0.0006628,-0.0873663,0.2808080,-0.2996536,-0.3467687,0.0000000,0.0000000,0.0000000,0.0590804,0.0000000,0.0000000,0.0000000,0.0000000,0.0564695,0.0000000
-0.0413571,0.1023609,-0.1437231,0.0000000,0.0000000,0.0000000,1.0000000,-0.0342287,-0.0006908,-0.0862716,0.2837807,-0.4218515,-0.2609854,-0.0385177,0.0006620,-0.0873688,0.2808122,-0.3010017,-0.3457031,0.0000000,0.0000000,0.0000000,0.0590804,0.0000000,0.0000000,0.0000000,0.0000000,0.0564695,0.0000000
-0.0413571,0.1016036,-0.1436959,0.0000000,0.0000000,0.0000000,1.0000000,-0.0333844,-0.0006907,-0.0862689,0.2837765,-0.4202931,-0.2619905,-0.0376734,0.0006613,-0.0873714,0.2808165,-0.3023536,-0.3446359,0.0000000,0.0000000,0.0000000,0.0590804,0.0000000,0.0000000,0.0000000,0.0000000,0.0564695,0.0000000
-0.0413571,0.1008451,-0.1436693,0.0000000,0.0000000,0.0000000,1.0000000,-0.0325389,-0.0006907,-0.0862661,0.2837722,-0.4187334,-0.2629977,-0.0368280,0.0006605,-0.0873739,0.2808208,-0.3037081,-0.3435679,0.0000000,0.0000000,0.0000000,0.0590804,0.0000000,0.0000000,0.0000000,0.0000000,0.0564695,0.0000000
-0.0413571,0.1000861,-0.1436433,0.0000000,0.0000000,0.0000000,1.0000000,-0.0316929,-0.0006906,-0.0862633,0.2837679,-0.4171735,-0.2640063,-0.0359820,0.0006597,-0.0873765,0.2808251,-0.3050643,-0.3424999,0.0000000,0.0000000,0.0000000,0.0590804,0.0000000,0.0000000,0.0000000,0.0000000,0.0564695,0.0000000
-0.0413571,0.0993271,-0.1436179,0.0000000,0.0000000,0.0000000,1.0000000,-0.0308469,-0.0006905,-0.0862606,0.2837637,-0.4156144,-0.2650155,-0.0351361,0.0006589,-0.0873790,0.2808294,-0.3064212,-0.3414326,0.0000000,0.0000000,0.0000000,0.0590804,0.0000000,0.0000000,0.0000000,0.0000000,0.0564695,0.0000000
-0.0413571,0.0985686,-0.1435932,0.0000000,0.0000000,0.0000000,1.0000000,-0.0300015,-0.0006904,-0.0862578,0.2837594,-0.4140573,-0.2660246,-0.0342907,0.0006582,-0.0873815,0.2808337,-0.3077780,-0.3403667,0.0000000,0.0000000,0.0000000,0.0590804,0.0000000,0.0000000,0.0000000,0.0000000,0.0564695,0.0000000
-0.0413571,0.0978112,-0.1435692,0.0000000,0.0000000,0.0000000,1.0000000,-0.0291573,-0.0006904,-0.0862551,0.2837552,-0.4125032,-0.2670329,-0.0334466,0.0006574,-0.0873841,0.2808380,-0.3091336,-0.3393031,0.0000000,0.0000000,0.0000000,0.0590804,0.0000000,0.0000000,0.0000000,0.0000000,0.0564695,0.0000000
-0.0413571,0.0970554,-0.1435458,0.0000000,0.0000000,0.0000000,1.0000000,-0.0283150,-0.0006903,-0.0862523,0.2837509,-0.4109534,-0.2680396,-0.0326043,0.0006567,-0.0873866,0.2808423,-0.3104870,-0.3382424,0.0000000,0.0000000,0.0000000,0.0590804,0.0000000,0.0000000,0.0000000,0.0000000,0.0564695,0.0000000
-0.0413571,0.0963018,-0.1435232,0.0000000,0.0000000,0.0000000,1.0000000,-0.0274751,-0.0006902,-0.0862496,0.2837467,-0.4094088,-0.2690442,-0.0317645,0.0006559,-0.0873891,0.2808466,-0.3118374,-0.3371855,0.0000000,0.0000000,0.0000000,0.0590804,0.0000000,0.0000000,0.0000000,0.0000000,0.0564695,0.0000000
-0.0413571,0.0955509,-0.1435013,0.0000000,0.0000000,0.0000000,1.0000000,-0.0266382,-0.0006901,-0.0862469,0.2837425,-0.4078705,-0.2700457,-0.0309276,0.0006551,-0.0873916,0.2808509,-0.3131836,-0.3361330,0.0000000,0.0000000,0.0000000,0.0590804,0.0000000,0.0000000,0.0000000,0.0000000,0.0564695,0.0000000
-0.0413571,0.0948031,-0.1434800,0.0000000,0.0000000,0.0000000,1.0000000,-0.0258049,-0.0006901,-0.0862441,0.2837383,-0.4063397,-0.2710436,-0.0300944,0.0006544,-0.0873942,0.2808551,-0.3145249,-0.3350857,0.0000000,0.0000000,0.0000000,0.0590804,0.0000000,0.0000000,0.0000000,0.0000000,0.0564695,0.0000000
-0.0413571,0.0940592,-0.1434596,0.0000000,0.0000000,0.0000000,1.0000000,-0.0249758,-0.0006900,-0.0862414,0.2837341,-0.4048174,-0.2720371,-0.0292653,0.0006536,-0.0873966,0.2808593,-0.3158602,-0.3340444,0.0000000,0.0000000,0.0000000,0.0590804,0.0000000,0.0000000,0.0000000,0.0000000,0.0564695,0.0000000
-0.0413571,0.0933195,-0.1434398,0.0000000,0.0000000,0.0000000,1.0000000,-0.0241515,-0.0006899,-0.0862387,0.2837300,-0.4033046,-0.2730255,-0.0284410,0.0006529,-0.0873991,0.2808635,-0.3171885,-0.3330097,0.0000000,0.0000000,0.0000000,0.0590804,0.0000000,0.0000000,0.0000000,0.0000000,0.0564695,0.0000000
-0.0413571,0.0925845,-0.1434208,0.0000000,0.0000000,0.0000000,1.0000000,-0.0233325,-0.0006899,-0.0862361,0.2837259,-0.4018025,-0.2740081,-0.0276221,0.0006521,-0.0874016,0.2808677,-0.3185089,-0.3319823,0.0000000,0.0000000,0.0000000,0.0590804,0.0000000,0.0000000,0.0000000,0.0000000,0.0564695,0.0000000
-0.0413571,0.0918549,-0.1434025,0.0000000,0.0000000,0.0000000,1.0000000,-0.0225195,-0.0006898,-0.0862334,0.2837218,-0.4003119,-0.2749842,-0.0268091,0.0006514,-0.0874040,0.2808718,-0.3198206,-0.3309630,0.0000000,0.0000000,0.0000000,0.0590804,0.0000000,0.0000000,0.0000000,0.0000000,0.0564695,0.0000000
-0.0413571,0.0911311,-0.1433849,0.0000000,0.0000000,0.0000000,1.0000000,-0.0217129,-0.0006897,-0.0862308,0.2837177,-0.3988341,-0.2759531,-0.0260026,0.0006507,-0.0874064,0.2808759,-0.3211225,-0.3299525,0.0000000,0.0000000,0.0000000,0.0590804,0.0000000,0.0000000,0.0000000,0.0000000,0.0564695,0.0000000
-0.0413571,0.0904136,-0.1433681,0.0000000,0.0000000,0.0000000,1.0000000,-0.0209134,-0.0006896,-0.0862282,0.2837137,-0.3973699,-0.2769141,-0.0252031,0.0006499,-0.0874088,0.2808800,-0.3224137,-0.3289514,0.0000000,0.0000000,0.0000000,0.0590804,0.0000000,0.0000000,0.0000000,0.0000000,0.0564695,0.0000000
-0.0413571,0.0897029,-0.1433520,0.0000000,0.0000000,0.0000000,1.0000000,-0.0201215,-0.0006896,-0.0862256,0.2837097,-0.3959203,-0.2778666,-0.0244112,0.0006492,-0.0874112,0.2808840,-0.3236934,-0.3279605,0.0000000,0.0000000,0.0000000,0.0590804,0.0000000,0.0000000,0.0000000,0.0000000,0.0564695,0.0000000
-0.0413571,0.0889995,-0.1433366,0.0000000,0.0000000,0.0000000,1.0000000,-0.0193378,-0.0006895,-0.0862230,0.2837057,-0.3944863,-0.2788099,-0.0236275,0.0006485,-0.0874136,0.2808880,-0.3249606,-0.3269803,0.0000000,0.0000000,0.0000000,0.0590804,0.0000000,0.0000000,0.0000000,0.0000000,0.0564695,0.0000000
-0.0413571,0.0883039,-0.1433219,0.0000000,0.0000000,0.0000000,1.0000000,-0.0185627,-0.0006894,-0.0862205,0.2837018,-0.3930689,-0.2797432,-0.0228524,0.0006478,-0.0874159,0.2808919,-0.3262149,-0.3260115,0.0000000,0.0000000,0.0000000,0.0590804,0.0000000,0.0000000,0.0000000,0.0000000,0.0564695,0.0000000
-0.0413571,0.0876165,-0.1433080,0.0000000,0.0000000,0.0000000,1.0000000,-0.0177968,-0.0006894,-0.0862180,0.2836980,-0.3916690,-0.2806661,-0.0220866,0.0006471,-0.0874182,0.2808958,-0.3274575,-0.3250549,0.0000000,0.0000000,0.0000000,0.0590804,0.0000000,0.0000000,0.0000000,0.0000000,0.0564695,0.0000000
-0.0413571,0.0869379,-0.1432947,0.0000000,0.0000000,0.0000000,1.0000000,-0.0170406,-0.0006893,-0.0862156,0.2836942,-0.3902988,-0.2815780,-0.0213304,0.0006464,-0.0874205,0.2808997,-0.3286849,-0.3241109,0.0000000,0.0000000,0.0000000,0.0590804,0.0000000,0.0000000,0.0000000,0.0000000,0.0564695,0.0000000
-0.0413571,0.0862683,-0.1432821,0.0000000,0.0000000,0.0000000,1.0000000,-0.0162946,-0.0006892,-0.0862131,0.2836904,-0.3890036,-0.2824793,-0.0205845,0.0006458,-0.0874227,0.2809035,-0.3298964,-0.3231801,0.0000000,0.0000000,0.0000000,0.0590804,0.0000000,0.0000000,0.0000000,0.0000000,0.0564695,0.0000000
-0.0413571,0.0856084,-0.1432702,0.0000000,0.0000000,0.0000000,1.0000000,-0.0155594,-0.0006892,-0.0862107,0.2836867,-0.3877275,-0.2833681,-0.0198492,0.0006451,-0.0874249,0.2809072,-0.3310910,-0.3222632,0.0000000,0.0000000,0.0000000,0.0590804,0.0000000,0.0000000,0.0000000,0.0000000,0.0564695,0.0000000
-0.0413571,0.0849585,-0.1432589,0.0000000,0.0000000,0.0000000,1.0000000,-0.0148353,-0.0006891,-0.0862084,0.2836831,-0.3864714,-0.2842439,-0.0191252,0.0006444,-0.0874271,0.2809109,-0.3322680,-0.3213608,0.0000000,0.0000000,0.0000000,0.0590804,0.0000000,0.0000000,0.0000000,0.0000000,0.0564695,0.0000000
-0.0413571,0.0843191,-0.1432483,0.0000000,0.0000000,0.0000000,1.0000000,-0.0141228,-0.0006890,-0.0862061,0.2836795,-0.3852361,-0.2851061,-0.0184128,0.0006438,-0.0874292,0.2809145,-0.3334267,-0.3204733,0.0000000,0.0000000,0.0000000,0.0590804,0.0000000,0.0000000,0.0000000,0.0000000,0.0564695,0.0000000
-0.0413571,0.0836905,-0.1432383,0.0000000,0.0000000,0.0000000,1.0000000,-0.0134225,-0.0006890,-0.0862038,0.2836759,-0.3840222,-0.2859540,-0.0177124,0.0006431,-0.0874313,0.2809181,-0.3345661,-0.3196013,0.0000000,0.0000000,0.0000000,0.0590804,0.0000000,0.0000000,0.0000000,0.0000000,0.0564695,0.0000000
-0.0413571,0.0830731,-0.1432289,0.0000000,0.0000000,0.0000000,1.0000000,-0.0127347,-0.0006889,-0.0862015,0.2836725,-0.3828306,-0.2867872,-0.0170247,0.0006425,-0.0874334,0.2809216,-0.3356857,-0.3187454,0.0000000,0.0000000,0.0000000,0.0590804,0.0000000,0.0000000,0.0000000,0.0000000,0.0564695,0.0000000
-0.0413571,0.0824674,-0.1432201,0.0000000,0.0000000,0.0000000,1.0000000,-0.0120599,-0.0006889,-0.0861993,0.2836691,-0.3816620,-0.2876051,-0.0163498,0.0006419,-0.0874354,0.2809250,-0.3367847,-0.3179060,0.0000000,0.0000000,0.0000000,0.0590804,0.0000000,0.0000000,0.0000000,0.0000000,0.0564695,0.0000000
-0.0413571,0.0818737,-0.1432118,0.0000000,0.0000000,0.0000000,1.0000000,-0.0113984,-0.0006888,-0.0861972,0.2836657,-0.3805170,-0.2884072,-0.0156884,0.0006413,-0.0874374,0.2809284,-0.3378623,-0.3170837,0.0000000,0.0000000,0.0000000,0.0590804,0.0000000,0.0000000,0.0000000,0.0000000,0.0564695,0.0000000
-0.0413571,0.0812923,-0.1432042,0.0000000,0.0000000,0.0000000,1.0000000,-0.0107507,-0.0006887,-0.0861951,0.2836625,-0.3793963,-0.2891930,-0.0150407,0.0006407,-0.0874393,0.2809317,-0.3389180,-0.3162789,0.0000000,0.0000000,0.0000000,0.0590804,0.0000000,0.0000000,0.0000000,0.0000000,0.0564695,0.0000000
-0.0413571,0.0807236,-0.1431970,0.0000000,0.0000000,0.0000000,1.0000000,-0.0101171,-0.0006887,-0.0861930,0.2836593,-0.3783005,-0.2899621,-0.0144072,0.0006402,-0.0874412,0.2809349,-0.3399510,-0.3154919,0.0000000,0.0000000,0.0000000,0.0590804,0.0000000,0.0000000,0.0000000,0.0000000,0.0564695,0.0000000
-0.0413571,0.0801679,-0.1431904,0.0000000,0.0000000,0.0000000,1.0000000,-0.0094981,-0.0006886,-0.0861910,0.2836562,-0.3772302,-0.2907138,-0.0137881,0.0006396,-0.0874431,0.2809380,-0.3409608,-0.3147234,0.0000000,0.0000000,0.0000000,0.0590804,0.0000000,0.0000000,0.0000000,0.0000000,0.0564695,0.0000000
-0.0413571,0.0796256,-0.1431842,0.0000000,0.0000000,0.0000000,1.0000000,-0.0088938,-0.0006886,-0.0861890,0.2836531,-0.3761859,-0.2914479,-0.0131839,0.0006390,-0.0874449,0.2809411,-0.3419468,-0.3139736,0.0000000,0.0000000,0.0000000,0.0590804,0.0000000,0.0000000,0.0000000,0.0000000,0.0564695,0.0000000
-0.0413571,0.0790968,-0.1431785,0.0000000,0.0000000,0.0000000,1.0000000,-0.0083048,-0.0006885,-0.0861871,0.2836502,-0.3751682,-0.2921639,-0.0125948,0.0006385,-0.0874467,0.2809441,-0.3429159,-0.3132431,0.0000000,0.0000000,0.0000000,0.0590804,0.0000000,0.0000000,0.0000000,0.0000000,0.0564695,0.0000000
-0.0413571,0.0785819,-0.1431733,0.0000000,0.0000000,0.0000000,1.0000000,-0.0077311,-0.0006885,-0.0861852,0.2836473,-0.3741775,-0.2928614,-0.0120212,0.0006380,-0.0874484,0.2809470,-0.3438942,-0.3125328,0.0000000,0.0000000,0.0000000,0.0590804,0.0000000,0.0000000,0.0000000,0.0000000,0.0564695,0.0000000
-0.0413571,0.0780811,-0.1431685,0.0000000,0.0000000,0.0000000,1.0000000,-0.0071733,-0.0006884,-0.0861834,0.2836445,-0.3732144,-0.2935400,-0.0114633,0.0006375,-0.0874501,0.2809498,-0.3448459,-0.3118423,0.0000000,0.0000000,0.0000000,0.0590804,0.0000000,0.0000000,0.0000000,0.0000000,0.0564695,0.0000000
-0.0413571,0.0775947,-0.1431641,0.0000000,0.0000000,0.0000000,1.0000000,-0.0066314,-0.0006884,-0.0861817,0.2836417,-0.3722793,-0.2941994,-0.0109215,0.0006370,-0.0874517,0.2809526,-0.3457706,-0.3111719,0.0000000,0.0000000,0.0000000,0.0590804,0.0000000,0.0000000,0.0000000,0.0000000,0.0564695,0.0000000
-0.0413571,0.0771229,-0.1431601,0.0000000,0.0000000,0.0000000,1.0000000,-0.0061058,-0.0006883,-0.0861800,0.2836391,-0.3713725,-0.2948393,-0.0103959,0.0006365,-0.0874533,0.2809553,-0.3466680,-0.3105218,0.0000000,0.0000000,0.0000000,0.0590804,0.0000000,0.0000000,0.0000000,0.0000000,0.0564695,0.0000000
-0.0413571,0.0766658,-0.1431564,0.0000000,0.0000000,0.0000000,1.0000000,-0.0055966,-0.0006883,-0.0861783,0.2836365,-0.3704951,-0.2954579,-0.0098867,0.0006361,-0.0874548,0.2809579,-0.3475375,-0.3098924,0.0000000,0.0000000,0.0000000,0.0590804,0.0000000,0.0000000,0.0000000,0.0000000,0.0564695,0.0000000
-0.0413571,0.0762237,-0.1431531,0.0000000,0.0000000,0.0000000,1.0000000,-0.0051041,-0.0006882,-0.0861767,0.2836340,-0.3696469,-0.2960561,-0.0093942,0.0006356,-0.0874563,0.2809604,-0.3483789,-0.3092838,0.0000000,0.0000000,0.0000000,0.0590804,0.0000000,0.0000000,0.0000000,0.0000000,0.0564695,0.0000000
-0.0413571,0.0757967,-0.1431501,0.0000000,0.0000000,0.0000000,1.0000000,-0.0046284,-0.0006882,-0.0861752,0.2836316,-0.3688280,-0.2966341,-0.0089185,0.0006352,-0.0874577,0.2809628,-0.3491918,-0.3086962,0.0000000,0.0000000,0.0000000,0.0590804,0.0000000,0.0000000,0.0000000,0.0000000,0.0564695,0.0000000
-0.0413571,0.0753850,-0.1431475,0.0000000,0.0000000,0.0000000,1.0000000,-0.0041697,-0.0006881,-0.0861737,0.2836293,-0.3680386,-0.2971916,-0.0084599,0.0006348,-0.0874591,0.2809651,-0.3499759,-0.3081298,0.0000000,0.0000000,0.0000000,0.0590804,0.0000000,0.0000000,0.0000000,0.0000000,0.0564695,0.0000000
-0.0413571,0.0749886,-0.1431450,0.0000000,0.0000000,0.0000000,1.0000000,-0.0037282,-0.0006881,-0.0861722,0.2836271,-0.3672788,-0.2977286,-0.0080183,0.0006344,-0.0874604,0.2809674,-0.3507309,-0.3075847,0.0000000,0.0000000,0.0000000,0.0590804,0.0000000,0.0000000,0.0000000,0.0000000,0.0564695,0.0000000
-0.0413571,0.0746077,-0.1431429,0.0000000,0.0000000,0.0000000,1.0000000,-0.0033038,-0.0006881,-0.0861708,0.2836250,-0.3665489,-0.2982447,-0.0075940,0.0006340,-0.0874617,0.2809695,-0.3514568,-0.3070610,0.0000000,0.0000000,0.0000000,0.0590804,0.0000000,0.0000000,0.0000000,0.0000000,0.0564695,0.0000000
-0.0413571,0.0742422,-0.1431410,0.0000000,0.0000000,0.0000000,1.0000000,-0.0028967,-0.0006880,-0.0861695,0.2836229,-0.3658489,-0.2987401,-0.0071869,0.0006336,-0.0874629,0.2809716,-0.3521533,-0.3065588,0.0000000,0.0000000,0.0000000,0.0590804,0.0000000,0.0000000,0.0000000,0.0000000,0.0564695,0.0000000
-0.0413571,0.0738924,-0.1431393,0.0000000,0.0000000,0.0000000,1.0000000,-0.0025070,-0.0006880,-0.0861683,0.2836209,-0.3651789,-0.2992144,-0.0067971,0.0006333,-0.0874640,0.2809736,-0.3528203,-0.3060781,0.0000000,0.0000000,0.0000000,0.0590804,0.0000000,0.0000000,0.0000000,0.0000000,0.0564695,0.0000000
-0.0413571,0.0735581,-0.1431378,0.0000000,0.0000000,0.0000000,1.0000000,-0.0021346,-0.0006880,-0.0861670,0.2836191,-0.3645388,-0.2996678,-0.0064248,0.0006329,-0.0874652,0.2809755,-0.3534577,-0.3056190,0.0000000,0.0000000,0.0000000,0.0590804,0.0000000,0.0000000,0.0000000,0.0000000,0.0564695,0.0000000
-0.0413571,0.0732394,-0.1431365,0.0000000,0.0000000,0.0000000,1.0000000,-0.0017796,-0.0006879,-0.0861659,0.2836173,-0.3639288,-0.3001001,-0.0060697,0.0006326,-0.0874662,0.2809773,-0.3540656,-0.3051814,0.0000000,0.0000000,0.0000000,0.0590804,0.0000000,0.0000000,0.0000000,0.0000000,0.0564695,0.0000000
-0.0413571,0.0729362,-0.1431353,0.0000000,0.0000000,0.0000000,1.0000000,-0.0014418,-0.0006879,-0.0861648,0.2836156,-0.3633486,-0.3005115,-0.0057320,0.0006323,-0.0874672,0.2809790,-0.3546440,-0.3047652,0.0000000,0.0000000,0.0000000,0.0590804,0.0000000,0.0000000,0.0000000,0.0000000,0.0564695,0.0000000
-0.0413571,0.0726485,-0.1431344,0.0000000,0.0000000,0.0000000,1.0000000,-0.0011214,-0.0006879,-0.0861637,0.2836140,-0.3627982,-0.3009020,-0.0054116,0.0006320,-0.0874682,0.2809806,-0.3551930,-0.3043704,0.0000000,0.0000000,0.0000000,0.0590804,0.0000000,0.0000000,0.0000000,0.0000000,0.0564695,0.0000000
-0.0413571,0.0723763,-0.1431335,0.0000000,0.0000000,0.0000000,1.0000000,-0.0008181,-0.0006878,-0.0861628,0.2836124,-0.3622774,-0.3012716,-0.0051083,0.0006317,-0.0874691,0.2809822,-0.3557126,-0.3039968,0.0000000,0.0000000,0.0000000,0.0590804,0.0000000,0.0000000,0.0000000,0.0000000,0.0564695,0.0000000
-0.0413571,0.0721193,-0.1431328,0.0000000,0.0000000,0.0000000,1.0000000,-0.0005318,-0.0006878,-0.0861618,0.2836110,-0.3617859,-0.3016206,-0.0048220,0.0006315,-0.0874700,0.2809836,-0.3562032,-0.3036443,0.0000000,0.0000000,0.0000000,0.0590804,0.0000000,0.0000000,0.0000000,0.0000000,0.0564695,0.0000000
-0.0413571,0.0718775,-0.1431322,0.0000000,0.0000000,0.0000000,1.0000000,-0.0002624,-0.0006878,-0.0861610,0.2836096,-0.3613235,-0.3019491,-0.0045526,0.0006312,-0.0874708,0.2809850,-0.3566649,-0.3033127,0.0000000,0.0000000,0.0000000,0.0590804,0.0000000,0.0000000,0.0000000,0.0000000,0.0564695,0.0000000
-0.0413571,0.0716507,-0.1431317,0.0000000,0.0000000,0.0000000,1.0000000,-0.0000098,-0.0006878,-0.0861601,0.2836084,-0.3608899,-0.3022572,-0.0042999,0.0006310,-0.0874715,0.2809863,-0.3570981,-0.3030017,0.0000000,0.0000000,0.0000000,0.0590804,0.0000000,0.0000000,0.0000000,0.0000000,0.0564695,0.0000000
-0.0413571,0.0714386,-0.1431312,0.0000000,0.0000000,0.0000000,1.0000000,0.0002264,-0.0006877,-0.0861594,0.2836072,-0.3604846,-0.3025453,-0.0040638,0.0006308,-0.0874722,0.2809875,-0.3575031,-0.3027110,0.0000000,0.0000000,0.0000000,0.0590804,0.0000000,0.0000000,0.0000000,0.0000000,0.0564695,0.0000000
-0.0413571,0.0712412,-0.1431309,0.0000000,0.0000000,0.0000000,1.0000000,0.0004464,-0.0006877,-0.0861587,0.2836061,-0.3601072,-0.3028136,-0.0038438,0.0006306,-0.0874729,0.2809886,-0.3578803,-0.3024403,0.0000000,0.0000000,0.0000000,0.0590804,0.0000000,0.0000000,0.0000000,0.0000000,0.0564695,0.0000000
-0.0413571,0.0710580,-0.1431306,0.0000000,0.0000000,0.0000000,1.0000000,0.0006504,-0.0006877,-0.0861580,0.2836050,-0.3597572,-0.3030626,-0.0036398,0.0006304,-0.0874735,0.2809896,-0.3582301,-0.3021894,0.0000000,0.0000000,0.0000000,0.0590804,0.0000000,0.0000000,0.0000000,0.0000000,0.0564695,0.0000000
-0.0413571,0.0708890,-0.1431304,0.0000000,0.0000000,0.0000000,1.0000000,0.0008388,-0.0006877,-0.0861574,0.2836041,-0.3594341,-0.3032924,-0.0034514,0.0006303,-0.0874741,0.2809906,-0.3585533,-0.3019577,0.0000000,0.0000000,0.0000000,0.0590804,0.0000000,0.0000000,0.0000000,0.0000000,0.0564695,0.0000000
-0.0413571,0.0707336,-0.1431302,0.0000000,0.0000000,0.0000000,1.0000000,0.0010119,-0.0006877,-0.0861568,0.2836032,-0.3591373,-0.3035037,-0.0032783,0.0006301,-0.0874746,0.2809915,-0.3588502,-0.3017448,0.0000000,0.0000000,0.0000000,0.0590804,0.0000000,0.0000000,0.0000000,0.0000000,0.0564695,0.0000000
-0.0413571,0.0705916,-0.1431300,0.0000000,0.0000000,0.0000000,1.0000000,0.0011700,-0.0006877,-0.0861563,0.2836024,-0.3588660,-0.3036968,-0.0031202,0.0006300,-0.0874750,0.2809923,-0.3591216,-0.3015502,0.0000000,0.0000000,0.0000000,0.0590804,0.0000000,0.0000000,0.0000000,0.0000000,0.0564695,0.0000000
-0.0413571,0.0704626,-0.1431299,0.0000000,0.0000000,0.0000000,1.0000000,0.0013138,-0.0006876,-0.0861558,0.2836017,-0.3586196,-0.3038722,-0.0029764,0.0006298,-0.0874755,0.2809930,-0.3593682,-0.3013735,0.0000000,0.0000000,0.0000000,0.0590804,0.0000000,0.0000000,0.0000000,0.0000000,0.0564695,0.0000000
-0.0413571,0.0703461,-0.1431298,0.0000000,0.0000000,0.0000000,1.0000000,0.0014434,-0.0006876,-0.0861554,0.2836010,-0.3583972,-0.3040306,-0.0028467,0.0006297,-0.0874759,0.2809937,-0.3595908,-0.3012141,0.0000000,0.0000000,0.0000000,0.0590804,0.0000000,0.0000000,0.0000000,0.0000000,0.0564695,0.0000000
-0.0413571,0.0702418,-0.1431297,0.0000000,0.0000000,0.0000000,1.0000000,0.0015596,-0.0006876,-0.0861550,0.2836004,-0.3581981,-0.3041724,-0.0027306,0.0006296,-0.0874762,0.2809943,-0.3597901,-0.3010712,0.0000000,0.0000000,0.0000000,0.0590804,0.0000000,0.0000000,0.0000000,0.0000000,0.0564695,0.0000000
-0.0413571,0.0701492,-0.1431297,0.0000000,0.0000000,0.0000000,1.0000000,0.0016628,-0.0006876,-0.0861547,0.2835999,-0.3580212,-0.3042984,-0.0026274,0.0006295,-0.0874765,0.2809948,-0.3599672,-0.3009444,0.0000000,0.0000000,0.0000000,0.0590804,0.0000000,0.0000000,0.0000000,0.0000000,0.0564695,0.0000000
-0.0413571,0.0700677,-0.1431297,0.0000000,0.0000000,0.0000000,1.0000000,0.0017536,-0.0006876,-0.0861544,0.2835995,-0.3578656,-0.3044093,-0.0025366,0.0006294,-0.0874768,0.2809952,-0.3601231,-0.3008328,0.0000000,0.0000000,0.0000000,0.0590804,0.0000000,0.0000000,0.0000000,0.0000000,0.0564695,0.0000000
-0.0413571,0.0699968,-0.1431296,0.0000000,0.0000000,0.0000000,1.0000000,0.0018326,-0.0006876,-0.0861541,0.2835991,-0.3577302,-0.3045058,-0.0024576,0.0006294,-0.0874770,0.2809957,-0.3602586,-0.3007357,0.0000000,0.0000000,0.0000000,0.0590804,0.0000000,0.0000000,0.0000000,0.0000000,0.0564695,0.0000000
-0.0413571,0.0699359,-0.1431296,0.0000000,0.0000000,0.0000000,1.0000000,0.0019004,-0.0006876,-0.0861539,0.2835987,-0.3576139,-0.3045886,-0.0023898,0.0006293,-0.0874772,0.2809960,-0.3603751,-0.3006524,0.0000000,0.0000000,0.0000000,0.0590804,0.0000000,0.0000000,0.0000000,0.0000000,0.0564695,0.0000000
-0.0413571,0.0698844,-0.1431296,0.0000000,0.0000000,0.0000000,1.0000000,0.0019578,-0.0006876,-0.0861537,0.2835984,-0.3575156,-0.3046587,-0.0023324,0.0006292,-0.0874774,0.2809963,-0.3604735,-0.3005819,0.0000000,0.0000000,0.0000000,0.0590804,0.0000000,0.0000000,0.0000000,0.0000000,0.0564695,0.0000000
-0.0413571,0.0698417,-0.1431296,0.0000000,0.0000000,0.0000000,1.0000000,0.0020054,-0.0006876,-0.0861536,0.2835982,-0.3574340,-0.3047169,-0.0022848,0.0006292,-0.0874776,0.2809965,-0.3605553,-0.3005233,0.0000000,0.0000000,0.0000000,0.0590804,0.0000000,0.0000000,0.0000000,0.0000000,0.0564695,0.0000000
-0.0413571,0.0698069,-0.1431296,0.0000000,0.0000000,0.0000000,1.0000000,0.0020441,-0.0006876,-0.0861535,0.2835980,-0.3573676,-0.3047642,-0.0022461,0.0006292,-0.0874777,0.2809967,-0.3606218,-0.3004758,0.0000000,0.0000000,0.0000000,0.0590804,0.0000000,0.0000000,0.0000000,0.0000000,0.0564695,0.0000000
-0.0413571,0.0697795,-0.1431296,0.0000000,0.0000000,0.0000000,1.0000000,0.0020747,-0.0006876,-0.0861534,0.2835978,-0.3573153,-0.3048015,-0.0022155,0.0006291,-0.0874778,0.2809969,-0.3606742,-0.3004382,0.0000000,0.0000000,0.0000000,0.0590804,0.0000000,0.0000000,0.0000000,0.0000000,0.0564695,0.0000000
-0.0413571,0.0697586,-0.1431296,0.0000000,0.0000000,0.0000000,1.0000000,0.0020980,-0.0006876,-0.0861533,0.2835977,-0.3572754,-0.3048299,-0.0021922,0.0006291,-0.0874778,0.2809970,-0.3607142,-0.3004096,0.0000000,0.0000000,0.0000000,0.0590804,0.0000000,0.0000000,0.0000000,0.0000000,0.0564695,0.0000000
-0.0413571,0.0697434,-0.1431296,0.0000000,0.0000000,0.0000000,1.0000000,0.0021149,-0.0006876,-0.0861532,0.2835976,-0.3572464,-0.3048506,-0.0021753,0.0006291,-0.0874779,0.2809971,-0.3607433,-0.3003888,0.0000000,0.0000000,0.0000000,0.0590804,0.0000000,0.0000000,0.0000000,0.0000000,0.0564695,0.0000000
-0.0413571,0.0697331,-0.1431296,0.0000000,0.0000000,0.0000000,1.0000000,0.0021264,-0.0006876,-0.0861532,0.2835976,-0.3572267,-0.3048647,-0.0021638,0.0006291,-0.0874779,0.2809971,-0.3607630,-0.3003747,0.0000000,0.0000000,0.0000000,0.0590804,0.0000000,0.0000000,0.0000000,0.0000000,0.0564695,0.0000000
-0.0413571,0.0697267,-0.1431296,0.0000000,0.0000000,0.0000000,1.0000000,0.0021335,-0.0006876,-0.0861532,0.2835975,-0.3572145,-0.3048733,-0.0021567,0.0006291,-0.0874779,0.2809972,-0.3607751,-0.3003660,0.0000000,0.0000000,0.0000000,0.0590804,0.0000000,0.0000000,0.0000000,0.0000000,0.0564695,0.0000000
-0.0413571,0.0697234,-0.1431296,0.0000000,0.0000000,0.0000000,1.0000000,0.0021371,-0.0006876,-0.0861532,0.2835975,-0.3572082,-0.3048778,-0.0021531,0.0006291,-0.0874779,0.2809972,-0.3607815,-0.3003615,0.0000000,0.0000000,0.0000000,0.0590804,0.0000000,0.0000000,0.0000000,0.0000000,0.0564695,0.0000000
-0.0413571,0.0697222,-0.1431296,0.0000000,0.0000000,0.0000000,1.0000000,0.0021385,-0.0006876,-0.0861532,0.2835975,-0.3572059,-0.3048795,-0.0021517,0.0006291,-0.0874779,0.2809972,-0.3607838,-0.3003598,0.0000000,0.0000000,0.0000000,0.0590804,0.0000000,0.0000000,0.0000000,0.0000000,0.0564695,0.0000000
-0.0413571,0.0697220,-0.1431296,0.0000000,0.0000000,0.0000000,1.0000000,0.0021387,-0.0006876,-0.0861532,0.2835975,-0.3572055,-0.3048797,-0.0021515,0.0006291,-0.0874779,0.2809972,-0.3607842,-0.3003595,0.0000000,0.0000000,0.0000000,0.0590804,0.0000000,0.0000000,0.0000000,0.0000000,0.0564695,0.0000000
-0.0413571,0.0697218,-0.1431296,0.0000000,0.0000000,0.0000000,1.0000000,0.0021389,-0.0006876,-0.0861532,0.2835975,-0.3572052,-0.3048799,-0.0021513,0.0006291,-0.0874779,0.2809972,-0.3607845,-0.3003593,0.0000000,0.0000000,0.0000000,0.0590804,0.0000000,0.0000000,0.0000000,0.0000000,0.0564695,0.0000000
-0.0413571,0.0697206,-0.1431296,0.0000000,0.0000000,0.0000000,1.0000000,0.0021403,-0.0006876,-0.0861531,0.2835975,-0.3572028,-0.3048816,-0.0021499,0.0006291,-0.0874780,0.2809972,-0.3607869,-0.3003576,0.0000000,0.0000000,0.0000000,0.0590804,0.0000000,0.0000000,0.0000000,0.0000000,0.0564695,0.0000000
-0.0413571,0.0697173,-0.1431296,0.0000000,0.0000000,0.0000000,1.0000000,0.0021440,-0.0006876,-0.0861531,0.2835975,-0.3571965,-0.3048861,-0.0021462,0.0006291,-0.0874780,0.2809972,-0.3607932,-0.3003531,0.0000000,0.0000000,0.0000000,0.0590804,0.0000000,0.0000000,0.0000000,0.0000000,0.0564695,0.0000000
-0.0413571,0.0697110,-0.1431296,0.0000000,0.0000000,0.0000000,1.0000000,0.0021510,-0.0006876,-0.0861531,0.2835975,-0.3571844,-0.3048948,-0.0021392,0.0006291,-0.0874780,0.2809973,-0.3608053,-0.3003444,0.0000000,0.0000000,0.0000000,0.0590804,0.0000000,0.0000000,0.0000000,0.0000000,0.0564695,0.0000000
-0.0413571,0.0697006,-0.1431296,0.0000000,0.0000000,0.0000000,1.0000000,0.0021625,-0.0006876,-0.0861531,0.2835974,-0.3571647,-0.3049088,-0.0021277,0.0006291,-0.0874780,0.2809973,-0.3608251,-0.3003303,0.0000000,0.0000000,0.0000000,0.0590804,0.0000000,0.0000000,0.0000000,0.0000000,0.0564695,0.0000000
-0.0413571,0.0696854,-0.1431296,0.0000000,0.0000000,0.0000000,1.0000000,0.0021794,-0.0006876,-0.0861530,0.2835973,-0.3571357,-0.3049295,-0.0021108,0.0006290,-0.0874781,0.2809974,-0.3608541,-0.3003095,0.0000000,0.0000000,0.0000000,0.0590804,0.0000000,0.0000000,0.0000000,0.0000000,0.0564695,0.0000000
-0.0413571,0.0696645,-0.1431296,0.0000000,0.0000000,0.0000000,1.0000000,0.0022027,-0.0006876,-0.0861529,0.2835972,-0.3570958,-0.3049579,-0.0020875,0.0006290,-0.0874781,0.2809975,-0.3608941,-0.3002809,0.0000000,0.0000000,0.0000000,0.0590804,0.0000000,0.0000000,0.0000000,0.0000000,0.0564695,0.0000000
-0.0413571,0.0696371,-0.1431296,0.0000000,0.0000000,0.0000000,1.0000000,0.0022333,-0.0006876,-0.0861528,0.2835970,-0.3570434,-0.3049953,-0.0020569,0.0006290,-0.0874782,0.2809977,-0.3609466,-0.3002433,0.0000000,0.0000000,0.0000000,0.0590804,0.0000000,0.0000000,0.0000000,0.0000000,0.0564695,0.0000000
-0.0413571,0.0696024,-0.1431296,0.0000000,0.0000000,0.0000000,1.0000000,0.0022720,-0.0006876,-0.0861527,0.2835968,-0.3569771,-0.3050425,-0.0020182,0.0006290,-0.0874783,0.2809979,-0.3610130,-0.3001958,0.0000000,0.0000000,0.0000000,0.0590804,0.0000000,0.0000000,0.0000000,0.0000000,0.0564695,0.0000000
-0.0413571,0.0695596,-0.1431296,0.0000000,0.0000000,0.0000000,1.0000000,0.0023196,-0.0006876,-0.0861526,0.2835966,-0.3568955,-0.3051008,-0.0019706,0.0006289,-0.0874785,0.2809981,-0.3610948,-0.3001372,0.0000000,0.0000000,0.0000000,0.0590804,0.0000000,0.0000000,0.0000000,0.0000000,0.0564695,0.0000000
-0.0413571,0.0695081,-0.1431296,0.0000000,0.0000000,0.0000000,1.0000000,0.0023770,-0.0006876,-0.0861524,0.2835963,-0.3567972,-0.3051709,-0.0019132,0.0006289,-0.0874787,0.2809984,-0.3611933,-0.3000667,0.0000000,0.0000000,0.0000000,0.0590804,0.0000000,0.0000000,0.0000000,0.0000000,0.0564695,0.0000000
-0.0413571,0.0694472,-0.1431296,0.0000000,0.0000000,0.0000000,1.0000000,0.0024448,-0.0006875,-0.0861522,0.2835960,-0.3566810,-0.3052537,-0.0018454,0.0006288,-0.0874789,0.2809988,-0.3613098,-0.2999834,0.0000000,0.0000000,0.0000000,0.0590804,0.0000000,0.0000000,0.0000000,0.0000000,0.0564695,0.0000000
-0.0413571,0.0693763,-0.1431297,0.0000000,0.0000000,0.0000000,1.0000000,0.0025238,-0.0006875,-0.0861519,0.2835956,-0.3565457,-0.3053502,-0.0017664,0.0006287,-0.0874791,0.2809992,-0.3614454,-0.2998864,0.0000000,0.0000000,0.0000000,0.0590804,0.0000000,0.0000000,0.0000000,0.0000000,0.0564695,0.0000000
-0.0413571,0.0692948,-0.1431297,0.0000000,0.0000000,0.0000000,1.0000000,0.0026146,-0.0006875,-0.0861516,0.2835951,-0.3563902,-0.3054612,-0.0016756,0.0006286,-0.0874794,0.2809996,-0.3616013,-0.2997749,0.0000000,0.0000000,0.0000000,0.0590804,0.0000000,0.0000000,0.0000000,0.0000000,0.0564695,0.0000000
-0.0413571,0.0692022,-0.1431297,0.0000000,0.0000000,0.0000000,1.0000000,0.0027178,-0.0006875,-0.0861513,0.2835946,-0.3562134,-0.3055873,-0.0015724,0.0006286,-0.0874797,0.2810002,-0.3617786,-0.2996481,0.0000000,0.0000000,0.0000000,0.0590804,0.0000000,0.0000000,0.0000000,0.0000000,0.0564695,0.0000000
-0.0413571,0.0690979,-0.1431298,0.0000000,0.0000000,0.0000000,1.0000000,0.0028340,-0.0006875,-0.0861509,0.2835940,-0.3560144,-0.3057293,-0.0014562,0.0006285,-0.0874800,0.2810007,-0.3619781,-0.2995054,0.0000000,0.0000000,0.0000000,0.0590804,0.0000000,0.0000000,0.0000000,0.0000000,0.0564695,0.0000000
-0.0413571,0.0689815,-0.1431299,0.0000000,0.0000000,0.0000000,1.0000000,0.0029637,-0.0006875,-0.0861505,0.2835934,-0.3557923,-0.3058878,-0.0013265,0.0006283,-0.0874804,0.2810014,-0.3622009,-0.2993462,0.0000000,0.0000000,0.0000000,0.0590804,0.0000000,0.0000000,0.0000000,0.0000000,0.0564695,0.0000000
-0.0413571,0.0688525,-0.1431300,0.0000000,0.0000000,0.0000000,1.0000000,0.0031074,-0.0006875,-0.0861500,0.2835926,-0.3555461,-0.3060635,-0.0011828,0.0006282,-0.0874808,0.2810021,-0.3624478,-0.2991697,0.0000000,0.0000000,0.0000000,0.0590804,0.0000000,0.0000000,0.0000000,0.0000000,0.0564695,0.0000000
-0.0413571,0.0687105,-0.1431302,0.0000000,0.0000000,0.0000000,1.0000000,0.0032656,-0.0006875,-0.0861495,0.2835918,-0.3552752,-0.3062569,-0.0010246,0.0006281,-0.0874813,0.2810029,-0.3627196,-0.2989755,0.0000000,0.0000000,0.0000000,0.0590804,0.0000000,0.0000000,0.0000000,0.0000000,0.0564695,0.0000000
-0.0413571,0.0685551,-0.1431304,0.0000000,0.0000000,0.0000000,1.0000000,0.0034386,-0.0006875,-0.0861489,0.2835910,-0.3549789,-0.3064686,-0.0008516,0.0006279,-0.0874818,0.2810038,-0.3630170,-0.2987630,0.0000000,0.0000000,0.0000000,0.0590804,0.0000000,0.0000000,0.0000000,0.0000000,0.0564695,0.0000000
-0.0413571,0.0683860,-0.1431306,0.0000000,0.0000000,0.0000000,1.0000000,0.0036270,-0.0006874,-0.0861483,0.2835900,-0.3546564,-0.3066989,-0.0006632,0.0006277,-0.0874824,0.2810048,-0.3633407,-0.2985318,0.0000000,0.0000000,0.0000000,0.0590804,0.0000000,0.0000000,0.0000000,0.0000000,0.0564695,0.0000000
-0.0413571,0.0682028,-0.1431309,0.0000000,0.0000000,0.0000000,1.0000000,0.0038310,-0.0006874,-0.0861477,0.2835890,-0.3543072,-0.3069485,-0.0004592,0.0006276,-0.0874830,0.2810058,-0.3636913,-0.2982814,0.0000000,0.0000000,0.0000000,0.0590804,0.0000000,0.0000000,0.0000000,0.0000000,0.0564695,0.0000000
-0.0413571,0.0680054,-0.1431312,0.0000000,0.0000000,0.0000000,1.0000000,0.0040510,-0.0006874,-0.0861469,0.2835879,-0.3539307,-0.3072175,-0.0002392,0.0006274,-0.0874837,0.2810069,-0.3640694,-0.2980115,0.0000000,0.0000000,0.0000000,0.0590804,0.0000000,0.0000000,0.0000000,0.0000000,0.0564695,0.0000000
-0.0413571,0.0677934,-0.1431317,0.0000000,0.0000000,0.0000000,1.0000000,0.0042872,-0.0006874,-0.0861462,0.2835867,-0.3535265,-0.3075065,-0.0000030,0.0006271,-0.0874844,0.2810081,-0.3644755,-0.2977217,0.0000000,0.0000000,0.0000000,0.0590804,0.0000000,0.0000000,0.0000000,0.0000000,0.0564695,0.0000000
-0.0413571,0.0675665,-0.1431322,0.0000000,0.0000000,0.0000000,1.0000000,0.0045398,-0.0006874,-0.0861454,0.2835854,-0.3530942,-0.3078158,0.0002496,0.0006269,-0.0874851,0.2810094,-0.3649100,-0.2974117,0.0000000,0.0000000,0.0000000,0.0590804,0.0000000,0.0000000,0.0000000,0.0000000,0.0564695,0.0000000
-0.0413571,0.0673247,-0.1431328,0.0000000,0.0000000,0.0000000,1.0000000,0.0048092,-0.0006873,-0.0861445,0.2835841,-0.3526333,-0.3081455,0.0005190,0.0006267,-0.0874859,0.2810108,-0.3653732,-0.2970814,0.0000000,0.0000000,0.0000000,0.0590804,0.0000000,0.0000000,0.0000000,0.0000000,0.0564695,0.0000000
-0.0413571,0.0670677,-0.1431335,0.0000000,0.0000000,0.0000000,1.0000000,0.0050955,-0.0006873,-0.0861436,0.2835826,-0.3521437,-0.3084960,0.0008053,0.0006264,-0.0874868,0.2810122,-0.3658656,-0.2967304,0.0000000,0.0000000,0.0000000,0.0590804,0.0000000,0.0000000,0.0000000,0.0000000,0.0564695,0.0000000
-0.0413571,0.0667955,-0.1431344,0.0000000,0.0000000,0.0000000,1.0000000,0.0053988,-0.0006873,-0.0861426,0.2835811,-0.3516250,-0.3088674,0.0011086,0.0006261,-0.0874877,0.2810138,-0.3663875,-0.2963586,0.0000000,0.0000000,0.0000000,0.0590804,0.0000000,0.0000000,0.0000000,0.0000000,0.0564695,0.0000000
-0.0413571,0.0665078,-0.1431353,0.0000000,0.0000000,0.0000000,1.0000000,0.0057192,-0.0006872,-0.0861415,0.2835795,-0.3510771,-0.3092599,0.0014290,0.0006258,-0.0874887,0.2810154,-0.3669389,-0.2959658,0.0000000,0.0000000,0.0000000,0.0590804,0.0000000,0.0000000,0.0000000,0.0000000,0.0564695,0.0000000
-0.0413571,0.0662046,-0.1431365,0.0000000,0.0000000,0.0000000,1.0000000,0.0060570,-0.0006872,-0.0861404,0.2835778,-0.3504998,-0.3096737,0.0017668,0.0006255,-0.0874897,0.2810171,-0.3675202,-0.2955520,0.0000000,0.0000000,0.0000000,0.0590804,0.0000000,0.0000000,0.0000000,0.0000000,0.0564695,0.0000000
-0.0413571,0.0658859,-0.1431378,0.0000000,0.0000000,0.0000000,1.0000000,0.0064120,-0.0006872,-0.0861393,0.2835760,-0.3498931,-0.3101087,0.0021218,0.0006252,-0.0874907,0.2810189,-0.3681314,-0.2951171,0.0000000,0.0000000,0.0000000,0.0590804,0.0000000,0.0000000,0.0000000,0.0000000,0.0564695,0.0000000
-0.0413571,0.0655517,-0.1431393,0.0000000,0.0000000,0.0000000,1.0000000,0.0067844,-0.0006871,-0.0861381,0.2835741,-0.3492569,-0.3105652,0.0024942,0.0006249,-0.0874919,0.2810208,-0.3687726,-0.2946611,0.0000000,0.0000000,0.0000000,0.0590804,0.0000000,0.0000000,0.0000000,0.0000000,0.0564695,0.0000000
-0.0413571,0.0652018,-0.1431410,0.0000000,0.0000000,0.0000000,1.0000000,0.0071741,-0.0006871,-0.0861368,0.2835721,-0.3485911,-0.3110431,0.0028839,0.0006245,-0.0874930,0.2810228,-0.3694439,-0.2941839,0.0000000,0.0000000,0.0000000,0.0590804,0.0000000,0.0000000,0.0000000,0.0000000,0.0564695,0.0000000
-0.0413571,0.0648364,-0.1431429,0.0000000,0.0000000,0.0000000,1.0000000,0.0075812,-0.0006871,-0.0861355,0.2835701,-0.3478960,-0.3115424,0.0032910,0.0006242,-0.0874942,0.2810249,-0.3701453,-0.2936857,0.0000000,0.0000000,0.0000000,0.0590804,0.0000000,0.0000000,0.0000000,0.0000000,0.0564695,0.0000000
-0.0413571,0.0644554,-0.1431450,0.0000000,0.0000000,0.0000000,1.0000000,0.0080056,-0.0006870,-0.0861341,0.2835679,-0.3471715,-0.3120631,0.0037153,0.0006238,-0.0874955,0.2810270,-0.3708766,-0.2931665,0.0000000,0.0000000,0.0000000,0.0590804,0.0000000,0.0000000,0.0000000,0.0000000,0.0564695,0.0000000
-0.0413571,0.0640590,-0.1431475,0.0000000,0.0000000,0.0000000,1.0000000,0.0084471,-0.0006870,-0.0861327,0.2835657,-0.3464179,-0.3126051,0.0041569,0.0006234,-0.0874968,0.2810293,-0.3716378,-0.2926264,0.0000000,0.0000000,0.0000000,0.0590804,0.0000000,0.0000000,0.0000000,0.0000000,0.0564695,0.0000000
-0.0413571,0.0636473,-0.1431501,0.0000000,0.0000000,0.0000000,1.0000000,0.0089058,-0.0006870,-0.0861312,0.2835634,-0.3456353,-0.3131682,0.0046156,0.0006230,-0.0874982,0.2810316,-0.3724287,-0.2920656,0.0000000,0.0000000,0.0000000,0.0590804,0.0000000,0.0000000,0.0000000,0.0000000,0.0564695,0.0000000
-0.0413571,0.0632203,-0.1431531,0.0000000,0.0000000,0.0000000,1.0000000,0.0093815,-0.0006869,-0.0861296,0.2835610,-0.3448240,-0.3137525,0.0050913,0.0006225,-0.0874996,0.2810340,-0.3732492,-0.2914842,0.0000000,0.0000000,0.0000000,0.0590804,0.0000000,0.0000000,0.0000000,0.0000000,0.0564695,0.0000000
-0.0413571,0.0627782,-0.1431564,0.0000000,0.0000000,0.0000000,1.0000000,0.0098740,-0.0006869,-0.0861280,0.2835585,-0.3439843,-0.3143576,0.0055838,0.0006221,-0.0875011,0.2810365,-0.3740989,-0.2908825,0.0000000,0.0000000,0.0000000,0.0590804,0.0000000,0.0000000,0.0000000,0.0000000,0.0564695,0.0000000
-0.0413571,0.0623212,-0.1431601,0.0000000,0.0000000,0.0000000,1.0000000,0.0103831,-0.0006868,-0.0861264,0.2835560,-0.3431164,-0.3149834,0.0060929,0.0006216,-0.0875026,0.2810391,-0.3749777,-0.2902606,0.0000000,0.0000000,0.0000000,0.0590804,0.0000000,0.0000000,0.0000000,0.0000000,0.0564695,0.0000000
-0.0413571,0.0618493,-0.1431641,0.0000000,0.0000000,0.0000000,1.0000000,0.0109087,-0.0006868,-0.0861247,0.2835533,-0.3422428,-0.3156300,0.0066185,0.0006212,-0.0875042,0.2810418,-0.3758853,-0.2896189,0.0000000,0.0000000,0.0000000,0.0590804,0.0000000,0.0000000,0.0000000,0.0000000,0.0564695,0.0000000
-0.0413571,0.0613629,-0.1431685,0.0000000,0.0000000,0.0000000,1.0000000,0.0114506,-0.0006867,-0.0861229,0.2835506,-0.3413590,-0.3162970,0.0071604,0.0006207,-0.0875058,0.2810446,-0.3768212,-0.2889576,0.0000000,0.0000000,0.0000000,0.0590804,0.0000000,0.0000000,0.0000000,0.0000000,0.0564695,0.0000000
-0.0413571,0.0608621,-0.1431733,0.0000000,0.0000000,0.0000000,1.0000000,0.0120085,-0.0006867,-0.0861211,0.2835478,-0.3404495,-0.3169840,0.0077183,0.0006202,-0.0875075,0.2810474,-0.3777851,-0.2882771,0.0000000,0.0000000,0.0000000,0.0590804,0.0000000,0.0000000,0.0000000,0.0000000,0.0564695,0.0000000
-0.0413571,0.0603472,-0.1431785,0.0000000,0.0000000,0.0000000,1.0000000,0.0125821,-0.0006866,-0.0861193,0.2835449,-0.3395146,-0.3176907,0.0082919,0.0006197,-0.0875092,0.2810503,-0.3787765,-0.2875777,0.0000000,0.0000000,0.0000000,0.0590804,0.0000000,0.0000000,0.0000000,0.0000000,0.0564695,0.0000000
-0.0413571,0.0598185,-0.1431842,0.0000000,0.0000000,0.0000000,1.0000000,0.0131712,-0.0006866,-0.0861173,0.2835419,-0.3385550,-0.3184168,0.0088810,0.0006191,-0.0875110,0.2810533,-0.3797951,-0.2868598,0.0000000,0.0000000,0.0000000,0.0590804,0.0000000,0.0000000,0.0000000,0.0000000,0.0564695,0.0000000
-0.0413571,0.0592761,-0.1431904,0.0000000,0.0000000,0.0000000,1.0000000,0.0137754,-0.0006865,-0.0861154,0.2835389,-0.3375710,-0.3191618,0.0094852,0.0006186,-0.0875128,0.2810564,-0.3808403,-0.2861237,0.0000000,0.0000000,0.0000000,0.0590804,0.0000000,0.0000000,0.0000000,0.0000000,0.0564695,0.0000000
-0.0413571,0.0587204,-0.1431970,0.0000000,0.0000000,0.0000000,1.0000000,0.0143944,-0.0006864,-0.0861134,0.2835357,-0.3365632,-0.3199255,0.0101043,0.0006180,-0.0875146,0.2810595,-0.3819116,-0.2853699,0.0000000,0.0000000,0.0000000,0.0590804,0.0000000,0.0000000,0.0000000,0.0000000,0.0564695,0.0000000
-0.0413571,0.0581517,-0.1432042,0.0000000,0.0000000,0.0000000,1.0000000,0.0150280,-0.0006864,-0.0861113,0.2835325,-0.3355323,-0.3207074,0.0107378,0.0006175,-0.0875165,0.2810627,-0.3830084,-0.2845988,0.0000000,0.0000000,0.0000000,0.0590804,0.0000000,0.0000000,0.0000000,0.0000000,0.0564695,0.0000000
-0.0413571,0.0575703,-0.1432118,0.0000000,0.0000000,0.0000000,1.0000000,0.0156757,-0.0006863,-0.0861092,0.2835293,-0.3344788,-0.3215071,0.0113855,0.0006169,-0.0875184,0.2810660,-0.3841302,-0.2838109,0.0000000,0.0000000,0.0000000,0.0590804,0.0000000,0.0000000,0.0000000,0.0000000,0.0564695,0.0000000
-0.0413571,0.0569766,-0.1432201,0.0000000,0.0000000,0.0000000,1.0000000,0.0163371,-0.0006863,-0.0861071,0.2835259,-0.3334034,-0.3223243,0.0120470,0.0006163,-0.0875204,0.2810694,-0.3852763,-0.2830066,0.0000000,0.0000000,0.0000000,0.0590804,0.0000000,0.0000000,0.0000000,0.0000000,0.0564695,0.0000000
-0.0413571,0.0563709,-0.1432289,0.0000000,0.0000000,0.0000000,1.0000000,0.0170120,-0.0006862,-0.0861049,0.2835225,-0.3323067,-0.3231583,0.0127218,0.0006157,-0.0875224,0.2810728,-0.3864460,-0.2821866,0.0000000,0.0000000,0.0000000,0.0590804,0.0000000,0.0000000,0.0000000,0.0000000,0.0564695,0.0000000
-0.0413571,0.0557535,-0.1432383,0.0000000,0.0000000,0.0000000,1.0000000,0.0176997,-0.0006861,-0.0861027,0.2835191,-0.3311895,-0.3240088,0.0134096,0.0006150,-0.0875245,0.2810763,-0.3876388,-0.2813512,0.0000000,0.0000000,0.0000000,0.0590804,0.0000000,0.0000000,0.0000000,0.0000000,0.0564695,0.0000000
-0.0413571,0.0551249,-0.1432483,0.0000000,0.0000000,0.0000000,1.0000000,0.0184001,-0.0006861,-0.0861004,0.2835155,-0.3300525,-0.3248753,0.0141100,0.0006144,-0.0875266,0.2810799,-0.3888539,-0.2805010,0.0000000,0.0000000,0.0000000,0.0590804,0.0000000,0.0000000,0.0000000,0.0000000,0.0564695,0.0000000
-0.0413571,0.0544855,-0.1432589,0.0000000,0.0000000,0.0000000,1.0000000,0.0191125,-0.0006860,-0.0860981,0.2835119,-0.3288963,-0.3257571,0.0148224,0.0006138,-0.0875287,0.2810835,-0.3900905,-0.2796366,0.0000000,0.0000000,0.0000000,0.0590804,0.0000000,0.0000000,0.0000000,0.0000000,0.0564695,0.0000000
-0.0413571,0.0538356,-0.1432702,0.0000000,0.0000000,0.0000000,1.0000000,0.0198365,-0.0006859,-0.0860957,0.2835083,-0.3277218,-0.3266539,0.0155465,0.0006131,-0.0875309,0.2810872,-0.3913906,-0.2787597,0.0000000,0.0000000,0.0000000,0.0590804,0.0000000,0.0000000,0.0000000,0.0000000,0.0564695,0.0000000
-0.0413571,0.0531757,-0.1432821,0.0000000,0.0000000,0.0000000,1.0000000,0.0205718,-0.0006859,-0.0860934,0.2835046,-0.3265297,-0.3275650,0.0162817,0.0006125,-0.0875331,0.2810909,-0.3927346,-0.2778686,0.0000000,0.0000000,0.0000000,0.0590804,0.0000000,0.0000000,0.0000000,0.0000000,0.0564695,0.0000000
-0.0413571,0.0525062,-0.1432947,0.0000000,0.0000000,0.0000000,1.0000000,0.0213177,-0.0006858,-0.0860910,0.2835008,-0.3253208,-0.3284898,0.0170277,0.0006118,-0.0875353,0.2810947,-0.3940993,-0.2769639,0.0000000,0.0000000,0.0000000,0.0590804,0.0000000,0.0000000,0.0000000,0.0000000,0.0564695,0.0000000
-0.0413571,0.0518275,-0.1433080,0.0000000,0.0000000,0.0000000,1.0000000,0.0220739,-0.0006857,-0.0860885,0.2834970,-0.3240960,-0.3294279,0.0177839,0.0006111,-0.0875375,0.2810986,-0.3954834,-0.2760472,0.0000000,0.0000000,0.0000000,0.0590804,0.0000000,0.0000000,0.0000000,0.0000000,0.0564695,0.0000000
-0.0413571,0.0511401,-0.1433219,0.0000000,0.0000000,0.0000000,1.0000000,0.0228398,-0.0006856,-0.0860860,0.2834931,-0.3228561,-0.3303785,0.0185498,0.0006104,-0.0875398,0.2811025,-0.3968859,-0.2751193,0.0000000,0.0000000,0.0000000,0.0590804,0.0000000,0.0000000,0.0000000,0.0000000,0.0564695,0.0000000
-0.0413571,0.0504445,-0.1433366,0.0000000,0.0000000,0.0000000,1.0000000,0.0236148,-0.0006856,-0.0860835,0.2834892,-0.3216020,-0.3313410,0.0193248,0.0006097,-0.0875421,0.2811064,-0.3983060,-0.2741808,0.0000000,0.0000000,0.0000000,0.0590804,0.0000000,0.0000000,0.0000000,0.0000000,0.0564695,0.0000000
-0.0413571,0.0497411,-0.1433520,0.0000000,0.0000000,0.0000000,1.0000000,0.0243986,-0.0006855,-0.0860810,0.2834853,-0.3203344,-0.3323149,0.0201086,0.0006090,-0.0875445,0.2811104,-0.3997426,-0.2732324,0.0000000,0.0000000,0.0000000,0.0590804,0.0000000,0.0000000,0.0000000,0.0000000,0.0564695,0.0000000
-0.0413571,0.0490304,-0.1433681,0.0000000,0.0000000,0.0000000,1.0000000,0.0251905,-0.0006854,-0.0860784,0.2834813,-0.3190544,-0.3332995,0.0209005,0.0006083,-0.0875468,0.2811144,-0.4011949,-0.2722747,0.0000000,0.0000000,0.0000000,0.0590804,0.0000000,0.0000000,0.0000000,0.0000000,0.0564695,0.0000000
-0.0413571,0.0483129,-0.1433849,0.0000000,0.0000000,0.0000000,1.0000000,0.0259899,-0.0006853,-0.0860758,0.2834773,-0.3177628,-0.3342940,0.0217000,0.0006076,-0.0875492,0.2811185,-0.4026618,-0.2713084,0.0000000,0.0000000,0.0000000,0.0590804,0.0000000,0.0000000,0.0000000,0.0000000,0.0564695,0.0000000
-0.0413571,0.0475891,-0.1434025,0.0000000,0.0000000,0.0000000,1.0000000,0.0267964,-0.0006853,-0.0860732,0.2834732,-0.3164604,-0.3352980,0.0225065,0.0006069,-0.0875516,0.2811226,-0.4041424,-0.2703342,0.0000000,0.0000000,0.0000000,0.0590804,0.0000000,0.0000000,0.0000000,0.0000000,0.0564695,0.0000000
-0.0413571,0.0468595,-0.1434208,0.0000000,0.0000000,0.0000000,1.0000000,0.0276095,-0.0006852,-0.0860706,0.2834691,-0.3151483,-0.3363106,0.0233196,0.0006061,-0.0875541,0.2811267,-0.4056357,-0.2693527,0.0000000,0.0000000,0.0000000,0.0590804,0.0000000,0.0000000,0.0000000,0.0000000,0.0564695,0.0000000
-0.0413571,0.0461246,-0.1434398,0.0000000,0.0000000,0.0000000,1.0000000,0.0284284,-0.0006851,-0.0860679,0.2834650,-0.3138274,-0.3373312,0.0241385,0.0006054,-0.0875565,0.2811309,-0.4071406,-0.2683647,0.0000000,0.0000000,0.0000000,0.0590804,0.0000000,0.0000000,0.0000000,0.0000000,0.0564695,0.0000000
-0.0413571,0.0453849,-0.1434596,0.0000000,0.0000000,0.0000000,1.0000000,0.0292527,-0.0006850,-0.0860653,0.2834608,-0.3124985,-0.3383591,0.0249629,0.0006047,-0.0875590,0.2811350,-0.4086562,-0.2673708,0.0000000,0.0000000,0.0000000,0.0590804,0.0000000,0.0000000,0.0000000,0.0000000,0.0564695,0.0000000
-0.0413571,0.0446409,-0.1434800,0.0000000,0.0000000,0.0000000,1.0000000,0.0300817,-0.0006850,-0.0860626,0.2834566,-0.3111627,-0.3393935,0.0257919,0.0006039,-0.0875614,0.2811393,-0.4101813,-0.2663718,0.0000000,0.0000000,0.0000000,0.0590804,0.0000000,0.0000000,0.0000000,0.0000000,0.0564695,0.0000000
-0.0413571,0.0438932,-0.1435013,0.0000000,0.0000000,0.0000000,1.0000000,0.0309150,-0.0006849,-0.0860599,0.2834524,-0.3098208,-0.3404339,0.0266252,0.0006032,-0.0875639,0.2811435,-0.4117149,-0.2653684,0.0000000,0.0000000,0.0000000,0.0590804,0.0000000,0.0000000,0.0000000,0.0000000,0.0564695,0.0000000
-0.0413571,0.0431422,-0.1435232,0.0000000,0.0000000,0.0000000,1.0000000,0.0317519,-0.0006848,-0.0860572,0.2834482,-0.3084739,-0.3414793,0.0274621,0.0006024,-0.0875664,0.2811477,-0.4132560,-0.2643613,0.0000000,0.0000000,0.0000000,0.0590804,0.0000000,0.0000000,0.0000000,0.0000000,0.0564695,0.0000000
-0.0413571,0.0423886,-0.1435458,0.0000000,0.0000000,0.0000000,1.0000000,0.0325917,-0.0006847,-0.0860545,0.2834440,-0.3071229,-0.3425292,0.0283020,0.0006017,-0.0875689,0.2811520,-0.4148034,-0.2633512,0.0000000,0.0000000,0.0000000,0.0590804,0.0000000,0.0000000,0.0000000,0.0000000,0.0564695,0.0000000
-0.0413571,0.0416328,-0.1435692,0.0000000,0.0000000,0.0000000,1.0000000,0.0334340,-0.0006846,-0.0860518,0.2834397,-0.3057715,-0.3435833,0.0291444,0.0006009,-0.0875714,0.2811563,-0.4163561,-0.2623388,0.0000000,0.0000000,0.0000000,0.0590804,0.0000000,0.0000000,0.0000000,0.0000000,0.0564695,0.0000000
-0.0413571,0.0408754,-0.1435932,0.0000000,0.0000000,0.0000000,1.0000000,0.0342782,-0.0006846,-0.0860490,0.2834354,-0.3044186,-0.3446405,0.0299885,0.0006002,-0.0875739,0.2811606,-0.4179130,-0.2613249,0.0000000,0.0000000,0.0000000,0.0590804,0.0000000,0.0000000,0.0000000,0.0000000,0.0564695,0.0000000
-0.0413571,0.0401170,-0.1436179,0.0000000,0.0000000,0.0000000,1.0000000,0.0351235,-0.0006845,-0.0860463,0.2834312,-0.3030645,-0.3456999,0.0308339,0.0005994,-0.0875765,0.2811649,-0.4194729,-0.2603102,0.0000000,0.0000000,0.0000000,0.0590804,0.0000000,0.0000000,0.0000000,0.0000000,0.0564695,0.0000000
-0.0413571,0.0393580,-0.1436433,0.0000000,0.0000000,0.0000000,1.0000000,0.0359695,-0.0006844,-0.0860436,0.2834269,-0.3017103,-0.3467608,0.0316799,0.0005986,-0.0875790,0.2811692,-0.4210348,-0.2592954,0.0000000,0.0000000,0.0000000,0.0590804,0.0000000,0.0000000,0.0000000,0.0000000,0.0564695,0.0000000
-0.0413571,0.0385989,-0.1436693,0.0000000,0.0000000,0.0000000,1.0000000,0.0368155,-0.0006843,-0.0860408,0.2834227,-0.3003568,-0.3478224,0.0325259,0.0005979,-0.0875815,0.2811735,-0.4225976,-0.2582812,0.0000000,0.0000000,0.0000000,0.0590804,0.0000000,0.0000000,0.0000000,0.0000000,0.0564695,0.0000000
-0.0413571,0.0378405,-0.1436959,0.0000000,0.0000000,0.0000000,1.0000000,0.0376609,-0.0006842,-0.0860381,0.2834184,-0.2990050,-0.3488839,0.0333714,0.0005971,-0.0875840,0.2811778,-0.4241602,-0.2572683,0.0000000,0.0000000,0.0000000,0.0590804,0.0000000,0.0000000,0.0000000,0.0000000,0.0564695,0.0000000
-0.0413571,0.0370831,-0.1437231,0.0000000,0.0000000,0.0000000,1.0000000,0.0385051,-0.0006841,-0.0860354,0.2834141,-0.2976559,-0.3499447,0.0342157,0.0005964,-0.0875865,0.2811820,-0.4257213,-0.2562575,0.0000000,0.0000000,0.0000000,0.0590804,0.0000000,0.0000000,0.0000000,0.0000000,0.0564695,0.0000000
-0.0413571,0.0363273,-0.1437510,0.0000000,0.0000000,0.0000000,1.0000000,0.0393476,-0.0006841,-0.0860327,0.2834099,-0.2963105,-0.3510040,0.0350582,0.0005956,-0.0875890,0.2811863,-0.4272801,-0.2552495,0.0000000,0.0000000,0.0000000,0.0590804,0.0000000,0.0000000,0.0000000,0.0000000,0.0564695,0.0000000
-0.0413571,0.0355737,-0.1437793,0.0000000,0.0000000,0.0000000,1.0000000,0.0401877,-0.0006840,-0.0860300,0.2834056,-0.2949696,-0.3520609,0.0358983,0.0005949,-0.0875915,0.2811906,-0.4288352,-0.2542450,0.0000000,0.0000000,0.0000000,0.0590804,0.0000000,0.0000000,0.0000000,0.0000000,0.0564695,0.0000000
-0.0413571,0.0348227,-0.1438082,0.0000000,0.0000000,0.0000000,1.0000000,0.0410248,-0.0006839,-0.0860273,0.2834014,-0.2936830,-0.3531149,0.0367355,0.0005941,-0.0875940,0.2811948,-0.4303856,-0.2532446,0.0000000,0.0000000,0.0000000,0.0590804,0.0000000,0.0000000,0.0000000,0.0000000,0.0564695,0.0000000
-0.0413571,0.0340750,-0.1438376,0.0000000,0.0000000,0.0000000,1.0000000,0.0418584,-0.0006838,-0.0860246,0.2833972,-0.2924029,-0.3541651,0.0375691,0.0005934,-0.0875965,0.2811991,-0.4319303,-0.2522492,0.0000000,0.0000000,0.0000000,0.0590804,0.0000000,0.0000000,0.0000000,0.0000000,0.0564695,0.0000000
-0.0413571,0.0333311,-0.1438675,0.0000000,0.0000000,0.0000000,1.0000000,0.0426878,-0.0006837,-0.0860219,0.2833930,-0.2911298,-0.3552107,0.0383985,0.0005926,-0.0875990,0.2812033,-0.4334680,-0.2512593,0.0000000,0.0000000,0.0000000,0.0590804,0.0000000,0.0000000,0.0000000,0.0000000,0.0564695,0.0000000
-0.0413571,0.0325913,-0.1438978,0.0000000,0.0000000,0.0000000,1.0000000,0.0435124,-0.0006837,-0.0860192,0.2833889,-0.2898648,-0.3562510,0.0392232,0.0005919,-0.0876014,0.2812075,-0.4349977,-0.2502757,0.0000000,0.0000000,0.0000000,0.0590804,0.0000000,0.0000000,0.0000000,0.0000000,0.0564695,0.0000000
-0.0413571,0.0318564,-0.1439286,0.0000000,0.0000000,0.0000000,1.0000000,0.0443318,-0.0006836,-0.0860166,0.2833847,-0.2886085,-0.3572851,0.0400426,0.0005911,-0.0876039,0.2812116,-0.4365184,-0.2492991,0.0000000,0.0000000,0.0000000,0.0590804,0.0000000,0.0000000,0.0000000,0.0000000,0.0564695,0.0000000
-0.0413571,0.0311268,-0.1439597,0.0000000,0.0000000,0.0000000,1.0000000,0.0451453,-0.0006835,-0.0860140,0.2833806,-0.2873620,-0.3583125,0.0408562,0.0005904,-0.0876063,0.2812158,-0.4380289,-0.2483300,0.0000000,0.0000000,0.0000000,0.0590804,0.0000000,0.0000000,0.0000000,0.0000000,0.0564695,0.0000000
-0.0413571,0.0304030,-0.1439911,0.0000000,0.0000000,0.0000000,1.0000000,0.0459523,-0.0006834,-0.0860114,0.2833766,-0.2861260,-0.3593323,0.0416633,0.0005897,-0.0876087,0.2812199,-0.4396015,-0.2473712,0.0000000,0.0000000,0.0000000,0.0590804,0.0000000,0.0000000,0.0000000,0.0000000,0.0564695,0.0000000
-0.0413571,0.0296855,-0.1440228,0.0000000,0.0000000,0.0000000,1.0000000,0.0467524,-0.0006833,-0.0860088,0.2833725,-0.2849014,-0.3603439,0.0424633,0.0005890,-0.0876111,0.2812239,-0.4411769,-0.2464217,0.0000000,0.0000000,0.0000000,0.0590804,0.0000000,0.0000000,0.0000000,0.0000000,0.0564695,0.0000000
-0.0413571,0.0289748,-0.1440549,0.0000000,0.0000000,0.0000000,1.0000000,0.0475448,-0.0006833,-0.0860063,0.2833685,-0.2836890,-0.3613464,0.0432558,0.0005883,-0.0876134,0.2812279,-0.4427382,-0.2454818,0.0000000,0.0000000,0.0000000,0.0590804,0.0000000,0.0000000,0.0000000,0.0000000,0.0564695,0.0000000
-0.0413571,0.0282714,-0.1440871,0.0000000,0.0000000,0.0000000,1.0000000,0.0483292,-0.0006832,-0.0860037,0.2833646,-0.2824896,-0.3623393,0.0440402,0.0005876,-0.0876158,0.2812319,-0.4442843,-0.2445520,0.0000000,0.0000000,0.0000000,0.0590804,0.0000000,0.0000000,0.0000000,0.0000000,0.0564695,0.0000000
-0.0413571,0.0275758,-0.1441195,0.0000000,0.0000000,0.0000000,1.0000000,0.0491049,-0.0006831,-0.0860012,0.2833607,-0.2813041,-0.3633218,0.0448160,0.0005869,-0.0876181,0.2812359,-0.4458142,-0.2436331,0.0000000,0.0000000,0.0000000,0.0590804,0.0000000,0.0000000,0.0000000,0.0000000,0.0564695,0.0000000
-0.0413571,0.0268884,-0.1441521,0.0000000,0.0000000,0.0000000,1.0000000,0.0498715,-0.0006830,-0.0859988,0.2833568,-0.2801331,-0.3642932,0.0455826,0.0005862,-0.0876203,0.2812397,-0.4473267,-0.2427255,0.0000000,0.0000000,0.0000000,0.0590804,0.0000000,0.0000000,0.0000000,0.0000000,0.0564695,0.0000000
-0.0413571,0.0262098,-0.1441848,0.0000000,0.0000000,0.0000000,1.0000000,0.0506283,-0.0006830,-0.0859963,0.2833530,-0.2789776,-0.3652529,0.0463395,0.0005855,-0.0876226,0.2812436,-0.4488207,-0.2418300,0.0000000,0.0000000,0.0000000,0.0590804,0.0000000,0.0000000,0.0000000,0.0000000,0.0564695,0.0000000
-0.0413571,0.0255402,-0.1442175,0.0000000,0.0000000,0.0000000,1.0000000,0.0513750,-0.0006829,-0.0859939,0.2833492,-0.2778381,-0.3662002,0.0470863,0.0005848,-0.0876248,0.2812474,-0.4502954,-0.2409470,0.0000000,0.0000000,0.0000000,0.0590804,0.0000000,0.0000000,0.0000000,0.0000000,0.0564695,0.0000000
-0.0413571,0.0248803,-0.1442503,0.0000000,0.0000000,0.0000000,1.0000000,0.0521110,-0.0006828,-0.0859915,0.2833455,-0.2767155,-0.3671345,0.0478223,0.0005842,-0.0876270,0.2812511,-0.4517497,-0.2400771,0.0000000,0.0000000,0.0000000,0.0590804,0.0000000,0.0000000,0.0000000,0.0000000,0.0564695,0.0000000
-0.0413571,0.0242304,-0.1442830,0.0000000,0.0000000,0.0000000,1.0000000,0.0528359,-0.0006827,-0.0859892,0.2833419,-0.2756105,-0.3680550,0.0485472,0.0005835,-0.0876291,0.2812548,-0.4531826,-0.2392210,0.0000000,0.0000000,0.0000000,0.0590804,0.0000000,0.0000000,0.0000000,0.0000000,0.0564695,0.0000000
-0.0413571,0.0235910,-0.1443157,0.0000000,0.0000000,0.0000000,1.0000000,0.0535491,-0.0006827,-0.0859869,0.2833383,-0.2745237,-0.3689613,0.0492605,0.0005829,-0.0876313,0.2812584,-0.4545931,-0.2383790,0.0000000,0.0000000,0.0000000,0.0590804,0.0000000,0.0000000,0.0000000,0.0000000,0.0564695,0.0000000
-0.0413571,0.0229624,-0.1443482,0.0000000,0.0000000,0.0000000,1.0000000,0.0542503,-0.0006826,-0.0859847,0.2833347,-0.2734559,-0.3698527,0.0499617,0.0005823,-0.0876333,0.2812620,-0.4559803,-0.2375518,0.0000000,0.0000000,0.0000000,0.0590804,0.0000000,0.0000000,0.0000000,0.0000000,0.0564695,0.0000000
-0.0413571,0.0223450,-0.1443807,0.0000000,0.0000000,0.0000000,1.0000000,0.0549389,-0.0006825,-0.0859825,0.2833313,-0.2724075,-0.3707286,0.0506504,0.0005817,-0.0876354,0.2812655,-0.4573434,-0.2367397,0.0000000,0.0000000,0.0000000,0.0590804,0.0000000,0.0000000,0.0000000,0.0000000,0.0564695,0.0000000
-0.0413571,0.0217393,-0.1444129,0.0000000,0.0000000,0.0000000,1.0000000,0.0556146,-0.0006825,-0.0859803,0.2833278,-0.2713794,-0.3715885,0.0513261,0.0005811,-0.0876374,0.2812689,-0.4586814,-0.2359434,0.0000000,0.0000000,0.0000000,0.0590804,0.0000000,0.0000000,0.0000000,0.0000000,0.0564695,0.0000000
-0.0413571,0.0211456,-0.1444449,0.0000000,0.0000000,0.0000000,1.0000000,0.0562769,-0.0006824,-0.0859782,0.2833245,-0.2703720,-0.3724317,0.0519885,0.0005805,-0.0876394,0.2812723,-0.4599935,-0.2351632,0.0000000,0.0000000,0.0000000,0.0590804,0.0000000,0.0000000,0.0000000,0.0000000,0.0564695,0.0000000
-0.0413571,0.0205642,-0.1444766,0.0000000,0.0000000,0.0000000,1.0000000,0.0569255,-0.0006823,-0.0859761,0.2833212,-0.2693860,-0.3732579,0.0526371,0.0005799,-0.0876413,0.2812755,-0.4612788,-0.2343996,0.0000000,0.0000000,0.0000000,0.0590804,0.0000000,0.0000000,0.0000000,0.0000000,0.0564695,0.0000000
-0.0413571,0.0199955,-0.1445079,0.0000000,0.0000000,0.0000000,1.0000000,0.0575599,-0.0006823,-0.0859740,0.2833180,-0.2684219,-0.3740664,0.0532716,0.0005793,-0.0876432,0.2812788,-0.4625367,-0.2336530,0.0000000,0.0000000,0.0000000,0.0590804,0.0000000,0.0000000,0.0000000,0.0000000,0.0564695,0.0000000
-0.0413571,0.0194398,-0.1445389,0.0000000,0.0000000,0.0000000,1.0000000,0.0581799,-0.0006822,-0.0859720,0.2833149,-0.2674802,-0.3748568,0.0538916,0.0005788,-0.0876450,0.2812819,-0.4637663,-0.2329239,0.0000000,0.0000000,0.0000000,0.0590804,0.0000000,0.0000000,0.0000000,0.0000000,0.0564695,0.0000000
-0.0413571,0.0188974,-0.1445695,0.0000000,0.0000000,0.0000000,1.0000000,0.0587850,-0.0006822,-0.0859701,0.2833119,-0.2665614,-0.3756287,0.0544968,0.0005782,-0.0876468,0.2812850,-0.4649670,-0.2322125,0.0000000,0.0000000,0.0000000,0.0590804,0.0000000,0.0000000,0.0000000,0.0000000,0.0564695,0.0000000
-0.0413571,0.0183687,-0.1445997,0.0000000,0.0000000,0.0000000,1.0000000,0.0593750,-0.0006821,-0.0859682,0.2833089,-0.2656660,-0.3763815,0.0550868,0.0005777,-0.0876485,0.2812880,-0.4661380,-0.2315192,0.0000000,0.0000000,0.0000000,0.0590804,0.0000000,0.0000000,0.0000000,0.0000000,0.0564695,0.0000000
-0.0413571,0.0178538,-0.1446293,0.0000000,0.0000000,0.0000000,1.0000000,0.0599495,-0.0006820,-0.0859663,0.2833060,-0.2647943,-0.3771150,0.0556614,0.0005772,-0.0876503,0.2812909,-0.4672788,-0.2308445,0.0000000,0.0000000,0.0000000,0.0590804,0.0000000,0.0000000,0.0000000,0.0000000,0.0564695,0.0000000
-0.0413571,0.0173530,-0.1446584,0.0000000,0.0000000,0.0000000,1.0000000,0.0605083,-0.0006820,-0.0859646,0.2833032,-0.2639469,-0.3778286,0.0562202,0.0005767,-0.0876519,0.2812937,-0.4683884,-0.2301857,0.0000000,0.0000000,0.0000000,0.0590804,0.0000000,0.0000000,0.0000000,0.0000000,0.0564695,0.0000000
-0.0413571,0.0168666,-0.1446870,0.0000000,0.0000000,0.0000000,1.0000000,0.0610510,-0.0006819,-0.0859628,0.2833004,-0.2631241,-0.3785220,0.0567630,0.0005762,-0.0876535,0.2812965,-0.4694665,-0.2295444,0.0000000,0.0000000,0.0000000,0.0590804,0.0000000,0.0000000,0.0000000,0.0000000,0.0564695,0.0000000
-0.0413571,0.0163948,-0.1447149,0.0000000,0.0000000,0.0000000,1.0000000,0.0615775,-0.0006819,-0.0859611,0.2832978,-0.2623262,-0.3791950,0.0572896,0.0005757,-0.0876551,0.2812991,-0.4705127,-0.2289226,0.0000000,0.0000000,0.0000000,0.0590804,0.0000000,0.0000000,0.0000000,0.0000000,0.0564695,0.0000000
-0.0413571,0.0159377,-0.1447423,0.0000000,0.0000000,0.0000000,1.0000000,0.0620876,-0.0006818,-0.0859595,0.2832952,-0.2615535,-0.3798471,0.0577996,0.0005753,-0.0876566,0.2813017,-0.4715264,-0.2283205,0.0000000,0.0000000,0.0000000,0.0590804,0.0000000,0.0000000,0.0000000,0.0000000,0.0564695,0.0000000
-0.0413571,0.0154956,-0.1447689,0.0000000,0.0000000,0.0000000,1.0000000,0.0625809,-0.0006818,-0.0859579,0.2832927,-0.2608064,-0.3804781,0.0582930,0.0005749,-0.0876581,0.2813042,-0.4725072,-0.2277383,0.0000000,0.0000000,0.0000000,0.0590804,0.0000000,0.0000000,0.0000000,0.0000000,0.0564695,0.0000000
-0.0413571,0.0150686,-0.1447948,0.0000000,0.0000000,0.0000000,1.0000000,0.0630574,-0.0006817,-0.0859564,0.2832903,-0.2600850,-0.3810878,0.0587696,0.0005744,-0.0876595,0.2813066,-0.4734548,-0.2271762,0.0000000,0.0000000,0.0000000,0.0590804,0.0000000,0.0000000,0.0000000,0.0000000,0.0564695,0.0000000
-0.0413571,0.0146569,-0.1448201,0.0000000,0.0000000,0.0000000,1.0000000,0.0635170,-0.0006817,-0.0859549,0.2832880,-0.2593895,-0.3816759,0.0592291,0.0005740,-0.0876608,0.2813090,-0.4743689,-0.2266343,0.0000000,0.0000000,0.0000000,0.0590804,0.0000000,0.0000000,0.0000000,0.0000000,0.0564695,0.0000000
-0.0413571,0.0142605,-0.1448445,0.0000000,0.0000000,0.0000000,1.0000000,0.0639593,-0.0006816,-0.0859535,0.2832858,-0.2587202,-0.3822424,0.0596715,0.0005736,-0.0876621,0.2813112,-0.4752491,-0.2261128,0.0000000,0.0000000,0.0000000,0.0590804,0.0000000,0.0000000,0.0000000,0.0000000,0.0564695,0.0000000
-0.0413571,0.0138795,-0.1448682,0.0000000,0.0000000,0.0000000,1.0000000,0.0643845,-0.0006816,-0.0859521,0.2832836,-0.2580771,-0.3827869,0.0600967,0.0005732,-0.0876634,0.2813134,-0.4760952,-0.2256118,0.0000000,0.0000000,0.0000000,0.0590804,0.0000000,0.0000000,0.0000000,0.0000000,0.0564695,0.0000000
-0.0413571,0.0135141,-0.1448910,0.0000000,0.0000000,0.0000000,1.0000000,0.0647923,-0.0006815,-0.0859508,0.2832816,-0.2574604,-0.3833094,0.0605046,0.0005729,-0.0876646,0.2813154,-0.4769071,-0.2251313,0.0000000,0.0000000,0.0000000,0.0590804,0.0000000,0.0000000,0.0000000,0.0000000,0.0564695,0.0000000
-0.0413571,0.0131643,-0.1449130,0.0000000,0.0000000,0.0000000,1.0000000,0.0651828,-0.0006815,-0.0859495,0.2832796,-0.2568701,-0.3838098,0.0608951,0.0005725,-0.0876658,0.2813174,-0.4776846,-0.2246714,0.0000000,0.0000000,0.0000000,0.0590804,0.0000000,0.0000000,0.0000000,0.0000000,0.0564695,0.0000000
-0.0413571,0.0128300,-0.1449342,0.0000000,0.0000000,0.0000000,1.0000000,0.0655559,-0.0006815,-0.0859484,0.2832777,-0.2563062,-0.3842880,0.0612683,0.0005722,-0.0876669,0.2813193,-0.4784276,-0.2242321,0.0000000,0.0000000,0.0000000,0.0590804,0.0000000,0.0000000,0.0000000,0.0000000,0.0564695,0.0000000
-0.0413571,0.0125113,-0.1449545,0.0000000,0.0000000,0.0000000,1.0000000,0.0659117,-0.0006814,-0.0859472,0.2832759,-0.2557687,-0.3847442,0.0616240,0.0005719,-0.0876679,0.2813211,-0.4791362,-0.2238133,0.0000000,0.0000000,0.0000000,0.0590804,0.0000000,0.0000000,0.0000000,0.0000000,0.0564695,0.0000000
-0.0413571,0.0122081,-0.1449739,0.0000000,0.0000000,0.0000000,1.0000000,0.0662501,-0.0006814,-0.0859461,0.2832742,-0.2552575,-0.3851781,0.0619625,0.0005716,-0.0876689,0.2813228,-0.4798104,-0.2234151,0.0000000,0.0000000,0.0000000,0.0590804,0.0000000,0.0000000,0.0000000,0.0000000,0.0564695,0.0000000
-0.0413571,0.0119204,-0.1449924,0.0000000,0.0000000,0.0000000,1.0000000,0.0665712,-0.0006814,-0.0859451,0.2832726,-0.2547725,-0.3855901,0.0622836,0.0005713,-0.0876699,0.2813245,-0.4804503,-0.2230373,0.0000000,0.0000000,0.0000000,0.0590804,0.0000000,0.0000000,0.0000000,0.0000000,0.0564695,0.0000000
-0.0413571,0.0116482,-0.1450100,0.0000000,0.0000000,0.0000000,1.0000000,0.0668751,-0.0006813,-0.0859441,0.2832711,-0.2543136,-0.3859800,0.0625875,0.0005710,-0.0876708,0.2813260,-0.4810561,-0.2226798,0.0000000,0.0000000,0.0000000,0.0590804,0.0000000,0.0000000,0.0000000,0.0000000,0.0564695,0.0000000
-0.0413571,0.0113912,-0.1450267,0.0000000,0.0000000,0.0000000,1.0000000,0.0671619,-0.0006813,-0.0859432,0.2832696,-0.2538806,-0.3863482,0.0628744,0.0005708,-0.0876716,0.2813274,-0.4816279,-0.2223425,0.0000000,0.0000000,0.0000000,0.0590804,0.0000000,0.0000000,0.0000000,0.0000000,0.0564695,0.0000000
-0.0413571,0.0111494,-0.1450425,0.0000000,0.0000000,0.0000000,1.0000000,0.0674319,-0.0006813,-0.0859423,0.2832683,-0.2534731,-0.3866947,0.0631444,0.0005705,-0.0876724,0.2813288,-0.4821660,-0.2220251,0.0000000,0.0000000,0.0000000,0.0590804,0.0000000,0.0000000,0.0000000,0.0000000,0.0564695,0.0000000
-0.0413571,0.0109226,-0.1450574,0.0000000,0.0000000,0.0000000,1.0000000,0.0676851,-0.0006813,-0.0859415,0.2832670,-0.2530910,-0.3870197,0.0633976,0.0005703,-0.0876732,0.2813301,-0.4826709,-0.2217275,0.0000000,0.0000000,0.0000000,0.0590804,0.0000000,0.0000000,0.0000000,0.0000000,0.0564695,0.0000000
-0.0413571,0.0107105,-0.1450713,0.0000000,0.0000000,0.0000000,1.0000000,0.0679218,-0.0006812,-0.0859408,0.2832658,-0.2527339,-0.3873237,0.0636343,0.0005701,-0.0876739,0.2813313,-0.4831430,-0.2214493,0.0000000,0.0000000,0.0000000,0.0590804,0.0000000,0.0000000,0.0000000,0.0000000,0.0564695,0.0000000
-0.0413571,0.0105131,-0.1450843,0.0000000,0.0000000,0.0000000,1.0000000,0.0681422,-0.0006812,-0.0859401,0.2832647,-0.2524014,-0.3876068,0.0638548,0.0005699,-0.0876745,0.2813324,-0.4835826,-0.2211903,0.0000000,0.0000000,0.0000000,0.0590804,0.0000000,0.0000000,0.0000000,0.0000000,0.0564695,0.0000000
-0.0413571,0.0103299,-0.1450965,0.0000000,0.0000000,0.0000000,1.0000000,0.0683466,-0.0006812,-0.0859394,0.2832637,-0.2520930,-0.3878694,0.0640592,0.0005697,-0.0876751,0.2813335,-0.4839904,-0.2209501,0.0000000,0.0000000,0.0000000,0.0590804,0.0000000,0.0000000,0.0000000,0.0000000,0.0564695,0.0000000
-0.0413571,0.0101608,-0.1451077,0.0000000,0.0000000,0.0000000,1.0000000,0.0685354,-0.0006812,-0.0859388,0.2832627,-0.2518083,-0.3881119,0.0642480,0.0005695,-0.0876757,0.2813344,-0.4843671,-0.2207283,0.0000000,0.0000000,0.0000000,0.0590804,0.0000000,0.0000000,0.0000000,0.0000000,0.0564695,0.0000000
-0.0413571,0.0100055,-0.1451180,0.0000000,0.0000000,0.0000000,1.0000000,0.0687089,-0.0006812,-0.0859382,0.2832618,-0.2515467,-0.3883347,0.0644215,0.0005694,-0.0876762,0.2813353,-0.4847131,-0.2205246,0.0000000,0.0000000,0.0000000,0.0590804,0.0000000,0.0000000,0.0000000,0.0000000,0.0564695,0.0000000
-0.0413571,0.0098635,-0.1451275,0.0000000,0.0000000,0.0000000,1.0000000,0.0688674,-0.0006811,-0.0859377,0.2832610,-0.2513076,-0.3885385,0.0645800,0.0005693,-0.0876767,0.2813361,-0.4850295,-0.2203384,0.0000000,0.0000000,0.0000000,0.0590804,0.0000000,0.0000000,0.0000000,0.0000000,0.0564695,0.0000000
-0.0413571,0.0097345,-0.1451361,0.0000000,0.0000000,0.0000000,1.0000000,0.0690114,-0.0006811,-0.0859373,0.2832603,-0.2510905,-0.3887235,0.0647241,0.0005691,-0.0876771,0.2813368,-0.4853169,-0.2201692,0.0000000,0.0000000,0.0000000,0.0590804,0.0000000,0.0000000,0.0000000,0.0000000,0.0564695,0.0000000
-0.0413571,0.0096180,-0.1451440,0.0000000,0.0000000,0.0000000,1.0000000,0.0691414,-0.0006811,-0.0859369,0.2832596,-0.2508945,-0.3888906,0.0648541,0.0005690,-0.0876775,0.2813375,-0.4855763,-0.2200166,0.0000000,0.0000000,0.0000000,0.0590804,0.0000000,0.0000000,0.0000000,0.0000000,0.0564695,0.0000000
-0.0413571,0.0095137,-0.1451510,0.0000000,0.0000000,0.0000000,1.0000000,0.0692579,-0.0006811,-0.0859365,0.2832591,-0.2507190,-0.3890403,0.0649705,0.0005689,-0.0876778,0.2813381,-0.4858087,-0.2198799,0.0000000,0.0000000,0.0000000,0.0590804,0.0000000,0.0000000,0.0000000,0.0000000,0.0564695,0.0000000
-0.0413571,0.0094211,-0.1451572,0.0000000,0.0000000,0.0000000,1.0000000,0.0693613,-0.0006811,-0.0859361,0.2832585,-0.2505631,-0.3891732,0.0650740,0.0005688,-0.0876781,0.2813386,-0.4860151,-0.2197585,0.0000000,0.0000000,0.0000000,0.0590804,0.0000000,0.0000000,0.0000000,0.0000000,0.0564695,0.0000000
-0.0413571,0.0093396,-0.1451627,0.0000000,0.0000000,0.0000000,1.0000000,0.0694523,-0.0006811,-0.0859359,0.2832581,-0.2504260,-0.3892902,0.0651649,0.0005687,-0.0876784,0.2813391,-0.4862051,-0.2196519,0.0000000,0.0000000,0.0000000,0.0590804,0.0000000,0.0000000,0.0000000,0.0000000,0.0564695,0.0000000
-0.0413571,0.0092687,-0.1451675,0.0000000,0.0000000,0.0000000,1.0000000,0.0695314,-0.0006811,-0.0859356,0.2832577,-0.2503067,-0.3893919,0.0652441,0.0005687,-0.0876786,0.2813395,-0.4863740,-0.2195593,0.0000000,0.0000000,0.0000000,0.0590804,0.0000000,0.0000000,0.0000000,0.0000000,0.0564695,0.0000000
-0.0413571,0.0092078,-0.1451716,0.0000000,0.0000000,0.0000000,1.0000000,0.0695994,-0.0006811,-0.0859354,0.2832573,-0.2502043,-0.3894793,0.0653121,0.0005686,-0.0876788,0.2813398,-0.4865190,-0.2194798,0.0000000,0.0000000,0.0000000,0.0590804,0.0000000,0.0000000,0.0000000,0.0000000,0.0564695,0.0000000
-0.0413571,0.0091563,-0.1451751,0.0000000,0.0000000,0.0000000,1.0000000,0.0696569,-0.0006811,-0.0859352,0.2832570,-0.2501176,-0.3895533,0.0653696,0.0005686,-0.0876790,0.2813401,-0.4866417,-0.2194125,0.0000000,0.0000000,0.0000000,0.0590804,0.0000000,0.0000000,0.0000000,0.0000000,0.0564695,0.0000000
-0.0413571,0.0091136,-0.1451780,0.0000000,0.0000000,0.0000000,1.0000000,0.0697046,-0.0006811,-0.0859350,0.2832568,-0.2500457,-0.3896147,0.0654173,0.0005685,-0.0876792,0.2813403,-0.4867435,-0.2193566,0.0000000,0.0000000,0.0000000,0.0590804,0.0000000,0.0000000,0.0000000,0.0000000,0.0564695,0.0000000
-0.0413571,0.0090788,-0.1451803,0.0000000,0.0000000,0.0000000,1.0000000,0.0697434,-0.0006810,-0.0859349,0.2832566,-0.2499872,-0.3896645,0.0654561,0.0005685,-0.0876793,0.2813405,-0.4868263,-0.2193112,0.0000000,0.0000000,0.0000000,0.0590804,0.0000000,0.0000000,0.0000000,0.0000000,0.0564695,0.0000000
-0.0413571,0.0090514,-0.1451822,0.0000000,0.0000000,0.0000000,1.0000000,0.0697740,-0.0006810,-0.0859348,0.2832565,-0.2499411,-0.3897039,0.0654868,0.0005684,-0.0876794,0.2813407,-0.4868916,-0.2192754,0.0000000,0.0000000,0.0000000,0.0590804,0.0000000,0.0000000,0.0000000,0.0000000,0.0564695,0.0000000
-0.0413571,0.0090305,-0.1451836,0.0000000,0.0000000,0.0000000,1.0000000,0.0697974,-0.0006810,-0.0859348,0.2832563,-0.2499059,-0.3897339,0.0655101,0.0005684,-0.0876794,0.2813408,-0.4869414,-0.2192481,0.0000000,0.0000000,0.0000000,0.0590804,0.0000000,0.0000000,0.0000000,0.0000000,0.0564695,0.0000000
-0.0413571,0.0090153,-0.1451846,0.0000000,0.0000000,0.0000000,1.0000000,0.0698143,-0.0006810,-0.0859347,0.2832563,-0.2498803,-0.3897557,0.0655271,0.0005684,-0.0876795,0.2813409,-0.4869776,-0.2192283,0.0000000,0.0000000,0.0000000,0.0590804,0.0000000,0.0000000,0.0000000,0.0000000,0.0564695,0.0000000
-0.0413571,0.0090050,-0.1451853,0.0000000,0.0000000,0.0000000,1.0000000,0.0698259,-0.0006810,-0.0859347,0.2832562,-0.2498630,-0.3897706,0.0655386,0.0005684,-0.0876795,0.2813409,-0.4870022,-0.2192148,0.0000000,0.0000000,0.0000000,0.0590804,0.0000000,0.0000000,0.0000000,0.0000000,0.0564695,0.0000000
-0.0413571,0.0089986,-0.1451857,0.0000000,0.0000000,0.0000000,1.0000000,0.0698330,-0.0006810,-0.0859346,0.2832562,-0.2498523,-0.3897797,0.0655457,0.0005684,-0.0876795,0.2813410,-0.4870173,-0.2192065,0.0000000,0.0000000,0.0000000,0.0590804,0.0000000,0.0000000,0.0000000,0.0000000,0.0564695,0.0000000
-0.0413571,0.0089953,-0.1451860,0.0000000,0.0000000,0.0000000,1.0000000,0.0698366,-0.0006810,-0.0859346,0.2832561,-0.2498467,-0.3897844,0.0655494,0.0005684,-0.0876795,0.2813410,-0.4870252,-0.2192022,0.0000000,0.0000000,0.0000000,0.0590804,0.0000000,0.0000000,0.0000000,0.0000000,0.0564695,0.0000000
-0.0413571,0.0089941,-0.1451860,0.0000000,0.0000000,0.0000000,1.0000000,0.0698380,-0.0006810,-0.0859346,0.2832561,-0.2498447,-0.3897862,0.0655507,0.0005684,-0.0876795,0.2813410,-0.4870281,-0.2192006,0.0000000,0.0000000,0.0000000,0.0590804,0.0000000,0.0000000,0.0000000,0.0000000,0.0564695,0.0000000
-0.0413571,0.0089939,-0.1451861,0.0000000,0.0000000,0.0000000,1.0000000,0.0698382,-0.0006810,-0.0859346,0.2832561,-0.2498444,-0.3897864,0.0655509,0.0005684,-0.0876795,0.2813410,-0.4870285,-0.2192003,0.0000000,0.0000000,0.0000000,0.0590804,0.0000000,0.0000000,0.0000000,0.0000000,0.0564695,0.0000000
-0.0413571,0.0089941,-0.1451860,0.0000000,0.0000000,0.0000000,1.0000000,0.0698380,-0.0006810,-0.0859346,0.2832561,-0.2498447,-0.3897862,0.0655507,0.0005684,-0.0876795,0.2813410,-0.4870281,-0.2192006,0.0000000,0.0000000,0.0000000,0.0590804,0.0000000,0.0000000,0.0000000,0.0000000,0.0564695,0.0000000
-0.0413571,0.0089953,-0.1451860,0.0000000,0.0000000,0.0000000,1.0000000,0.0698366,-0.0006810,-0.0859346,0.2832561,-0.2498467,-0.3897844,0.0655494,0.0005684,-0.0876795,0.2813410,-0.4870252,-0.2192022,0.0000000,0.0000000,0.0000000,0.0590804,0.0000000,0.0000000,0.0000000,0.0000000,0.0564695,0.0000000
-0.0413571,0.0089986,-0.1451857,0.0000000,0.0000000,0.0000000,1.0000000,0.0698330,-0.0006810,-0.0859346,0.2832562,-0.2498523,-0.3897797,0.0655457,0.0005684,-0.0876795,0.2813410,-0.4870173,-0.2192065,0.0000000,0.0000000,0.0000000,0.0590804,0.0000000,0.0000000,0.0000000,0.0000000,0.0564695,0.0000000
-0.0413571,0.0090050,-0.1451853,0.0000000,0.0000000,0.0000000,1.0000000,0.0698259,-0.0006810,-0.0859347,0.2832562,-0.2498630,-0.3897706,0.0655386,0.0005684,-0.0876795,0.2813409,-0.4870022,-0.2192148,0.0000000,0.0000000,0.0000000,0.0590804,0.0000000,0.0000000,0.0000000,0.0000000,0.0564695,0.0000000
-0.0413571,0.0090153,-0.1451846,0.0000000,0.0000000,0.0000000,1.0000000,0.0698143,-0.0006810,-0.0859347,0.2832563,-0.2498803,-0.3897557,0.0655271,0.0005684,-0.0876795,0.2813409,-0.4869776,-0.2192283,0.0000000,0.0000000,0.0000000,0.0590804,0.0000000,0.0000000,0.0000000,0.0000000,0.0564695,0.0000000
-0.0413571,0.0090305,-0.1451836,0.0000000,0.0000000,0.0000000,1.0000000,0.0697974,-0.0006810,-0.0859348,0.2832563,-0.2499059,-0.3897339,0.0655101,0.0005684,-0.0876794,0.2813408,-0.4869414,-0.2192481,0.0000000,0.0000000,0.0000000,0.0590804,0.0000000,0.0000000,0.0000000,0.0000000,0.0564695,0.0000000
-0.0413571,0.0090514,-0.1451822,0.0000000,0.0000000,0.0000000,1.0000000,0.0697740,-0.0006810,-0.0859348,0.2832565,-0.2499411,-0.3897039,0.0654868,0.0005684,-0.0876794,0.2813407,-0.4868916,-0.2192754,0.0000000,0.0000000,0.0000000,0.0590804,0.0000000,0.0000000,0.0000000,0.0000000,0.0564695,0.0000000
-0.0413571,0.0090788,-0.1451803,0.0000000,0.0000000,0.0000000,1.0000000,0.0697434,-0.0006810,-0.0859349,0.2832566,-0.2499872,-0.3896645,0.0654561,0.0005685,-0.0876793,0.2813405,-0.4868263,-0.2193112,0.0000000,0.0000000,0.0000000,0.0590804,0.0000000,0.0000000,0.0000000,0.0000000,0.0564695,0.0000000
-0.0413571,0.0091136,-0.1451780,0.0000000,0.0000000,0.0000000,1.0000000,0.0697046,-0.0006811,-0.0859350,0.2832568,-0.2500457,-0.3896147,0.0654173,0.0005685,-0.0876792,0.2813403,-0.4867435,-0.2193566,0.0000000,0.0000000,0.0000000,0.0590804,0.0000000,0.0000000,0.0000000,0.0000000,0.0564695,0.0000000
-0.0413571,0.0091563,-0.1451751,0.0000000,0.0000000,0.0000000,1.0000000,0.0696569,-0.0006811,-0.0859352,0.2832570,-0.2501176,-0.3895533,0.0653696,0.0005686,-0.0876790,0.2813401,-0.4866417,-0.2194125,0.0000000,0.0000000,0.0000000,0.0590804,0.0000000,0.0000000,0.0000000,0.0000000,0.0564695,0.0000000
-0.0413571,0.0092078,-0.1451716,0.0000000,0.0000000,0.0000000,1.0000000,0.0695994,-0.0006811,-0.0859354,0.2832573,-0.2502043,-0.3894793,0.0653121,0.0005686,-0.0876788,0.2813398,-0.4865190,-0.2194798,0.0000000,0.0000000,0.0000000,0.0590804,0.0000000,0.0000000,0.0000000,0.0000000,0.0564695,0.0000000
-0.0413571,0.0092687,-0.1451675,0.0000000,0.0000000,0.0000000,1.0000000,0.0695314,-0.0006811,-0.0859356,0.2832577,-0.2503067,-0.3893919,0.0652441,0.0005687,-0.0876786,0.2813395,-0.4863740,-0.2195593,0.0000000,0.0000000,0.0000000,0.0590804,0.0000000,0.0000000,0.0000000,0.0000000,0.0564695,0.0000000
-0.0413571,0.0093396,-0.1451627,0.0000000,0.0000000,0.0000000,1.0000000,0.0694523,-0.0006811,-0.0859359,0.2832581,-0.2504260,-0.3892902,0.0651649,0.0005687,-0.0876784,0.2813391,-0.4862051,-0.2196519,0.0000000,0.0000000,0.0000000,0.0590804,0.0000000,0.0000000,0.0000000,0.0000000,0.0564695,0.0000000
-0.0413571,0.0094211,-0.1451572,0.0000000,0.0000000,0.0000000,1.0000000,0.0693613,-0.0006811,-0.0859361,0.2832585,-0.2505631,-0.3891732,0.0650740,0.0005688,-0.0876781,0.2813386,-0.4860151,-0.2197585,0.0000000,0.0000000,0.0000000,0.0590804,0.0000000,0.0000000,0.0000000,0.0000000,0.0564695,0.0000000
-0.0413571,0.0095137,-0.1451510,0.0000000,0.0000000,0.0000000,1.0000000,0.0692579,-0.0006811,-0.0859365,0.2832591,-0.2507190,-0.3890403,0.0649705,0.0005689,-0.0876778,0.2813381,-0.4858087,-0.2198799,0.0000000,0.0000000,0.0000000,0.0590804,0.0000000,0.0000000,0.0000000,0.0000000,0.0564695,0.0000000
-0.0413571,0.0096180,-0.1451440,0.0000000,0.0000000,0.0000000,1.0000000,0.0691414,-0.0006811,-0.0859369,0.2832596,-0.2508945,-0.3888906,0.0648541,0.0005690,-0.0876775,0.2813375,-0.4855763,-0.2200166,0.0000000,0.0000000,0.0000000,0.0590804,0.0000000,0.0000000,0.0000000,0.0000000,0.0564695,0.0000000
-0.0413571,0.0097345,-0.1451361,0.0000000,0.0000000,0.0000000,1.0000000,0.0690114,-0.0006811,-0.0859373,0.2832603,-0.2510905,-0.3887235,0.0647241,0.0005691,-0.0876771,0.2813368,-0.4853169,-0.2201692,0.0000000,0.0000000,0.0000000,0.0590804,0.0000000,0.0000000,0.0000000,0.0000000,0.0564695,0.0000000
-0.0413571,0.0098635,-0.1451275,0.0000000,0.0000000,0.0000000,1.0000000,0.0688674,-0.0006811,-0.0859377,0.2832610,-0.2513076,-0.3885385,0.0645800,0.0005693,-0.0876767,0.2813361,-0.4850295,-0.2203384,0.0000000,0.0000000,0.0000000,0.0590804,0.0000000,0.0000000,0.0000000,0.0000000,0.0564695,0.0000000
-0.0413571,0.0100055,-0.1451180,0.0000000,0.0000000,0.0000000,1.0000000,0.0687089,-0.0006812,-0.0859382,0.2832618,-0.2515467,-0.3883347,0.0644215,0.0005694,-0.0876762,0.2813353,-0.4847131,-0.2205246,0.0000000,0.0000000,0.0000000,0.0590804,0.0000000,0.0000000,0.0000000,0.0000000,0.0564695,0.0000000
-0.0413571,0.0101608,-0.1451077,0.0000000,0.0000000,0.0000000,1.0000000,0.0685354,-0.0006812,-0.0859388,0.2832627,-0.2518083,-0.3881119,0.0642480,0.0005695,-0.0876757,0.2813344,-0.4843671,-0.2207283,0.0000000,0.0000000,0.0000000,0.0590804,0.0000000,0.0000000,0.0000000,0.0000000,0.0564695,0.0000000
-0.0413571,0.0103299,-0.1450965,0.0000000,0.0000000,0.0000000,1.0000000,0.0683466,-0.0006812,-0.0859394,0.2832637,-0.2520930,-0.3878694,0.0640592,0.0005697,-0.0876751,0.2813335,-0.4839904,-0.2209501,0.0000000,0.0000000,0.0000000,0.0590804,0.0000000,0.0000000,0.0000000,0.0000000,0.0564695,0.0000000
-0.0413571,0.0105131,-0.1450843,0.0000000,0.0000000,0.0000000,1.0000000,0.0681422,-0.0006812,-0.0859401,0.2832647,-0.2524014,-0.3876068,0.0638548,0.0005699,-0.0876745,0.2813324,-0.4835826,-0.2211903,0.0000000,0.0000000,0.0000000,0.0590804,0.0000000,0.0000000,0.0000000,0.0000000,0.0564695,0.0000000
-0.0413571,0.0107105,-0.1450713,0.0000000,0.0000000,0.0000000,1.0000000,0.0679218,-0.0006812,-0.0859408,0.2832658,-0.2527339,-0.3873237,0.0636343,0.0005701,-0.0876739,0.2813313,-0.4831430,-0.2214493,0.0000000,0.0000000,0.0000000,0.0590804,0.0000000,0.0000000,0.0000000,0.0000000,0.0564695,0.0000000
-0.0413571,0.0109226,-0.1450574,0.0000000,0.0000000,0.0000000,1.0000000,0.0676851,-0.0006813,-0.0859415,0.2832670,-0.2530910,-0.3870197,0.0633976,0.0005703,-0.0876732,0.2813301,-0.4826709,-0.2217275,0.0000000,0.0000000,0.0000000,0.0590804,0.0000000,0.0000000,0.0000000,0.0000000,0.0564695,0.0000000
-0.0413571,0.0111494,-0.1450425,0.0000000,0.0000000,0.0000000,1.0000000,0.0674319,-0.0006813,-0.0859423,0.2832683,-0.2534731,-0.3866947,0.0631444,0.0005705,-0.0876724,0.2813288,-0.4821660,-0.2220251,0.0000000,0.0000000,0.0000000,0.0590804,0.0000000,0.0000000,0.0000000,0.0000000,0.0564695,0.0000000
-0.0413571,0.0113912,-0.1450267,0.0000000,0.0000000,0.0000000,1.0000000,0.0671619,-0.0006813,-0.0859432,0.2832696,-0.2538806,-0.3863482,0.0628744,0.0005708,-0.0876716,0.2813274,-0.4816279,-0.2223425,0.0000000,0.0000000,0.0000000,0.0590804,0.0000000,0.0000000,0.0000000,0.0000000,0.0564695,0.0000000
-0.0413571,0.0116482,-0.1450100,0.0000000,0.0000000,0.0000000,1.0000000,0.0668751,-0.0006813,-0.0859441,0.2832711,-0.2543136,-0.3859800,0.0625875,0.0005710,-0.0876708,0.2813260,-0.4810561,-0.2226798,0.0000000,0.0000000,0.0000000,0.0590804,0.0000000,0.0000000,0.0000000,0.0000000,0.0564695,0.0000000
-0.0413571,0.0119204,-0.1449924,0.0000000,0.0000000,0.0000000,1.0000000,0.0665712,-0.0006814,-0.0859451,0.2832726,-0.2547725,-0.3855901,0.0622836,0.0005713,-0.0876699,0.2813245,-0.4804503,-0.2230373,0.0000000,0.0000000,0.0000000,0.0590804,0.0000000,0.0000000,0.0000000,0.0000000,0.0564695,0.0000000
-0.0413571,0.0122081,-0.1449739,0.0000000,0.0000000,0.0000000,1.0000000,0.0662501,-0.0006814,-0.0859461,0.2832742,-0.2552575,-0.3851781,0.0619625,0.0005716,-0.0876689,0.2813228,-0.4798104,-0.2234151,0.0000000,0.0000000,0.0000000,0.0590804,0.0000000,0.0000000,0.0000000,0.0000000,0.0564695,0.0000000
-0.0413571,0.0125113,-0.1449545,0.0000000,0.0000000,0.0000000,1.0000000,0.0659117,-0.0006814,-0.0859472,0.2832759,-0.2557687,-0.3847442,0.0616240,0.0005719,-0.0876679,0.2813211,-0.4791362,-0.2238133,0.0000000,0.0000000,0.0000000,0.0590804,0.0000000,0.0000000,0.0000000,0.0000000,0.0564695,0.0000000
-0.0413571,0.0128300,-0.1449342,0.0000000,0.0000000,0.0000000,1.0000000,0.0655559,-0.0006815,-0.0859484,0.2832777,-0.2563062,-0.3842880,0.0612683,0.0005722,-0.0876669,0.2813193,-0.4784276,-0.2242321,0.0000000,0.0000000,0.0000000,0.0590804,0.0000000,0.0000000,0.0000000,0.0000000,0.0564695,0.0000000
-0.0413571,0.0131643,-0.1449130,0.0000000,0.0000000,0.0000000,1.0000000,0.0651828,-0.0006815,-0.0859495,0.2832796,-0.2568701,-0.3838098,0.0608951,0.0005725,-0.0876658,0.2813174,-0.4776846,-0.2246714,0.0000000,0.0000000,0.0000000,0.0590804,0.0000000,0.0000000,0.0000000,0.0000000,0.0564695,0.0000000
-0.0413571,0.0135141,-0.1448910,0.0000000,0.0000000,0.0000000,1.0000000,0.0647923,-0.0006815,-0.0859508,0.2832816,-0.2574604,-0.3833094,0.0605046,0.0005729,-0.0876646,0.2813154,-0.4769071,-0.2251313,0.0000000,0.0000000,0.0000000,0.0590804,0.0000000,0.0000000,0.0000000,0.0000000,0.0564695,0.0000000
-0.0413571,0.0138795,-0.1448682,0.0000000,0.0000000,0.0000000,1.0000000,0.0643845,-0.0006816,-0.0859521,0.2832836,-0.2580771,-0.3827869,0.0600967,0.0005732,-0.0876634,0.2813134,-0.4760952,-0.2256118,0.0000000,0.0000000,0.0000000,0.0590804,0.0000000,0.0000000,0.0000000,0.0000000,0.0564695,0.0000000
-0.0413571,0.0142605,-0.1448445,0.0000000,0.0000000,0.0000000,1.0000000,0.0639593,-0.0006816,-0.0859535,0.2832858,-0.2587202,-0.3822424,0.0596715,0.0005736,-0.0876621,0.2813112,-0.4752491,-0.2261128,0.0000000,0.0000000,0.0000000,0.0590804,0.0000000,0.0000000,0.0000000,0.0000000,0.0564695,0.0000000
-0.0413571,0.0146569,-0.1448201,0.0000000,0.0000000,0.0000000,1.0000000,0.0635170,-0.0006817,-0.0859549,0.2832880,-0.2593895,-0.3816759,0.0592291,0.0005740,-0.0876608,0.2813090,-0.4743689,-0.2266343,0.0000000,0.0000000,0.0000000,0.0590804,0.0000000,0.0000000,0.0000000,0.0000000,0.0564695,0.0000000
-0.0413571,0.0150686,-0.1447948,0.0000000,0.0000000,0.0000000,1.0000000,0.0630574,-0.0006817,-0.0859564,0.2832903,-0.2600850,-0.3810878,0.0587696,0.0005744,-0.0876595,0.2813066,-0.4734548,-0.2271762,0.0000000,0.0000000,0.0000000,0.0590804,0.0000000,0.0000000,0.0000000,0.0000000,0.0564695,0.0000000
-0.0413571,0.0154956,-0.1447689,0.0000000,0.0000000,0.0000000,1.0000000,0.0625809,-0.0006818,-0.0859579,0.2832927,-0.2608064,-0.3804781,0.0582930,0.0005749,-0.0876581,0.2813042,-0.4725072,-0.2277383,0.0000000,0.0000000,0.0000000,0.0590804,0.0000000,0.0000000,0.0000000,0.0000000,0.0564695,0.0000000
-0.0413571,0.0159377,-0.1447423,0.0000000,0.0000000,0.0000000,1.0000000,0.0620876,-0.0006818,-0.0859595,0.2832952,-0.2615535,-0.3798471,0.0577996,0.0005753,-0.0876566,0.2813017,-0.4715264,-0.2283205,0.0000000,0.0000000,0.0000000,0.0590804,0.0000000,0.0000000,0.0000000,0.0000000,0.0564695,0.0000000
-0.0413571,0.0163948,-0.1447149,0.0000000,0.0000000,0.0000000,1.0000000,0.0615775,-0.0006819,-0.0859611,0.2832978,-0.2623262,-0.3791950,0.0572896,0.0005757,-0.0876551,0.2812991,-0.4705127,-0.2289226,0.0000000,0.0000000,0.0000000,0.0590804,0.0000000,0.0000000,0.0000000,0.0000000,0.0564695,0.0000000
-0.0413571,0.0168666,-0.1446870,0.0000000,0.0000000,0.0000000,1.0000000,0.0610510,-0.0006819,-0.0859628,0.2833004,-0.2631241,-0.3785220,0.0567630,0.0005762,-0.0876535,0.2812965,-0.4694665,-0.2295444,0.0000000,0.0000000,0.0000000,0.0590804,0.0000000,0.0000000,0.0000000,0.0000000,0.0564695,0.0000000
-0.0413571,0.0173530,-0.1446584,0.0000000,0.0000000,0.0000000,1.0000000,0.0605083,-0.0006820,-0.0859646,0.2833032,-0.2639469,-0.3778286,0.0562202,0.0005767,-0.0876519,0.2812937,-0.4683884,-0.2301857,0.0000000,0.0000000,0.0000000,0.0590804,0.0000000,0.0000000,0.0000000,0.0000000,0.0564695,0.0000000
-0.0413571,0.0178538,-0.1446293,0.0000000,0.0000000,0.0000000,1.0000000,0.0599495,-0.0006820,-0.0859663,0.2833060,-0.2647943,-0.3771150,0.0556614,0.0005772,-0.0876503,0.2812909,-0.4672788,-0.2308445,0.0000000,0.0000000,0.0000000,0.0590804,0.0000000,0.0000000,0.0000000,0.0000000,0.0564695,0.0000000
-0.0413571,0.0183687,-0.1445997,0.0000000,0.0000000,0.0000000,1.0000000,0.0593750,-0.0006821,-0.0859682,0.2833089,-0.2656660,-0.3763815,0.0550868,0.0005777,-0.0876485,0.2812880,-0.4661380,-0.2315192,0.0000000,0.0000000,0.0000000,0.0590804,0.0000000,0.0000000,0.0000000,0.0000000,0.0564695,0.0000000
-0.0413571,0.0188974,-0.1445695,0.0000000,0.0000000,0.0000000,1.0000000,0.0587850,-0.0006822,-0.0859701,0.2833119,-0.2665614,-0.3756287,0.0544968,0.0005782,-0.0876468,0.2812850,-0.4649670,-0.2322125,0.0000000,0.0000000,0.0000000,0.0590804,0.0000000,0.0000000,0.0000000,0.0000000,0.0564695,0.0000000
-0.0413571,0.0194398,-0.1445389,0.0000000,0.0000000,0.0000000,1.0000000,0.0581799,-0.0006822,-0.0859720,0.2833149,-0.2674802,-0.3748568,0.0538916,0.0005788,-0.0876450,0.2812819,-0.4637663,-0.2329239,0.0000000,0.0000000,0.0000000,0.0590804,0.0000000,0.0000000,0.0000000,0.0000000,0.0564695,0.0000000
-0.0413571,0.0199955,-0.1445079,0.0000000,0.0000000,0.0000000,1.0000000,0.0575599,-0.0006823,-0.0859740,0.2833180,-0.2684219,-0.3740664,0.0532716,0.0005793,-0.0876432,0.2812788,-0.4625367,-0.2336530,0.0000000,0.0000000,0.0000000,0.0590804,0.0000000,0.0000000,0.0000000,0.0000000,0.0564695,0.0000000
-0.0413571,0.0205642,-0.1444766,0.0000000,0.0000000,0.0000000,1.0000000,0.0569255,-0.0006823,-0.0859761,0.2833212,-0.2693860,-0.3732579,0.0526371,0.0005799,-0.0876413,0.2812755,-0.4612788,-0.2343996,0.0000000,0.0000000,0.0000000,0.0590804,0.0000000,0.0000000,0.0000000,0.0000000,0.0564695,0.0000000
-0.0413571,0.0211456,-0.1444449,0.0000000,0.0000000,0.0000000,1.0000000,0.0562769,-0.0006824,-0.0859782,0.2833245,-0.2703720,-0.3724317,0.0519885,0.0005805,-0.0876394,0.2812723,-0.4599935,-0.2351632,0.0000000,0.0000000,0.0000000,0.0590804,0.0000000,0.0000000,0.0000000,0.0000000,0.0564695,0.0000000
-0.0413571,0.0217393,-0.1444129,0.0000000,0.0000000,0.0000000,1.0000000,0.0556146,-0.0006825,-0.0859803,0.2833278,-0.2713794,-0.3715885,0.0513261,0.0005811,-0.0876374,0.2812689,-0.4586814,-0.2359434,0.0000000,0.0000000,0.0000000,0.0590804,0.0000000,0.0000000,0.0000000,0.0000000,0.0564695,0.0000000
-0.0413571,0.0223450,-0.1443807,0.0000000,0.0000000,0.0000000,1.0000000,0.0549389,-0.0006825,-0.0859825,0.2833313,-0.2724075,-0.3707286,0.0506504,0.0005817,-0.0876354,0.2812655,-0.4573434,-0.2367397,0.0000000,0.0000000,0.0000000,0.0590804,0.0000000,0.0000000,0.0000000,0.0000000,0.0564695,0.0000000
-0.0413571,0.0229624,-0.1443482,0.0000000,0.0000000,0.0000000,1.0000000,0.0542503,-0.0006826,-0.0859847,0.2833347,-0.2734559,-0.3698527,0.0499617,0.0005823,-0.0876333,0.2812620,-0.4559803,-0.2375518,0.0000000,0.0000000,0.0000000,0.0590804,0.0000000,0.0000000,0.0000000,0.0000000,0.0564695,0.0000000
-0.0413571,0.0235910,-0.1443157,0.0000000,0.0000000,0.0000000,1.0000000,0.0535491,-0.0006827,-0.0859869,0.2833383,-0.2745237,-0.3689613,0.0492605,0.0005829,-0.0876313,0.2812584,-0.4545931,-0.2383790,0.0000000,0.0000000,0.0000000,0.0590804,0.0000000,0.0000000,0.0000000,0.0000000,0.0564695,0.0000000
-0.0413571,0.0242304,-0.1442830,0.0000000,0.0000000,0.0000000,1.0000000,0.0528359,-0.0006827,-0.0859892,0.2833419,-0.2756105,-0.3680550,0.0485472,0.0005835,-0.0876291,0.2812548,-0.4531826,-0.2392210,0.0000000,0.0000000,0.0000000,0.0590804,0.0000000,0.0000000,0.0000000,0.0000000,0.0564695,0.0000000
-0.0413571,0.0248803,-0.1442503,0.0000000,0.0000000,0.0000000,1.0000000,0.0521110,-0.0006828,-0.0859915,0.2833455,-0.2767155,-0.3671345,0.0478223,0.0005842,-0.0876270,0.2812511,-0.4517497,-0.2400771,0.0000000,0.0000000,0.0000000,0.0590804,0.0000000,0.0000000,0.0000000,0.0000000,0.0564695,0.0000000
-0.0413571,0.0255402,-0.1442175,0.0000000,0.0000000,0.0000000,1.0000000,0.0513750,-0.0006829,-0.0859939,0.2833492,-0.2778381,-0.3662002,0.0470863,0.0005848,-0.0876248,0.2812474,-0.4502954,-0.2409470,0.0000000,0.0000000,0.0000000,0.0590804,0.0000000,0.0000000,0.0000000,0.0000000,0.0564695,0.0000000
-0.0413571,0.0262098,-0.1441848,0.0000000,0.0000000,0.0000000,1.0000000,0.0506283,-0.0006830,-0.0859963,0.2833530,-0.2789776,-0.3652529,0.0463395,0.0005855,-0.0876226,0.2812436,-0.4488207,-0.2418300,0.0000000,0.0000000,0.0000000,0.0590804,0.0000000,0.0000000,0.0000000,0.0000000,0.0564695,0.0000000
-0.0413571,0.0268884,-0.1441521,0.0000000,0.0000000,0.0000000,1.0000000,0.0498715,-0.0006830,-0.0859988,0.2833568,-0.2801331,-0.3642932,0.0455826,0.0005862,-0.0876203,0.2812397,-0.4473267,-0.2427255,0.0000000,0.0000000,0.0000000,0.0590804,0.0000000,0.0000000,0.0000000,0.0000000,0.0564695,0.0000000
-0.0413571,0.0275758,-0.1441195,0.0000000,0.0000000,0.0000000,1.0000000,0.0491049,-0.0006831,-0.0860012,0.2833607,-0.2813041,-0.3633218,0.0448160,0.0005869,-0.0876181,0.2812359,-0.4458142,-0.2436331,0.0000000,0.0000000,0.0000000,0.0590804,0.0000000,0.0000000,0.0000000,0.0000000,0.0564695,0.0000000
-0.0413571,0.0282714,-0.1440871,0.0000000,0.0000000,0.0000000,1.0000000,0.0483292,-0.0006832,-0.0860037,0.2833646,-0.2824896,-0.3623393,0.0440402,0.0005876,-0.0876158,0.2812319,-0.4442843,-0.2445520,0.0000000,0.0000000,0.0000000,0.0590804,0.0000000,0.0000000,0.0000000,0.0000000,0.0564695,0.0000000
-0.0413571,0.0289748,-0.1440549,0.0000000,0.0000000,0.0000000,1.0000000,0.0475448,-0.0006833,-0.0860063,0.2833685,-0.2836890,-0.3613464,0.0432558,0.0005883,-0.0876134,0.2812279,-0.4427382,-0.2454818,0.0000000,0.0000000,0.0000000,0.0590804,0.0000000,0.0000000,0.0000000,0.0000000,0.0564695,0.0000000
-0.0413571,0.0296855,-0.1440228,0.0000000,0.0000000,0.0000000,1.0000000,0.0467524,-0.0006833,-0.0860088,0.2833725,-0.2849014,-0.3603439,0.0424633,0.0005890,-0.0876111,0.2812239,-0.4411769,-0.2464217,0.0000000,0.0000000,0.0000000,0.0590804,0.0000000,0.0000000,0.0000000,0.0000000,0.0564695,0.0000000
-0.0413571,0.0304030,-0.1439911,0.0000000,0.0000000,0.0000000,1.0000000,0.0459523,-0.0006834,-0.0860114,0.2833766,-0.2861260,-0.3593323,0.0416633,0.0005897,-0.0876087,0.2812199,-0.4396015,-0.2473712,0.0000000,0.0000000,0.0000000,0.0590804,0.0000000,0.0000000,0.0000000,0.0000000,0.0564695,0.0000000
-0.0413571,0.0311268,-0.1439597,0.0000000,0.0000000,0.0000000,1.0000000,0.0451453,-0.0006835,-0.0860140,0.2833806,-0.2873620,-0.3583125,0.0408562,0.0005904,-0.0876063,0.2812158,-0.4380289,-0.2483300,0.0000000,0.0000000,0.0000000,0.0590804,0.0000000,0.0000000,0.0000000,0.0000000,0.0564695,0.0000000
-0.0413571,0.0318564,-0.1439286,0.0000000,0.0000000,0.0000000,1.0000000,0.0443318,-0.0006836,-0.0860166,0.2833847,-0.2886085,-0.3572851,0.0400426,0.0005911,-0.0876039,0.2812116,-0.4365184,-0.2492991,0.0000000,0.0000000,0.0000000,0.0590804,0.0000000,0.0000000,0.0000000,0.0000000,0.0564695,0.0000000
-0.0413571,0.0325913,-0.1438978,0.0000000,0.0000000,0.0000000,1.0000000,0.0435124,-0.0006837,-0.0860192,0.2833889,-0.2898648,-0.3562510,0.0392232,0.0005919,-0.0876014,0.2812075,-0.4349977,-0.2502757,0.0000000,0.0000000,0.0000000,0.0590804,0.0000000,0.0000000,0.0000000,0.0000000,0.0564695,0.0000000
-0.0413571,0.0333311,-0.1438675,0.0000000,0.0000000,0.0000000,1.0000000,0.0426878,-0.0006837,-0.0860219,0.2833930,-0.2911298,-0.3552107,0.0383985,0.0005926,-0.0875990,0.2812033,-0.4334680,-0.2512593,0.0000000,0.0000000,0.0000000,0.0590804,0.0000000,0.0000000,0.0000000,0.0000000,0.0564695,0.0000000
-0.0413571,0.0340750,-0.1438376,0.0000000,0.0000000,0.0000000,1.0000000,0.0418584,-0.0006838,-0.0860246,0.2833972,-0.2924029,-0.3541651,0.0375691,0.0005934,-0.0875965,0.2811991,-0.4319303,-0.2522492,0.0000000,0.0000000,0.0000000,0.0590804,0.0000000,0.0000000,0.0000000,0.0000000,0.0564695,0.0000000
-0.0413571,0.0348227,-0.1438082,0.0000000,0.0000000,0.0000000,1.0000000,0.0410248,-0.0006839,-0.0860273,0.2834014,-0.2936830,-0.3531149,0.0367355,0.0005941,-0.0875940,0.2811948,-0.4303856,-0.2532446,0.0000000,0.0000000,0.0000000,0.0590804,0.0000000,0.0000000,0.0000000,0.0000000,0.0564695,0.0000000
-0.0413571,0.0355737,-0.1437793,0.0000000,0.0000000,0.0000000,1.0000000,0.0401877,-0.0006840,-0.0860300,0.2834056,-0.2949696,-0.3520609,0.0358983,0.0005949,-0.0875915,0.2811906,-0.4288352,-0.2542450,0.0000000,0.0000000,0.0000000,0.0590804,0.0000000,0.0000000,0.0000000,0.0000000,0.0564695,0.0000000
-0.0413571,0.0363273,-0.1437510,0.0000000,0.0000000,0.0000000,1.0000000,0.0393476,-0.0006841,-0.0860327,0.2834099,-0.2963105,-0.3510040,0.0350582,0.0005956,-0.0875890,0.2811863,-0.4272801,-0.2552495,0.0000000,0.0000000,0.0000000,0.0590804,0.0000000,0.0000000,0.0000000,0.0000000,0.0564695,0.0000000
-0.0413571,0.0370831,-0.1437231,0.0000000,0.0000000,0.0000000,1.0000000,0.0385051,-0.0006841,-0.0860354,0.2834141,-0.2976559,-0.3499447,0.0342157,0.0005964,-0.0875865,0.2811820,-0.4257213,-0.2562575,0.0000000,0.0000000,0.0000000,0.0590804,0.0000000,0.0000000,0.0000000,0.0000000,0.0564695,0.0000000
-0.0413571,0.0378405,-0.1436959,0.0000000,0.0000000,0.0000000,1.0000000,0.0376609,-0.0006842,-0.0860381,0.2834184,-0.2990050,-0.3488839,0.0333714,0.0005971,-0.0875840,0.2811778,-0.4241602,-0.2572683,0.0000000,0.0000000,0.0000000,0.0590804,0.0000000,0.0000000,0.0000000,0.0000000,0.0564695,0.0000000
-0.0413571,0.0385989,-0.1436693,0.0000000,0.0000000,0.0000000,1.0000000,0.0368155,-0.0006843,-0.0860408,0.2834227,-0.3003568,-0.3478224,0.0325259,0.0005979,-0.0875815,0.2811735,-0.4225976,-0.2582812,0.0000000,0.0000000,0.0000000,0.0590804,0.0000000,0.0000000,0.0000000,0.0000000,0.0564695,0.0000000
-0.0413571,0.0393580,-0.1436433,0.0000000,0.0000000,0.0000000,1.0000000,0.0359695,-0.0006844,-0.0860436,0.2834269,-0.3017103,-0.3467608,0.0316799,0.0005986,-0.0875790,0.2811692,-0.4210348,-0.2592954,0.0000000,0.0000000,0.0000000,0.0590804,0.0000000,0.0000000,0.0000000,0.0000000,0.0564695,0.0000000
-0.0413571,0.0401170,-0.1436179,0.0000000,0.0000000,0.0000000,1.0000000,0.0351235,-0.0006845,-0.0860463,0.2834312,-0.3030645,-0.3456999,0.0308339,0.0005994,-0.0875765,0.2811649,-0.4194729,-0.2603102,0.0000000,0.0000000,0.0000000,0.0590804,0.0000000,0.0000000,0.0000000,0.0000000,0.0564695,0.0000000
-0.0413571,0.0408754,-0.1435932,0.0000000,0.0000000,0.0000000,1.0000000,0.0342782,-0.0006846,-0.0860490,0.2834354,-0.3044186,-0.3446405,0.0299885,0.0006002,-0.0875739,0.2811606,-0.4179130,-0.2613249,0.0000000,0.0000000,0.0000000,0.0590804,0.0000000,0.0000000,0.0000000,0.0000000,0.0564695,0.0000000
-0.0413571,0.0416328,-0.1435692,0.0000000,0.0000000,0.0000000,1.0000000,0.0334340,-0.0006846,-0.0860518,0.2834397,-0.3057715,-0.3435833,0.0291444,0.0006009,-0.0875714,0.2811563,-0.4163561,-0.2623388,0.0000000,0.0000000,0.0000000,0.0590804,0.0000000,0.0000000,0.0000000,0.0000000,0.0564695,0.0000000
-0.0413571,0.0423886,-0.1435458,0.0000000,0.0000000,0.0000000,1.0000000,0.0325917,-0.0006847,-0.0860545,0.2834440,-0.3071229,-0.3425292,0.0283020,0.0006017,-0.0875689,0.2811520,-0.4148034,-0.2633512,0.0000000,0.0000000,0.0000000,0.0590804,0.0000000,0.0000000,0.0000000,0.0000000,0.0564695,0.0000000
-0.0413571,0.0431422,-0.1435232,0.0000000,0.0000000,0.0000000,1.0000000,0.0317519,-0.0006848,-0.0860572,0.2834482,-0.3084739,-0.3414793,0.0274621,0.0006024,-0.0875664,0.2811477,-0.4132560,-0.2643613,0.0000000,0.0000000,0.0000000,0.0590804,0.0000000,0.0000000,0.0000000,0.0000000,0.0564695,0.0000000
-0.0413571,0.0438932,-0.1435013,0.0000000,0.0000000,0.0000000,1.0000000,0.0309150,-0.0006849,-0.0860599,0.2834524,-0.3098208,-0.3404339,0.0266252,0.0006032,-0.0875639,0.2811435,-0.4117149,-0.2653684,0.0000000,0.0000000,0.0000000,0.0590804,0.0000000,0.0000000,0.0000000,0.0000000,0.0564695,0.0000000
-0.0413571,0.0446409,-0.1434800,0.0000000,0.0000000,0.0000000,1.0000000,0.0300817,-0.0006850,-0.0860626,0.2834566,-0.3111627,-0.3393935,0.0257919,0.0006039,-0.0875614,0.2811393,-0.4101813,-0.2663718,0.0000000,0.0000000,0.0000000,0.0590804,0.0000000,0.0000000,0.0000000,0.0000000,0.0564695,0.0000000
-0.0413571,0.0453849,-0.1434596,0.0000000,0.0000000,0.0000000,1.0000000,0.0292527,-0.0006850,-0.0860653,0.2834608,-0.3124985,-0.3383591,0.0249629,0.0006047,-0.0875590,0.2811350,-0.4086562,-0.2673708,0.0000000,0.0000000,0.0000000,0.0590804,0.0000000,0.0000000,0.0000000,0.0000000,0.0564695,0.0000000
-0.0413571,0.0461246,-0.1434398,0.0000000,0.0000000,0.0000000,1.0000000,0.0284284,-0.0006851,-0.0860679,0.2834650,-0.3138274,-0.3373312,0.0241385,0.0006054,-0.0875565,0.2811309,-0.4071406,-0.2683647,0.0000000,0.0000000,0.0000000,0.0590804,0.0000000,0.0000000,0.0000000,0.0000000,0.0564695,0.0000000
-0.0413571,0.0468595,-0.1434208,0.0000000,0.0000000,0.0000000,1.0000000,0.0276095,-0.0006852,-0.0860706,0.2834691,-0.3151483,-0.3363106,0.0233196,0.0006061,-0.0875541,0.2811267,-0.4056357,-0.2693527,0.0000000,0.0000000,0.0000000,0.0590804,0.0000000,0.0000000,0.0000000,0.0000000,0.0564695,0.0000000
-0.0413571,0.0475891,-0.1434025,0.0000000,0.0000000,0.0000000,1.0000000,0.0267964,-0.0006853,-0.0860732,0.2834732,-0.3164604,-0.3352980,0.0225065,0.0006069,-0.0875516,0.2811226,-0.4041424,-0.2703342,0.0000000,0.0000000,0.0000000,0.0590804,0.0000000,0.0000000,0.0000000,0.0000000,0.0564695,0.0000000
-0.0413571,0.0483129,-0.1433849,0.0000000,0.0000000,0.0000000,1.0000000,0.0259899,-0.0006853,-0.0860758,0.2834773,-0.3177628,-0.3342940,0.0217000,0.0006076,-0.0875492,0.2811185,-0.4026618,-0.2713084,0.0000000,0.0000000,0.0000000,0.0590804,0.0000000,0.0000000,0.0000000,0.0000000,0.0564695,0.0000000
-0.0413571,0.0490304,-0.1433681,0.0000000,0.0000000,0.0000000,1.0000000,0.0251905,-0.0006854,-0.0860784,0.2834813,-0.3190544,-0.3332995,0.0209005,0.0006083,-0.0875468,0.2811144,-0.4011949,-0.2722747,0.0000000,0.0000000,0.0000000,0.0590804,0.0000000,0.0000000,0.0000000,0.0000000,0.0564695,0.0000000
-0.0413571,0.0497411,-0.1433520,0.0000000,0.0000000,0.0000000,1.0000000,0.0243986,-0.0006855,-0.0860810,0.2834853,-0.3203344,-0.3323149,0.0201086,0.0006090,-0.0875445,0.2811104,-0.3997426,-0.2732324,0.0000000,0.0000000,0.0000000,0.0590804,0.0000000,0.0000000,0.0000000,0.0000000,0.0564695,0.0000000
-0.0413571,0.0504445,-0.1433366,0.0000000,0.0000000,0.0000000,1.0000000,0.0236148,-0.0006856,-0.0860835,0.2834892,-0.3216020,-0.3313410,0.0193248,0.0006097,-0.0875421,0.2811064,-0.3983060,-0.2741808,0.0000000,0.0000000,0.0000000,0.0590804,0.0000000,0.0000000,0.0000000,0.0000000,0.0564695,0.0000000
-0.0413571,0.0511401,-0.1433219,0.0000000,0.0000000,0.0000000,1.0000000,0.0228398,-0.0006856,-0.0860860,0.2834931,-0.3228561,-0.3303785,0.0185498,0.0006104,-0.0875398,0.2811025,-0.3968859,-0.2751193,0.0000000,0.0000000,0.0000000,0.0590804,0.0000000,0.0000000,0.0000000,0.0000000,0.0564695,0.0000000
-0.0413571,0.0518275,-0.1433080,0.0000000,0.0000000,0.0000000,1.0000000,0.0220739,-0.0006857,-0.0860885,0.2834970,-0.3240960,-0.3294279,0.0177839,0.0006111,-0.0875375,0.2810986,-0.3954834,-0.2760472,0.0000000,0.0000000,0.0000000,0.0590804,0.0000000,0.0000000,0.0000000,0.0000000,0.0564695,0.0000000
-0.0413571,0.0525062,-0.1432947,0.0000000,0.0000000,0.0000000,1.0000000,0.0213177,-0.0006858,-0.0860910,0.2835008,-0.3253208,-0.3284898,0.0170277,0.0006118,-0.0875353,0.2810947,-0.3940993,-0.2769639,0.0000000,0.0000000,0.0000000,0.0590804,0.0000000,0.0000000,0.0000000,0.0000000,0.0564695,0.0000000
-0.0413571,0.0531757,-0.1432821,0.0000000,0.0000000,0.0000000,1.0000000,0.0205718,-0.0006859,-0.0860934,0.2835046,-0.3265297,-0.3275650,0.0162817,0.0006125,-0.0875331,0.2810909,-0.3927346,-0.2778686,0.0000000,0.0000000,0.0000000,0.0590804,0.0000000,0.0000000,0.0000000,0.0000000,0.0564695,0.0000000
-0.0413571,0.0538356,-0.1432702,0.0000000,0.0000000,0.0000000,1.0000000,0.0198365,-0.0006859,-0.0860957,0.2835083,-0.3277218,-0.3266539,0.0155465,0.0006131,-0.0875309,0.2810872,-0.3913906,-0.2787597,0.0000000,0.0000000,0.0000000,0.0590804,0.0000000,0.0000000,0.0000000,0.0000000,0.0564695,0.0000000
-0.0413571,0.0544855,-0.1432589,0.0000000,0.0000000,0.0000000,1.0000000,0.0191125,-0.0006860,-0.0860981,0.2835119,-0.3288963,-0.3257571,0.0148224,0.0006138,-0.0875287,0.2810835,-0.3900905,-0.2796366,0.0000000,0.0000000,0.0000000,0.0590804,0.0000000,0.0000000,0.0000000,0.0000000,0.0564695,0.0000000
-0.0413571,0.0551249,-0.1432483,0.0000000,0.0000000,0.0000000,1.0000000,0.0184001,-0.0006861,-0.0861004,0.2835155,-0.3300525,-0.3248753,0.0141100,0.0006144,-0.0875266,0.2810799,-0.3888539,-0.2805010,0.0000000,0.0000000,0.0000000,0.0590804,0.0000000,0.0000000,0.0000000,0.0000000,0.0564695,0.0000000
-0.0413571,0.0557535,-0.1432383,0.0000000,0.0000000,0.0000000,1.0000000,0.0176997,-0.0006861,-0.0861027,0.2835191,-0.3311895,-0.3240088,0.0134096,0.0006150,-0.0875245,0.2810763,-0.3876388,-0.2813512,0.0000000,0.0000000,0.0000000,0.0590804,0.0000000,0.0000000,0.0000000,0.0000000,0.0564695,0.0000000
-0.0413571,0.0563709,-0.1432289,0.0000000,0.0000000,0.0000000,1.0000000,0.0170120,-0.0006862,-0.0861049,0.2835225,-0.3323067,-0.3231583,0.0127218,0.0006157,-0.0875224,0.2810728,-0.3864460,-0.2821866,0.0000000,0.0000000,0.0000000,0.0590804,0.0000000,0.0000000,0.0000000,0.0000000,0.0564695,0.0000000
-0.0413571,0.0569766,-0.1432201,0.0000000,0.0000000,0.0000000,1.0000000,0.0163371,-0.0006863,-0.0861071,0.2835259,-0.3334034,-0.3223243,0.0120470,0.0006163,-0.0875204,0.2810694,-0.3852763,-0.2830066,0.0000000,0.0000000,0.0000000,0.0590804,0.0000000,0.0000000,0.0000000,0.0000000,0.0564695,0.0000000
-0.0413571,0.0575703,-0.1432118,0.0000000,0.0000000,0.0000000,1.0000000,0.0156757,-0.0006863,-0.0861092,0.2835293,-0.3344788,-0.3215071,0.0113855,0.0006169,-0.0875184,0.2810660,-0.3841302,-0.2838109,0.0000000,0.0000000,0.0000000,0.0590804,0.0000000,0.0000000,0.0000000,0.0000000,0.0564695,0.0000000
-0.0413571,0.0581517,-0.1432042,0.0000000,0.0000000,0.0000000,1.0000000,0.0150280,-0.0006864,-0.0861113,0.2835325,-0.3355323,-0.3207074,0.0107378,0.0006175,-0.0875165,0.2810627,-0.3830084,-0.2845988,0.0000000,0.0000000,0.0000000,0.0590804,0.0000000,0.0000000,0.0000000,0.0000000,0.0564695,0.0000000
-0.0413571,0.0587204,-0.1431970,0.0000000,0.0000000,0.0000000,1.0000000,0.0143944,-0.0006864,-0.0861134,0.2835357,-0.3365632,-0.3199255,0.0101043,0.0006180,-0.0875146,0.2810595,-0.3819116,-0.2853699,0.0000000,0.0000000,0.0000000,0.0590804,0.0000000,0.0000000,0.0000000,0.0000000,0.0564695,0.0000000
-0.0413571,0.0592761,-0.1431904,0.0000000,0.0000000,0.0000000,1.0000000,0.0137754,-0.0006865,-0.0861154,0.2835389,-0.3375710,-0.3191618,0.0094852,0.0006186,-0.0875128,0.2810564,-0.3808403,-0.2861237,0.0000000,0.0000000,0.0000000,0.0590804,0.0000000,0.0000000,0.0000000,0.0000000,0.0564695,0.0000000
-0.0413571,0.0598185,-0.1431842,0.0000000,0.0000000,0.0000000,1.0000000,0.0131712,-0.0006866,-0.0861173,0.2835419,-0.3385550,-0.3184168,0.0088810,0.0006191,-0.0875110,0.2810533,-0.3797951,-0.2868598,0.0000000,0.0000000,0.0000000,0.0590804,0.0000000,0.0000000,0.0000000,0.0000000,0.0564695,0.0000000
-0.0413571,0.0603472,-0.1431785,0.0000000,0.0000000,0.0000000,1.0000000,0.0125821,-0.0006866,-0.0861193,0.2835449,-0.3395146,-0.3176907,0.0082919,0.0006197,-0.0875092,0.2810503,-0.3787765,-0.2875777,0.0000000,0.0000000,0.0000000,0.0590804,0.0000000,0.0000000,0.0000000,0.0000000,0.0564695,0.0000000
-0.0413571,0.0608621,-0.1431733,0.0000000,0.0000000,0.0000000,1.0000000,0.0120085,-0.0006867,-0.0861211,0.2835478,-0.3404495,-0.3169840,0.0077183,0.0006202,-0.0875075,0.2810474,-0.3777851,-0.2882771,0.0000000,0.0000000,0.0000000,0.0590804,0.0000000,0.0000000,0.0000000,0.0000000,0.0564695,0.0000000
-0.0413571,0.0613629,-0.1431685,0.0000000,0.0000000,0.0000000,1.0000000,0.0114506,-0.0006867,-0.0861229,0.2835506,-0.3413590,-0.3162970,0.0071604,0.0006207,-0.0875058,0.2810446,-0.3768212,-0.2889576,0.0000000,0.0000000,0.0000000,0.0590804,0.0000000,0.0000000,0.0000000,0.0000000,0.0564695,0.0000000
-0.0413571,0.0618493,-0.1431641,0.0000000,0.0000000,0.0000000,1.0000000,0.0109087,-0.0006868,-0.0861247,0.2835533,-0.3422428,-0.3156300,0.0066185,0.0006212,-0.0875042,0.2810418,-0.3758853,-0.2896189,0.0000000,0.0000000,0.0000000,0.0590804,0.0000000,0.0000000,0.0000000,0.0000000,0.0564695,0.0000000
-0.0413571,0.0623212,-0.1431601,0.0000000,0.0000000,0.0000000,1.0000000,0.0103831,-0.0006868,-0.0861264,0.2835560,-0.3431164,-0.3149834,0.0060929,0.0006216,-0.0875026,0.2810391,-0.3749777,-0.2902606,0.0000000,0.0000000,0.0000000,0.0590804,0.0000000,0.0000000,0.0000000,0.0000000,0.0564695,0.0000000
-0.0413571,0.0627782,-0.1431564,0.0000000,0.0000000,0.0000000,1.0000000,0.0098740,-0.0006869,-0.0861280,0.2835585,-0.3439843,-0.3143576,0.0055838,0.0006221,-0.0875011,0.2810365,-0.3740989,-0.2908825,0.0000000,0.0000000,0.0000000,0.0590804,0.0000000,0.0000000,0.0000000,0.0000000,0.0564695,0.0000000
-0.0413571,0.0632203,-0.1431531,0.0000000,0.0000000,0.0000000,1.0000000,0.0093815,-0.0006869,-0.0861296,0.2835610,-0.3448240,-0.3137525,0.0050913,0.0006225,-0.0874996,0.2810340,-0.3732492,-0.2914842,0.0000000,0.0000000,0.0000000,0.0590804,0.0000000,0.0000000,0.0000000,0.0000000,0.0564695,0.0000000
-0.0413571,0.0636473,-0.1431501,0.0000000,0.0000000,0.0000000,1.0000000,0.0089058,-0.0006870,-0.0861312,0.2835634,-0.3456353,-0.3131682,0.0046156,0.0006230,-0.0874982,0.2810316,-0.3724287,-0.2920656,0.0000000,0.0000000,0.0000000,0.0590804,0.0000000,0.0000000,0.0000000,0.0000000,0.0564695,0.0000000
-0.0413571,0.0640590,-0.1431475,0.0000000,0.0000000,0.0000000,1.0000000,0.0084471,-0.0006870,-0.0861327,0.2835657,-0.3464179,-0.3126051,0.0041569,0.0006234,-0.0874968,0.2810293,-0.3716378,-0.2926264,0.0000000,0.0000000,0.0000000,0.0590804,0.0000000,0.0000000,0.0000000,0.0000000,0.0564695,0.0000000
-0.0413571,0.0644554,-0.1431450,0.0000000,0.0000000,0.0000000,1.0000000,0.0080056,-0.0006870,-0.0861341,0.2835679,-0.3471715,-0.3120631,0.0037153,0.0006238,-0.0874955,0.2810270,-0.3708766,-0.2931665,0.0000000,0.0000000,0.0000000,0.0590804,0.0000000,0.0000000,0.0000000,0.0000000,0.0564695,0.0000000
-0.0413571,0.0648364,-0.1431429,0.0000000,0.0000000,0.0000000,1.0000000,0.0075812,-0.0006871,-0.0861355,0.2835701,-0.3478960,-0.3115424,0.0032910,0.0006242,-0.0874942,0.2810249,-0.3701453,-0.2936857,0.0000000,0.0000000,0.0000000,0.0590804,0.0000000,0.0000000,0.0000000,0.0000000,0.0564695,0.0000000
-0.0413571,0.0652018,-0.1431410,0.0000000,0.0000000,0.0000000,1.0000000,0.0071741,-0.0006871,-0.0861368,0.2835721,-0.3485911,-0.3110431,0.0028839,0.0006245,-0.0874930,0.2810228,-0.3694439,-0.2941839,0.0000000,0.0000000,0.0000000,0.0590804,0.0000000,0.0000000,0.0000000,0.0000000,0.0564695,0.0000000
-0.0413571,0.0655517,-0.1431393,0.0000000,0.0000000,0.0000000,1.0000000,0.0067844,-0.0006871,-0.0861381,0.2835741,-0.3492569,-0.3105652,0.0024942,0.0006249,-0.0874919,0.2810208,-0.3687726,-0.2946611,0.0000000,0.0000000,0.0000000,0.0590804,0.0000000,0.0000000,0.0000000,0.0000000,0.0564695,0.0000000
-0.0413571,0.0658859,-0.1431378,0.0000000,0.0000000,0.0000000,1.0000000,0.0064120,-0.0006872,-0.0861393,0.2835760,-0.3498931,-0.3101087,0.0021218,0.0006252,-0.0874907,0.2810189,-0.3681314,-0.2951171,0.0000000,0.0000000,0.0000000,0.0590804,0.0000000,0.0000000,0.0000000,0.0000000,0.0564695,0.0000000
-0.0413571,0.0662046,-0.1431365,0.0000000,0.0000000,0.0000000,1.0000000,0.0060570,-0.0006872,-0.0861404,0.2835778,-0.3504998,-0.3096737,0.0017668,0.0006255,-0.0874897,0.2810171,-0.3675202,-0.2955520,0.0000000,0.0000000,0.0000000,0.0590804,0.0000000,0.0000000,0.0000000,0.0000000,0.0564695,0.0000000
-0.0413571,0.0665078,-0.1431353,0.0000000,0.0000000,0.0000000,1.0000000,0.0057192,-0.0006872,-0.0861415,0.2835795,-0.3510771,-0.3092599,0.0014290,0.0006258,-0.0874887,0.2810154,-0.3669389,-0.2959658,0.0000000,0.0000000,0.0000000,0.0590804,0.0000000,0.0000000,0.0000000,0.0000000,0.0564695,0.0000000
-0.0413571,0.0667955,-0.1431344,0.0000000,0.0000000,0.0000000,1.0000000,0.0053988,-0.0006873,-0.0861426,0.2835811,-0.3516250,-0.3088674,0.0011086,0.0006261,-0.0874877,0.2810138,-0.3663875,-0.2963586,0.0000000,0.0000000,0.0000000,0.0590804,0.0000000,0.0000000,0.0000000,0.0000000,0.0564695,0.0000000
-0.0413571,0.0670677,-0.1431335,0.0000000,0.0000000,0.0000000,1.0000000,0.0050955,-0.0006873,-0.0861436,0.2835826,-0.3521437,-0.3084960,0.0008053,0.0006264,-0.0874868,0.2810122,-0.3658656,-0.2967304,0.0000000,0.0000000,0.0000000,0.0590804,0.0000000,0.0000000,0.0000000,0.0000000,0.0564695,0.0000000
-0.0413571,0.0673247,-0.1431328,0.0000000,0.0000000,0.0000000,1.0000000,0.0048092,-0.0006873,-0.0861445,0.2835841,-0.3526333,-0.3081455,0.0005190,0.0006267,-0.0874859,0.2810108,-0.3653732,-0.2970814,0.0000000,0.0000000,0.0000000,0.0590804,0.0000000,0.0000000,0.0000000,0.0000000,0.0564695,0.0000000
-0.0413571,0.0675665,-0.1431322,0.0000000,0.0000000,0.0000000,1.0000000,0.0045398,-0.0006874,-0.0861454,0.2835854,-0.3530942,-0.3078158,0.0002496,0.0006269,-0.0874851,0.2810094,-0.3649100,-0.2974117,0.0000000,0.0000000,0.0000000,0.0590804,0.0000000,0.0000000,0.0000000,0.0000000,0.0564695,0.0000000
-0.0413571,0.0677934,-0.1431317,0.0000000,0.0000000,0.0000000,1.0000000,0.0042872,-0.0006874,-0.0861462,0.2835867,-0.3535265,-0.3075065,-0.0000030,0.0006271,-0.0874844,0.2810081,-0.3644755,-0.2977217,0.0000000,0.0000000,0.0000000,0.0590804,0.0000000,0.0000000,0.0000000,0.0000000,0.0564695,0.0000000
-0.0413571,0.0680054,-0.1431312,0.0000000,0.0000000,0.0000000,1.0000000,0.0040510,-0.0006874,-0.0861469,0.2835879,-0.3539307,-0.3072175,-0.0002392,0.0006274,-0.0874837,0.2810069,-0.3640694,-0.2980115,0.0000000,0.0000000,0.0000000,0.0590804,0.0000000,0.0000000,0.0000000,0.0000000,0.0564695,0.0000000
-0.0413571,0.0682028,-0.1431309,0.0000000,0.0000000,0.0000000,1.0000000,0.0038310,-0.0006874,-0.0861477,0.2835890,-0.3543072,-0.3069485,-0.0004592,0.0006276,-0.0874830,0.2810058,-0.3636913,-0.2982814,0.0000000,0.0000000,0.0000000,0.0590804,0.0000000,0.0000000,0.0000000,0.0000000,0.0564695,0.0000000
-0.0413571,0.0683860,-0.1431306,0.0000000,0.0000000,0.0000000,1.0000000,0.0036270,-0.0006874,-0.0861483,0.2835900,-0.3546564,-0.3066989,-0.0006632,0.0006277,-0.0874824,0.2810048,-0.3633407,-0.2985318,0.0000000,0.0000000,0.0000000,0.0590804,0.0000000,0.0000000,0.0000000,0.0000000,0.0564695,0.0000000
-0.0413571,0.0685551,-0.1431304,0.0000000,0.0000000,0.0000000,1.0000000,0.0034386,-0.0006875,-0.0861489,0.2835910,-0.3549789,-0.3064686,-0.0008516,0.0006279,-0.0874818,0.2810038,-0.3630170,-0.2987630,0.0000000,0.0000000,0.0000000,0.0590804,0.0000000,0.0000000,0.0000000,0.0000000,0.0564695,0.0000000
-0.0413571,0.0687105,-0.1431302,0.0000000,0.0000000,0.0000000,1.0000000,0.0032656,-0.0006875,-0.0861495,0.2835918,-0.3552752,-0.3062569,-0.0010246,0.0006281,-0.0874813,0.2810029,-0.3627196,-0.2989755,0.0000000,0.0000000,0.0000000,0.0590804,0.0000000,0.0000000,0.0000000,0.0000000,0.0564695,0.0000000
-0.0413571,0.0688525,-0.1431300,0.0000000,0.0000000,0.0000000,1.0000000,0.0031074,-0.0006875,-0.0861500,0.2835926,-0.3555461,-0.3060635,-0.0011828,0.0006282,-0.0874808,0.2810021,-0.3624478,-0.2991697,0.0000000,0.0000000,0.0000000,0.0590804,0.0000000,0.0000000,0.0000000,0.0000000,0.0564695,0.0000000
-0.0413571,0.0689815,-0.1431299,0.0000000,0.0000000,0.0000000,1.0000000,0.0029637,-0.0006875,-0.0861505,0.2835934,-0.3557923,-0.3058878,-0.0013265,0.0006283,-0.0874804,0.2810014,-0.3622009,-0.2993462,0.0000000,0.0000000,0.0000000,0.0590804,0.0000000,0.0000000,0.0000000,0.0000000,0.0564695,0.0000000
-0.0413571,0.0690979,-0.1431298,0.0000000,0.0000000,0.0000000,1.0000000,0.0028340,-0.0006875,-0.0861509,0.2835940,-0.3560144,-0.3057293,-0.0014562,0.0006285,-0.0874800,0.2810007,-0.3619781,-0.2995054,0.0000000,0.0000000,0.0000000,0.0590804,0.0000000,0.0000000,0.0000000,0.0000000,0.0564695,0.0000000
-0.0413571,0.0692022,-0.1431297,0.0000000,0.0000000,0.0000000,1.0000000,0.0027178,-0.0006875,-0.0861513,0.2835946,-0.3562134,-0.3055873,-0.0015724,0.0006286,-0.0874797,0.2810002,-0.3617786,-0.2996481,0.0000000,0.0000000,0.0000000,0.0590804,0.0000000,0.0000000,0.0000000,0.0000000,0.0564695,0.0000000
-0.0413571,0.0692948,-0.1431297,0.0000000,0.0000000,0.0000000,1.0000000,0.0026146,-0.0006875,-0.0861516,0.2835951,-0.3563902,-0.3054612,-0.0016756,0.0006286,-0.0874794,0.2809996,-0.3616013,-0.2997749,0.0000000,0.0000000,0.0000000,0.0590804,0.0000000,0.0000000,0.0000000,0.0000000,0.0564695,0.0000000
-0.0413571,0.0693763,-0.1431297,0.0000000,0.0000000,0.0000000,1.0000000,0.0025238,-0.0006875,-0.0861519,0.2835956,-0.3565457,-0.3053502,-0.0017664,0.0006287,-0.0874791,0.2809992,-0.3614454,-0.2998864,0.0000000,0.0000000,0.0000000,0.0590804,0.0000000,0.0000000,0.0000000,0.0000000,0.0564695,0.0000000
-0.0413571,0.0694472,-0.1431296,0.0000000,0.0000000,0.0000000,1.0000000,0.0024448,-0.0006875,-0.0861522,0.2835960,-0.3566810,-0.3052537,-0.0018454,0.0006288,-0.0874789,0.2809988,-0.3613098,-0.2999834,0.0000000,0.0000000,0.0000000,0.0590804,0.0000000,0.0000000,0.0000000,0.0000000,0.0564695,0.0000000
-0.0413571,0.0695081,-0.1431296,0.0000000,0.0000000,0.0000000,1.0000000,0.0023770,-0.0006876,-0.0861524,0.2835963,-0.3567972,-0.3051709,-0.0019132,0.0006289,-0.0874787,0.2809984,-0.3611933,-0.3000667,0.0000000,0.0000000,0.0000000,0.0590804,0.0000000,0.0000000,0.0000000,0.0000000,0.0564695,0.0000000
-0.0413571,0.0695596,-0.1431296,0.0000000,0.0000000,0.0000000,1.0000000,0.0023196,-0.0006876,-0.0861526,0.2835966,-0.3568955,-0.3051008,-0.0019706,0.0006289,-0.0874785,0.2809981,-0.3610948,-0.3001372,0.0000000,0.0000000,0.0000000,0.0590804,0.0000000,0.0000000,0.0000000,0.0000000,0.0564695,0.0000000
-0.0413571,0.0696024,-0.1431296,0.0000000,0.0000000,0.0000000,1.0000000,0.0022720,-0.0006876,-0.0861527,0.2835968,-0.3569771,-0.3050425,-0.0020182,0.0006290,-0.0874783,0.2809979,-0.3610130,-0.3001958,0.0000000,0.0000000,0.0000000,0.0590804,0.0000000,0.0000000,0.0000000,0.0000000,0.0564695,0.0000000
-0.0413571,0.0696371,-0.1431296,0.0000000,0.0000000,0.0000000,1.0000000,0.0022333,-0.0006876,-0.0861528,0.2835970,-0.3570434,-0.3049953,-0.0020569,0.0006290,-0.0874782,0.2809977,-0.3609466,-0.3002433,0.0000000,0.0000000,0.0000000,0.0590804,0.0000000,0.0000000,0.0000000,0.0000000,0.0564695,0.0000000
-0.0413571,0.0696645,-0.1431296,0.0000000,0.0000000,0.0000000,1.0000000,0.0022027,-0.0006876,-0.0861529,0.2835972,-0.3570958,-0.3049579,-0.0020875,0.0006290,-0.0874781,0.2809975,-0.3608941,-0.3002809,0.0000000,0.0000000,0.0000000,0.0590804,0.0000000,0.0000000,0.0000000,0.0000000,0.0564695,0.0000000
-0.0413571,0.0696854,-0.1431296,0.0000000,0.0000000,0.0000000,1.0000000,0.0021794,-0.0006876,-0.0861530,0.2835973,-0.3571357,-0.3049295,-0.0021108,0.0006290,-0.0874781,0.2809974,-0.3608541,-0.3003095,0.0000000,0.0000000,0.0000000,0.0590804,0.0000000,0.0000000,0.0000000,0.0000000,0.0564695,0.0000000
-0.0413571,0.0697006,-0.1431296,0.0000000,0.0000000,0.0000000,1.0000000,0.0021625,-0.0006876,-0.0861531,0.2835974,-0.3571647,-0.3049088,-0.0021277,0.0006291,-0.0874780,0.2809973,-0.3608251,-0.3003303,0.0000000,0.0000000,0.0000000,0.0590804,0.0000000,0.0000000,0.0000000,0.0000000,0.0564695,0.0000000
-0.0413571,0.0697110,-0.1431296,0.0000000,0.0000000,0.0000000,1.0000000,0.0021510,-0.0006876,-0.0861531,0.2835975,-0.3571844,-0.3048948,-0.0021392,0.0006291,-0.0874780,0.2809973,-0.3608053,-0.3003444,0.0000000,0.0000000,0.0000000,0.0590804,0.0000000,0.0000000,0.0000000,0.0000000,0.0564695,0.0000000
-0.0413571,0.0697173,-0.1431296,0.0000000,0.0000000,0.0000000,1.0000000,0.0021440,-0.0006876,-0.0861531,0.2835975,-0.3571965,-0.3048861,-0.0021462,0.0006291,-0.0874780,0.2809972,-0.3607932,-0.3003531,0.0000000,0.0000000,0.0000000,0.0590804,0.0000000,0.0000000,0.0000000,0.0000000,0.0564695,0.0000000
-0.0413571,0.0697206,-0.1431296,0.0000000,0.0000000,0.0000000,1.0000000,0.0021403,-0.0006876,-0.0861531,0.2835975,-0.3572028,-0.3048816,-0.0021499,0.0006291,-0.0874780,0.2809972,-0.3607869,-0.3003576,0.0000000,0.0000000,0.0000000,0.0590804,0.0000000,0.0000000,0.0000000,0.0000000,0.0564695,0.0000000
-0.0413571,0.0697218,-0.1431296,0.0000000,0.0000000,0.0000000,1.0000000,0.0021389,-0.0006876,-0.0861532,0.2835975,-0.3572052,-0.3048799,-0.0021513,0.0006291,-0.0874779,0.2809972,-0.3607845,-0.3003593,0.0000000,0.0000000,0.0000000,0.0590804,0.0000000,0.0000000,0.0000000,0.0000000,0.0564695,0.0000000
-0.0413571,0.0697220,-0.1431296,0.0000000,0.0000000,0.0000000,1.0000000,0.0021387,-0.0006876,-0.0861532,0.2835975,-0.3572055,-0.3048797,-0.0021515,0.0006291,-0.0874779,0.2809972,-0.3607842,-0.3003595,0.0000000,0.0000000,0.0000000,0.0590804,0.0000000,0.0000000,0.0000000,0.0000000,0.0564695,0.0000000
-0.0413571,0.0697220,-0.1431296,0.0000000,0.0000000,0.0000000,1.0000000,0.0021387,-0.0006876,-0.0861532,0.2835975,-0.3572055,-0.3048797,-0.0021515,0.0006291,-0.0874779,0.2809972,-0.3607842,-0.3003595,0.0000000,0.0000000,0.0000000,0.0590804,0.0000000,0.0000000,0.0000000,0.0000000,0.0564695,0.0000000
-0.0413571,0.0697220,-0.1431296,0.0000000,0.0000000,0.0000000,1.0000000,0.0021387,-0.0006876,-0.0861532,0.2835975,-0.3572055,-0.3048797,-0.0021515,0.0006291,-0.0874779,0.2809972,-0.3607842,-0.3003595,0.0000000,0.0000000,0.0000000,0.0590804,0.0000000,0.0000000,0.0000000,0.0000000,0.0564695,0.0000000
-0.0413571,0.0697220,-0.1431296,0.0000000,0.0000000,0.0000000,1.0000000,0.0021387,-0.0006876,-0.0861532,0.2835975,-0.3572055,-0.3048797,-0.0021515,0.0006291,-0.0874779,0.2809972,-0.3607842,-0.3003595,0.0000000,0.0000000,0.0000000,0.0590804,0.0000000,0.0000000,0.0000000,0.0000000,0.0564695,0.0000000
-0.0413571,0.0697220,-0.1431296,0.0000000,0.0000000,0.0000000,1.0000000,0.0021387,-0.0006876,-0.0861532,0.2835975,-0.3572055,-0.3048797,-0.0021515,0.0006291,-0.0874779,0.2809972,-0.3607842,-0.3003595,0.0000000,0.0000000,0.0000000,0.0590804,0.0000000,0.0000000,0.0000000,0.0000000,0.0564695,0.0000000
-0.0413571,0.0697220,-0.1431296,0.0000000,0.0000000,0.0000000,1.0000000,0.0021387,-0.0006876,-0.0861532,0.2835975,-0.3572055,-0.3048797,-0.0021515,0.0006291,-0.0874779,0.2809972,-0.3607842,-0.3003595,0.0000000,0.0000000,0.0000000,0.0590804,0.0000000,0.0000000,0.0000000,0.0000000,0.0564695,0.0000000
-0.0413571,0.0697220,-0.1431296,0.0000000,0.0000000,0.0000000,1.0000000,0.0021387,-0.0006876,-0.0861532,0.2835975,-0.3572055,-0.3048797,-0.0021515,0.0006291,-0.0874779,0.2809972,-0.3607842,-0.3003595,0.0000000,0.0000000,0.0000000,0.0590804,0.0000000,0.0000000,0.0000000,0.0000000,0.0564695,0.0000000
-0.0413571,0.0697220,-0.1431296,0.0000000,0.0000000,0.0000000,1.0000000,0.0021387,-0.0006876,-0.0861532,0.2835975,-0.3572055,-0.3048797,-0.0021515,0.0006291,-0.0874779,0.2809972,-0.3607842,-0.3003595,0.0000000,0.0000000,0.0000000,0.0590804,0.0000000,0.0000000,0.0000000,0.0000000,0.0564695,0.0000000
-0.0413571,0.0697220,-0.1431296,0.0000000,0.0000000,0.0000000,1.0000000,0.0021387,-0.0006876,-0.0861532,0.2835975,-0.3572055,-0.3048797,-0.0021515,0.0006291,-0.0874779,0.2809972,-0.3607842,-0.3003595,0.0000000,0.0000000,0.0000000,0.0590804,0.0000000,0.0000000,0.0000000,0.0000000,0.0564695,0.0000000
-0.0413571,0.0697220,-0.1431296,0.0000000,0.0000000,0.0000000,1.0000000,0.0021387,-0.0006876,-0.0861532,0.2835975,-0.3572055,-0.3048797,-0.0021515,0.0006291,-0.0874779,0.2809972,-0.3607842,-0.3003595,0.0000000,0.0000000,0.0000000,0.0590804,0.0000000,0.0000000,0.0000000,0.0000000,0.0564695,0.0000000
-0.0413571,0.0697220,-0.1431296,0.0000000,0.0000000,0.0000000,1.0000000,0.0021387,-0.0006876,-0.0861532,0.2835975,-0.3572055,-0.3048797,-0.0021515,0.0006291,-0.0874779,0.2809972,-0.3607842,-0.3003595,0.0000000,0.0000000,0.0000000,0.0590804,0.0000000,0.0000000,0.0000000,0.0000000,0.0564695,0.0000000
-0.0413571,0.0697220,-0.1431296,0.0000000,0.0000000,0.0000000,1.0000000,0.0021387,-0.0006876,-0.0861532,0.2835975,-0.3572055,-0.3048797,-0.0021515,0.0006291,-0.0874779,0.2809972,-0.3607842,-0.3003595,0.0000000,0.0000000,0.0000000,0.0590804,0.0000000,0.0000000,0.0000000,0.0000000,0.0564695,0.0000000
-0.0413571,0.0697220,-0.1431296,0.0000000,0.0000000,0.0000000,1.0000000,0.0021387,-0.0006876,-0.0861532,0.2835975,-0.3572055,-0.3048797,-0.0021515,0.0006291,-0.0874779,0.2809972,-0.3607842,-0.3003595,0.0000000,0.0000000,0.0000000,0.0590804,0.0000000,0.0000000,0.0000000,0.0000000,0.0564695,0.0000000
-0.0413571,0.0697220,-0.1431296,0.0000000,0.0000000,0.0000000,1.0000000,0.0021387,-0.0006876,-0.0861532,0.2835975,-0.3572055,-0.3048797,-0.0021515,0.0006291,-0.0874779,0.2809972,-0.3607842,-0.3003595,0.0000000,0.0000000,0.0000000,0.0590804,0.0000000,0.0000000,0.0000000,0.0000000,0.0564695,0.0000000
-0.0413571,0.0697220,-0.1431296,0.0000000,0.0000000,0.0000000,1.0000000,0.0021387,-0.0006876,-0.0861532,0.2835975,-0.3572055,-0.3048797,-0.0021515,0.0006291,-0.0874779,0.2809972,-0.3607842,-0.3003595,0.0000000,0.0000000,0.0000000,0.0590804,0.0000000,0.0000000,0.0000000,0.0000000,0.0564695,0.0000000
-0.0413571,0.0697220,-0.1431296,0.0000000,0.0000000,0.0000000,1.0000000,0.0021387,-0.0006876,-0.0861532,0.2835975,-0.3572055,-0.3048797,-0.0021515,0.0006291,-0.0874779,0.2809972,-0.3607842,-0.3003595,0.0000000,0.0000000,0.0000000,0.0590804,0.0000000,0.0000000,0.0000000,0.0000000,0.0564695,0.0000000
-0.0413571,0.0697220,-0.1431296,0.0000000,0.0000000,0.0000000,1.0000000,0.0021387,-0.0006876,-0.0861532,0.2835975,-0.3572055,-0.3048797,-0.0021515,0.0006291,-0.0874779,0.2809972,-0.3607842,-0.3003595,0.0000000,0.0000000,0.0000000,0.0590804,0.0000000,0.0000000,0.0000000,0.0000000,0.0564695,0.0000000
-0.0413571,0.0697220,-0.1431296,0.0000000,0.0000000,0.0000000,1.0000000,0.0021387,-0.0006876,-0.0861532,0.2835975,-0.3572055,-0.3048797,-0.0021515,0.0006291,-0.0874779,0.2809972,-0.3607842,-0.3003595,0.0000000,0.0000000,0.0000000,0.0590804,0.0000000,0.0000000,0.0000000,0.0000000,0.0564695,0.0000000
-0.0413571,0.0697220,-0.1431296,0.0000000,0.0000000,0.0000000,1.0000000,0.0021387,-0.0006876,-0.0861532,0.2835975,-0.3572055,-0.3048797,-0.0021515,0.0006291,-0.0874779,0.2809972,-0.3607842,-0.3003595,0.0000000,0.0000000,0.0000000,0.0590804,0.0000000,0.0000000,0.0000000,0.0000000,0.0564695,0.0000000
-0.0413571,0.0697220,-0.1431296,0.0000000,0.0000000,0.0000000,1.0000000,0.0021387,-0.0006876,-0.0861532,0.2835975,-0.3572055,-0.3048797,-0.0021515,0.0006291,-0.0874779,0.2809972,-0.3607842,-0.3003595,0.0000000,0.0000000,0.0000000,0.0590804,0.0000000,0.0000000,0.0000000,0.0000000,0.0564695,0.0000000
-0.0413571,0.0697220,-0.1431296,0.0000000,0.0000000,0.0000000,1.0000000,0.0021387,-0.0006876,-0.0861532,0.2835975,-0.3572055,-0.3048797,-0.0021515,0.0006291,-0.0874779,0.2809972,-0.3607842,-0.3003595,0.0000000,0.0000000,0.0000000,0.0590804,0.0000000,0.0000000,0.0000000,0.0000000,0.0564695,0.0000000
-0.0413571,0.0697220,-0.1431296,0.0000000,0.0000000,0.0000000,1.0000000,0.0021387,-0.0006876,-0.0861532,0.2835975,-0.3572055,-0.3048797,-0.0021515,0.0006291,-0.0874779,0.2809972,-0.3607842,-0.3003595,0.0000000,0.0000000,0.0000000,0.0590804,0.0000000,0.0000000,0.0000000,0.0000000,0.0564695,0.0000000
-0.0413571,0.0697220,-0.1431296,0.0000000,0.0000000,0.0000000,1.0000000,0.0021387,-0.0006876,-0.0861532,0.2835975,-0.3572055,-0.3048797,-0.0021515,0.0006291,-0.0874779,0.2809972,-0.3607842,-0.3003595,0.0000000,0.0000000,0.0000000,0.0590804,0.0000000,0.0000000,0.0000000,0.0000000,0.0564695,0.0000000
-0.0413571,0.0697220,-0.1431296,0.0000000,0.0000000,0.0000000,1.0000000,0.0021387,-0.0006876,-0.0861532,0.2835975,-0.3572055,-0.3048797,-0.0021515,0.0006291,-0.0874779,0.2809972,-0.3607842,-0.3003595,0.0000000,0.0000000,0.0000000,0.0590804,0.0000000,0.0000000,0.0000000,0.0000000,0.0564695,0.0000000
-0.0413571,0.0697220,-0.1431296,0.0000000,0.0000000,0.0000000,1.0000000,0.0021387,-0.0006876,-0.0861532,0.2835975,-0.3572055,-0.3048797,-0.0021515,0.0006291,-0.0874779,0.2809972,-0.3607842,-0.3003595,0.0000000,0.0000000,0.0000000,0.0590804,0.0000000,0.0000000,0.0000000,0.0000000,0.0564695,0.0000000
-0.0413571,0.0697220,-0.1431296,0.0000000,0.0000000,0.0000000,1.0000000,0.0021387,-0.0006876,-0.0861532,0.2835975,-0.3572055,-0.3048797,-0.0021515,0.0006291,-0.0874779,0.2809972,-0.3607842,-0.3003595,0.0000000,0.0000000,0.0000000,0.0590804,0.0000000,0.0000000,0.0000000,0.0000000,0.0564695,0.0000000
-0.0413571,0.0697220,-0.1431296,0.0000000,0.0000000,0.0000000,1.0000000,0.0021387,-0.0006876,-0.0861532,0.2835975,-0.3572055,-0.3048797,-0.0021515,0.0006291,-0.0874779,0.2809972,-0.3607842,-0.3003595,0.0000000,0.0000000,0.0000000,0.0590804,0.0000000,0.0000000,0.0000000,0.0000000,0.0564695,0.0000000
-0.0413571,0.0697220,-0.1431296,0.0000000,0.0000000,0.0000000,1.0000000,0.0021387,-0.0006876,-0.0861532,0.2835975,-0.3572055,-0.3048797,-0.0021515,0.0006291,-0.0874779,0.2809972,-0.3607842,-0.3003595,0.0000000,0.0000000,0.0000000,0.0590804,0.0000000,0.0000000,0.0000000,0.0000000,0.0564695,0.0000000
-0.0413571,0.0697220,-0.1431296,0.0000000,0.0000000,0.0000000,1.0000000,0.0021387,-0.0006876,-0.0861532,0.2835975,-0.3572055,-0.3048797,-0.0021515,0.0006291,-0.0874779,0.2809972,-0.3607842,-0.3003595,0.0000000,0.0000000,0.0000000,0.0590804,0.0000000,0.0000000,0.0000000,0.0000000,0.0564695,0.0000000
-0.0413571,0.0697220,-0.1431296,0.0000000,0.0000000,0.0000000,1.0000000,0.0021387,-0.0006876,-0.0861532,0.2835975,-0.3572055,-0.3048797,-0.0021515,0.0006291,-0.0874779,0.2809972,-0.3607842,-0.3003595,0.0000000,0.0000000,0.0000000,0.0590804,0.0000000,0.0000000,0.0000000,0.0000000,0.0564695,0.0000000
-0.0413571,0.0697220,-0.1431296,0.0000000,0.0000000,0.0000000,1.0000000,0.0021387,-0.0006876,-0.0861532,0.2835975,-0.3572055,-0.3048797,-0.0021515,0.0006291,-0.0874779,0.2809972,-0.3607842,-0.3003595,0.0000000,0.0000000,0.0000000,0.0590804,0.0000000,0.0000000,0.0000000,0.0000000,0.0564695,0.0000000
-0.0413571,0.0697220,-0.1431296,0.0000000,0.0000000,0.0000000,1.0000000,0.0021387,-0.0006876,-0.0861532,0.2835975,-0.3572055,-0.3048797,-0.0021515,0.0006291,-0.0874779,0.2809972,-0.3607842,-0.3003595,0.0000000,0.0000000,0.0000000,0.0590804,0.0000000,0.0000000,0.0000000,0.0000000,0.0564695,0.0000000
-0.0413571,0.0697220,-0.1431296,0.0000000,0.0000000,0.0000000,1.0000000,0.0021387,-0.0006876,-0.0861532,0.2835975,-0.3572055,-0.3048797,-0.0021515,0.0006291,-0.0874779,0.2809972,-0.3607842,-0.3003595,0.0000000,0.0000000,0.0000000,0.0590804,0.0000000,0.0000000,0.0000000,0.0000000,0.0564695,0.0000000
-0.0413571,0.0697220,-0.1431296,0.0000000,0.0000000,0.0000000,1.0000000,0.0021387,-0.0006876,-0.0861532,0.2835975,-0.3572055,-0.3048797,-0.0021515,0.0006291,-0.0874779,0.2809972,-0.3607842,-0.3003595,0.0000000,0.0000000,0.0000000,0.0590804,0.0000000,0.0000000,0.0000000,0.0000000,0.0564695,0.0000000
-0.0413571,0.0697220,-0.1431296,0.0000000,0.0000000,0.0000000,1.0000000,0.0021387,-0.0006876,-0.0861532,0.2835975,-0.3572055,-0.3048797,-0.0021515,0.0006291,-0.0874779,0.2809972,-0.3607842,-0.3003595,0.0000000,0.0000000,0.0000000,0.0590804,0.0000000,0.0000000,0.0000000,0.0000000,0.0564695,0.0000000
-0.0413571,0.0697220,-0.1431296,0.0000000,0.0000000,0.0000000,1.0000000,0.0021387,-0.0006876,-0.0861532,0.2835975,-0.3572055,-0.3048797,-0.0021515,0.0006291,-0.0874779,0.2809972,-0.3607842,-0.3003595,0.0000000,0.0000000,0.0000000,0.0590804,0.0000000,0.0000000,0.0000000,0.0000000,0.0564695,0.0000000
-0.0413571,0.0697220,-0.1431296,0.0000000,0.0000000,0.0000000,1.0000000,0.0021387,-0.0006876,-0.0861532,0.2835975,-0.3572055,-0.3048797,-0.0021515,0.0006291,-0.0874779,0.2809972,-0.3607842,-0.3003595,0.0000000,0.0000000,0.0000000,0.0590804,0.0000000,0.0000000,0.0000000,0.0000000,0.0564695,0.0000000
-0.0413571,0.0697220,-0.1431296,0.0000000,0.0000000,0.0000000,1.0000000,0.0021387,-0.0006876,-0.0861532,0.2835975,-0.3572055,-0.3048797,-0.0021515,0.0006291,-0.0874779,0.2809972,-0.3607842,-0.3003595,0.0000000,0.0000000,0.0000000,0.0590804,0.0000000,0.0000000,0.0000000,0.0000000,0.0564695,0.0000000
-0.0413571,0.0697220,-0.1431296,0.0000000,0.0000000,0.0000000,1.0000000,0.0021387,-0.0006876,-0.0861532,0.2835975,-0.3572055,-0.3048797,-0.0021515,0.0006291,-0.0874779,0.2809972,-0.3607842,-0.3003595,0.0000000,0.0000000,0.0000000,0.0590804,0.0000000,0.0000000,0.0000000,0.0000000,0.0564695,0.0000000
-0.0413571,0.0697220,-0.1431296,0.0000000,0.0000000,0.0000000,1.0000000,0.0021387,-0.0006876,-0.0861532,0.2835975,-0.3572055,-0.3048797,-0.0021515,0.0006291,-0.0874779,0.2809972,-0.3607842,-0.3003595,0.0000000,0.0000000,0.0000000,0.0590804,0.0000000,0.0000000,0.0000000,0.0000000,0.0564695,0.0000000
-0.0413571,0.0697220,-0.1431296,0.0000000,0.0000000,0.0000000,1.0000000,0.0021387,-0.0006876,-0.0861532,0.2835975,-0.3572055,-0.3048797,-0.0021515,0.0006291,-0.0874779,0.2809972,-0.3607842,-0.3003595,0.0000000,0.0000000,0.0000000,0.0590804,0.0000000,0.0000000,0.0000000,0.0000000,0.0564695,0.0000000
-0.0413571,0.0697220,-0.1431296,0.0000000,0.0000000,0.0000000,1.0000000,0.0021387,-0.0006876,-0.0861532,0.2835975,-0.3572055,-0.3048797,-0.0021515,0.0006291,-0.0874779,0.2809972,-0.3607842,-0.3003595,0.0000000,0.0000000,0.0000000,0.0590804,0.0000000,0.0000000,0.0000000,0.0000000,0.0564695,0.0000000
-0.0413571,0.0697220,-0.1431296,0.0000000,0.0000000,0.0000000,1.0000000,0.0021387,-0.0006876,-0.0861532,0.2835975,-0.3572055,-0.3048797,-0.0021515,0.0006291,-0.0874779,0.2809972,-0.3607842,-0.3003595,0.0000000,0.0000000,0.0000000,0.0590804,0.0000000,0.0000000,0.0000000,0.0000000,0.0564695,0.0000000
-0.0413571,0.0697220,-0.1431296,0.0000000,0.0000000,0.0000000,1.0000000,0.0021387,-0.0006876,-0.0861532,0.2835975,-0.3572055,-0.3048797,-0.0021515,0.0006291,-0.0874779,0.2809972,-0.3607842,-0.3003595,0.0000000,0.0000000,0.0000000,0.0590804,0.0000000,0.0000000,0.0000000,0.0000000,0.0564695,0.0000000
-0.0413571,0.0697220,-0.1431296,0.0000000,0.0000000,0.0000000,1.0000000,0.0021387,-0.0006876,-0.0861532,0.2835975,-0.3572055,-0.3048797,-0.0021515,0.0006291,-0.0874779,0.2809972,-0.3607842,-0.3003595,0.0000000,0.0000000,0.0000000,0.0590804,0.0000000,0.0000000,0.0000000,0.0000000,0.0564695,0.0000000
-0.0413571,0.0697220,-0.1431296,0.0000000,0.0000000,0.0000000,1.0000000,0.0021387,-0.0006876,-0.0861532,0.2835975,-0.3572055,-0.3048797,-0.0021515,0.0006291,-0.0874779,0.2809972,-0.3607842,-0.3003595,0.0000000,0.0000000,0.0000000,0.0590804,0.0000000,0.0000000,0.0000000,0.0000000,0.0564695,0.0000000
-0.0413571,0.0697220,-0.1431296,0.0000000,0.0000000,0.0000000,1.0000000,0.0021387,-0.0006876,-0.0861532,0.2835975,-0.3572055,-0.3048797,-0.0021515,0.0006291,-0.0874779,0.2809972,-0.3607842,-0.3003595,0.0000000,0.0000000,0.0000000,0.0590804,0.0000000,0.0000000,0.0000000,0.0000000,0.0564695,0.0000000
-0.0413571,0.0697220,-0.1431296,0.0000000,0.0000000,0.0000000,1.0000000,0.0021387,-0.0006876,-0.0861532,0.2835975,-0.3572055,-0.3048797,-0.0021515,0.0006291,-0.0874779,0.2809972,-0.3607842,-0.3003595,0.0000000,0.0000000,0.0000000,0.0590804,0.0000000,0.0000000,0.0000000,0.0000000,0.0564695,0.0000000
-0.0413571,0.0697220,-0.1431296,0.0000000,0.0000000,0.0000000,1.0000000,0.0021387,-0.0006876,-0.0861532,0.2835975,-0.3572055,-0.3048797,-0.0021515,0.0006291,-0.0874779,0.2809972,-0.3607842,-0.3003595,0.0000000,0.0000000,0.0000000,0.0590804,0.0000000,0.0000000,0.0000000,0.0000000,0.0564695,0.0000000
-0.0413571,0.0697220,-0.1431296,0.0000000,0.0000000,0.0000000,1.0000000,0.0021387,-0.0006876,-0.0861532,0.2835975,-0.3572055,-0.3048797,-0.0021515,0.0006291,-0.0874779,0.2809972,-0.3607842,-0.3003595,0.0000000,0.0000000,0.0000000,0.0590804,0.0000000,0.0000000,0.0000000,0.0000000,0.0564695,0.0000000
-0.0413571,0.0697220,-0.1431296,0.0000000,0.0000000,0.0000000,1.0000000,0.0021387,-0.0006876,-0.0861532,0.2835975,-0.3572055,-0.3048797,-0.0021515,0.0006291,-0.0874779,0.2809972,-0.3607842,-0.3003595,0.0000000,0.0000000,0.0000000,0.0590804,0.0000000,0.0000000,0.0000000,0.0000000,0.0564695,0.0000000
