pelvis_x,pelvis_y,pelvis_z,pelvis_qx,pelvis_qy,pelvis_qz,pelvis_qw,left_hip_yaw,left_hip_roll,left_hip_pitch,left_knee,left_ankle_pitch,left_ankle_roll,right_hip_yaw,right_hip_roll,right_hip_pitch,right_knee,right_ankle_pitch,right_ankle_roll,left_shoulder_pitch,left_shoulder_roll,left_shoulder_yaw,left_elbow,left_wrist_roll,right_shoulder_pitch,right_shoulder_roll,right_shoulder_yaw,right_elbow,right_wrist_roll,contact_left,contact_right
0.0000000,0.0000000,0.9692268,0.0000000,0.0000000,0.0000000,1.0000000,0.0191925,0.0031003,-0.1093982,0.3500000,-0.2351718,0.0096271,-0.0193364,-0.0031361,-0.1101806,0.3500000,-0.2343888,-0.0096051,0.0000000,0.0000000,0.0000000,1.2707963,-0.0000000,0.0000000,0.0000000,0.0000000,1.2707963,-0.0000000,1.0000000,1.0000000
0.0000000,0.0000000,0.9692268,0.0000000,0.0000000,0.0000000,1.0000000,0.0191925,0.0031003,-0.1093982,0.3500000,-0.2351718,0.0096271,-0.0193364,-0.0031361,-0.1101806,0.3500000,-0.2343888,-0.0096051,0.0000000,0.0000000,0.0000000,1.2707963,-0.0000000,0.0000000,0.0000000,0.0000000,1.2707963,-0.0000000,1.0000000,1.0000000
0.0000000,0.0000000,0.9692268,0.0000000,0.0000000,0.0000000,1.0000000,0.0191925,0.0031003,-0.1093982,0.3500000,-0.2351718,0.0096271,-0.0193364,-0.0031361,-0.1101806,0.3500000,-0.2343888,-0.0096051,0.0000000,0.0000000,0.0000000,1.2707963,-0.0000000,0.0000000,0.0000000,0.0000000,1.2707963,-0.0000000,1.0000000,1.0000000
0.0000000,0.0000000,0.9692268,0.0000000,0.0000000,0.0000000,1.0000000,0.0191925,0.0031003,-0.1093982,0.3500000,-0.2351718,0.0096271,-0.0193364,-0.0031361,-0.1101806,0.3500000,-0.2343888,-0.0096051,0.0000000,0.0000000,0.0000000,1.2707963,-0.0000000,0.0000000,0.0000000,0.0000000,1.2707963,-0.0000000,1.0000000,1.0000000
0.0000000,0.0000000,0.9692268,0.0000000,0.0000000,0.0000000,1.0000000,0.0191925,0.0031003,-0.1093982,0.3500000,-0.2351718,0.0096271,-0.0193364,-0.0031361,-0.1101806,0.3500000,-0.2343888,-0.0096051,0.0000000,0.0000000,0.0000000,1.2707963,-0.0000000,0.0000000,0.0000000,0.0000000,1.2707963,-0.0000000,1.0000000,1.0000000
0.0000000,0.0000000,0.9692268,0.0000000,0.0000000,0.0000000,1.0000000,0.0191925,0.0031003,-0.1093982,0.3500000,-0.2351718,0.0096271,-0.0193364,-0.0031361,-0.1101806,0.3500000,-0.2343888,-0.0096051,0.0000000,0.0000000,0.0000000,1.2707963,-0.0000000,0.0000000,0.0000000,0.0000000,1.2707963,-0.0000000,1.0000000,1.0000000
0.0000000,0.0000000,0.9692268,0.0000000,0.0000000,0.0000000,1.0000000,0.0191925,0.0031003,-0.1093982,0.3500000,-0.2351718,0.0096271,-0.0193364,-0.0031361,-0.1101806,0.3500000,-0.2343888,-0.0096051,0.0000000,0.0000000,0.0000000,1.2707963,-0.0000000,0.0000000,0.0000000,0.0000000,1.2707963,-0.0000000,1.0000000,1.0000000
0.0000000,0.0000000,0.9692268,0.0000000,0.0000000,0.0000000,1.0000000,0.0191925,0.0031003,-0.1093982,0.3500000,-0.2351718,0.0096271,-0.0193364,-0.0031361,-0.1101806,0.3500000,-0.2343888,-0.0096051,0.0000000,0.0000000,0.0000000,1.2707963,-0.0000000,0.0000000,0.0000000,0.0000000,1.2707963,-0.0000000,1.0000000,1.0000000
0.0000000,0.0000000,0.9692268,0.0000000,0.0000000,0.0000000,1.0000000,0.0191925,0.0031003,-0.1093982,0.3500000,-0.2351718,0.0096271,-0.0193364,-0.0031361,-0.1101806,0.3500000,-0.2343888,-0.0096051,0.0000000,0.0000000,0.0000000,1.2707963,-0.0000000,0.0000000,0.0000000,0.0000000,1.2707963,-0.0000000,1.0000000,1.0000000
0.0000000,0.0000000,0.9692268,0.0000000,0.0000000,0.0000000,1.0000000,0.0191925,0.0031003,-0.1093982,0.3500000,-0.2351718,0.0096271,-0.0193364,-0.0031361,-0.1101806,0.3500000,-0.2343888,-0.0096051,0.0000000,0.0000000,0.0000000,1.2707963,-0.0000000,0.0000000,0.0000000,0.0000000,1.2707963,-0.0000000,1.0000000,1.0000000
0.0000000,0.0000000,0.9692268,0.0000000,0.0000000,0.0000000,1.0000000,0.0191925,0.0031003,-0.1093982,0.3500000,-0.2351718,0.0096271,-0.0193364,-0.0031361,-0.1101806,0.3500000,-0.2343888,-0.0096051,0.0000000,0.0000000,0.0000000,1.2707963,-0.0000000,0.0000000,0.0000000,0.0000000,1.2707963,-0.0000000,1.0000000,1.0000000
0.0000000,0.0000000,0.9692268,0.0000000,0.0000000,0.0000000,1.0000000,0.0191925,0.0031003,-0.1093982,0.3500000,-0.2351718,0.0096271,-0.0193364,-0.0031361,-0.1101806,0.3500000,-0.2343888,-0.0096051,0.0000000,0.0000000,0.0000000,1.2707963,-0.0000000,0.0000000,0.0000000,0.0000000,1.2707963,-0.0000000,1.0000000,1.0000000
0.0000000,0.0000000,0.9692268,0.0000000,0.0000000,0.0000000,1.0000000,0.0191925,0.0031003,-0.1093982,0.3500000,-0.2351718,0.0096271,-0.0193364,-0.0031361,-0.1101806,0.3500000,-0.2343888,-0.0096051,0.0000000,0.0000000,0.0000000,1.2707963,-0.0000000,0.0000000,0.0000000,0.0000000,1.2707963,-0.0000000,1.0000000,1.0000000
0.0000000,0.0000000,0.9692268,0.0000000,0.0000000,0.0000000,1.0000000,0.0191925,0.0031003,-0.1093982,0.3500000,-0.2351718,0.0096271,-0.0193364,-0.0031361,-0.1101806,0.3500000,-0.2343888,-0.0096051,0.0000000,0.0000000,0.0000000,1.2707963,-0.0000000,0.0000000,0.0000000,0.0000000,1.2707963,-0.0000000,1.0000000,1.0000000
0.0000000,0.0000000,0.9692268,0.0000000,0.0000000,0.0000000,1.0000000,0.0191925,0.0031003,-0.1093982,0.3500000,-0.2351718,0.0096271,-0.0193364,-0.0031361,-0.1101806,0.3500000,-0.2343888,-0.0096051,0.0000000,0.0000000,0.0000000,1.2707963,-0.0000000,0.0000000,0.0000000,0.0000000,1.2707963,-0.0000000,1.0000000,1.0000000
0.0000000,0.0000000,0.9692268,0.0000000,0.0000000,0.0000000,1.0000000,0.0191925,0.0031003,-0.1093982,0.3500000,-0.2351718,0.0096271,-0.0193364,-0.0031361,-0.1101806,0.3500000,-0.2343888,-0.0096051,0.0000000,0.0000000,0.0000000,1.2707963,-0.0000000,0.0000000,0.0000000,0.0000000,1.2707963,-0.0000000,1.0000000,1.0000000
0.0000000,0.0000000,0.9692268,0.0000000,0.0000000,0.0000000,1.0000000,0.0191925,0.0031003,-0.1093982,0.3500000,-0.2351718,0.0096271,-0.0193364,-0.0031361,-0.1101806,0.3500000,-0.2343888,-0.0096051,0.0000000,0.0000000,0.0000000,1.2707963,-0.0000000,0.0000000,0.0000000,0.0000000,1.2707963,-0.0000000,1.0000000,1.0000000
0.0000000,0.0000000,0.9692268,0.0000000,0.0000000,0.0000000,1.0000000,0.0191925,0.0031003,-0.1093982,0.3500000,-0.2351718,0.0096271,-0.0193364,-0.0031361,-0.1101806,0.3500000,-0.2343888,-0.0096051,0.0000000,0.0000000,0.0000000,1.2707963,-0.0000000,0.0000000,0.0000000,0.0000000,1.2707963,-0.0000000,1.0000000,1.0000000
0.0000000,0.0000000,0.9692268,0.0000000,0.0000000,0.0000000,1.0000000,0.0191925,0.0031003,-0.1093982,0.3500000,-0.2351718,0.0096271,-0.0193364,-0.0031361,-0.1101806,0.3500000,-0.2343888,-0.0096051,0.0000000,0.0000000,0.0000000,1.2707963,-0.0000000,0.0000000,0.0000000,0.0000000,1.2707963,-0.0000000,1.0000000,1.0000000
0.0000000,0.0000000,0.9692268,0.0000000,0.0000000,0.0000000,1.0000000,0.0191925,0.0031003,-0.1093982,0.3500000,-0.2351718,0.0096271,-0.0193364,-0.0031361,-0.1101806,0.3500000,-0.2343888,-0.0096051,0.0000000,0.0000000,0.0000000,1.2707963,-0.0000000,0.0000000,0.0000000,0.0000000,1.2707963,-0.0000000,1.0000000,1.0000000
0.0000000,0.0000000,0.9692268,0.0000000,0.0000000,0.0000000,1.0000000,0.0191925,0.0031003,-0.1093982,0.3500000,-0.2351718,0.0096271,-0.0193364,-0.0031361,-0.1101806,0.3500000,-0.2343888,-0.0096051,0.0000000,0.0000000,0.0000000,1.2707963,-0.0000000,0.0000000,0.0000000,0.0000000,1.2707963,-0.0000000,1.0000000,1.0000000
0.0000000,0.0000000,0.9692268,0.0000000,0.0000000,0.0000000,1.0000000,0.0191925,0.0031003,-0.1093982,0.3500000,-0.2351718,0.0096271,-0.0193364,-0.0031361,-0.1101806,0.3500000,-0.2343888,-0.0096051,0.0000000,0.0000000,0.0000000,1.2707963,-0.0000000,0.0000000,0.0000000,0.0000000,1.2707963,-0.0000000,1.0000000,1.0000000
0.0000000,0.0000000,0.9692268,0.0000000,0.0000000,0.0000000,1.0000000,0.0191925,0.0031003,-0.1093982,0.3500000,-0.2351718,0.0096271,-0.0193364,-0.0031361,-0.1101806,0.3500000,-0.2343888,-0.0096051,0.0000000,0.0000000,0.0000000,1.2707963,-0.0000000,0.0000000,0.0000000,0.0000000,1.2707963,-0.0000000,1.0000000,1.0000000
0.0000000,0.0000000,0.9692268,0.0000000,0.0000000,0.0000000,1.0000000,0.0191925,0.0031003,-0.1093982,0.3500000,-0.2351718,0.0096271,-0.0193364,-0.0031361,-0.1101806,0.3500000,-0.2343888,-0.0096051,0.0000000,0.0000000,0.0000000,1.2707963,-0.0000000,0.0000000,0.0000000,0.0000000,1.2707963,-0.0000000,1.0000000,1.0000000
0.0000000,0.0000000,0.9692268,0.0000000,0.0000000,0.0000000,1.0000000,0.0191925,0.0031003,-0.1093982,0.3500000,-0.2351718,0.0096271,-0.0193364,-0.0031361,-0.1101806,0.3500000,-0.2343888,-0.0096051,0.0000000,0.0000000,0.0000000,1.2707963,-0.0000000,0.0000000,0.0000000,0.0000000,1.2707963,-0.0000000,1.0000000,1.0000000
0.0000000,0.0000000,0.9692268,0.0000000,0.0000000,0.0000000,1.0000000,0.0191925,0.0031003,-0.1093982,0.3500000,-0.2351718,0.0096271,-0.0193364,-0.0031361,-0.1101806,0.3500000,-0.2343888,-0.0096051,0.0000000,0.0000000,0.0000000,1.2707963,-0.0000000,0.0000000,0.0000000,0.0000000,1.2707963,-0.0000000,1.0000000,1.0000000
0.0000000,0.0000000,0.9692268,0.0000000,0.0000000,0.0000000,1.0000000,0.0191925,0.0031003,-0.1093982,0.3500000,-0.2351718,0.0096271,-0.0193364,-0.0031361,-0.1101806,0.3500000,-0.2343888,-0.0096051,0.0000000,0.0000000,0.0000000,1.2707963,-0.0000000,0.0000000,0.0000000,0.0000000,1.2707963,-0.0000000,1.0000000,1.0000000
0.0000000,0.0000000,0.9692268,0.0000000,0.0000000,0.0000000,1.0000000,0.0191925,0.0031003,-0.1093982,0.3500000,-0.2351718,0.0096271,-0.0193364,-0.0031361,-0.1101806,0.3500000,-0.2343888,-0.0096051,0.0000000,0.0000000,0.0000000,1.2707963,-0.0000000,0.0000000,0.0000000,0.0000000,1.2707963,-0.0000000,1.0000000,1.0000000
0.0000000,0.0000000,0.9692268,0.0000000,0.0000000,0.0000000,1.0000000,0.0191925,0.0031003,-0.1093982,0.3500000,-0.2351718,0.0096271,-0.0193364,-0.0031361,-0.1101806,0.3500000,-0.2343888,-0.0096051,0.0000000,0.0000000,0.0000000,1.2707963,-0.0000000,0.0000000,0.0000000,0.0000000,1.2707963,-0.0000000,1.0000000,1.0000000
0.0000000,0.0000000,0.9692268,0.0000000,0.0000000,0.0000000,1.0000000,0.0191925,0.0031003,-0.1093982,0.3500000,-0.2351718,0.0096271,-0.0193364,-0.0031361,-0.1101806,0.3500000,-0.2343888,-0.0096051,0.0000000,0.0000000,0.0000000,1.2707963,-0.0000000,0.0000000,0.0000000,0.0000000,1.2707963,-0.0000000,1.0000000,1.0000000
0.0000000,0.0000000,0.9692268,0.0000000,0.0000000,0.0000000,1.0000000,0.0191925,0.0031003,-0.1093982,0.3500000,-0.2351718,0.0096271,-0.0193364,-0.0031361,-0.1101806,0.3500000,-0.2343888,-0.0096051,0.0000000,0.0000000,0.0000000,1.2707963,-0.0000000,0.0000000,0.0000000,0.0000000,1.2707963,-0.0000000,1.0000000,1.0000000
0.0000000,0.0000000,0.9692268,0.0000000,0.0000000,0.0000000,1.0000000,0.0191925,0.0031003,-0.1093982,0.3500000,-0.2351718,0.0096271,-0.0193364,-0.0031361,-0.1101806,0.3500000,-0.2343888,-0.0096051,0.0000000,0.0000000,0.0000000,1.2707963,-0.0000000,0.0000000,0.0000000,0.0000000,1.2707963,-0.0000000,1.0000000,1.0000000
0.0000000,0.0000000,0.9692268,0.0000000,0.0000000,0.0000000,1.0000000,0.0191925,0.0031003,-0.1093982,0.3500000,-0.2351718,0.0096271,-0.0193364,-0.0031361,-0.1101806,0.3500000,-0.2343888,-0.0096051,0.0000000,0.0000000,0.0000000,1.2707963,-0.0000000,0.0000000,0.0000000,0.0000000,1.2707963,-0.0000000,1.0000000,1.0000000
0.0000000,0.0000000,0.9692268,0.0000000,0.0000000,0.0000000,1.0000000,0.0191925,0.0031003,-0.1093982,0.3500000,-0.2351718,0.0096271,-0.0193364,-0.0031361,-0.1101806,0.3500000,-0.2343888,-0.0096051,0.0000000,0.0000000,0.0000000,1.2707963,-0.0000000,0.0000000,0.0000000,0.0000000,1.2707963,-0.0000000,1.0000000,1.0000000
0.0000000,0.0000000,0.9692268,0.0000000,0.0000000,0.0000000,1.0000000,0.0191925,0.0031003,-0.1093982,0.3500000,-0.2351718,0.0096271,-0.0193364,-0.0031361,-0.1101806,0.3500000,-0.2343888,-0.0096051,0.0000000,0.0000000,0.0000000,1.2707963,-0.0000000,0.0000000,0.0000000,0.0000000,1.2707963,-0.0000000,1.0000000,1.0000000
0.0000000,0.0000000,0.9692268,0.0000000,0.0000000,0.0000000,1.0000000,0.0191925,0.0031003,-0.1093982,0.3500000,-0.2351718,0.0096271,-0.0193364,-0.0031361,-0.1101806,0.3500000,-0.2343888,-0.0096051,0.0000000,0.0000000,0.0000000,1.2707963,-0.0000000,0.0000000,0.0000000,0.0000000,1.2707963,-0.0000000,1.0000000,1.0000000
0.0000000,0.0000000,0.9692268,0.0000000,0.0000000,0.0000000,1.0000000,0.0191925,0.0031003,-0.1093982,0.3500000,-0.2351718,0.0096271,-0.0193364,-0.0031361,-0.1101806,0.3500000,-0.2343888,-0.0096051,0.0000000,0.0000000,0.0000000,1.2707963,-0.0000000,0.0000000,0.0000000,0.0000000,1.2707963,-0.0000000,1.0000000,1.0000000
0.0000000,0.0000000,0.9692268,0.0000000,0.0000000,0.0000000,1.0000000,0.0191925,0.0031003,-0.1093982,0.3500000,-0.2351718,0.0096271,-0.0193364,-0.0031361,-0.1101806,0.3500000,-0.2343888,-0.0096051,0.0000000,0.0000000,0.0000000,1.2707963,-0.0000000,0.0000000,0.0000000,0.0000000,1.2707963,-0.0000000,1.0000000,1.0000000
0.0000000,0.0000000,0.9692268,0.0000000,0.0000000,0.0000000,1.0000000,0.0191925,0.0031003,-0.1093982,0.3500000,-0.2351718,0.0096271,-0.0193364,-0.0031361,-0.1101806,0.3500000,-0.2343888,-0.0096051,0.0000000,0.0000000,0.0000000,1.2707963,-0.0000000,0.0000000,0.0000000,0.0000000,1.2707963,-0.0000000,1.0000000,1.0000000
0.0000000,0.0000000,0.9692268,0.0000000,0.0000000,0.0000000,1.0000000,0.0191925,0.0031003,-0.1093982,0.3500000,-0.2351718,0.0096271,-0.0193364,-0.0031361,-0.1101806,0.3500000,-0.2343888,-0.0096051,0.0000000,0.0000000,0.0000000,1.2707963,-0.0000000,0.0000000,0.0000000,0.0000000,1.2707963,-0.0000000,1.0000000,1.0000000
0.0000000,0.0000000,0.9692268,0.0000000,0.0000000,0.0000000,1.0000000,0.0191925,0.0031003,-0.1093982,0.3500000,-0.2351718,0.0096271,-0.0193364,-0.0031361,-0.1101806,0.3500000,-0.2343888,-0.0096051,0.0000000,0.0000000,0.0000000,1.2707963,-0.0000000,0.0000000,0.0000000,0.0000000,1.2707963,-0.0000000,1.0000000,1.0000000
0.0000000,0.0000000,0.9692268,0.0000000,0.0000000,0.0000000,1.0000000,0.0191925,0.0031003,-0.1093982,0.3500000,-0.2351718,0.0096271,-0.0193364,-0.0031361,-0.1101806,0.3500000,-0.2343888,-0.0096051,0.0000000,0.0000000,0.0000000,1.2707963,-0.0000000,0.0000000,0.0000000,0.0000000,1.2707963,-0.0000000,1.0000000,1.0000000
0.0000000,0.0000000,0.9692268,0.0000000,0.0000000,0.0000000,1.0000000,0.0191925,0.0031003,-0.1093982,0.3500000,-0.2351718,0.0096271,-0.0193364,-0.0031361,-0.1101806,0.3500000,-0.2343888,-0.0096051,0.0000000,0.0000000,0.0000000,1.2707963,-0.0000000,0.0000000,0.0000000,0.0000000,1.2707963,-0.0000000,1.0000000,1.0000000
0.0000000,0.0000000,0.9692268,0.0000000,0.0000000,0.0000000,1.0000000,0.0191925,0.0031003,-0.1093982,0.3500000,-0.2351718,0.0096271,-0.0193364,-0.0031361,-0.1101806,0.3500000,-0.2343888,-0.0096051,0.0000000,0.0000000,0.0000000,1.2707963,-0.0000000,0.0000000,0.0000000,0.0000000,1.2707963,-0.0000000,1.0000000,1.0000000
0.0000000,0.0000000,0.9692268,0.0000000,0.0000000,0.0000000,1.0000000,0.0191925,0.0031003,-0.1093982,0.3500000,-0.2351718,0.0096271,-0.0193364,-0.0031361,-0.1101806,0.3500000,-0.2343888,-0.0096051,0.0000000,0.0000000,0.0000000,1.2707963,-0.0000000,0.0000000,0.0000000,0.0000000,1.2707963,-0.0000000,1.0000000,1.0000000
0.0000000,0.0000000,0.9692268,0.0000000,0.0000000,0.0000000,1.0000000,0.0191925,0.0031003,-0.1093982,0.3500000,-0.2351718,0.0096271,-0.0193364,-0.0031361,-0.1101806,0.3500000,-0.2343888,-0.0096051,0.0000000,0.0000000,0.0000000,1.2707963,-0.0000000,0.0000000,0.0000000,0.0000000,1.2707963,-0.0000000,1.0000000,1.0000000
0.0000000,0.0000000,0.9692268,0.0000000,0.0000000,0.0000000,1.0000000,0.0191925,0.0031003,-0.1093982,0.3500000,-0.2351718,0.0096271,-0.0193364,-0.0031361,-0.1101806,0.3500000,-0.2343888,-0.0096051,0.0000000,0.0000000,0.0000000,1.2707963,-0.0000000,0.0000000,0.0000000,0.0000000,1.2707963,-0.0000000,1.0000000,1.0000000
0.0000000,0.0000000,0.9692268,0.0000000,0.0000000,0.0000000,1.0000000,0.0191925,0.0031003,-0.1093982,0.3500000,-0.2351718,0.0096271,-0.0193364,-0.0031361,-0.1101806,0.3500000,-0.2343888,-0.0096051,0.0000000,0.0000000,0.0000000,1.2707963,-0.0000000,0.0000000,0.0000000,0.0000000,1.2707963,-0.0000000,1.0000000,1.0000000
0.0000000,0.0000000,0.9692268,0.0000000,0.0000000,0.0000000,1.0000000,0.0191925,0.0031003,-0.1093982,0.3500000,-0.2351718,0.0096271,-0.0193364,-0.0031361,-0.1101806,0.3500000,-0.2343888,-0.0096051,0.0000000,0.0000000,0.0000000,1.2707963,-0.0000000,0.0000000,0.0000000,0.0000000,1.2707963,-0.0000000,1.0000000,1.0000000
0.0000000,0.0000000,0.9692268,0.0000000,0.0000000,0.0000000,1.0000000,0.0191925,0.0031003,-0.1093982,0.3500000,-0.2351718,0.0096271,-0.0193364,-0.0031361,-0.1101806,0.3500000,-0.2343888,-0.0096051,0.0000000,0.0000000,0.0000000,1.2707963,-0.0000000,0.0000000,0.0000000,0.0000000,1.2707963,-0.0000000,1.0000000,1.0000000
0.0000000,0.0000000,0.9692268,0.0000000,0.0000000,0.0000000,1.0000000,0.0191925,0.0031003,-0.1093982,0.3500000,-0.2351718,0.0096271,-0.0193364,-0.0031361,-0.1101806,0.3500000,-0.2343888,-0.0096051,0.0000000,0.0000000,0.0000000,1.2707963,-0.0000000,0.0000000,0.0000000,0.0000000,1.2707963,-0.0000000,1.0000000,1.0000000
0.0000000,0.0000000,0.9692268,0.0000000,0.0000000,0.0000000,1.0000000,0.0191925,0.0031003,-0.1093982,0.3500000,-0.2351718,0.0096271,-0.0193364,-0.0031361,-0.1101806,0.3500000,-0.2343888,-0.0096051,0.0000039,0.0000000,0.0000000,1.2707963,-0.0000000,-0.0000039,0.0000000,0.0000000,1.2707963,-0.0000000,1.0000000,1.0000000
0.0000000,0.0000000,0.9692268,0.0000000,0.0000000,0.0000000,1.0000000,0.0191925,0.0031003,-0.1093982,0.3500000,-0.2351718,0.0096271,-0.0193364,-0.0031361,-0.1101806,0.3500000,-0.2343888,-0.0096051,0.0000608,0.0000000,0.0000000,1.2707963,-0.0000000,-0.0000608,0.0000000,0.0000000,1.2707963,-0.0000000,1.0000000,1.0000000
0.0000000,0.0000000,0.9692268,0.0000000,0.0000000,0.0000000,1.0000000,0.0191925,0.0031003,-0.1093982,0.3500000,-0.2351718,0.0096271,-0.0193364,-0.0031361,-0.1101806,0.3500000,-0.2343888,-0.0096051,0.0002951,0.0000000,0.0000000,1.2707963,-0.0000000,-0.0002951,0.0000000,0.0000000,1.2707963,-0.0000000,1.0000000,1.0000000
0.0000000,0.0000000,0.9692268,0.0000000,0.0000000,0.0000000,1.0000000,0.0191925,0.0031003,-0.1093982,0.3500000,-0.2351718,0.0096271,-0.0193364,-0.0031361,-0.1101806,0.3500000,-0.2343888,-0.0096051,0.0008901,0.0000000,0.0000000,1.2707963,-0.0000000,-0.0008901,0.0000000,0.0000000,1.2707963,-0.0000000,1.0000000,1.0000000
0.0000000,0.0000000,0.9692268,0.0000000,0.0000000,0.0000000,1.0000000,0.0191925,0.0031003,-0.1093982,0.3500000,-0.2351718,0.0096271,-0.0193364,-0.0031361,-0.1101806,0.3500000,-0.2343888,-0.0096051,0.0020640,0.0000000,0.0000000,1.2707963,-0.0000000,-0.0020640,0.0000000,0.0000000,1.2707963,-0.0000000,1.0000000,1.0000000
0.0000000,0.0000000,0.9692268,0.0000000,0.0000000,0.0000000,1.0000000,0.0191925,0.0031003,-0.1093982,0.3500000,-0.2351718,0.0096271,-0.0193364,-0.0031361,-0.1101806,0.3500000,-0.2343888,-0.0096051,0.0040445,0.0000000,0.0000000,1.2707963,-0.0000000,-0.0040445,0.0000000,0.0000000,1.2707963,-0.0000000,1.0000000,1.0000000
0.0000000,0.0000000,0.9692268,0.0000000,0.0000000,0.0000000,1.0000000,0.0191925,0.0031003,-0.1093982,0.3500000,-0.2351718,0.0096271,-0.0193364,-0.0031361,-0.1101806,0.3500000,-0.2343888,-0.0096051,0.0070443,0.0000000,0.0000000,1.2707963,-0.0000000,-0.0070443,0.0000000,0.0000000,1.2707963,-0.0000000,1.0000000,1.0000000
0.0000000,0.0000000,0.9692268,0.0000000,0.0000000,0.0000000,1.0000000,0.0191925,0.0031003,-0.1093982,0.3500000,-0.2351718,0.0096271,-0.0193364,-0.0031361,-0.1101806,0.3500000,-0.2343888,-0.0096051,0.0112372,0.0000000,0.0000000,1.2707963,-0.0000000,-0.0112372,0.0000000,0.0000000,1.2707963,-0.0000000,1.0000000,1.0000000
0.0000000,0.0000000,0.9692268,0.0000000,0.0000000,0.0000000,1.0000000,0.0191925,0.0031003,-0.1093982,0.3500000,-0.2351718,0.0096271,-0.0193364,-0.0031361,-0.1101806,0.3500000,-0.2343888,-0.0096051,0.0167376,0.0000000,0.0000000,1.2707963,-0.0000000,-0.0167376,0.0000000,0.0000000,1.2707963,-0.0000000,1.0000000,1.0000000
0.0000000,0.0000000,0.9692268,0.0000000,0.0000000,0.0000000,1.0000000,0.0191925,0.0031003,-0.1093982,0.3500000,-0.2351718,0.0096271,-0.0193364,-0.0031361,-0.1101806,0.3500000,-0.2343888,-0.0096051,0.0235834,0.0000000,0.0000000,1.2707963,-0.0000000,-0.0235834,0.0000000,0.0000000,1.2707963,-0.0000000,1.0000000,1.0000000
0.0000000,0.0000000,0.9692268,0.0000000,0.0000000,0.0000000,1.0000000,0.0191925,0.0031003,-0.1093982,0.3500000,-0.2351718,0.0096271,-0.0193364,-0.0031361,-0.1101806,0.3500000,-0.2343888,-0.0096051,0.0317232,0.0000000,0.0000000,1.2707963,-0.0000000,-0.0317232,0.0000000,0.0000000,1.2707963,-0.0000000,1.0000000,1.0000000
0.0000000,0.0000000,0.9692268,0.0000000,0.0000000,0.0000000,1.0000000,0.0191925,0.0031003,-0.1093982,0.3500000,-0.2351718,0.0096271,-0.0193364,-0.0031361,-0.1101806,0.3500000,-0.2343888,-0.0096051,0.0410091,0.0000000,0.0000000,1.2707963,-0.0000000,-0.0410091,0.0000000,0.0000000,1.2707963,-0.0000000,1.0000000,1.0000000
0.0000000,0.0000000,0.9692268,0.0000000,0.0000000,0.0000000,1.0000000,0.0191925,0.0031003,-0.1093982,0.3500000,-0.2351718,0.0096271,-0.0193364,-0.0031361,-0.1101806,0.3500000,-0.2343888,-0.0096051,0.0511943,0.0000000,0.0000000,1.2707963,-0.0000000,-0.0511943,0.0000000,0.0000000,1.2707963,-0.0000000,1.0000000,1.0000000
0.0000000,0.0000000,0.9692268,0.0000000,0.0000000,0.0000000,1.0000000,0.0191925,0.0031003,-0.1093982,0.3500000,-0.2351718,0.0096271,-0.0193364,-0.0031361,-0.1101806,0.3500000,-0.2343888,-0.0096051,0.0619366,0.0000000,0.0000000,1.2707963,-0.0000000,-0.0619366,0.0000000,0.0000000,1.2707963,-0.0000000,1.0000000,1.0000000
0.0000000,0.0000000,0.9692268,0.0000000,0.0000000,0.0000000,1.0000000,0.0191925,0.0031003,-0.1093982,0.3500000,-0.2351718,0.0096271,-0.0193364,-0.0031361,-0.1101806,0.3500000,-0.2343888,-0.0096051,0.0728073,0.0000000,0.0000000,1.2707963,-0.0000000,-0.0728073,0.0000000,0.0000000,1.2707963,-0.0000000,1.0000000,1.0000000
0.0000000,0.0000000,0.9692268,0.0000000,0.0000000,0.0000000,1.0000000,0.0191925,0.0031003,-0.1093982,0.3500000,-0.2351718,0.0096271,-0.0193364,-0.0031361,-0.1101806,0.3500000,-0.2343888,-0.0096051,0.0833046,0.0000000,0.0000000,1.2707963,-0.0000000,-0.0833046,0.0000000,0.0000000,1.2707963,-0.0000000,1.0000000,1.0000000
0.0000000,0.0000000,0.9692268,0.0000000,0.0000000,0.0000000,1.0000000,0.0191925,0.0031003,-0.1093982,0.3500000,-0.2351718,0.0096271,-0.0193364,-0.0031361,-0.1101806,0.3500000,-0.2343888,-0.0096051,0.0928716,0.0000000,0.0000000,1.2707963,-0.0000000,-0.0928716,0.0000000,0.0000000,1.2707963,-0.0000000,1.0000000,1.0000000
0.0000000,0.0000000,0.9692268,0.0000000,0.0000000,0.0000000,1.0000000,0.0191925,0.0031003,-0.1093982,0.3500000,-0.2351718,0.0096271,-0.0193364,-0.0031361,-0.1101806,0.3500000,-0.2343888,-0.0096051,0.1009181,0.0000000,0.0000000,1.2707963,-0.0000000,-0.1009181,0.0000000,0.0000000,1.2707963,-0.0000000,1.0000000,1.0000000
0.0000000,0.0000000,0.9692268,0.0000000,0.0000000,0.0000000,1.0000000,0.0191925,0.0031003,-0.1093982,0.3500000,-0.2351718,0.0096271,-0.0193364,-0.0031361,-0.1101806,0.3500000,-0.2343888,-0.0096051,0.1068441,0.0000000,0.0000000,1.2707963,-0.0000000,-0.1068441,0.0000000,0.0000000,1.2707963,-0.0000000,1.0000000,1.0000000
0.0000000,0.0000000,0.9692268,0.0000000,0.0000000,0.0000000,1.0000000,0.0191925,0.0031003,-0.1093982,0.3500000,-0.2351718,0.0096271,-0.0193364,-0.0031361,-0.1101806,0.3500000,-0.2343888,-0.0096051,0.1100663,0.0000000,0.0000000,1.2707963,-0.0000000,-0.1100663,0.0000000,0.0000000,1.2707963,-0.0000000,1.0000000,1.0000000
0.0000000,0.0000000,0.9692268,0.0000000,0.0000000,0.0000000,1.0000000,0.0191925,0.0031003,-0.1093982,0.3500000,-0.2351718,0.0096271,-0.0193364,-0.0031361,-0.1101806,0.3500000,-0.2343888,-0.0096051,0.1100433,0.0000000,0.0000000,1.2707963,-0.0000000,-0.1100433,0.0000000,0.0000000,1.2707963,-0.0000000,1.0000000,1.0000000
0.0000000,0.0000000,0.9692268,0.0000000,0.0000000,0.0000000,1.0000000,0.0191925,0.0031003,-0.1093982,0.3500000,-0.2351718,0.0096271,-0.0193364,-0.0031361,-0.1101806,0.3500000,-0.2343888,-0.0096051,0.1063020,0.0000000,0.0000000,1.2707963,-0.0000000,-0.1063020,0.0000000,0.0000000,1.2707963,-0.0000000,1.0000000,1.0000000
0.0000000,0.0000000,0.9692268,0.0000000,0.0000000,0.0000000,1.0000000,0.0191925,0.0031003,-0.1093982,0.3500000,-0.2351718,0.0096271,-0.0193364,-0.0031361,-0.1101806,0.3500000,-0.2343888,-0.0096051,0.0984605,0.0000000,0.0000000,1.2707963,-0.0000000,-0.0984605,0.0000000,0.0000000,1.2707963,-0.0000000,1.0000000,1.0000000
0.0000000,0.0000000,0.9692268,0.0000000,0.0000000,0.0000000,1.0000000,0.0191925,0.0031003,-0.1093982,0.3500000,-0.2351718,0.0096271,-0.0193364,-0.0031361,-0.1101806,0.3500000,-0.2343888,-0.0096051,0.0862494,0.0000000,0.0000000,1.2707963,-0.0000000,-0.0862494,0.0000000,0.0000000,1.2707963,-0.0000000,1.0000000,1.0000000
0.0000000,0.0000000,0.9692268,0.0000000,0.0000000,0.0000000,1.0000000,0.0191925,0.0031003,-0.1093982,0.3500000,-0.2351718,0.0096271,-0.0193364,-0.0031361,-0.1101806,0.3500000,-0.2343888,-0.0096051,0.0695288,0.0000000,0.0000000,1.2707963,-0.0000000,-0.0695288,0.0000000,0.0000000,1.2707963,-0.0000000,1.0000000,1.0000000
0.0000000,0.0000000,0.9692268,0.0000000,0.0000000,0.0000000,1.0000000,0.0191925,0.0031003,-0.1093982,0.3500000,-0.2351718,0.0096271,-0.0193364,-0.0031361,-0.1101806,0.3500000,-0.2343888,-0.0096051,0.0483013,0.0000000,0.0000000,1.2707963,-0.0000000,-0.0483013,0.0000000,0.0000000,1.2707963,-0.0000000,1.0000000,1.0000000
0.0000000,0.0000000,0.9692268,0.0000000,0.0000000,0.0000000,1.0000000,0.0191925,0.0031003,-0.1093982,0.3500000,-0.2351718,0.0096271,-0.0193364,-0.0031361,-0.1101806,0.3500000,-0.2343888,-0.0096051,0.0227189,0.0000000,0.0000000,1.2707963,-0.0000000,-0.0227189,0.0000000,0.0000000,1.2707963,-0.0000000,1.0000000,1.0000000
0.0000000,0.0000000,0.9692268,0.0000000,0.0000000,0.0000000,1.0000000,0.0191925,0.0031003,-0.1093982,0.3500000,-0.2351718,0.0096271,-0.0193364,-0.0031361,-0.1101806,0.3500000,-0.2343888,-0.0096051,-0.0069143,0.0000000,0.0000000,1.2707963,-0.0000000,0.0069143,0.0000000,0.0000000,1.2707963,-0.0000000,1.0000000,1.0000000
0.0000000,0.0000000,0.9692268,0.0000000,0.0000000,0.0000000,1.0000000,0.0191925,0.0031003,-0.1093982,0.3500000,-0.2351718,0.0096271,-0.0193364,-0.0031361,-0.1101806,0.3500000,-0.2343888,-0.0096051,-0.0401461,0.0000000,0.0000000,1.2707963,-0.0000000,0.0401461,0.0000000,0.0000000,1.2707963,-0.0000000,1.0000000,1.0000000
0.0000000,0.0000000,0.9692268,0.0000000,0.0000000,0.0000000,1.0000000,0.0191925,0.0031003,-0.1093982,0.3500000,-0.2351718,0.0096271,-0.0193364,-0.0031361,-0.1101806,0.3500000,-0.2343888,-0.0096051,-0.0763856,0.0000000,0.0000000,1.2707963,-0.0000000,0.0763856,0.0000000,0.0000000,1.2707963,-0.0000000,1.0000000,1.0000000
0.0000000,0.0000000,0.9692268,0.0000000,0.0000000,0.0000000,1.0000000,0.0191925,0.0031003,-0.1093982,0.3500000,-0.2351718,0.0096271,-0.0193364,-0.0031361,-0.1101806,0.3500000,-0.2343888,-0.0096051,-0.1149176,0.0000000,0.0000000,1.2707963,-0.0000000,0.1149176,0.0000000,0.0000000,1.2707963,-0.0000000,1.0000000,1.0000000
0.0000000,0.0000000,0.9692268,0.0000000,0.0000000,0.0000000,1.0000000,0.0191925,0.0031003,-0.1093982,0.3500000,-0.2351718,0.0096271,-0.0193364,-0.0031361,-0.1101806,0.3500000,-0.2343888,-0.0096051,-0.1549226,0.0000000,0.0000000,1.2707963,-0.0000000,0.1549226,0.0000000,0.0000000,1.2707963,-0.0000000,1.0000000,1.0000000
0.0000000,0.0000000,0.9692268,0.0000000,0.0000000,0.0000000,1.0000000,0.0191925,0.0031003,-0.1093982,0.3500000,-0.2351718,0.0096271,-0.0193364,-0.0031361,-0.1101806,0.3500000,-0.2343888,-0.0096051,-0.1955007,0.0000000,0.0000000,1.2707963,-0.0000000,0.1955007,0.0000000,0.0000000,1.2707963,-0.0000000,1.0000000,1.0000000
0.0000000,0.0000000,0.9692268,0.0000000,0.0000000,0.0000000,1.0000000,0.0191925,0.0031003,-0.1093982,0.3500000,-0.2351718,0.0096271,-0.0193364,-0.0031361,-0.1101806,0.3500000,-0.2343888,-0.0096051,-0.2356987,0.0000000,0.0000000,1.2707963,-0.0000000,0.2356987,0.0000000,0.0000000,1.2707963,-0.0000000,1.0000000,1.0000000
0.0000000,0.0000000,0.9692268,0.0000000,0.0000000,0.0000000,1.0000000,0.0191925,0.0031003,-0.1093982,0.3500000,-0.2351718,0.0096271,-0.0193364,-0.0031361,-0.1101806,0.3500000,-0.2343888,-0.0096051,-0.2745398,0.0000000,0.0000000,1.2707963,-0.0000000,0.2745398,0.0000000,0.0000000,1.2707963,-0.0000000,1.0000000,1.0000000
0.0000000,0.0000000,0.9692268,0.0000000,0.0000000,0.0000000,1.0000000,0.0191925,0.0031003,-0.1093982,0.3500000,-0.2351718,0.0096271,-0.0193364,-0.0031361,-0.1101806,0.3500000,-0.2343888,-0.0096051,-0.3110549,0.0000000,0.0000000,1.2707963,-0.0000000,0.3110549,0.0000000,0.0000000,1.2707963,-0.0000000,1.0000000,1.0000000
0.0000000,0.0000000,0.9692268,0.0000000,0.0000000,0.0000000,1.0000000,0.0191925,0.0031003,-0.1093982,0.3500000,-0.2351718,0.0096271,-0.0193364,-0.0031361,-0.1101806,0.3500000,-0.2343888,-0.0096051,-0.3443131,0.0000000,0.0000000,1.2707963,-0.0000000,0.3443131,0.0000000,0.0000000,1.2707963,-0.0000000,1.0000000,1.0000000
0.0000000,0.0000000,0.9692268,0.0000000,0.0000000,0.0000000,1.0000000,0.0191925,0.0031003,-0.1093982,0.3500000,-0.2351718,0.0096271,-0.0193364,-0.0031361,-0.1101806,0.3500000,-0.2343888,-0.0096051,-0.3734522,0.0000000,0.0000000,1.2707963,-0.0000000,0.3734522,0.0000000,0.0000000,1.2707963,-0.0000000,1.0000000,1.0000000
0.0000000,0.0000000,0.9692268,0.0000000,0.0000000,0.0000000,1.0000000,0.0191925,0.0031003,-0.1093982,0.3500000,-0.2351718,0.0096271,-0.0193364,-0.0031361,-0.1101806,0.3500000,-0.2343888,-0.0096051,-0.3977057,0.0000000,0.0000000,1.2707963,-0.0000000,0.3977057,0.0000000,0.0000000,1.2707963,-0.0000000,1.0000000,1.0000000
0.0000000,0.0000000,0.9692268,0.0000000,0.0000000,0.0000000,1.0000000,0.0191925,0.0031003,-0.1093982,0.3500000,-0.2351718,0.0096271,-0.0193364,-0.0031361,-0.1101806,0.3500000,-0.2343888,-0.0096051,-0.4164269,0.0000000,0.0000000,1.2707963,-0.0000000,0.4164269,0.0000000,0.0000000,1.2707963,-0.0000000,1.0000000,1.0000000
0.0000000,0.0000000,0.9692268,0.0000000,0.0000000,0.0000000,1.0000000,0.0191925,0.0031003,-0.1093982,0.3500000,-0.2351718,0.0096271,-0.0193364,-0.0031361,-0.1101806,0.3500000,-0.2343888,-0.0096051,-0.4291091,0.0000000,0.0000000,1.2707963,-0.0000000,0.4291091,0.0000000,0.0000000,1.2707963,-0.0000000,1.0000000,1.0000000
0.0000000,0.0000000,0.9692268,0.0000000,0.0000000,0.0000000,1.0000000,0.0191925,0.0031003,-0.1093982,0.3500000,-0.2351718,0.0096271,-0.0193364,-0.0031361,-0.1101806,0.3500000,-0.2343888,-0.0096051,-0.4353990,0.0000000,0.0000000,1.2707963,-0.0000000,0.4353990,0.0000000,0.0000000,1.2707963,-0.0000000,1.0000000,1.0000000
0.0000000,0.0000000,0.9692268,0.0000000,0.0000000,0.0000000,1.0000000,0.0191925,0.0031003,-0.1093982,0.3500000,-0.2351718,0.0096271,-0.0193364,-0.0031361,-0.1101806,0.3500000,-0.2343888,-0.0096051,-0.4351055,0.0000000,0.0000000,1.2707963,-0.0000000,0.4351055,0.0000000,0.0000000,1.2707963,-0.0000000,1.0000000,1.0000000
0.0000000,0.0000000,0.9692268,0.0000000,0.0000000,0.0000000,1.0000000,0.0191925,0.0031003,-0.1093982,0.3500000,-0.2351718,0.0096271,-0.0193364,-0.0031361,-0.1101806,0.3500000,-0.2343888,-0.0096051,-0.4282013,0.0000000,0.0000000,1.2707963,-0.0000000,0.4282013,0.0000000,0.0000000,1.2707963,-0.0000000,1.0000000,1.0000000
0.0000000,0.0000000,0.9692268,0.0000000,0.0000000,0.0000000,1.0000000,0.0191925,0.0031003,-0.1093982,0.3500000,-0.2351718,0.0096271,-0.0193364,-0.0031361,-0.1101806,0.3500000,-0.2343888,-0.0096051,-0.4148179,0.0000000,0.0000000,1.2707963,-0.0000000,0.4148179,0.0000000,0.0000000,1.2707963,-0.0000000,1.0000000,1.0000000
0.0000000,0.0000000,0.9692268,0.0000000,0.0000000,0.0000000,1.0000000,0.0191925,0.0031003,-0.1093982,0.3500000,-0.2351718,0.0096271,-0.0193364,-0.0031361,-0.1101806,0.3500000,-0.2343888,-0.0096051,-0.3952344,0.0000000,0.0000000,1.2707963,-0.0000000,0.3952344,0.0000000,0.0000000,1.2707963,-0.0000000,1.0000000,1.0000000
0.0000000,0.0000000,0.9692268,0.0000000,0.0000000,0.0000000,1.0000000,0.0191925,0.0031003,-0.1093982,0.3500000,-0.2351718,0.0096271,-0.0193364,-0.0031361,-0.1101806,0.3500000,-0.2343888,-0.0096051,-0.3698595,0.0000000,0.0000000,1.2707963,-0.0000000,0.3698595,0.0000000,0.0000000,1.2707963,-0.0000000,1.0000000,1.0000000
0.0000000,0.0000000,0.9692268,0.0000000,0.0000000,0.0000000,1.0000000,0.0191925,0.0031003,-0.1093982,0.3500000,-0.2351718,0.0096271,-0.0193364,-0.0031361,-0.1101806,0.3500000,-0.2343888,-0.0096051,-0.3392087,0.0000000,0.0000000,1.2707963,-0.0000000,0.3392087,0.0000000,0.0000000,1.2707963,-0.0000000,1.0000000,1.0000000
0.0000000,0.0000000,0.9692268,0.0000000,0.0000000,0.0000000,1.0000000,0.0191925,0.0031003,-0.1093982,0.3500000,-0.2351718,0.0096271,-0.0193364,-0.0031361,-0.1101806,0.3500000,-0.2343888,-0.0096051,-0.3038762,0.0000000,0.0000000,1.2707963,-0.0000000,0.3038762,0.0000000,0.0000000,1.2707963,-0.0000000,1.0000000,1.0000000
0.0000000,0.0000000,0.9692268,0.0000000,0.0000000,0.0000000,1.0000000,0.0191925,0.0031003,-0.1093982,0.3500000,-0.2351718,0.0096271,-0.0193364,-0.0031361,-0.1101806,0.3500000,-0.2343888,-0.0096051,-0.2645034,0.0000000,0.0000000,1.2707963,-0.0000000,0.2645034,0.0000000,0.0000000,1.2707963,-0.0000000,1.0000000,1.0000000
0.0000000,0.0000000,0.9692268,0.0000000,0.0000000,0.0000000,1.0000000,0.0191925,0.0031003,-0.1093982,0.3500000,-0.2351718,0.0096271,-0.0193364,-0.0031361,-0.1101806,0.3500000,-0.2343888,-0.0096051,-0.2217273,0.0000000,0.0000000,1.2707963,-0.0000000,0.2217273,0.0000000,0.0000000,1.2707963,-0.0000000,1.0000000,1.0000000
0.0000000,0.0000000,0.9692268,0.0000000,0.0000000,0.0000000,1.0000000,0.0191925,0.0031003,-0.1093982,0.3500000,-0.2351718,0.0096271,-0.0193364,-0.0031361,-0.1101806,0.3500000,-0.2343888,-0.0096051,-0.1761182,0.0000000,0.0000000,1.2707963,-0.0000000,0.1761182,0.0000000,0.0000000,1.2707963,-0.0000000,1.0000000,1.0000000
0.0000000,0.0000000,0.9692268,0.0000000,0.0000000,0.0000000,1.0000000,0.0191925,0.0031003,-0.1093982,0.3500000,-0.2351718,0.0096271,-0.0193364,-0.0031361,-0.1101806,0.3500000,-0.2343888,-0.0096051,-0.1282587,0.0000000,0.0000000,1.2707963,-0.0000000,0.1282587,0.0000000,0.0000000,1.2707963,-0.0000000,1.0000000,1.0000000
0.0000000,0.0000000,0.9692268,0.0000000,0.0000000,0.0000000,1.0000000,0.0191925,0.0031003,-0.1093982,0.3500000,-0.2351718,0.0096271,-0.0193364,-0.0031361,-0.1101806,0.3500000,-0.2343888,-0.0096051,-0.0787604,0.0000000,0.0000000,1.2707963,-0.0000000,0.0787604,0.0000000,0.0000000,1.2707963,-0.0000000,1.0000000,1.0000000
0.0000000,0.0000000,0.9692268,0.0000000,0.0000000,0.0000000,1.0000000,0.0191925,0.0031003,-0.1093982,0.3500000,-0.2351718,0.0096271,-0.0193364,-0.0031361,-0.1101806,0.3500000,-0.2343888,-0.0096051,-0.0282557,0.0000000,0.0000000,1.2707963,-0.0000000,0.0282557,0.0000000,0.0000000,1.2707963,-0.0000000,1.0000000,1.0000000
0.0000000,0.0000000,0.9692268,0.0000000,0.0000000,0.0000000,1.0000000,0.0191925,0.0031003,-0.1093982,0.3500000,-0.2351718,0.0096271,-0.0193364,-0.0031361,-0.1101806,0.3500000,-0.2343888,-0.0096051,0.0226099,0.0000000,0.0000000,1.2707963,-0.0000000,-0.0226099,0.0000000,0.0000000,1.2707963,-0.0000000,1.0000000,1.0000000
0.0000000,0.0000000,0.9692268,0.0000000,0.0000000,0.0000000,1.0000000,0.0191925,0.0031003,-0.1093982,0.3500000,-0.2351718,0.0096271,-0.0193364,-0.0031361,-0.1101806,0.3500000,-0.2343888,-0.0096051,0.0731867,0.0000000,0.0000000,1.2707963,-0.0000000,-0.0731867,0.0000000,0.0000000,1.2707963,-0.0000000,1.0000000,1.0000000
0.0000000,0.0000000,0.9692268,0.0000000,0.0000000,0.0000000,1.0000000,0.0191925,0.0031003,-0.1093982,0.3500000,-0.2351718,0.0096271,-0.0193364,-0.0031361,-0.1101806,0.3500000,-0.2343888,-0.0096051,0.1228284,0.0000000,0.0000000,1.2707963,-0.0000000,-0.1228284,0.0000000,0.0000000,1.2707963,-0.0000000,1.0000000,1.0000000
0.0000000,0.0000000,0.9692268,0.0000000,0.0000000,0.0000000,1.0000000,0.0191925,0.0031003,-0.1093982,0.3500000,-0.2351718,0.0096271,-0.0193364,-0.0031361,-0.1101806,0.3500000,-0.2343888,-0.0096051,0.1709006,0.0000000,0.0000000,1.2707963,-0.0000000,-0.1709006,0.0000000,0.0000000,1.2707963,-0.0000000,1.0000000,1.0000000
0.0000000,0.0000000,0.9692268,0.0000000,0.0000000,0.0000000,1.0000000,0.0191925,0.0031003,-0.1093982,0.3500000,-0.2351718,0.0096271,-0.0193364,-0.0031361,-0.1101806,0.3500000,-0.2343888,-0.0096051,0.2167892,0.0000000,0.0000000,1.2707963,-0.0000000,-0.2167892,0.0000000,0.0000000,1.2707963,-0.0000000,1.0000000,1.0000000
0.0000000,0.0000000,0.9692268,0.0000000,0.0000000,0.0000000,1.0000000,0.0191925,0.0031003,-0.1093982,0.3500000,-0.2351718,0.0096271,-0.0193364,-0.0031361,-0.1101806,0.3500000,-0.2343888,-0.0096051,0.2599077,0.0000000,0.0000000,1.2707963,-0.0000000,-0.2599077,0.0000000,0.0000000,1.2707963,-0.0000000,1.0000000,1.0000000
0.0000000,0.0000000,0.9692268,0.0000000,0.0000000,0.0000000,1.0000000,0.0191925,0.0031003,-0.1093982,0.3500000,-0.2351718,0.0096271,-0.0193364,-0.0031361,-0.1101806,0.3500000,-0.2343888,-0.0096051,0.2997053,0.0000000,0.0000000,1.2707963,-0.0000000,-0.2997053,0.0000000,0.0000000,1.2707963,-0.0000000,1.0000000,1.0000000
0.0000000,0.0000000,0.9692268,0.0000000,0.0000000,0.0000000,1.0000000,0.0191925,0.0031003,-0.1093982,0.3500000,-0.2351718,0.0096271,-0.0193364,-0.0031361,-0.1101806,0.3500000,-0.2343888,-0.0096051,0.3356735,0.0000000,0.0000000,1.2707963,-0.0000000,-0.3356735,0.0000000,0.0000000,1.2707963,-0.0000000,1.0000000,1.0000000
0.0000000,0.0000000,0.9692268,0.0000000,0.0000000,0.0000000,1.0000000,0.0191925,0.0031003,-0.1093982,0.3500000,-0.2351718,0.0096271,-0.0193364,-0.0031361,-0.1101806,0.3500000,-0.2343888,-0.0096051,0.3673527,0.0000000,0.0000000,1.2707963,-0.0000000,-0.3673527,0.0000000,0.0000000,1.2707963,-0.0000000,1.0000000,1.0000000
0.0000000,0.0000000,0.9692268,0.0000000,0.0000000,0.0000000,1.0000000,0.0191925,0.0031003,-0.1093982,0.3500000,-0.2351718,0.0096271,-0.0193364,-0.0031361,-0.1101806,0.3500000,-0.2343888,-0.0096051,0.3943380,0.0000000,0.0000000,1.2707963,-0.0000000,-0.3943380,0.0000000,0.0000000,1.2707963,-0.0000000,1.0000000,1.0000000
0.0000000,0.0000000,0.9692268,0.0000000,0.0000000,0.0000000,1.0000000,0.0191925,0.0031003,-0.1093982,0.3500000,-0.2351718,0.0096271,-0.0193364,-0.0031361,-0.1101806,0.3500000,-0.2343888,-0.0096051,0.4162847,0.0000000,0.0000000,1.2707963,-0.0000000,-0.4162847,0.0000000,0.0000000,1.2707963,-0.0000000,1.0000000,1.0000000
0.0000000,0.0000000,0.9692268,0.0000000,0.0000000,0.0000000,1.0000000,0.0191925,0.0031003,-0.1093982,0.3500000,-0.2351718,0.0096271,-0.0193364,-0.0031361,-0.1101806,0.3500000,-0.2343888,-0.0096051,0.4329125,0.0000000,0.0000000,1.2707963,-0.0000000,-0.4329125,0.0000000,0.0000000,1.2707963,-0.0000000,1.0000000,1.0000000
0.0000000,0.0000000,0.9692268,0.0000000,0.0000000,0.0000000,1.0000000,0.0191925,0.0031003,-0.1093982,0.3500000,-0.2351718,0.0096271,-0.0193364,-0.0031361,-0.1101806,0.3500000,-0.2343888,-0.0096051,0.4440087,0.0000000,0.0000000,1.2707963,-0.0000000,-0.4440087,0.0000000,0.0000000,1.2707963,-0.0000000,1.0000000,1.0000000
0.0000000,0.0000000,0.9692268,0.0000000,0.0000000,0.0000000,1.0000000,0.0191925,0.0031003,-0.1093982,0.3500000,-0.2351718,0.0096271,-0.0193364,-0.0031361,-0.1101806,0.3500000,-0.2343888,-0.0096051,0.4494316,0.0000000,0.0000000,1.2707963,-0.0000000,-0.4494316,0.0000000,0.0000000,1.2707963,-0.0000000,1.0000000,1.0000000
0.0000000,0.0000000,0.9692268,0.0000000,0.0000000,0.0000000,1.0000000,0.0191925,0.0031003,-0.1093982,0.3500000,-0.2351718,0.0096271,-0.0193364,-0.0031361,-0.1101806,0.3500000,-0.2343888,-0.0096051,0.4491120,0.0000000,0.0000000,1.2707963,-0.0000000,-0.4491120,0.0000000,0.0000000,1.2707963,-0.0000000,1.0000000,1.0000000
0.0000000,0.0000000,0.9692268,0.0000000,0.0000000,0.0000000,1.0000000,0.0191925,0.0031003,-0.1093982,0.3500000,-0.2351718,0.0096271,-0.0193364,-0.0031361,-0.1101806,0.3500000,-0.2343888,-0.0096051,0.4430540,0.0000000,0.0000000,1.2707963,-0.0000000,-0.4430540,0.0000000,0.0000000,1.2707963,-0.0000000,1.0000000,1.0000000
0.0000000,0.0000000,0.9692268,0.0000000,0.0000000,0.0000000,1.0000000,0.0191925,0.0031003,-0.1093982,0.3500000,-0.2351718,0.0096271,-0.0193364,-0.0031361,-0.1101806,0.3500000,-0.2343888,-0.0096051,0.4313348,0.0000000,0.0000000,1.2707963,-0.0000000,-0.4313348,0.0000000,0.0000000,1.2707963,-0.0000000,1.0000000,1.0000000
0.0000000,0.0000000,0.9692268,0.0000000,0.0000000,0.0000000,1.0000000,0.0191925,0.0031003,-0.1093982,0.3500000,-0.2351718,0.0096271,-0.0193364,-0.0031361,-0.1101806,0.3500000,-0.2343888,-0.0096051,0.4141043,0.0000000,0.0000000,1.2707963,-0.0000000,-0.4141043,0.0000000,0.0000000,1.2707963,-0.0000000,1.0000000,1.0000000
0.0000000,0.0000000,0.9692268,0.0000000,0.0000000,0.0000000,1.0000000,0.0191925,0.0031003,-0.1093982,0.3500000,-0.2351718,0.0096271,-0.0193364,-0.0031361,-0.1101806,0.3500000,-0.2343888,-0.0096051,0.3915827,0.0000000,0.0000000,1.2707963,-0.0000000,-0.3915827,0.0000000,0.0000000,1.2707963,-0.0000000,1.0000000,1.0000000
0.0000000,0.0000000,0.9692268,0.0000000,0.0000000,0.0000000,1.0000000,0.0191925,0.0031003,-0.1093982,0.3500000,-0.2351718,0.0096271,-0.0193364,-0.0031361,-0.1101806,0.3500000,-0.2343888,-0.0096051,0.3640576,0.0000000,0.0000000,1.2707963,-0.0000000,-0.3640576,0.0000000,0.0000000,1.2707963,-0.0000000,1.0000000,1.0000000
0.0000000,0.0000000,0.9692268,0.0000000,0.0000000,0.0000000,1.0000000,0.0191925,0.0031003,-0.1093982,0.3500000,-0.2351718,0.0096271,-0.0193364,-0.0031361,-0.1101806,0.3500000,-0.2343888,-0.0096051,0.3318809,0.0000000,0.0000000,1.2707963,-0.0000000,-0.3318809,0.0000000,0.0000000,1.2707963,-0.0000000,1.0000000,1.0000000
0.0000000,0.0000000,0.9692268,0.0000000,0.0000000,0.0000000,1.0000000,0.0191925,0.0031003,-0.1093982,0.3500000,-0.2351718,0.0096271,-0.0193364,-0.0031361,-0.1101806,0.3500000,-0.2343888,-0.0096051,0.2954636,0.0000000,0.0000000,1.2707963,-0.0000000,-0.2954636,0.0000000,0.0000000,1.2707963,-0.0000000,1.0000000,1.0000000
0.0000000,0.0000000,0.9692268,0.0000000,0.0000000,0.0000000,1.0000000,0.0191925,0.0031003,-0.1093982,0.3500000,-0.2351718,0.0096271,-0.0193364,-0.0031361,-0.1101806,0.3500000,-0.2343888,-0.0096051,0.2552710,0.0000000,0.0000000,1.2707963,-0.0000000,-0.2552710,0.0000000,0.0000000,1.2707963,-0.0000000,1.0000000,1.0000000
0.0000000,0.0000000,0.9692268,0.0000000,0.0000000,0.0000000,1.0000000,0.0191925,0.0031003,-0.1093982,0.3500000,-0.2351718,0.0096271,-0.0193364,-0.0031361,-0.1101806,0.3500000,-0.2343888,-0.0096051,0.2118168,0.0000000,0.0000000,1.2707963,-0.0000000,-0.2118168,0.0000000,0.0000000,1.2707963,-0.0000000,1.0000000,1.0000000
0.0000000,0.0000000,0.9692268,0.0000000,0.0000000,0.0000000,1.0000000,0.0191925,0.0031003,-0.1093982,0.3500000,-0.2351718,0.0096271,-0.0193364,-0.0031361,-0.1101806,0.3500000,-0.2343888,-0.0096051,0.1656560,0.0000000,0.0000000,1.2707963,-0.0000000,-0.1656560,0.0000000,0.0000000,1.2707963,-0.0000000,1.0000000,1.0000000
0.0000000,0.0000000,0.9692268,0.0000000,0.0000000,0.0000000,1.0000000,0.0191925,0.0031003,-0.1093982,0.3500000,-0.2351718,0.0096271,-0.0193364,-0.0031361,-0.1101806,0.3500000,-0.2343888,-0.0096051,0.1173787,0.0000000,0.0000000,1.2707963,-0.0000000,-0.1173787,0.0000000,0.0000000,1.2707963,-0.0000000,1.0000000,1.0000000
0.0000000,0.0000000,0.9692268,0.0000000,0.0000000,0.0000000,1.0000000,0.0191925,0.0031003,-0.1093982,0.3500000,-0.2351718,0.0096271,-0.0193364,-0.0031361,-0.1101806,0.3500000,-0.2343888,-0.0096051,0.0676015,0.0000000,0.0000000,1.2707963,-0.0000000,-0.0676015,0.0000000,0.0000000,1.2707963,-0.0000000,1.0000000,1.0000000
0.0000000,0.0000000,0.9692268,0.0000000,0.0000000,0.0000000,1.0000000,0.0191925,0.0031003,-0.1093982,0.3500000,-0.2351718,0.0096271,-0.0193364,-0.0031361,-0.1101806,0.3500000,-0.2343888,-0.0096051,0.0169606,0.0000000,0.0000000,1.2707963,-0.0000000,-0.0169606,0.0000000,0.0000000,1.2707963,-0.0000000,1.0000000,1.0000000
0.0000000,0.0000000,0.9692268,0.0000000,0.0000000,0.0000000,1.0000000,0.0191925,0.0031003,-0.1093982,0.3500000,-0.2351718,0.0096271,-0.0193364,-0.0031361,-0.1101806,0.3500000,-0.2343888,-0.0096051,-0.0338971,0.0000000,0.0000000,1.2707963,-0.0000000,0.0338971,0.0000000,0.0000000,1.2707963,-0.0000000,1.0000000,1.0000000
0.0000000,0.0000000,0.9692268,0.0000000,0.0000000,0.0000000,1.0000000,0.0191925,0.0031003,-0.1093982,0.3500000,-0.2351718,0.0096271,-0.0193364,-0.0031361,-0.1101806,0.3500000,-0.2343888,-0.0096051,-0.0843216,0.0000000,0.0000000,1.2707963,-0.0000000,0.0843216,0.0000000,0.0000000,1.2707963,-0.0000000,1.0000000,1.0000000
0.0000000,0.0000000,0.9692268,0.0000000,0.0000000,0.0000000,1.0000000,0.0191925,0.0031003,-0.1093982,0.3500000,-0.2351718,0.0096271,-0.0193364,-0.0031361,-0.1101806,0.3500000,-0.2343888,-0.0096051,-0.1336687,0.0000000,0.0000000,1.2707963,-0.0000000,0.1336687,0.0000000,0.0000000,1.2707963,-0.0000000,1.0000000,1.0000000
0.0000000,0.0000000,0.9692268,0.0000000,0.0000000,0.0000000,1.0000000,0.0191925,0.0031003,-0.1093982,0.3500000,-0.2351718,0.0096271,-0.0193364,-0.0031361,-0.1101806,0.3500000,-0.2343888,-0.0096051,-0.1813079,0.0000000,0.0000000,1.2707963,-0.0000000,0.1813079,0.0000000,0.0000000,1.2707963,-0.0000000,1.0000000,1.0000000
0.0000000,0.0000000,0.9692268,0.0000000,0.0000000,0.0000000,1.0000000,0.0191925,0.0031003,-0.1093982,0.3500000,-0.2351718,0.0096271,-0.0193364,-0.0031361,-0.1101806,0.3500000,-0.2343888,-0.0096051,-0.2266304,0.0000000,0.0000000,1.2707963,-0.0000000,0.2266304,0.0000000,0.0000000,1.2707963,-0.0000000,1.0000000,1.0000000
0.0000000,0.0000000,0.9692268,0.0000000,0.0000000,0.0000000,1.0000000,0.0191925,0.0031003,-0.1093982,0.3500000,-0.2351718,0.0096271,-0.0193364,-0.0031361,-0.1101806,0.3500000,-0.2343888,-0.0096051,-0.2690572,0.0000000,0.0000000,1.2707963,-0.0000000,0.2690572,0.0000000,0.0000000,1.2707963,-0.0000000,1.0000000,1.0000000
0.0000000,0.0000000,0.9692268,0.0000000,0.0000000,0.0000000,1.0000000,0.0191925,0.0031003,-0.1093982,0.3500000,-0.2351718,0.0096271,-0.0193364,-0.0031361,-0.1101806,0.3500000,-0.2343888,-0.0096051,-0.3080462,0.0000000,0.0000000,1.2707963,-0.0000000,0.3080462,0.0000000,0.0000000,1.2707963,-0.0000000,1.0000000,1.0000000
0.0000000,0.0000000,0.9692268,0.0000000,0.0000000,0.0000000,1.0000000,0.0191925,0.0031003,-0.1093982,0.3500000,-0.2351718,0.0096271,-0.0193364,-0.0031361,-0.1101806,0.3500000,-0.2343888,-0.0096051,-0.3430991,0.0000000,0.0000000,1.2707963,-0.0000000,0.3430991,0.0000000,0.0000000,1.2707963,-0.0000000,1.0000000,1.0000000
0.0000000,0.0000000,0.9692268,0.0000000,0.0000000,0.0000000,1.0000000,0.0191925,0.0031003,-0.1093982,0.3500000,-0.2351718,0.0096271,-0.0193364,-0.0031361,-0.1101806,0.3500000,-0.2343888,-0.0096051,-0.3737682,0.0000000,0.0000000,1.2707963,-0.0000000,0.3737682,0.0000000,0.0000000,1.2707963,-0.0000000,1.0000000,1.0000000
0.0000000,0.0000000,0.9692268,0.0000000,0.0000000,0.0000000,1.0000000,0.0191925,0.0031003,-0.1093982,0.3500000,-0.2351718,0.0096271,-0.0193364,-0.0031361,-0.1101806,0.3500000,-0.2343888,-0.0096051,-0.3996614,0.0000000,0.0000000,1.2707963,-0.0000000,0.3996614,0.0000000,0.0000000,1.2707963,-0.0000000,1.0000000,1.0000000
0.0000000,0.0000000,0.9692268,0.0000000,0.0000000,0.0000000,1.0000000,0.0191925,0.0031003,-0.1093982,0.3500000,-0.2351718,0.0096271,-0.0193364,-0.0031361,-0.1101806,0.3500000,-0.2343888,-0.0096051,-0.4204480,0.0000000,0.0000000,1.2707963,-0.0000000,0.4204480,0.0000000,0.0000000,1.2707963,-0.0000000,1.0000000,1.0000000
0.0000000,0.0000000,0.9692268,0.0000000,0.0000000,0.0000000,1.0000000,0.0191925,0.0031003,-0.1093982,0.3500000,-0.2351718,0.0096271,-0.0193364,-0.0031361,-0.1101806,0.3500000,-0.2343888,-0.0096051,-0.4358624,0.0000000,0.0000000,1.2707963,-0.0000000,0.4358624,0.0000000,0.0000000,1.2707963,-0.0000000,1.0000000,1.0000000
0.0000000,0.0000000,0.9692268,0.0000000,0.0000000,0.0000000,1.0000000,0.0191925,0.0031003,-0.1093982,0.3500000,-0.2351718,0.0096271,-0.0193364,-0.0031361,-0.1101806,0.3500000,-0.2343888,-0.0096051,-0.4457076,0.0000000,0.0000000,1.2707963,-0.0000000,0.4457076,0.0000000,0.0000000,1.2707963,-0.0000000,1.0000000,1.0000000
0.0000000,0.0000000,0.9692268,0.0000000,0.0000000,0.0000000,1.0000000,0.0191925,0.0031003,-0.1093982,0.3500000,-0.2351718,0.0096271,-0.0193364,-0.0031361,-0.1101806,0.3500000,-0.2343888,-0.0096051,-0.4498579,0.0000000,0.0000000,1.2707963,-0.0000000,0.4498579,0.0000000,0.0000000,1.2707963,-0.0000000,1.0000000,1.0000000
0.0000000,0.0000000,0.9692268,0.0000000,0.0000000,0.0000000,1.0000000,0.0191925,0.0031003,-0.1093982,0.3500000,-0.2351718,0.0096271,-0.0193364,-0.0031361,-0.1101806,0.3500000,-0.2343888,-0.0096051,-0.4482601,0.0000000,0.0000000,1.2707963,-0.0000000,0.4482601,0.0000000,0.0000000,1.2707963,-0.0000000,1.0000000,1.0000000
0.0000000,0.0000000,0.9692268,0.0000000,0.0000000,0.0000000,1.0000000,0.0191925,0.0031003,-0.1093982,0.3500000,-0.2351718,0.0096271,-0.0193364,-0.0031361,-0.1101806,0.3500000,-0.2343888,-0.0096051,-0.4409348,0.0000000,0.0000000,1.2707963,-0.0000000,0.4409348,0.0000000,0.0000000,1.2707963,-0.0000000,1.0000000,1.0000000
0.0000000,0.0000000,0.9692268,0.0000000,0.0000000,0.0000000,1.0000000,0.0191925,0.0031003,-0.1093982,0.3500000,-0.2351718,0.0096271,-0.0193364,-0.0031361,-0.1101806,0.3500000,-0.2343888,-0.0096051,-0.4279754,0.0000000,0.0000000,1.2707963,-0.0000000,0.4279754,0.0000000,0.0000000,1.2707963,-0.0000000,1.0000000,1.0000000
0.0000000,0.0000000,0.9692268,0.0000000,0.0000000,0.0000000,1.0000000,0.0191925,0.0031003,-0.1093982,0.3500000,-0.2351718,0.0096271,-0.0193364,-0.0031361,-0.1101806,0.3500000,-0.2343888,-0.0096051,-0.4095477,0.0000000,0.0000000,1.2707963,-0.0000000,0.4095477,0.0000000,0.0000000,1.2707963,-0.0000000,1.0000000,1.0000000
0.0000000,0.0000000,0.9692268,0.0000000,0.0000000,0.0000000,1.0000000,0.0191925,0.0031003,-0.1093982,0.3500000,-0.2351718,0.0096271,-0.0193364,-0.0031361,-0.1101806,0.3500000,-0.2343888,-0.0096051,-0.3858870,0.0000000,0.0000000,1.2707963,-0.0000000,0.3858870,0.0000000,0.0000000,1.2707963,-0.0000000,1.0000000,1.0000000
0.0000000,0.0000000,0.9692268,0.0000000,0.0000000,0.0000000,1.0000000,0.0191925,0.0031003,-0.1093982,0.3500000,-0.2351718,0.0096271,-0.0193364,-0.0031361,-0.1101806,0.3500000,-0.2343888,-0.0096051,-0.3572957,0.0000000,0.0000000,1.2707963,-0.0000000,0.3572957,0.0000000,0.0000000,1.2707963,-0.0000000,1.0000000,1.0000000
0.0000000,0.0000000,0.9692268,0.0000000,0.0000000,0.0000000,1.0000000,0.0191925,0.0031003,-0.1093982,0.3500000,-0.2351718,0.0096271,-0.0193364,-0.0031361,-0.1101806,0.3500000,-0.2343888,-0.0096051,-0.3241391,0.0000000,0.0000000,1.2707963,-0.0000000,0.3241391,0.0000000,0.0000000,1.2707963,-0.0000000,1.0000000,1.0000000
0.0000000,0.0000000,0.9692268,0.0000000,0.0000000,0.0000000,1.0000000,0.0191925,0.0031003,-0.1093982,0.3500000,-0.2351718,0.0096271,-0.0193364,-0.0031361,-0.1101806,0.3500000,-0.2343888,-0.0096051,-0.2868408,0.0000000,0.0000000,1.2707963,-0.0000000,0.2868408,0.0000000,0.0000000,1.2707963,-0.0000000,1.0000000,1.0000000
0.0000000,0.0000000,0.9692268,0.0000000,0.0000000,0.0000000,1.0000000,0.0191925,0.0031003,-0.1093982,0.3500000,-0.2351718,0.0096271,-0.0193364,-0.0031361,-0.1101806,0.3500000,-0.2343888,-0.0096051,-0.2458775,0.0000000,0.0000000,1.2707963,-0.0000000,0.2458775,0.0000000,0.0000000,1.2707963,-0.0000000,1.0000000,1.0000000
0.0000000,0.0000000,0.9692268,0.0000000,0.0000000,0.0000000,1.0000000,0.0191925,0.0031003,-0.1093982,0.3500000,-0.2351718,0.0096271,-0.0193364,-0.0031361,-0.1101806,0.3500000,-0.2343888,-0.0096051,-0.2017724,0.0000000,0.0000000,1.2707963,-0.0000000,0.2017724,0.0000000,0.0000000,1.2707963,-0.0000000,1.0000000,1.0000000
0.0000000,0.0000000,0.9692268,0.0000000,0.0000000,0.0000000,1.0000000,0.0191925,0.0031003,-0.1093982,0.3500000,-0.2351718,0.0096271,-0.0193364,-0.0031361,-0.1101806,0.3500000,-0.2343888,-0.0096051,-0.1550893,0.0000000,0.0000000,1.2707963,-0.0000000,0.1550893,0.0000000,0.0000000,1.2707963,-0.0000000,1.0000000,1.0000000
0.0000000,0.0000000,0.9692268,0.0000000,0.0000000,0.0000000,1.0000000,0.0191925,0.0031003,-0.1093982,0.3500000,-0.2351718,0.0096271,-0.0193364,-0.0031361,-0.1101806,0.3500000,-0.2343888,-0.0096051,-0.1064245,0.0000000,0.0000000,1.2707963,-0.0000000,0.1064245,0.0000000,0.0000000,1.2707963,-0.0000000,1.0000000,1.0000000
0.0000000,0.0000000,0.9692268,0.0000000,0.0000000,0.0000000,1.0000000,0.0191925,0.0031003,-0.1093982,0.3500000,-0.2351718,0.0096271,-0.0193364,-0.0031361,-0.1101806,0.3500000,-0.2343888,-0.0096051,-0.0564000,0.0000000,0.0000000,1.2707963,-0.0000000,0.0564000,0.0000000,0.0000000,1.2707963,-0.0000000,1.0000000,1.0000000
0.0000000,0.0000000,0.9692268,0.0000000,0.0000000,0.0000000,1.0000000,0.0191925,0.0031003,-0.1093982,0.3500000,-0.2351718,0.0096271,-0.0193364,-0.0031361,-0.1101806,0.3500000,-0.2343888,-0.0096051,-0.0056547,0.0000000,0.0000000,1.2707963,-0.0000000,0.0056547,0.0000000,0.0000000,1.2707963,-0.0000000,1.0000000,1.0000000
0.0000000,0.0000000,0.9692268,0.0000000,0.0000000,0.0000000,1.0000000,0.0191925,0.0031003,-0.1093982,0.3500000,-0.2351718,0.0096271,-0.0193364,-0.0031361,-0.1101806,0.3500000,-0.2343888,-0.0096051,0.0451628,0.0000000,0.0000000,1.2707963,-0.0000000,-0.0451628,0.0000000,0.0000000,1.2707963,-0.0000000,1.0000000,1.0000000
0.0000000,0.0000000,0.9692268,0.0000000,0.0000000,0.0000000,1.0000000,0.0191925,0.0031003,-0.1093982,0.3500000,-0.2351718,0.0096271,-0.0193364,-0.0031361,-0.1101806,0.3500000,-0.2343888,-0.0096051,0.0954032,0.0000000,0.0000000,1.2707963,-0.0000000,-0.0954032,0.0000000,0.0000000,1.2707963,-0.0000000,1.0000000,1.0000000
0.0000000,0.0000000,0.9692268,0.0000000,0.0000000,0.0000000,1.0000000,0.0191925,0.0031003,-0.1093982,0.3500000,-0.2351718,0.0096271,-0.0193364,-0.0031361,-0.1101806,0.3500000,-0.2343888,-0.0096051,0.1444246,0.0000000,0.0000000,1.2707963,-0.0000000,-0.1444246,0.0000000,0.0000000,1.2707963,-0.0000000,1.0000000,1.0000000
0.0000000,0.0000000,0.9692268,0.0000000,0.0000000,0.0000000,1.0000000,0.0191925,0.0031003,-0.1093982,0.3500000,-0.2351718,0.0096271,-0.0193364,-0.0031361,-0.1101806,0.3500000,-0.2343888,-0.0096051,0.1916007,0.0000000,0.0000000,1.2707963,-0.0000000,-0.1916007,0.0000000,0.0000000,1.2707963,-0.0000000,1.0000000,1.0000000
0.0000000,0.0000000,0.9692268,0.0000000,0.0000000,0.0000000,1.0000000,0.0191925,0.0031003,-0.1093982,0.3500000,-0.2351718,0.0096271,-0.0193364,-0.0031361,-0.1101806,0.3500000,-0.2343888,-0.0096051,0.2363286,0.0000000,0.0000000,1.2707963,-0.0000000,-0.2363286,0.0000000,0.0000000,1.2707963,-0.0000000,1.0000000,1.0000000
0.0000000,0.0000000,0.9692268,0.0000000,0.0000000,0.0000000,1.0000000,0.0191925,0.0031003,-0.1093982,0.3500000,-0.2351718,0.0096271,-0.0193364,-0.0031361,-0.1101806,0.3500000,-0.2343888,-0.0096051,0.2780368,0.0000000,0.0000000,1.2707963,-0.0000000,-0.2780368,0.0000000,0.0000000,1.2707963,-0.0000000,1.0000000,1.0000000
0.0000000,0.0000000,0.9692268,0.0000000,0.0000000,0.0000000,1.0000000,0.0191925,0.0031003,-0.1093982,0.3500000,-0.2351718,0.0096271,-0.0193364,-0.0031361,-0.1101806,0.3500000,-0.2343888,-0.0096051,0.3161925,0.0000000,0.0000000,1.2707963,-0.0000000,-0.3161925,0.0000000,0.0000000,1.2707963,-0.0000000,1.0000000,1.0000000
0.0000000,0.0000000,0.9692268,0.0000000,0.0000000,0.0000000,1.0000000,0.0191925,0.0031003,-0.1093982,0.3500000,-0.2351718,0.0096271,-0.0193364,-0.0031361,-0.1101806,0.3500000,-0.2343888,-0.0096051,0.3503080,0.0000000,0.0000000,1.2707963,-0.0000000,-0.3503080,0.0000000,0.0000000,1.2707963,-0.0000000,1.0000000,1.0000000
0.0000000,0.0000000,0.9692268,0.0000000,0.0000000,0.0000000,1.0000000,0.0191925,0.0031003,-0.1093982,0.3500000,-0.2351718,0.0096271,-0.0193364,-0.0031361,-0.1101806,0.3500000,-0.2343888,-0.0096051,0.3799476,0.0000000,0.0000000,1.2707963,-0.0000000,-0.3799476,0.0000000,0.0000000,1.2707963,-0.0000000,1.0000000,1.0000000
0.0000000,0.0000000,0.9692268,0.0000000,0.0000000,0.0000000,1.0000000,0.0191925,0.0031003,-0.1093982,0.3500000,-0.2351718,0.0096271,-0.0193364,-0.0031361,-0.1101806,0.3500000,-0.2343888,-0.0096051,0.4047324,0.0000000,0.0000000,1.2707963,-0.0000000,-0.4047324,0.0000000,0.0000000,1.2707963,-0.0000000,1.0000000,1.0000000
0.0000000,0.0000000,0.9692268,0.0000000,0.0000000,0.0000000,1.0000000,0.0191925,0.0031003,-0.1093982,0.3500000,-0.2351718,0.0096271,-0.0193364,-0.0031361,-0.1101806,0.3500000,-0.2343888,-0.0096051,0.4243457,0.0000000,0.0000000,1.2707963,-0.0000000,-0.4243457,0.0000000,0.0000000,1.2707963,-0.0000000,1.0000000,1.0000000
0.0000000,0.0000000,0.9692268,0.0000000,0.0000000,0.0000000,1.0000000,0.0191925,0.0031003,-0.1093982,0.3500000,-0.2351718,0.0096271,-0.0193364,-0.0031361,-0.1101806,0.3500000,-0.2343888,-0.0096051,0.4385371,0.0000000,0.0000000,1.2707963,-0.0000000,-0.4385371,0.0000000,0.0000000,1.2707963,-0.0000000,1.0000000,1.0000000
0.0000000,0.0000000,0.9692268,0.0000000,0.0000000,0.0000000,1.0000000,0.0191925,0.0031003,-0.1093982,0.3500000,-0.2351718,0.0096271,-0.0193364,-0.0031361,-0.1101806,0.3500000,-0.2343888,-0.0096051,0.4471251,0.0000000,0.0000000,1.2707963,-0.0000000,-0.4471251,0.0000000,0.0000000,1.2707963,-0.0000000,1.0000000,1.0000000
0.0000000,0.0000000,0.9692268,0.0000000,0.0000000,0.0000000,1.0000000,0.0191925,0.0031003,-0.1093982,0.3500000,-0.2351718,0.0096271,-0.0193364,-0.0031361,-0.1101806,0.3500000,-0.2343888,-0.0096051,0.4500000,0.0000000,0.0000000,1.2707963,-0.0000000,-0.4500000,0.0000000,0.0000000,1.2707963,-0.0000000,1.0000000,1.0000000
0.0000000,0.0000000,0.9692268,0.0000000,0.0000000,0.0000000,1.0000000,0.0191925,0.0031003,-0.1093982,0.3500000,-0.2351718,0.0096271,-0.0193364,-0.0031361,-0.1101806,0.3500000,-0.2343888,-0.0096051,0.4471251,0.0000000,0.0000000,1.2707963,-0.0000000,-0.4471251,0.0000000,0.0000000,1.2707963,-0.0000000,1.0000000,1.0000000
0.0000000,0.0000000,0.9692268,0.0000000,0.0000000,0.0000000,1.0000000,0.0191925,0.0031003,-0.1093982,0.3500000,-0.2351718,0.0096271,-0.0193364,-0.0031361,-0.1101806,0.3500000,-0.2343888,-0.0096051,0.4385371,0.0000000,0.0000000,1.2707963,-0.0000000,-0.4385371,0.0000000,0.0000000,1.2707963,-0.0000000,1.0000000,1.0000000
0.0000000,0.0000000,0.9692268,0.0000000,0.0000000,0.0000000,1.0000000,0.0191925,0.0031003,-0.1093982,0.3500000,-0.2351718,0.0096271,-0.0193364,-0.0031361,-0.1101806,0.3500000,-0.2343888,-0.0096051,0.4243457,0.0000000,0.0000000,1.2707963,-0.0000000,-0.4243457,0.0000000,0.0000000,1.2707963,-0.0000000,1.0000000,1.0000000
0.0000000,0.0000000,0.9692268,0.0000000,0.0000000,0.0000000,1.0000000,0.0191925,0.0031003,-0.1093982,0.3500000,-0.2351718,0.0096271,-0.0193364,-0.0031361,-0.1101806,0.3500000,-0.2343888,-0.0096051,0.4047324,0.0000000,0.0000000,1.2707963,-0.0000000,-0.4047324,0.0000000,0.0000000,1.2707963,-0.0000000,1.0000000,1.0000000
0.0000000,0.0000000,0.9692268,0.0000000,0.0000000,0.0000000,1.0000000,0.0191925,0.0031003,-0.1093982,0.3500000,-0.2351718,0.0096271,-0.0193364,-0.0031361,-0.1101806,0.3500000,-0.2343888,-0.0096051,0.3799476,0.0000000,0.0000000,1.2707963,-0.0000000,-0.3799476,0.0000000,0.0000000,1.2707963,-0.0000000,1.0000000,1.0000000
0.0000000,0.0000000,0.9692268,0.0000000,0.0000000,0.0000000,1.0000000,0.0191925,0.0031003,-0.1093982,0.3500000,-0.2351718,0.0096271,-0.0193364,-0.0031361,-0.1101806,0.3500000,-0.2343888,-0.0096051,0.3503080,0.0000000,0.0000000,1.2707963,-0.0000000,-0.3503080,0.0000000,0.0000000,1.2707963,-0.0000000,1.0000000,1.0000000
0.0000000,0.0000000,0.9692268,0.0000000,0.0000000,0.0000000,1.0000000,0.0191925,0.0031003,-0.1093982,0.3500000,-0.2351718,0.0096271,-0.0193364,-0.0031361,-0.1101806,0.3500000,-0.2343888,-0.0096051,0.3161925,0.0000000,0.0000000,1.2707963,-0.0000000,-0.3161925,0.0000000,0.0000000,1.2707963,-0.0000000,1.0000000,1.0000000
0.0000000,0.0000000,0.9692268,0.0000000,0.0000000,0.0000000,1.0000000,0.0191925,0.0031003,-0.1093982,0.3500000,-0.2351718,0.0096271,-0.0193364,-0.0031361,-0.1101806,0.3500000,-0.2343888,-0.0096051,0.2780368,0.0000000,0.0000000,1.2707963,-0.0000000,-0.2780368,0.0000000,0.0000000,1.2707963,-0.0000000,1.0000000,1.0000000
0.0000000,0.0000000,0.9692268,0.0000000,0.0000000,0.0000000,1.0000000,0.0191925,0.0031003,-0.1093982,0.3500000,-0.2351718,0.0096271,-0.0193364,-0.0031361,-0.1101806,0.3500000,-0.2343888,-0.0096051,0.2363286,0.0000000,0.0000000,1.2707963,-0.0000000,-0.2363286,0.0000000,0.0000000,1.2707963,-0.0000000,1.0000000,1.0000000
0.0000000,0.0000000,0.9692268,0.0000000,0.0000000,0.0000000,1.0000000,0.0191925,0.0031003,-0.1093982,0.3500000,-0.2351718,0.0096271,-0.0193364,-0.0031361,-0.1101806,0.3500000,-0.2343888,-0.0096051,0.1916007,0.0000000,0.0000000,1.2707963,-0.0000000,-0.1916007,0.0000000,0.0000000,1.2707963,-0.0000000,1.0000000,1.0000000
0.0000000,0.0000000,0.9692268,0.0000000,0.0000000,0.0000000,1.0000000,0.0191925,0.0031003,-0.1093982,0.3500000,-0.2351718,0.0096271,-0.0193364,-0.0031361,-0.1101806,0.3500000,-0.2343888,-0.0096051,0.1444246,0.0000000,0.0000000,1.2707963,-0.0000000,-0.1444246,0.0000000,0.0000000,1.2707963,-0.0000000,1.0000000,1.0000000
0.0000000,0.0000000,0.9692268,0.0000000,0.0000000,0.0000000,1.0000000,0.0191925,0.0031003,-0.1093982,0.3500000,-0.2351718,0.0096271,-0.0193364,-0.0031361,-0.1101806,0.3500000,-0.2343888,-0.0096051,0.0954032,0.0000000,0.0000000,1.2707963,-0.0000000,-0.0954032,0.0000000,0.0000000,1.2707963,-0.0000000,1.0000000,1.0000000
0.0000000,0.0000000,0.9692268,0.0000000,0.0000000,0.0000000,1.0000000,0.0191925,0.0031003,-0.1093982,0.3500000,-0.2351718,0.0096271,-0.0193364,-0.0031361,-0.1101806,0.3500000,-0.2343888,-0.0096051,0.0451628,0.0000000,0.0000000,1.2707963,-0.0000000,-0.0451628,0.0000000,0.0000000,1.2707963,-0.0000000,1.0000000,1.0000000
0.0000000,0.0000000,0.9692268,0.0000000,0.0000000,0.0000000,1.0000000,0.0191925,0.0031003,-0.1093982,0.3500000,-0.2351718,0.0096271,-0.0193364,-0.0031361,-0.1101806,0.3500000,-0.2343888,-0.0096051,-0.0056547,0.0000000,0.0000000,1.2707963,-0.0000000,0.0056547,0.0000000,0.0000000,1.2707963,-0.0000000,1.0000000,1.0000000
0.0000000,0.0000000,0.9692268,0.0000000,0.0000000,0.0000000,1.0000000,0.0191925,0.0031003,-0.1093982,0.3500000,-0.2351718,0.0096271,-0.0193364,-0.0031361,-0.1101806,0.3500000,-0.2343888,-0.0096051,-0.0564000,0.0000000,0.0000000,1.2707963,-0.0000000,0.0564000,0.0000000,0.0000000,1.2707963,-0.0000000,1.0000000,1.0000000
0.0000000,0.0000000,0.9692268,0.0000000,0.0000000,0.0000000,1.0000000,0.0191925,0.0031003,-0.1093982,0.3500000,-0.2351718,0.0096271,-0.0193364,-0.0031361,-0.1101806,0.3500000,-0.2343888,-0.0096051,-0.1064245,0.0000000,0.0000000,1.2707963,-0.0000000,0.1064245,0.0000000,0.0000000,1.2707963,-0.0000000,1.0000000,1.0000000
0.0000000,0.0000000,0.9692268,0.0000000,0.0000000,0.0000000,1.0000000,0.0191925,0.0031003,-0.1093982,0.3500000,-0.2351718,0.0096271,-0.0193364,-0.0031361,-0.1101806,0.3500000,-0.2343888,-0.0096051,-0.1550893,0.0000000,0.0000000,1.2707963,-0.0000000,0.1550893,0.0000000,0.0000000,1.2707963,-0.0000000,1.0000000,1.0000000
0.0000000,0.0000000,0.9692268,0.0000000,0.0000000,0.0000000,1.0000000,0.0191925,0.0031003,-0.1093982,0.3500000,-0.2351718,0.0096271,-0.0193364,-0.0031361,-0.1101806,0.3500000,-0.2343888,-0.0096051,-0.2017724,0.0000000,0.0000000,1.2707963,-0.0000000,0.2017724,0.0000000,0.0000000,1.2707963,-0.0000000,1.0000000,1.0000000
0.0000000,0.0000000,0.9692268,0.0000000,0.0000000,0.0000000,1.0000000,0.0191925,0.0031003,-0.1093982,0.3500000,-0.2351718,0.0096271,-0.0193364,-0.0031361,-0.1101806,0.3500000,-0.2343888,-0.0096051,-0.2458775,0.0000000,0.0000000,1.2707963,-0.0000000,0.2458775,0.0000000,0.0000000,1.2707963,-0.0000000,1.0000000,1.0000000
0.0000000,0.0000000,0.9692268,0.0000000,0.0000000,0.0000000,1.0000000,0.0191925,0.0031003,-0.1093982,0.3500000,-0.2351718,0.0096271,-0.0193364,-0.0031361,-0.1101806,0.3500000,-0.2343888,-0.0096051,-0.2868408,0.0000000,0.0000000,1.2707963,-0.0000000,0.2868408,0.0000000,0.0000000,1.2707963,-0.0000000,1.0000000,1.0000000
0.0000000,0.0000000,0.9692268,0.0000000,0.0000000,0.0000000,1.0000000,0.0191925,0.0031003,-0.1093982,0.3500000,-0.2351718,0.0096271,-0.0193364,-0.0031361,-0.1101806,0.3500000,-0.2343888,-0.0096051,-0.3241391,0.0000000,0.0000000,1.2707963,-0.0000000,0.3241391,0.0000000,0.0000000,1.2707963,-0.0000000,1.0000000,1.0000000
0.0000000,0.0000000,0.9692268,0.0000000,0.0000000,0.0000000,1.0000000,0.0191925,0.0031003,-0.1093982,0.3500000,-0.2351718,0.0096271,-0.0193364,-0.0031361,-0.1101806,0.3500000,-0.2343888,-0.0096051,-0.3572957,0.0000000,0.0000000,1.2707963,-0.0000000,0.3572957,0.0000000,0.0000000,1.2707963,-0.0000000,1.0000000,1.0000000
0.0000000,0.0000000,0.9692268,0.0000000,0.0000000,0.0000000,1.0000000,0.0191925,0.0031003,-0.1093982,0.3500000,-0.2351718,0.0096271,-0.0193364,-0.0031361,-0.1101806,0.3500000,-0.2343888,-0.0096051,-0.3858870,0.0000000,0.0000000,1.2707963,-0.0000000,0.3858870,0.0000000,0.0000000,1.2707963,-0.0000000,1.0000000,1.0000000
0.0000000,0.0000000,0.9692268,0.0000000,0.0000000,0.0000000,1.0000000,0.0191925,0.0031003,-0.1093982,0.3500000,-0.2351718,0.0096271,-0.0193364,-0.0031361,-0.1101806,0.3500000,-0.2343888,-0.0096051,-0.4095477,0.0000000,0.0000000,1.2707963,-0.0000000,0.4095477,0.0000000,0.0000000,1.2707963,-0.0000000,1.0000000,1.0000000
0.0000000,0.0000000,0.9692268,0.0000000,0.0000000,0.0000000,1.0000000,0.0191925,0.0031003,-0.1093982,0.3500000,-0.2351718,0.0096271,-0.0193364,-0.0031361,-0.1101806,0.3500000,-0.2343888,-0.0096051,-0.4279754,0.0000000,0.0000000,1.2707963,-0.0000000,0.4279754,0.0000000,0.0000000,1.2707963,-0.0000000,1.0000000,1.0000000
0.0000000,0.0000000,0.9692268,0.0000000,0.0000000,0.0000000,1.0000000,0.0191925,0.0031003,-0.1093982,0.3500000,-0.2351718,0.0096271,-0.0193364,-0.0031361,-0.1101806,0.3500000,-0.2343888,-0.0096051,-0.4409348,0.0000000,0.0000000,1.2707963,-0.0000000,0.4409348,0.0000000,0.0000000,1.2707963,-0.0000000,1.0000000,1.0000000
0.0000000,0.0000000,0.9692268,0.0000000,0.0000000,0.0000000,1.0000000,0.0191925,0.0031003,-0.1093982,0.3500000,-0.2351718,0.0096271,-0.0193364,-0.0031361,-0.1101806,0.3500000,-0.2343888,-0.0096051,-0.4482601,0.0000000,0.0000000,1.2707963,-0.0000000,0.4482601,0.0000000,0.0000000,1.2707963,-0.0000000,1.0000000,1.0000000
0.0000000,0.0000000,0.9692268,0.0000000,0.0000000,0.0000000,1.0000000,0.0191925,0.0031003,-0.1093982,0.3500000,-0.2351718,0.0096271,-0.0193364,-0.0031361,-0.1101806,0.3500000,-0.2343888,-0.0096051,-0.4498579,0.0000000,0.0000000,1.2707963,-0.0000000,0.4498579,0.0000000,0.0000000,1.2707963,-0.0000000,1.0000000,1.0000000
0.0000000,0.0000000,0.9692268,0.0000000,0.0000000,0.0000000,1.0000000,0.0191925,0.0031003,-0.1093982,0.3500000,-0.2351718,0.0096271,-0.0193364,-0.0031361,-0.1101806,0.3500000,-0.2343888,-0.0096051,-0.4457076,0.0000000,0.0000000,1.2707963,-0.0000000,0.4457076,0.0000000,0.0000000,1.2707963,-0.0000000,1.0000000,1.0000000
0.0000000,0.0000000,0.9692268,0.0000000,0.0000000,0.0000000,1.0000000,0.0191925,0.0031003,-0.1093982,0.3500000,-0.2351718,0.0096271,-0.0193364,-0.0031361,-0.1101806,0.3500000,-0.2343888,-0.0096051,-0.4358624,0.0000000,0.0000000,1.2707963,-0.0000000,0.4358624,0.0000000,0.0000000,1.2707963,-0.0000000,1.0000000,1.0000000
0.0000000,0.0000000,0.9692268,0.0000000,0.0000000,0.0000000,1.0000000,0.0191925,0.0031003,-0.1093982,0.3500000,-0.2351718,0.0096271,-0.0193364,-0.0031361,-0.1101806,0.3500000,-0.2343888,-0.0096051,-0.4204480,0.0000000,0.0000000,1.2707963,-0.0000000,0.4204480,0.0000000,0.0000000,1.2707963,-0.0000000,1.0000000,1.0000000
0.0000000,0.0000000,0.9692268,0.0000000,0.0000000,0.0000000,1.0000000,0.0191925,0.0031003,-0.1093982,0.3500000,-0.2351718,0.0096271,-0.0193364,-0.0031361,-0.1101806,0.3500000,-0.2343888,-0.0096051,-0.3996614,0.0000000,0.0000000,1.2707963,-0.0000000,0.3996614,0.0000000,0.0000000,1.2707963,-0.0000000,1.0000000,1.0000000
0.0000000,0.0000000,0.9692268,0.0000000,0.0000000,0.0000000,1.0000000,0.0191925,0.0031003,-0.1093982,0.3500000,-0.2351718,0.0096271,-0.0193364,-0.0031361,-0.1101806,0.3500000,-0.2343888,-0.0096051,-0.3737682,0.0000000,0.0000000,1.2707963,-0.0000000,0.3737682,0.0000000,0.0000000,1.2707963,-0.0000000,1.0000000,1.0000000
0.0000000,0.0000000,0.9692268,0.0000000,0.0000000,0.0000000,1.0000000,0.0191925,0.0031003,-0.1093982,0.3500000,-0.2351718,0.0096271,-0.0193364,-0.0031361,-0.1101806,0.3500000,-0.2343888,-0.0096051,-0.3430991,0.0000000,0.0000000,1.2707963,-0.0000000,0.3430991,0.0000000,0.0000000,1.2707963,-0.0000000,1.0000000,1.0000000
0.0000000,0.0000000,0.9692268,0.0000000,0.0000000,0.0000000,1.0000000,0.0191925,0.0031003,-0.1093982,0.3500000,-0.2351718,0.0096271,-0.0193364,-0.0031361,-0.1101806,0.3500000,-0.2343888,-0.0096051,-0.3080462,0.0000000,0.0000000,1.2707963,-0.0000000,0.3080462,0.0000000,0.0000000,1.2707963,-0.0000000,1.0000000,1.0000000
0.0000000,0.0000000,0.9692268,0.0000000,0.0000000,0.0000000,1.0000000,0.0191925,0.0031003,-0.1093982,0.3500000,-0.2351718,0.0096271,-0.0193364,-0.0031361,-0.1101806,0.3500000,-0.2343888,-0.0096051,-0.2690572,0.0000000,0.0000000,1.2707963,-0.0000000,0.2690572,0.0000000,0.0000000,1.2707963,-0.0000000,1.0000000,1.0000000
0.0000000,0.0000000,0.9692268,0.0000000,0.0000000,0.0000000,1.0000000,0.0191925,0.0031003,-0.1093982,0.3500000,-0.2351718,0.0096271,-0.0193364,-0.0031361,-0.1101806,0.3500000,-0.2343888,-0.0096051,-0.2266304,0.0000000,0.0000000,1.2707963,-0.0000000,0.2266304,0.0000000,0.0000000,1.2707963,-0.0000000,1.0000000,1.0000000
0.0000000,0.0000000,0.9692268,0.0000000,0.0000000,0.0000000,1.0000000,0.0191925,0.0031003,-0.1093982,0.3500000,-0.2351718,0.0096271,-0.0193364,-0.0031361,-0.1101806,0.3500000,-0.2343888,-0.0096051,-0.1813079,0.0000000,0.0000000,1.2707963,-0.0000000,0.1813079,0.0000000,0.0000000,1.2707963,-0.0000000,1.0000000,1.0000000
0.0000000,0.0000000,0.9692268,0.0000000,0.0000000,0.0000000,1.0000000,0.0191925,0.0031003,-0.1093982,0.3500000,-0.2351718,0.0096271,-0.0193364,-0.0031361,-0.1101806,0.3500000,-0.2343888,-0.0096051,-0.1336687,0.0000000,0.0000000,1.2707963,-0.0000000,0.1336687,0.0000000,0.0000000,1.2707963,-0.0000000,1.0000000,1.0000000
0.0000000,0.0000000,0.9692268,0.0000000,0.0000000,0.0000000,1.0000000,0.0191925,0.0031003,-0.1093982,0.3500000,-0.2351718,0.0096271,-0.0193364,-0.0031361,-0.1101806,0.3500000,-0.2343888,-0.0096051,-0.0843216,0.0000000,0.0000000,1.2707963,-0.0000000,0.0843216,0.0000000,0.0000000,1.2707963,-0.0000000,1.0000000,1.0000000
0.0000000,0.0000000,0.9692268,0.0000000,0.0000000,0.0000000,1.0000000,0.0191925,0.0031003,-0.1093982,0.3500000,-0.2351718,0.0096271,-0.0193364,-0.0031361,-0.1101806,0.3500000,-0.2343888,-0.0096051,-0.0338971,0.0000000,0.0000000,1.2707963,-0.0000000,0.0338971,0.0000000,0.0000000,1.2707963,-0.0000000,1.0000000,1.0000000
0.0000000,0.0000000,0.9692268,0.0000000,0.0000000,0.0000000,1.0000000,0.0191925,0.0031003,-0.1093982,0.3500000,-0.2351718,0.0096271,-0.0193364,-0.0031361,-0.1101806,0.3500000,-0.2343888,-0.0096051,0.0169606,0.0000000,0.0000000,1.2707963,-0.0000000,-0.0169606,0.0000000,0.0000000,1.2707963,-0.0000000,1.0000000,1.0000000
0.0000000,0.0000000,0.9692268,0.0000000,0.0000000,0.0000000,1.0000000,0.0191925,0.0031003,-0.1093982,0.3500000,-0.2351718,0.0096271,-0.0193364,-0.0031361,-0.1101806,0.3500000,-0.2343888,-0.0096051,0.0676015,0.0000000,0.0000000,1.2707963,-0.0000000,-0.0676015,0.0000000,0.0000000,1.2707963,-0.0000000,1.0000000,1.0000000
0.0000000,0.0000000,0.9692268,0.0000000,0.0000000,0.0000000,1.0000000,0.0191925,0.0031003,-0.1093982,0.3500000,-0.2351718,0.0096271,-0.0193364,-0.0031361,-0.1101806,0.3500000,-0.2343888,-0.0096051,0.1173787,0.0000000,0.0000000,1.2707963,-0.0000000,-0.1173787,0.0000000,0.0000000,1.2707963,-0.0000000,1.0000000,1.0000000
0.0000000,0.0000000,0.9692268,0.0000000,0.0000000,0.0000000,1.0000000,0.0191925,0.0031003,-0.1093982,0.3500000,-0.2351718,0.0096271,-0.0193364,-0.0031361,-0.1101806,0.3500000,-0.2343888,-0.0096051,0.1656560,0.0000000,0.0000000,1.2707963,-0.0000000,-0.1656560,0.0000000,0.0000000,1.2707963,-0.0000000,1.0000000,1.0000000
0.0000000,0.0000000,0.9692268,0.0000000,0.0000000,0.0000000,1.0000000,0.0191925,0.0031003,-0.1093982,0.3500000,-0.2351718,0.0096271,-0.0193364,-0.0031361,-0.1101806,0.3500000,-0.2343888,-0.0096051,0.2118168,0.0000000,0.0000000,1.2707963,-0.0000000,-0.2118168,0.0000000,0.0000000,1.2707963,-0.0000000,1.0000000,1.0000000
0.0000000,0.0000000,0.9692268,0.0000000,0.0000000,0.0000000,1.0000000,0.0191925,0.0031003,-0.1093982,0.3500000,-0.2351718,0.0096271,-0.0193364,-0.0031361,-0.1101806,0.3500000,-0.2343888,-0.0096051,0.2552710,0.0000000,0.0000000,1.2707963,-0.0000000,-0.2552710,0.0000000,0.0000000,1.2707963,-0.0000000,1.0000000,1.0000000
0.0000000,0.0000000,0.9692268,0.0000000,0.0000000,0.0000000,1.0000000,0.0191925,0.0031003,-0.1093982,0.3500000,-0.2351718,0.0096271,-0.0193364,-0.0031361,-0.1101806,0.3500000,-0.2343888,-0.0096051,0.2954636,0.0000000,0.0000000,1.2707963,-0.0000000,-0.2954636,0.0000000,0.0000000,1.2707963,-0.0000000,1.0000000,1.0000000
0.0000000,0.0000000,0.9692268,0.0000000,0.0000000,0.0000000,1.0000000,0.0191925,0.0031003,-0.1093982,0.3500000,-0.2351718,0.0096271,-0.0193364,-0.0031361,-0.1101806,0.3500000,-0.2343888,-0.0096051,0.3318809,0.0000000,0.0000000,1.2707963,-0.0000000,-0.3318809,0.0000000,0.0000000,1.2707963,-0.0000000,1.0000000,1.0000000
0.0000000,0.0000000,0.9692268,0.0000000,0.0000000,0.0000000,1.0000000,0.0191925,0.0031003,-0.1093982,0.3500000,-0.2351718,0.0096271,-0.0193364,-0.0031361,-0.1101806,0.3500000,-0.2343888,-0.0096051,0.3640576,0.0000000,0.0000000,1.2707963,-0.0000000,-0.3640576,0.0000000,0.0000000,1.2707963,-0.0000000,1.0000000,1.0000000
0.0000000,0.0000000,0.9692268,0.0000000,0.0000000,0.0000000,1.0000000,0.0191925,0.0031003,-0.1093982,0.3500000,-0.2351718,0.0096271,-0.0193364,-0.0031361,-0.1101806,0.3500000,-0.2343888,-0.0096051,0.3915827,0.0000000,0.0000000,1.2707963,-0.0000000,-0.3915827,0.0000000,0.0000000,1.2707963,-0.0000000,1.0000000,1.0000000
0.0000000,0.0000000,0.9692268,0.0000000,0.0000000,0.0000000,1.0000000,0.0191925,0.0031003,-0.1093982,0.3500000,-0.2351718,0.0096271,-0.0193364,-0.0031361,-0.1101806,0.3500000,-0.2343888,-0.0096051,0.4141043,0.0000000,0.0000000,1.2707963,-0.0000000,-0.4141043,0.0000000,0.0000000,1.2707963,-0.0000000,1.0000000,1.0000000
0.0000000,0.0000000,0.9692268,0.0000000,0.0000000,0.0000000,1.0000000,0.0191925,0.0031003,-0.1093982,0.3500000,-0.2351718,0.0096271,-0.0193364,-0.0031361,-0.1101806,0.3500000,-0.2343888,-0.0096051,0.4313348,0.0000000,0.0000000,1.2707963,-0.0000000,-0.4313348,0.0000000,0.0000000,1.2707963,-0.0000000,1.0000000,1.0000000
0.0000000,0.0000000,0.9692268,0.0000000,0.0000000,0.0000000,1.0000000,0.0191925,0.0031003,-0.1093982,0.3500000,-0.2351718,0.0096271,-0.0193364,-0.0031361,-0.1101806,0.3500000,-0.2343888,-0.0096051,0.4430540,0.0000000,0.0000000,1.2707963,-0.0000000,-0.4430540,0.0000000,0.0000000,1.2707963,-0.0000000,1.0000000,1.0000000
0.0000000,0.0000000,0.9692268,0.0000000,0.0000000,0.0000000,1.0000000,0.0191925,0.0031003,-0.1093982,0.3500000,-0.2351718,0.0096271,-0.0193364,-0.0031361,-0.1101806,0.3500000,-0.2343888,-0.0096051,0.4491120,0.0000000,0.0000000,1.2707963,-0.0000000,-0.4491120,0.0000000,0.0000000,1.2707963,-0.0000000,1.0000000,1.0000000
0.0000000,0.0000000,0.9692268,0.0000000,0.0000000,0.0000000,1.0000000,0.0191925,0.0031003,-0.1093982,0.3500000,-0.2351718,0.0096271,-0.0193364,-0.0031361,-0.1101806,0.3500000,-0.2343888,-0.0096051,0.4494316,0.0000000,0.0000000,1.2707963,-0.0000000,-0.4494316,0.0000000,0.0000000,1.2707963,-0.0000000,1.0000000,1.0000000
0.0000000,0.0000000,0.9692268,0.0000000,0.0000000,0.0000000,1.0000000,0.0191925,0.0031003,-0.1093982,0.3500000,-0.2351718,0.0096271,-0.0193364,-0.0031361,-0.1101806,0.3500000,-0.2343888,-0.0096051,0.4440087,0.0000000,0.0000000,1.2707963,-0.0000000,-0.4440087,0.0000000,0.0000000,1.2707963,-0.0000000,1.0000000,1.0000000
0.0000000,0.0000000,0.9692268,0.0000000,0.0000000,0.0000000,1.0000000,0.0191925,0.0031003,-0.1093982,0.3500000,-0.2351718,0.0096271,-0.0193364,-0.0031361,-0.1101806,0.3500000,-0.2343888,-0.0096051,0.4329125,0.0000000,0.0000000,1.2707963,-0.0000000,-0.4329125,0.0000000,0.0000000,1.2707963,-0.0000000,1.0000000,1.0000000
0.0000000,0.0000000,0.9692268,0.0000000,0.0000000,0.0000000,1.0000000,0.0191925,0.0031003,-0.1093982,0.3500000,-0.2351718,0.0096271,-0.0193364,-0.0031361,-0.1101806,0.3500000,-0.2343888,-0.0096051,0.4162847,0.0000000,0.0000000,1.2707963,-0.0000000,-0.4162847,0.0000000,0.0000000,1.2707963,-0.0000000,1.0000000,1.0000000
0.0000000,0.0000000,0.9692268,0.0000000,0.0000000,0.0000000,1.0000000,0.0191925,0.0031003,-0.1093982,0.3500000,-0.2351718,0.0096271,-0.0193364,-0.0031361,-0.1101806,0.3500000,-0.2343888,-0.0096051,0.3943380,0.0000000,0.0000000,1.2707963,-0.0000000,-0.3943380,0.0000000,0.0000000,1.2707963,-0.0000000,1.0000000,1.0000000
0.0000000,0.0000000,0.9692268,0.0000000,0.0000000,0.0000000,1.0000000,0.0191925,0.0031003,-0.1093982,0.3500000,-0.2351718,0.0096271,-0.0193364,-0.0031361,-0.1101806,0.3500000,-0.2343888,-0.0096051,0.3673527,0.0000000,0.0000000,1.2707963,-0.0000000,-0.3673527,0.0000000,0.0000000,1.2707963,-0.0000000,1.0000000,1.0000000
0.0000000,0.0000000,0.9692268,0.0000000,0.0000000,0.0000000,1.0000000,0.0191925,0.0031003,-0.1093982,0.3500000,-0.2351718,0.0096271,-0.0193364,-0.0031361,-0.1101806,0.3500000,-0.2343888,-0.0096051,0.3356735,0.0000000,0.0000000,1.2707963,-0.0000000,-0.3356735,0.0000000,0.0000000,1.2707963,-0.0000000,1.0000000,1.0000000
0.0000000,0.0000000,0.9692268,0.0000000,0.0000000,0.0000000,1.0000000,0.0191925,0.0031003,-0.1093982,0.3500000,-0.2351718,0.0096271,-0.0193364,-0.0031361,-0.1101806,0.3500000,-0.2343888,-0.0096051,0.2997053,0.0000000,0.0000000,1.2707963,-0.0000000,-0.2997053,0.0000000,0.0000000,1.2707963,-0.0000000,1.0000000,1.0000000
0.0000000,0.0000000,0.9692268,0.0000000,0.0000000,0.0000000,1.0000000,0.0191925,0.0031003,-0.1093982,0.3500000,-0.2351718,0.0096271,-0.0193364,-0.0031361,-0.1101806,0.3500000,-0.2343888,-0.0096051,0.2599077,0.0000000,0.0000000,1.2707963,-0.0000000,-0.2599077,0.0000000,0.0000000,1.2707963,-0.0000000,1.0000000,1.0000000
0.0000000,0.0000000,0.9692268,0.0000000,0.0000000,0.0000000,1.0000000,0.0191925,0.0031003,-0.1093982,0.3500000,-0.2351718,0.0096271,-0.0193364,-0.0031361,-0.1101806,0.3500000,-0.2343888,-0.0096051,0.2167892,0.0000000,0.0000000,1.2707963,-0.0000000,-0.2167892,0.0000000,0.0000000,1.2707963,-0.0000000,1.0000000,1.0000000
0.0000000,0.0000000,0.9692268,0.0000000,0.0000000,0.0000000,1.0000000,0.0191925,0.0031003,-0.1093982,0.3500000,-0.2351718,0.0096271,-0.0193364,-0.0031361,-0.1101806,0.3500000,-0.2343888,-0.0096051,0.1709006,0.0000000,0.0000000,1.2707963,-0.0000000,-0.1709006,0.0000000,0.0000000,1.2707963,-0.0000000,1.0000000,1.0000000
0.0000000,0.0000000,0.9692268,0.0000000,0.0000000,0.0000000,1.0000000,0.0191925,0.0031003,-0.1093982,0.3500000,-0.2351718,0.0096271,-0.0193364,-0.0031361,-0.1101806,0.3500000,-0.2343888,-0.0096051,0.1228284,0.0000000,0.0000000,1.2707963,-0.0000000,-0.1228284,0.0000000,0.0000000,1.2707963,-0.0000000,1.0000000,1.0000000
0.0000000,0.0000000,0.9692268,0.0000000,0.0000000,0.0000000,1.0000000,0.0191925,0.0031003,-0.1093982,0.3500000,-0.2351718,0.0096271,-0.0193364,-0.0031361,-0.1101806,0.3500000,-0.2343888,-0.0096051,0.0731867,0.0000000,0.0000000,1.2707963,-0.0000000,-0.0731867,0.0000000,0.0000000,1.2707963,-0.0000000,1.0000000,1.0000000
0.0000000,0.0000000,0.9692268,0.0000000,0.0000000,0.0000000,1.0000000,0.0191925,0.0031003,-0.1093982,0.3500000,-0.2351718,0.0096271,-0.0193364,-0.0031361,-0.1101806,0.3500000,-0.2343888,-0.0096051,0.0226099,0.0000000,0.0000000,1.2707963,-0.0000000,-0.0226099,0.0000000,0.0000000,1.2707963,-0.0000000,1.0000000,1.0000000
0.0000000,0.0000000,0.9692268,0.0000000,0.0000000,0.0000000,1.0000000,0.0191925,0.0031003,-0.1093982,0.3500000,-0.2351718,0.0096271,-0.0193364,-0.0031361,-0.1101806,0.3500000,-0.2343888,-0.0096051,-0.0282557,0.0000000,0.0000000,1.2707963,-0.0000000,0.0282557,0.0000000,0.0000000,1.2707963,-0.0000000,1.0000000,1.0000000
0.0000000,0.0000000,0.9692268,0.0000000,0.0000000,0.0000000,1.0000000,0.0191925,0.0031003,-0.1093982,0.3500000,-0.2351718,0.0096271,-0.0193364,-0.0031361,-0.1101806,0.3500000,-0.2343888,-0.0096051,-0.0787604,0.0000000,0.0000000,1.2707963,-0.0000000,0.0787604,0.0000000,0.0000000,1.2707963,-0.0000000,1.0000000,1.0000000
0.0000000,0.0000000,0.9692268,0.0000000,0.0000000,0.0000000,1.0000000,0.0191925,0.0031003,-0.1093982,0.3500000,-0.2351718,0.0096271,-0.0193364,-0.0031361,-0.1101806,0.3500000,-0.2343888,-0.0096051,-0.1282587,0.0000000,0.0000000,1.2707963,-0.0000000,0.1282587,0.0000000,0.0000000,1.2707963,-0.0000000,1.0000000,1.0000000
0.0000000,0.0000000,0.9692268,0.0000000,0.0000000,0.0000000,1.0000000,0.0191925,0.0031003,-0.1093982,0.3500000,-0.2351718,0.0096271,-0.0193364,-0.0031361,-0.1101806,0.3500000,-0.2343888,-0.0096051,-0.1761182,0.0000000,0.0000000,1.2707963,-0.0000000,0.1761182,0.0000000,0.0000000,1.2707963,-0.0000000,1.0000000,1.0000000
0.0000000,0.0000000,0.9692268,0.0000000,0.0000000,0.0000000,1.0000000,0.0191925,0.0031003,-0.1093982,0.3500000,-0.2351718,0.0096271,-0.0193364,-0.0031361,-0.1101806,0.3500000,-0.2343888,-0.0096051,-0.2217273,0.0000000,0.0000000,1.2707963,-0.0000000,0.2217273,0.0000000,0.0000000,1.2707963,-0.0000000,1.0000000,1.0000000
0.0000000,0.0000000,0.9692268,0.0000000,0.0000000,0.0000000,1.0000000,0.0191925,0.0031003,-0.1093982,0.3500000,-0.2351718,0.0096271,-0.0193364,-0.0031361,-0.1101806,0.3500000,-0.2343888,-0.0096051,-0.2645034,0.0000000,0.0000000,1.2707963,-0.0000000,0.2645034,0.0000000,0.0000000,1.2707963,-0.0000000,1.0000000,1.0000000
0.0000000,0.0000000,0.9692268,0.0000000,0.0000000,0.0000000,1.0000000,0.0191925,0.0031003,-0.1093982,0.3500000,-0.2351718,0.0096271,-0.0193364,-0.0031361,-0.1101806,0.3500000,-0.2343888,-0.0096051,-0.3038998,0.0000000,0.0000000,1.2707963,-0.0000000,0.3038998,0.0000000,0.0000000,1.2707963,-0.0000000,1.0000000,1.0000000
0.0000000,0.0000000,0.9692268,0.0000000,0.0000000,0.0000000,1.0000000,0.0191925,0.0031003,-0.1093982,0.3500000,-0.2351718,0.0096271,-0.0193364,-0.0031361,-0.1101806,0.3500000,-0.2343888,-0.0096051,-0.3394131,0.0000000,0.0000000,1.2707963,-0.0000000,0.3394131,0.0000000,0.0000000,1.2707963,-0.0000000,1.0000000,1.0000000
0.0000000,0.0000000,0.9692268,0.0000000,0.0000000,0.0000000,1.0000000,0.0191925,0.0031003,-0.1093982,0.3500000,-0.2351718,0.0096271,-0.0193364,-0.0031361,-0.1101806,0.3500000,-0.2343888,-0.0096051,-0.3705897,0.0000000,0.0000000,1.2707963,-0.0000000,0.3705897,0.0000000,0.0000000,1.2707963,-0.0000000,1.0000000,1.0000000
0.0000000,0.0000000,0.9692268,0.0000000,0.0000000,0.0000000,1.0000000,0.0191925,0.0031003,-0.1093982,0.3500000,-0.2351718,0.0096271,-0.0193364,-0.0031361,-0.1101806,0.3500000,-0.2343888,-0.0096051,-0.3970311,0.0000000,0.0000000,1.2707963,-0.0000000,0.3970311,0.0000000,0.0000000,1.2707963,-0.0000000,1.0000000,1.0000000
0.0000000,0.0000000,0.9692268,0.0000000,0.0000000,0.0000000,1.0000000,0.0191925,0.0031003,-0.1093982,0.3500000,-0.2351718,0.0096271,-0.0193364,-0.0031361,-0.1101806,0.3500000,-0.2343888,-0.0096051,-0.4183994,0.0000000,0.0000000,1.2707963,-0.0000000,0.4183994,0.0000000,0.0000000,1.2707963,-0.0000000,1.0000000,1.0000000
0.0000000,0.0000000,0.9692268,0.0000000,0.0000000,0.0000000,1.0000000,0.0191925,0.0031003,-0.1093982,0.3500000,-0.2351718,0.0096271,-0.0193364,-0.0031361,-0.1101806,0.3500000,-0.2343888,-0.0096051,-0.4344217,0.0000000,0.0000000,1.2707963,-0.0000000,0.4344217,0.0000000,0.0000000,1.2707963,-0.0000000,1.0000000,1.0000000
0.0000000,0.0000000,0.9692268,0.0000000,0.0000000,0.0000000,1.0000000,0.0191925,0.0031003,-0.1093982,0.3500000,-0.2351718,0.0096271,-0.0193364,-0.0031361,-0.1101806,0.3500000,-0.2343888,-0.0096051,-0.4448933,0.0000000,0.0000000,1.2707963,-0.0000000,0.4448933,0.0000000,0.0000000,1.2707963,-0.0000000,1.0000000,1.0000000
0.0000000,0.0000000,0.9692268,0.0000000,0.0000000,0.0000000,1.0000000,0.0191925,0.0031003,-0.1093982,0.3500000,-0.2351718,0.0096271,-0.0193364,-0.0031361,-0.1101806,0.3500000,-0.2343888,-0.0096051,-0.4496803,0.0000000,0.0000000,1.2707963,-0.0000000,0.4496803,0.0000000,0.0000000,1.2707963,-0.0000000,1.0000000,1.0000000
0.0000000,0.0000000,0.9692268,0.0000000,0.0000000,0.0000000,1.0000000,0.0191925,0.0031003,-0.1093982,0.3500000,-0.2351718,0.0096271,-0.0193364,-0.0031361,-0.1101806,0.3500000,-0.2343888,-0.0096051,-0.4487215,0.0000000,0.0000000,1.2707963,-0.0000000,0.4487215,0.0000000,0.0000000,1.2707963,-0.0000000,1.0000000,1.0000000
0.0000000,0.0000000,0.9692268,0.0000000,0.0000000,0.0000000,1.0000000,0.0191925,0.0031003,-0.1093982,0.3500000,-0.2351718,0.0096271,-0.0193364,-0.0031361,-0.1101806,0.3500000,-0.2343888,-0.0096051,-0.4420293,0.0000000,0.0000000,1.2707963,-0.0000000,0.4420293,0.0000000,0.0000000,1.2707963,-0.0000000,1.0000000,1.0000000
0.0000000,0.0000000,0.9692268,0.0000000,0.0000000,0.0000000,1.0000000,0.0191925,0.0031003,-0.1093982,0.3500000,-0.2351718,0.0096271,-0.0193364,-0.0031361,-0.1101806,0.3500000,-0.2343888,-0.0096051,-0.4296890,0.0000000,0.0000000,1.2707963,-0.0000000,0.4296890,0.0000000,0.0000000,1.2707963,-0.0000000,1.0000000,1.0000000
0.0000000,0.0000000,0.9692268,0.0000000,0.0000000,0.0000000,1.0000000,0.0191925,0.0031003,-0.1093982,0.3500000,-0.2351718,0.0096271,-0.0193364,-0.0031361,-0.1101806,0.3500000,-0.2343888,-0.0096051,-0.4118585,0.0000000,0.0000000,1.2707963,-0.0000000,0.4118585,0.0000000,0.0000000,1.2707963,-0.0000000,1.0000000,1.0000000
0.0000000,0.0000000,0.9692268,0.0000000,0.0000000,0.0000000,1.0000000,0.0191925,0.0031003,-0.1093982,0.3500000,-0.2351718,0.0096271,-0.0193364,-0.0031361,-0.1101806,0.3500000,-0.2343888,-0.0096051,-0.3887655,0.0000000,0.0000000,1.2707963,-0.0000000,0.3887655,0.0000000,0.0000000,1.2707963,-0.0000000,1.0000000,1.0000000
0.0000000,0.0000000,0.9692268,0.0000000,0.0000000,0.0000000,1.0000000,0.0191925,0.0031003,-0.1093982,0.3500000,-0.2351718,0.0096271,-0.0193364,-0.0031361,-0.1101806,0.3500000,-0.2343888,-0.0096051,-0.3607051,0.0000000,0.0000000,1.2707963,-0.0000000,0.3607051,0.0000000,0.0000000,1.2707963,-0.0000000,1.0000000,1.0000000
0.0000000,0.0000000,0.9692268,0.0000000,0.0000000,0.0000000,1.0000000,0.0191925,0.0031003,-0.1093982,0.3500000,-0.2351718,0.0096271,-0.0193364,-0.0031361,-0.1101806,0.3500000,-0.2343888,-0.0096051,-0.3280359,0.0000000,0.0000000,1.2707963,-0.0000000,0.3280359,0.0000000,0.0000000,1.2707963,-0.0000000,1.0000000,1.0000000
0.0000000,0.0000000,0.9692268,0.0000000,0.0000000,0.0000000,1.0000000,0.0191925,0.0031003,-0.1093982,0.3500000,-0.2351718,0.0096271,-0.0193364,-0.0031361,-0.1101806,0.3500000,-0.2343888,-0.0096051,-0.2911752,0.0000000,0.0000000,1.2707963,-0.0000000,0.2911752,0.0000000,0.0000000,1.2707963,-0.0000000,1.0000000,1.0000000
0.0000000,0.0000000,0.9692268,0.0000000,0.0000000,0.0000000,1.0000000,0.0191925,0.0031003,-0.1093982,0.3500000,-0.2351718,0.0096271,-0.0193364,-0.0031361,-0.1101806,0.3500000,-0.2343888,-0.0096051,-0.2505940,0.0000000,0.0000000,1.2707963,-0.0000000,0.2505940,0.0000000,0.0000000,1.2707963,-0.0000000,1.0000000,1.0000000
0.0000000,0.0000000,0.9692268,0.0000000,0.0000000,0.0000000,1.0000000,0.0191925,0.0031003,-0.1093982,0.3500000,-0.2351718,0.0096271,-0.0193364,-0.0031361,-0.1101806,0.3500000,-0.2343888,-0.0096051,-0.2068109,0.0000000,0.0000000,1.2707963,-0.0000000,0.2068109,0.0000000,0.0000000,1.2707963,-0.0000000,1.0000000,1.0000000
0.0000000,0.0000000,0.9692268,0.0000000,0.0000000,0.0000000,1.0000000,0.0191925,0.0031003,-0.1093982,0.3500000,-0.2351718,0.0096271,-0.0193364,-0.0031361,-0.1101806,0.3500000,-0.2343888,-0.0096051,-0.1603853,0.0000000,0.0000000,1.2707963,-0.0000000,0.1603853,0.0000000,0.0000000,1.2707963,-0.0000000,1.0000000,1.0000000
0.0000000,0.0000000,0.9692268,0.0000000,0.0000000,0.0000000,1.0000000,0.0191925,0.0031003,-0.1093982,0.3500000,-0.2351718,0.0096271,-0.0193364,-0.0031361,-0.1101806,0.3500000,-0.2343888,-0.0096051,-0.1119104,0.0000000,0.0000000,1.2707963,-0.0000000,0.1119104,0.0000000,0.0000000,1.2707963,-0.0000000,1.0000000,1.0000000
0.0000000,0.0000000,0.9692268,0.0000000,0.0000000,0.0000000,1.0000000,0.0191925,0.0031003,-0.1093982,0.3500000,-0.2351718,0.0096271,-0.0193364,-0.0031361,-0.1101806,0.3500000,-0.2343888,-0.0096051,-0.0620056,0.0000000,0.0000000,1.2707963,-0.0000000,0.0620056,0.0000000,0.0000000,1.2707963,-0.0000000,1.0000000,1.0000000
0.0000000,0.0000000,0.9692268,0.0000000,0.0000000,0.0000000,1.0000000,0.0191925,0.0031003,-0.1093982,0.3500000,-0.2351718,0.0096271,-0.0193364,-0.0031361,-0.1101806,0.3500000,-0.2343888,-0.0096051,-0.0113085,0.0000000,0.0000000,1.2707963,-0.0000000,0.0113085,0.0000000,0.0000000,1.2707963,-0.0000000,1.0000000,1.0000000
0.0000000,0.0000000,0.9692268,0.0000000,0.0000000,0.0000000,1.0000000,0.0191925,0.0031003,-0.1093982,0.3500000,-0.2351718,0.0096271,-0.0193364,-0.0031361,-0.1101806,0.3500000,-0.2343888,-0.0096051,0.0395330,0.0000000,0.0000000,1.2707963,-0.0000000,-0.0395330,0.0000000,0.0000000,1.2707963,-0.0000000,1.0000000,1.0000000
0.0000000,0.0000000,0.9692268,0.0000000,0.0000000,0.0000000,1.0000000,0.0191925,0.0031003,-0.1093982,0.3500000,-0.2351718,0.0096271,-0.0193364,-0.0031361,-0.1101806,0.3500000,-0.2343888,-0.0096051,0.0898695,0.0000000,0.0000000,1.2707963,-0.0000000,-0.0898695,0.0000000,0.0000000,1.2707963,-0.0000000,1.0000000,1.0000000
0.0000000,0.0000000,0.9692268,0.0000000,0.0000000,0.0000000,1.0000000,0.0191925,0.0031003,-0.1093982,0.3500000,-0.2351718,0.0096271,-0.0193364,-0.0031361,-0.1101806,0.3500000,-0.2343888,-0.0096051,0.1390576,0.0000000,0.0000000,1.2707963,-0.0000000,-0.1390576,0.0000000,0.0000000,1.2707963,-0.0000000,1.0000000,1.0000000
0.0000000,0.0000000,0.9692268,0.0000000,0.0000000,0.0000000,1.0000000,0.0191925,0.0031003,-0.1093982,0.3500000,-0.2351718,0.0096271,-0.0193364,-0.0031361,-0.1101806,0.3500000,-0.2343888,-0.0096051,0.1864690,0.0000000,0.0000000,1.2707963,-0.0000000,-0.1864690,0.0000000,0.0000000,1.2707963,-0.0000000,1.0000000,1.0000000
0.0000000,0.0000000,0.9692268,0.0000000,0.0000000,0.0000000,1.0000000,0.0191925,0.0031003,-0.1093982,0.3500000,-0.2351718,0.0096271,-0.0193364,-0.0031361,-0.1101806,0.3500000,-0.2343888,-0.0096051,0.2314978,0.0000000,0.0000000,1.2707963,-0.0000000,-0.2314978,0.0000000,0.0000000,1.2707963,-0.0000000,1.0000000,1.0000000
0.0000000,0.0000000,0.9692268,0.0000000,0.0000000,0.0000000,1.0000000,0.0191925,0.0031003,-0.1093982,0.3500000,-0.2351718,0.0096271,-0.0193364,-0.0031361,-0.1101806,0.3500000,-0.2343888,-0.0096051,0.2735686,0.0000000,0.0000000,1.2707963,-0.0000000,-0.2735686,0.0000000,0.0000000,1.2707963,-0.0000000,1.0000000,1.0000000
0.0000000,0.0000000,0.9692268,0.0000000,0.0000000,0.0000000,1.0000000,0.0191925,0.0031003,-0.1093982,0.3500000,-0.2351718,0.0096271,-0.0193364,-0.0031361,-0.1101806,0.3500000,-0.2343888,-0.0096051,0.3121440,0.0000000,0.0000000,1.2707963,-0.0000000,-0.3121440,0.0000000,0.0000000,1.2707963,-0.0000000,1.0000000,1.0000000
0.0000000,0.0000000,0.9692268,0.0000000,0.0000000,0.0000000,1.0000000,0.0191925,0.0031003,-0.1093982,0.3500000,-0.2351718,0.0096271,-0.0193364,-0.0031361,-0.1101806,0.3500000,-0.2343888,-0.0096051,0.3467310,0.0000000,0.0000000,1.2707963,-0.0000000,-0.3467310,0.0000000,0.0000000,1.2707963,-0.0000000,1.0000000,1.0000000
0.0000000,0.0000000,0.9692268,0.0000000,0.0000000,0.0000000,1.0000000,0.0191925,0.0031003,-0.1093982,0.3500000,-0.2351718,0.0096271,-0.0193364,-0.0031361,-0.1101806,0.3500000,-0.2343888,-0.0096051,0.3768876,0.0000000,0.0000000,1.2707963,-0.0000000,-0.3768876,0.0000000,0.0000000,1.2707963,-0.0000000,1.0000000,1.0000000
0.0000000,0.0000000,0.9692268,0.0000000,0.0000000,0.0000000,1.0000000,0.0191925,0.0031003,-0.1093982,0.3500000,-0.2351718,0.0096271,-0.0193364,-0.0031361,-0.1101806,0.3500000,-0.2343888,-0.0096051,0.4022286,0.0000000,0.0000000,1.2707963,-0.0000000,-0.4022286,0.0000000,0.0000000,1.2707963,-0.0000000,1.0000000,1.0000000
0.0000000,0.0000000,0.9692268,0.0000000,0.0000000,0.0000000,1.0000000,0.0191925,0.0031003,-0.1093982,0.3500000,-0.2351718,0.0096271,-0.0193364,-0.0031361,-0.1101806,0.3500000,-0.2343888,-0.0096051,0.4224302,0.0000000,0.0000000,1.2707963,-0.0000000,-0.4224302,0.0000000,0.0000000,1.2707963,-0.0000000,1.0000000,1.0000000
0.0000000,0.0000000,0.9692268,0.0000000,0.0000000,0.0000000,1.0000000,0.0191925,0.0031003,-0.1093982,0.3500000,-0.2351718,0.0096271,-0.0193364,-0.0031361,-0.1101806,0.3500000,-0.2343888,-0.0096051,0.4372343,0.0000000,0.0000000,1.2707963,-0.0000000,-0.4372343,0.0000000,0.0000000,1.2707963,-0.0000000,1.0000000,1.0000000
0.0000000,0.0000000,0.9692268,0.0000000,0.0000000,0.0000000,1.0000000,0.0191925,0.0031003,-0.1093982,0.3500000,-0.2351718,0.0096271,-0.0193364,-0.0031361,-0.1101806,0.3500000,-0.2343888,-0.0096051,0.4464516,0.0000000,0.0000000,1.2707963,-0.0000000,-0.4464516,0.0000000,0.0000000,1.2707963,-0.0000000,1.0000000,1.0000000
0.0000000,0.0000000,0.9692268,0.0000000,0.0000000,0.0000000,1.0000000,0.0191925,0.0031003,-0.1093982,0.3500000,-0.2351718,0.0096271,-0.0193364,-0.0031361,-0.1101806,0.3500000,-0.2343888,-0.0096051,0.4499645,0.0000000,0.0000000,1.2707963,-0.0000000,-0.4499645,0.0000000,0.0000000,1.2707963,-0.0000000,1.0000000,1.0000000
0.0000000,0.0000000,0.9692268,0.0000000,0.0000000,0.0000000,1.0000000,0.0191925,0.0031003,-0.1093982,0.3500000,-0.2351718,0.0096271,-0.0193364,-0.0031361,-0.1101806,0.3500000,-0.2343888,-0.0096051,0.4477280,0.0000000,0.0000000,1.2707963,-0.0000000,-0.4477280,0.0000000,0.0000000,1.2707963,-0.0000000,1.0000000,1.0000000
0.0000000,0.0000000,0.9692268,0.0000000,0.0000000,0.0000000,1.0000000,0.0191925,0.0031003,-0.1093982,0.3500000,-0.2351718,0.0096271,-0.0193364,-0.0031361,-0.1101806,0.3500000,-0.2343888,-0.0096051,0.4397707,0.0000000,0.0000000,1.2707963,-0.0000000,-0.4397707,0.0000000,0.0000000,1.2707963,-0.0000000,1.0000000,1.0000000
0.0000000,0.0000000,0.9692268,0.0000000,0.0000000,0.0000000,1.0000000,0.0191925,0.0031003,-0.1093982,0.3500000,-0.2351718,0.0096271,-0.0193364,-0.0031361,-0.1101806,0.3500000,-0.2343888,-0.0096051,0.4261942,0.0000000,0.0000000,1.2707963,-0.0000000,-0.4261942,0.0000000,0.0000000,1.2707963,-0.0000000,1.0000000,1.0000000
0.0000000,0.0000000,0.9692268,0.0000000,0.0000000,0.0000000,1.0000000,0.0191925,0.0031003,-0.1093982,0.3500000,-0.2351718,0.0096271,-0.0193364,-0.0031361,-0.1101806,0.3500000,-0.2343888,-0.0096051,0.4071722,0.0000000,0.0000000,1.2707963,-0.0000000,-0.4071722,0.0000000,0.0000000,1.2707963,-0.0000000,1.0000000,1.0000000
0.0000000,0.0000000,0.9692268,0.0000000,0.0000000,0.0000000,1.0000000,0.0191925,0.0031003,-0.1093982,0.3500000,-0.2351718,0.0096271,-0.0193364,-0.0031361,-0.1101806,0.3500000,-0.2343888,-0.0096051,0.3829475,0.0000000,0.0000000,1.2707963,-0.0000000,-0.3829475,0.0000000,0.0000000,1.2707963,-0.0000000,1.0000000,1.0000000
0.0000000,0.0000000,0.9692268,0.0000000,0.0000000,0.0000000,1.0000000,0.0191925,0.0031003,-0.1093982,0.3500000,-0.2351718,0.0096271,-0.0193364,-0.0031361,-0.1101806,0.3500000,-0.2343888,-0.0096051,0.3538298,0.0000000,0.0000000,1.2707963,-0.0000000,-0.3538298,0.0000000,0.0000000,1.2707963,-0.0000000,1.0000000,1.0000000
0.0000000,0.0000000,0.9692268,0.0000000,0.0000000,0.0000000,1.0000000,0.0191925,0.0031003,-0.1093982,0.3500000,-0.2351718,0.0096271,-0.0193364,-0.0031361,-0.1101806,0.3500000,-0.2343888,-0.0096051,0.3201911,0.0000000,0.0000000,1.2707963,-0.0000000,-0.3201911,0.0000000,0.0000000,1.2707963,-0.0000000,1.0000000,1.0000000
0.0000000,0.0000000,0.9692268,0.0000000,0.0000000,0.0000000,1.0000000,0.0191925,0.0031003,-0.1093982,0.3500000,-0.2351718,0.0096271,-0.0193364,-0.0031361,-0.1101806,0.3500000,-0.2343888,-0.0096051,0.2824611,0.0000000,0.0000000,1.2707963,-0.0000000,-0.2824611,0.0000000,0.0000000,1.2707963,-0.0000000,1.0000000,1.0000000
0.0000000,0.0000000,0.9692268,0.0000000,0.0000000,0.0000000,1.0000000,0.0191925,0.0031003,-0.1093982,0.3500000,-0.2351718,0.0096271,-0.0193364,-0.0031361,-0.1101806,0.3500000,-0.2343888,-0.0096051,0.2411221,0.0000000,0.0000000,1.2707963,-0.0000000,-0.2411221,0.0000000,0.0000000,1.2707963,-0.0000000,1.0000000,1.0000000
0.0000000,0.0000000,0.9692268,0.0000000,0.0000000,0.0000000,1.0000000,0.0191925,0.0031003,-0.1093982,0.3500000,-0.2351718,0.0096271,-0.0193364,-0.0031361,-0.1101806,0.3500000,-0.2343888,-0.0096051,0.1967021,0.0000000,0.0000000,1.2707963,-0.0000000,-0.1967021,0.0000000,0.0000000,1.2707963,-0.0000000,1.0000000,1.0000000
0.0000000,0.0000000,0.9692268,0.0000000,0.0000000,0.0000000,1.0000000,0.0191925,0.0031003,-0.1093982,0.3500000,-0.2351718,0.0096271,-0.0193364,-0.0031361,-0.1101806,0.3500000,-0.2343888,-0.0096051,0.1497688,0.0000000,0.0000000,1.2707963,-0.0000000,-0.1497688,0.0000000,0.0000000,1.2707963,-0.0000000,1.0000000,1.0000000
0.0000000,0.0000000,0.9692268,0.0000000,0.0000000,0.0000000,1.0000000,0.0191925,0.0031003,-0.1093982,0.3500000,-0.2351718,0.0096271,-0.0193364,-0.0031361,-0.1101806,0.3500000,-0.2343888,-0.0096051,0.1009218,0.0000000,0.0000000,1.2707963,-0.0000000,-0.1009218,0.0000000,0.0000000,1.2707963,-0.0000000,1.0000000,1.0000000
0.0000000,0.0000000,0.9692268,0.0000000,0.0000000,0.0000000,1.0000000,0.0191925,0.0031003,-0.1093982,0.3500000,-0.2351718,0.0096271,-0.0193364,-0.0031361,-0.1101806,0.3500000,-0.2343888,-0.0096051,0.0507854,0.0000000,0.0000000,1.2707963,-0.0000000,-0.0507854,0.0000000,0.0000000,1.2707963,-0.0000000,1.0000000,1.0000000
0.0000000,0.0000000,0.9692268,0.0000000,0.0000000,0.0000000,1.0000000,0.0191925,0.0031003,-0.1093982,0.3500000,-0.2351718,0.0096271,-0.0193364,-0.0031361,-0.1101806,0.3500000,-0.2343888,-0.0096051,0.0000000,0.0000000,0.0000000,1.2707963,-0.0000000,-0.0000000,0.0000000,0.0000000,1.2707963,-0.0000000,1.0000000,1.0000000
0.0000000,0.0000000,0.9692268,0.0000000,0.0000000,0.0000000,1.0000000,0.0191925,0.0031003,-0.1093982,0.3500000,-0.2351718,0.0096271,-0.0193364,-0.0031361,-0.1101806,0.3500000,-0.2343888,-0.0096051,-0.0507854,0.0000000,0.0000000,1.2707963,-0.0000000,0.0507854,0.0000000,0.0000000,1.2707963,-0.0000000,1.0000000,1.0000000
0.0000000,0.0000000,0.9692268,0.0000000,0.0000000,0.0000000,1.0000000,0.0191925,0.0031003,-0.1093982,0.3500000,-0.2351718,0.0096271,-0.0193364,-0.0031361,-0.1101806,0.3500000,-0.2343888,-0.0096051,-0.1009218,0.0000000,0.0000000,1.2707963,-0.0000000,0.1009218,0.0000000,0.0000000,1.2707963,-0.0000000,1.0000000,1.0000000
0.0000000,0.0000000,0.9692268,0.0000000,0.0000000,0.0000000,1.0000000,0.0191925,0.0031003,-0.1093982,0.3500000,-0.2351718,0.0096271,-0.0193364,-0.0031361,-0.1101806,0.3500000,-0.2343888,-0.0096051,-0.1497688,0.0000000,0.0000000,1.2707963,-0.0000000,0.1497688,0.0000000,0.0000000,1.2707963,-0.0000000,1.0000000,1.0000000
0.0000000,0.0000000,0.9692268,0.0000000,0.0000000,0.0000000,1.0000000,0.0191925,0.0031003,-0.1093982,0.3500000,-0.2351718,0.0096271,-0.0193364,-0.0031361,-0.1101806,0.3500000,-0.2343888,-0.0096051,-0.1967021,0.0000000,0.0000000,1.2707963,-0.0000000,0.1967021,0.0000000,0.0000000,1.2707963,-0.0000000,1.0000000,1.0000000
0.0000000,0.0000000,0.9692268,0.0000000,0.0000000,0.0000000,1.0000000,0.0191925,0.0031003,-0.1093982,0.3500000,-0.2351718,0.0096271,-0.0193364,-0.0031361,-0.1101806,0.3500000,-0.2343888,-0.0096051,-0.2411221,0.0000000,0.0000000,1.2707963,-0.0000000,0.2411221,0.0000000,0.0000000,1.2707963,-0.0000000,1.0000000,1.0000000
0.0000000,0.0000000,0.9692268,0.0000000,0.0000000,0.0000000,1.0000000,0.0191925,0.0031003,-0.1093982,0.3500000,-0.2351718,0.0096271,-0.0193364,-0.0031361,-0.1101806,0.3500000,-0.2343888,-0.0096051,-0.2824611,0.0000000,0.0000000,1.2707963,-0.0000000,0.2824611,0.0000000,0.0000000,1.2707963,-0.0000000,1.0000000,1.0000000
0.0000000,0.0000000,0.9692268,0.0000000,0.0000000,0.0000000,1.0000000,0.0191925,0.0031003,-0.1093982,0.3500000,-0.2351718,0.0096271,-0.0193364,-0.0031361,-0.1101806,0.3500000,-0.2343888,-0.0096051,-0.3201911,0.0000000,0.0000000,1.2707963,-0.0000000,0.3201911,0.0000000,0.0000000,1.2707963,-0.0000000,1.0000000,1.0000000
0.0000000,0.0000000,0.9692268,0.0000000,0.0000000,0.0000000,1.0000000,0.0191925,0.0031003,-0.1093982,0.3500000,-0.2351718,0.0096271,-0.0193364,-0.0031361,-0.1101806,0.3500000,-0.2343888,-0.0096051,-0.3538298,0.0000000,0.0000000,1.2707963,-0.0000000,0.3538298,0.0000000,0.0000000,1.2707963,-0.0000000,1.0000000,1.0000000
0.0000000,0.0000000,0.9692268,0.0000000,0.0000000,0.0000000,1.0000000,0.0191925,0.0031003,-0.1093982,0.3500000,-0.2351718,0.0096271,-0.0193364,-0.0031361,-0.1101806,0.3500000,-0.2343888,-0.0096051,-0.3829475,0.0000000,0.0000000,1.2707963,-0.0000000,0.3829475,0.0000000,0.0000000,1.2707963,-0.0000000,1.0000000,1.0000000
0.0000000,0.0000000,0.9692268,0.0000000,0.0000000,0.0000000,1.0000000,0.0191925,0.0031003,-0.1093982,0.3500000,-0.2351718,0.0096271,-0.0193364,-0.0031361,-0.1101806,0.3500000,-0.2343888,-0.0096051,-0.4071722,0.0000000,0.0000000,1.2707963,-0.0000000,0.4071722,0.0000000,0.0000000,1.2707963,-0.0000000,1.0000000,1.0000000
0.0000000,0.0000000,0.9692268,0.0000000,0.0000000,0.0000000,1.0000000,0.0191925,0.0031003,-0.1093982,0.3500000,-0.2351718,0.0096271,-0.0193364,-0.0031361,-0.1101806,0.3500000,-0.2343888,-0.0096051,-0.4261942,0.0000000,0.0000000,1.2707963,-0.0000000,0.4261942,0.0000000,0.0000000,1.2707963,-0.0000000,1.0000000,1.0000000
0.0000000,0.0000000,0.9692268,0.0000000,0.0000000,0.0000000,1.0000000,0.0191925,0.0031003,-0.1093982,0.3500000,-0.2351718,0.0096271,-0.0193364,-0.0031361,-0.1101806,0.3500000,-0.2343888,-0.0096051,-0.4397707,0.0000000,0.0000000,1.2707963,-0.0000000,0.4397707,0.0000000,0.0000000,1.2707963,-0.0000000,1.0000000,1.0000000
0.0000000,0.0000000,0.9692268,0.0000000,0.0000000,0.0000000,1.0000000,0.0191925,0.0031003,-0.1093982,0.3500000,-0.2351718,0.0096271,-0.0193364,-0.0031361,-0.1101806,0.3500000,-0.2343888,-0.0096051,-0.4477280,0.0000000,0.0000000,1.2707963,-0.0000000,0.4477280,0.0000000,0.0000000,1.2707963,-0.0000000,1.0000000,1.0000000
0.0000000,0.0000000,0.9692268,0.0000000,0.0000000,0.0000000,1.0000000,0.0191925,0.0031003,-0.1093982,0.3500000,-0.2351718,0.0096271,-0.0193364,-0.0031361,-0.1101806,0.3500000,-0.2343888,-0.0096051,-0.4499645,0.0000000,0.0000000,1.2707963,-0.0000000,0.4499645,0.0000000,0.0000000,1.2707963,-0.0000000,1.0000000,1.0000000
0.0000000,0.0000000,0.9692268,0.0000000,0.0000000,0.0000000,1.0000000,0.0191925,0.0031003,-0.1093982,0.3500000,-0.2351718,0.0096271,-0.0193364,-0.0031361,-0.1101806,0.3500000,-0.2343888,-0.0096051,-0.4464516,0.0000000,0.0000000,1.2707963,-0.0000000,0.4464516,0.0000000,0.0000000,1.2707963,-0.0000000,1.0000000,1.0000000
0.0000000,0.0000000,0.9692268,0.0000000,0.0000000,0.0000000,1.0000000,0.0191925,0.0031003,-0.1093982,0.3500000,-0.2351718,0.0096271,-0.0193364,-0.0031361,-0.1101806,0.3500000,-0.2343888,-0.0096051,-0.4372343,0.0000000,0.0000000,1.2707963,-0.0000000,0.4372343,0.0000000,0.0000000,1.2707963,-0.0000000,1.0000000,1.0000000
0.0000000,0.0000000,0.9692268,0.0000000,0.0000000,0.0000000,1.0000000,0.0191925,0.0031003,-0.1093982,0.3500000,-0.2351718,0.0096271,-0.0193364,-0.0031361,-0.1101806,0.3500000,-0.2343888,-0.0096051,-0.4224302,0.0000000,0.0000000,1.2707963,-0.0000000,0.4224302,0.0000000,0.0000000,1.2707963,-0.0000000,1.0000000,1.0000000
0.0000000,0.0000000,0.9692268,0.0000000,0.0000000,0.0000000,1.0000000,0.0191925,0.0031003,-0.1093982,0.3500000,-0.2351718,0.0096271,-0.0193364,-0.0031361,-0.1101806,0.3500000,-0.2343888,-0.0096051,-0.4022286,0.0000000,0.0000000,1.2707963,-0.0000000,0.4022286,0.0000000,0.0000000,1.2707963,-0.0000000,1.0000000,1.0000000
0.0000000,0.0000000,0.9692268,0.0000000,0.0000000,0.0000000,1.0000000,0.0191925,0.0031003,-0.1093982,0.3500000,-0.2351718,0.0096271,-0.0193364,-0.0031361,-0.1101806,0.3500000,-0.2343888,-0.0096051,-0.3768876,0.0000000,0.0000000,1.2707963,-0.0000000,0.3768876,0.0000000,0.0000000,1.2707963,-0.0000000,1.0000000,1.0000000
0.0000000,0.0000000,0.9692268,0.0000000,0.0000000,0.0000000,1.0000000,0.0191925,0.0031003,-0.1093982,0.3500000,-0.2351718,0.0096271,-0.0193364,-0.0031361,-0.1101806,0.3500000,-0.2343888,-0.0096051,-0.3467310,0.0000000,0.0000000,1.2707963,-0.0000000,0.3467310,0.0000000,0.0000000,1.2707963,-0.0000000,1.0000000,1.0000000
0.0000000,0.0000000,0.9692268,0.0000000,0.0000000,0.0000000,1.0000000,0.0191925,0.0031003,-0.1093982,0.3500000,-0.2351718,0.0096271,-0.0193364,-0.0031361,-0.1101806,0.3500000,-0.2343888,-0.0096051,-0.3121440,0.0000000,0.0000000,1.2707963,-0.0000000,0.3121440,0.0000000,0.0000000,1.2707963,-0.0000000,1.0000000,1.0000000
0.0000000,0.0000000,0.9692268,0.0000000,0.0000000,0.0000000,1.0000000,0.0191925,0.0031003,-0.1093982,0.3500000,-0.2351718,0.0096271,-0.0193364,-0.0031361,-0.1101806,0.3500000,-0.2343888,-0.0096051,-0.2735686,0.0000000,0.0000000,1.2707963,-0.0000000,0.2735686,0.0000000,0.0000000,1.2707963,-0.0000000,1.0000000,1.0000000
0.0000000,0.0000000,0.9692268,0.0000000,0.0000000,0.0000000,1.0000000,0.0191925,0.0031003,-0.1093982,0.3500000,-0.2351718,0.0096271,-0.0193364,-0.0031361,-0.1101806,0.3500000,-0.2343888,-0.0096051,-0.2314978,0.0000000,0.0000000,1.2707963,-0.0000000,0.2314978,0.0000000,0.0000000,1.2707963,-0.0000000,1.0000000,1.0000000
0.0000000,0.0000000,0.9692268,0.0000000,0.0000000,0.0000000,1.0000000,0.0191925,0.0031003,-0.1093982,0.3500000,-0.2351718,0.0096271,-0.0193364,-0.0031361,-0.1101806,0.3500000,-0.2343888,-0.0096051,-0.1864690,0.0000000,0.0000000,1.2707963,-0.0000000,0.1864690,0.0000000,0.0000000,1.2707963,-0.0000000,1.0000000,1.0000000
0.0000000,0.0000000,0.9692268,0.0000000,0.0000000,0.0000000,1.0000000,0.0191925,0.0031003,-0.1093982,0.3500000,-0.2351718,0.0096271,-0.0193364,-0.0031361,-0.1101806,0.3500000,-0.2343888,-0.0096051,-0.1390576,0.0000000,0.0000000,1.2707963,-0.0000000,0.1390576,0.0000000,0.0000000,1.2707963,-0.0000000,1.0000000,1.0000000
0.0000000,0.0000000,0.9692268,0.0000000,0.0000000,0.0000000,1.0000000,0.0191925,0.0031003,-0.1093982,0.3500000,-0.2351718,0.0096271,-0.0193364,-0.0031361,-0.1101806,0.3500000,-0.2343888,-0.0096051,-0.0898695,0.0000000,0.0000000,1.2707963,-0.0000000,0.0898695,0.0000000,0.0000000,1.2707963,-0.0000000,1.0000000,1.0000000
0.0000000,0.0000000,0.9692268,0.0000000,0.0000000,0.0000000,1.0000000,0.0191925,0.0031003,-0.1093982,0.3500000,-0.2351718,0.0096271,-0.0193364,-0.0031361,-0.1101806,0.3500000,-0.2343888,-0.0096051,-0.0395330,0.0000000,0.0000000,1.2707963,-0.0000000,0.0395330,0.0000000,0.0000000,1.2707963,-0.0000000,1.0000000,1.0000000
0.0000000,0.0000000,0.9692268,0.0000000,0.0000000,0.0000000,1.0000000,0.0191925,0.0031003,-0.1093982,0.3500000,-0.2351718,0.0096271,-0.0193364,-0.0031361,-0.1101806,0.3500000,-0.2343888,-0.0096051,0.0113085,0.0000000,0.0000000,1.2707963,-0.0000000,-0.0113085,0.0000000,0.0000000,1.2707963,-0.0000000,1.0000000,1.0000000
0.0000000,0.0000000,0.9692268,0.0000000,0.0000000,0.0000000,1.0000000,0.0191925,0.0031003,-0.1093982,0.3500000,-0.2351718,0.0096271,-0.0193364,-0.0031361,-0.1101806,0.3500000,-0.2343888,-0.0096051,0.0620056,0.0000000,0.0000000,1.2707963,-0.0000000,-0.0620056,0.0000000,0.0000000,1.2707963,-0.0000000,1.0000000,1.0000000
0.0000000,0.0000000,0.9692268,0.0000000,0.0000000,0.0000000,1.0000000,0.0191925,0.0031003,-0.1093982,0.3500000,-0.2351718,0.0096271,-0.0193364,-0.0031361,-0.1101806,0.3500000,-0.2343888,-0.0096051,0.1119104,0.0000000,0.0000000,1.2707963,-0.0000000,-0.1119104,0.0000000,0.0000000,1.2707963,-0.0000000,1.0000000,1.0000000
0.0000000,0.0000000,0.9692268,0.0000000,0.0000000,0.0000000,1.0000000,0.0191925,0.0031003,-0.1093982,0.3500000,-0.2351718,0.0096271,-0.0193364,-0.0031361,-0.1101806,0.3500000,-0.2343888,-0.0096051,0.1603853,0.0000000,0.0000000,1.2707963,-0.0000000,-0.1603853,0.0000000,0.0000000,1.2707963,-0.0000000,1.0000000,1.0000000
0.0000000,0.0000000,0.9692268,0.0000000,0.0000000,0.0000000,1.0000000,0.0191925,0.0031003,-0.1093982,0.3500000,-0.2351718,0.0096271,-0.0193364,-0.0031361,-0.1101806,0.3500000,-0.2343888,-0.0096051,0.2068109,0.0000000,0.0000000,1.2707963,-0.0000000,-0.2068109,0.0000000,0.0000000,1.2707963,-0.0000000,1.0000000,1.0000000
0.0000000,0.0000000,0.9692268,0.0000000,0.0000000,0.0000000,1.0000000,0.0191925,0.0031003,-0.1093982,0.3500000,-0.2351718,0.0096271,-0.0193364,-0.0031361,-0.1101806,0.3500000,-0.2343888,-0.0096051,0.2505940,0.0000000,0.0000000,1.2707963,-0.0000000,-0.2505940,0.0000000,0.0000000,1.2707963,-0.0000000,1.0000000,1.0000000
0.0000000,0.0000000,0.9692268,0.0000000,0.0000000,0.0000000,1.0000000,0.0191925,0.0031003,-0.1093982,0.3500000,-0.2351718,0.0096271,-0.0193364,-0.0031361,-0.1101806,0.3500000,-0.2343888,-0.0096051,0.2911752,0.0000000,0.0000000,1.2707963,-0.0000000,-0.2911752,0.0000000,0.0000000,1.2707963,-0.0000000,1.0000000,1.0000000
0.0000000,0.0000000,0.9692268,0.0000000,0.0000000,0.0000000,1.0000000,0.0191925,0.0031003,-0.1093982,0.3500000,-0.2351718,0.0096271,-0.0193364,-0.0031361,-0.1101806,0.3500000,-0.2343888,-0.0096051,0.3280359,0.0000000,0.0000000,1.2707963,-0.0000000,-0.3280359,0.0000000,0.0000000,1.2707963,-0.0000000,1.0000000,1.0000000
0.0000000,0.0000000,0.9692268,0.0000000,0.0000000,0.0000000,1.0000000,0.0191925,0.0031003,-0.1093982,0.3500000,-0.2351718,0.0096271,-0.0193364,-0.0031361,-0.1101806,0.3500000,-0.2343888,-0.0096051,0.3607051,0.0000000,0.0000000,1.2707963,-0.0000000,-0.3607051,0.0000000,0.0000000,1.2707963,-0.0000000,1.0000000,1.0000000
0.0000000,0.0000000,0.9692268,0.0000000,0.0000000,0.0000000,1.0000000,0.0191925,0.0031003,-0.1093982,0.3500000,-0.2351718,0.0096271,-0.0193364,-0.0031361,-0.1101806,0.3500000,-0.2343888,-0.0096051,0.3887655,0.0000000,0.0000000,1.2707963,-0.0000000,-0.3887655,0.0000000,0.0000000,1.2707963,-0.0000000,1.0000000,1.0000000
0.0000000,0.0000000,0.9692268,0.0000000,0.0000000,0.0000000,1.0000000,0.0191925,0.0031003,-0.1093982,0.3500000,-0.2351718,0.0096271,-0.0193364,-0.0031361,-0.1101806,0.3500000,-0.2343888,-0.0096051,0.4118585,0.0000000,0.0000000,1.2707963,-0.0000000,-0.4118585,0.0000000,0.0000000,1.2707963,-0.0000000,1.0000000,1.0000000
0.0000000,0.0000000,0.9692268,0.0000000,0.0000000,0.0000000,1.0000000,0.0191925,0.0031003,-0.1093982,0.3500000,-0.2351718,0.0096271,-0.0193364,-0.0031361,-0.1101806,0.3500000,-0.2343888,-0.0096051,0.4296890,0.0000000,0.0000000,1.2707963,-0.0000000,-0.4296890,0.0000000,0.0000000,1.2707963,-0.0000000,1.0000000,1.0000000
0.0000000,0.0000000,0.9692268,0.0000000,0.0000000,0.0000000,1.0000000,0.0191925,0.0031003,-0.1093982,0.3500000,-0.2351718,0.0096271,-0.0193364,-0.0031361,-0.1101806,0.3500000,-0.2343888,-0.0096051,0.4420293,0.0000000,0.0000000,1.2707963,-0.0000000,-0.4420293,0.0000000,0.0000000,1.2707963,-0.0000000,1.0000000,1.0000000
0.0000000,0.0000000,0.9692268,0.0000000,0.0000000,0.0000000,1.0000000,0.0191925,0.0031003,-0.1093982,0.3500000,-0.2351718,0.0096271,-0.0193364,-0.0031361,-0.1101806,0.3500000,-0.2343888,-0.0096051,0.4487215,0.0000000,0.0000000,1.2707963,-0.0000000,-0.4487215,0.0000000,0.0000000,1.2707963,-0.0000000,1.0000000,1.0000000
0.0000000,0.0000000,0.9692268,0.0000000,0.0000000,0.0000000,1.0000000,0.0191925,0.0031003,-0.1093982,0.3500000,-0.2351718,0.0096271,-0.0193364,-0.0031361,-0.1101806,0.3500000,-0.2343888,-0.0096051,0.4496803,0.0000000,0.0000000,1.2707963,-0.0000000,-0.4496803,0.0000000,0.0000000,1.2707963,-0.0000000,1.0000000,1.0000000
0.0000000,0.0000000,0.9692268,0.0000000,0.0000000,0.0000000,1.0000000,0.0191925,0.0031003,-0.1093982,0.3500000,-0.2351718,0.0096271,-0.0193364,-0.0031361,-0.1101806,0.3500000,-0.2343888,-0.0096051,0.4448933,0.0000000,0.0000000,1.2707963,-0.0000000,-0.4448933,0.0000000,0.0000000,1.2707963,-0.0000000,1.0000000,1.0000000
0.0000000,0.0000000,0.9692268,0.0000000,0.0000000,0.0000000,1.0000000,0.0191925,0.0031003,-0.1093982,0.3500000,-0.2351718,0.0096271,-0.0193364,-0.0031361,-0.1101806,0.3500000,-0.2343888,-0.0096051,0.4344217,0.0000000,0.0000000,1.2707963,-0.0000000,-0.4344217,0.0000000,0.0000000,1.2707963,-0.0000000,1.0000000,1.0000000
0.0000000,0.0000000,0.9692268,0.0000000,0.0000000,0.0000000,1.0000000,0.0191925,0.0031003,-0.1093982,0.3500000,-0.2351718,0.0096271,-0.0193364,-0.0031361,-0.1101806,0.3500000,-0.2343888,-0.0096051,0.4183994,0.0000000,0.0000000,1.2707963,-0.0000000,-0.4183994,0.0000000,0.0000000,1.2707963,-0.0000000,1.0000000,1.0000000
0.0000000,0.0000000,0.9692268,0.0000000,0.0000000,0.0000000,1.0000000,0.0191925,0.0031003,-0.1093982,0.3500000,-0.2351718,0.0096271,-0.0193364,-0.0031361,-0.1101806,0.3500000,-0.2343888,-0.0096051,0.3970311,0.0000000,0.0000000,1.2707963,-0.0000000,-0.3970311,0.0000000,0.0000000,1.2707963,-0.0000000,1.0000000,1.0000000
0.0000000,0.0000000,0.9692268,0.0000000,0.0000000,0.0000000,1.0000000,0.0191925,0.0031003,-0.1093982,0.3500000,-0.2351718,0.0096271,-0.0193364,-0.0031361,-0.1101806,0.3500000,-0.2343888,-0.0096051,0.3705897,0.0000000,0.0000000,1.2707963,-0.0000000,-0.3705897,0.0000000,0.0000000,1.2707963,-0.0000000,1.0000000,1.0000000
0.0000000,0.0000000,0.9692268,0.0000000,0.0000000,0.0000000,1.0000000,0.0191925,0.0031003,-0.1093982,0.3500000,-0.2351718,0.0096271,-0.0193364,-0.0031361,-0.1101806,0.3500000,-0.2343888,-0.0096051,0.3394131,0.0000000,0.0000000,1.2707963,-0.0000000,-0.3394131,0.0000000,0.0000000,1.2707963,-0.0000000,1.0000000,1.0000000
0.0000000,0.0000000,0.9692268,0.0000000,0.0000000,0.0000000,1.0000000,0.0191925,0.0031003,-0.1093982,0.3500000,-0.2351718,0.0096271,-0.0193364,-0.0031361,-0.1101806,0.3500000,-0.2343888,-0.0096051,0.3038998,0.0000000,0.0000000,1.2707963,-0.0000000,-0.3038998,0.0000000,0.0000000,1.2707963,-0.0000000,1.0000000,1.0000000
0.0000000,0.0000000,0.9692268,0.0000000,0.0000000,0.0000000,1.0000000,0.0191925,0.0031003,-0.1093982,0.3500000,-0.2351718,0.0096271,-0.0193364,-0.0031361,-0.1101806,0.3500000,-0.2343888,-0.0096051,0.2645034,0.0000000,0.0000000,1.2707963,-0.0000000,-0.2645034,0.0000000,0.0000000,1.2707963,-0.0000000,1.0000000,1.0000000
0.0000000,0.0000000,0.9692268,0.0000000,0.0000000,0.0000000,1.0000000,0.0191925,0.0031003,-0.1093982,0.3500000,-0.2351718,0.0096271,-0.0193364,-0.0031361,-0.1101806,0.3500000,-0.2343888,-0.0096051,0.2217273,0.0000000,0.0000000,1.2707963,-0.0000000,-0.2217273,0.0000000,0.0000000,1.2707963,-0.0000000,1.0000000,1.0000000
0.0000000,0.0000000,0.9692268,0.0000000,0.0000000,0.0000000,1.0000000,0.0191925,0.0031003,-0.1093982,0.3500000,-0.2351718,0.0096271,-0.0193364,-0.0031361,-0.1101806,0.3500000,-0.2343888,-0.0096051,0.1761182,0.0000000,0.0000000,1.2707963,-0.0000000,-0.1761182,0.0000000,0.0000000,1.2707963,-0.0000000,1.0000000,1.0000000
0.0000000,0.0000000,0.9692268,0.0000000,0.0000000,0.0000000,1.0000000,0.0191925,0.0031003,-0.1093982,0.3500000,-0.2351718,0.0096271,-0.0193364,-0.0031361,-0.1101806,0.3500000,-0.2343888,-0.0096051,0.1282587,0.0000000,0.0000000,1.2707963,-0.0000000,-0.1282587,0.0000000,0.0000000,1.2707963,-0.0000000,1.0000000,1.0000000
0.0000000,0.0000000,0.9692268,0.0000000,0.0000000,0.0000000,1.0000000,0.0191925,0.0031003,-0.1093982,0.3500000,-0.2351718,0.0096271,-0.0193364,-0.0031361,-0.1101806,0.3500000,-0.2343888,-0.0096051,0.0787604,0.0000000,0.0000000,1.2707963,-0.0000000,-0.0787604,0.0000000,0.0000000,1.2707963,-0.0000000,1.0000000,1.0000000
0.0000000,0.0000000,0.9692268,0.0000000,0.0000000,0.0000000,1.0000000,0.0191925,0.0031003,-0.1093982,0.3500000,-0.2351718,0.0096271,-0.0193364,-0.0031361,-0.1101806,0.3500000,-0.2343888,-0.0096051,0.0282557,0.0000000,0.0000000,1.2707963,-0.0000000,-0.0282557,0.0000000,0.0000000,1.2707963,-0.0000000,1.0000000,1.0000000
0.0000000,0.0000000,0.9692268,0.0000000,0.0000000,0.0000000,1.0000000,0.0191925,0.0031003,-0.1093982,0.3500000,-0.2351718,0.0096271,-0.0193364,-0.0031361,-0.1101806,0.3500000,-0.2343888,-0.0096051,-0.0226099,0.0000000,0.0000000,1.2707963,-0.0000000,0.0226099,0.0000000,0.0000000,1.2707963,-0.0000000,1.0000000,1.0000000
0.0000000,0.0000000,0.9692268,0.0000000,0.0000000,0.0000000,1.0000000,0.0191925,0.0031003,-0.1093982,0.3500000,-0.2351718,0.0096271,-0.0193364,-0.0031361,-0.1101806,0.3500000,-0.2343888,-0.0096051,-0.0731867,0.0000000,0.0000000,1.2707963,-0.0000000,0.0731867,0.0000000,0.0000000,1.2707963,-0.0000000,1.0000000,1.0000000
0.0000000,0.0000000,0.9692268,0.0000000,0.0000000,0.0000000,1.0000000,0.0191925,0.0031003,-0.1093982,0.3500000,-0.2351718,0.0096271,-0.0193364,-0.0031361,-0.1101806,0.3500000,-0.2343888,-0.0096051,-0.1228284,0.0000000,0.0000000,1.2707963,-0.0000000,0.1228284,0.0000000,0.0000000,1.2707963,-0.0000000,1.0000000,1.0000000
0.0000000,0.0000000,0.9692268,0.0000000,0.0000000,0.0000000,1.0000000,0.0191925,0.0031003,-0.1093982,0.3500000,-0.2351718,0.0096271,-0.0193364,-0.0031361,-0.1101806,0.3500000,-0.2343888,-0.0096051,-0.1709006,0.0000000,0.0000000,1.2707963,-0.0000000,0.1709006,0.0000000,0.0000000,1.2707963,-0.0000000,1.0000000,1.0000000
0.0000000,0.0000000,0.9692268,0.0000000,0.0000000,0.0000000,1.0000000,0.0191925,0.0031003,-0.1093982,0.3500000,-0.2351718,0.0096271,-0.0193364,-0.0031361,-0.1101806,0.3500000,-0.2343888,-0.0096051,-0.2167892,0.0000000,0.0000000,1.2707963,-0.0000000,0.2167892,0.0000000,0.0000000,1.2707963,-0.0000000,1.0000000,1.0000000
0.0000000,0.0000000,0.9692268,0.0000000,0.0000000,0.0000000,1.0000000,0.0191925,0.0031003,-0.1093982,0.3500000,-0.2351718,0.0096271,-0.0193364,-0.0031361,-0.1101806,0.3500000,-0.2343888,-0.0096051,-0.2599077,0.0000000,0.0000000,1.2707963,-0.0000000,0.2599077,0.0000000,0.0000000,1.2707963,-0.0000000,1.0000000,1.0000000
0.0000000,0.0000000,0.9692268,0.0000000,0.0000000,0.0000000,1.0000000,0.0191925,0.0031003,-0.1093982,0.3500000,-0.2351718,0.0096271,-0.0193364,-0.0031361,-0.1101806,0.3500000,-0.2343888,-0.0096051,-0.2997053,0.0000000,0.0000000,1.2707963,-0.0000000,0.2997053,0.0000000,0.0000000,1.2707963,-0.0000000,1.0000000,1.0000000
0.0000000,0.0000000,0.9692268,0.0000000,0.0000000,0.0000000,1.0000000,0.0191925,0.0031003,-0.1093982,0.3500000,-0.2351718,0.0096271,-0.0193364,-0.0031361,-0.1101806,0.3500000,-0.2343888,-0.0096051,-0.3356735,0.0000000,0.0000000,1.2707963,-0.0000000,0.3356735,0.0000000,0.0000000,1.2707963,-0.0000000,1.0000000,1.0000000
0.0000000,0.0000000,0.9692268,0.0000000,0.0000000,0.0000000,1.0000000,0.0191925,0.0031003,-0.1093982,0.3500000,-0.2351718,0.0096271,-0.0193364,-0.0031361,-0.1101806,0.3500000,-0.2343888,-0.0096051,-0.3673527,0.0000000,0.0000000,1.2707963,-0.0000000,0.3673527,0.0000000,0.0000000,1.2707963,-0.0000000,1.0000000,1.0000000
0.0000000,0.0000000,0.9692268,0.0000000,0.0000000,0.0000000,1.0000000,0.0191925,0.0031003,-0.1093982,0.3500000,-0.2351718,0.0096271,-0.0193364,-0.0031361,-0.1101806,0.3500000,-0.2343888,-0.0096051,-0.3943380,0.0000000,0.0000000,1.2707963,-0.0000000,0.3943380,0.0000000,0.0000000,1.2707963,-0.0000000,1.0000000,1.0000000
0.0000000,0.0000000,0.9692268,0.0000000,0.0000000,0.0000000,1.0000000,0.0191925,0.0031003,-0.1093982,0.3500000,-0.2351718,0.0096271,-0.0193364,-0.0031361,-0.1101806,0.3500000,-0.2343888,-0.0096051,-0.4162847,0.0000000,0.0000000,1.2707963,-0.0000000,0.4162847,0.0000000,0.0000000,1.2707963,-0.0000000,1.0000000,1.0000000
0.0000000,0.0000000,0.9692268,0.0000000,0.0000000,0.0000000,1.0000000,0.0191925,0.0031003,-0.1093982,0.3500000,-0.2351718,0.0096271,-0.0193364,-0.0031361,-0.1101806,0.3500000,-0.2343888,-0.0096051,-0.4329125,0.0000000,0.0000000,1.2707963,-0.0000000,0.4329125,0.0000000,0.0000000,1.2707963,-0.0000000,1.0000000,1.0000000
0.0000000,0.0000000,0.9692268,0.0000000,0.0000000,0.0000000,1.0000000,0.0191925,0.0031003,-0.1093982,0.3500000,-0.2351718,0.0096271,-0.0193364,-0.0031361,-0.1101806,0.3500000,-0.2343888,-0.0096051,-0.4440087,0.0000000,0.0000000,1.2707963,-0.0000000,0.4440087,0.0000000,0.0000000,1.2707963,-0.0000000,1.0000000,1.0000000
0.0000000,0.0000000,0.9692268,0.0000000,0.0000000,0.0000000,1.0000000,0.0191925,0.0031003,-0.1093982,0.3500000,-0.2351718,0.0096271,-0.0193364,-0.0031361,-0.1101806,0.3500000,-0.2343888,-0.0096051,-0.4494316,0.0000000,0.0000000,1.2707963,-0.0000000,0.4494316,0.0000000,0.0000000,1.2707963,-0.0000000,1.0000000,1.0000000
0.0000000,0.0000000,0.9692268,0.0000000,0.0000000,0.0000000,1.0000000,0.0191925,0.0031003,-0.1093982,0.3500000,-0.2351718,0.0096271,-0.0193364,-0.0031361,-0.1101806,0.3500000,-0.2343888,-0.0096051,-0.4491120,0.0000000,0.0000000,1.2707963,-0.0000000,0.4491120,0.0000000,0.0000000,1.2707963,-0.0000000,1.0000000,1.0000000
0.0000000,0.0000000,0.9692268,0.0000000,0.0000000,0.0000000,1.0000000,0.0191925,0.0031003,-0.1093982,0.3500000,-0.2351718,0.0096271,-0.0193364,-0.0031361,-0.1101806,0.3500000,-0.2343888,-0.0096051,-0.4430540,0.0000000,0.0000000,1.2707963,-0.0000000,0.4430540,0.0000000,0.0000000,1.2707963,-0.0000000,1.0000000,1.0000000
0.0000000,0.0000000,0.9692268,0.0000000,0.0000000,0.0000000,1.0000000,0.0191925,0.0031003,-0.1093982,0.3500000,-0.2351718,0.0096271,-0.0193364,-0.0031361,-0.1101806,0.3500000,-0.2343888,-0.0096051,-0.4313348,0.0000000,0.0000000,1.2707963,-0.0000000,0.4313348,0.0000000,0.0000000,1.2707963,-0.0000000,1.0000000,1.0000000
0.0000000,0.0000000,0.9692268,0.0000000,0.0000000,0.0000000,1.0000000,0.0191925,0.0031003,-0.1093982,0.3500000,-0.2351718,0.0096271,-0.0193364,-0.0031361,-0.1101806,0.3500000,-0.2343888,-0.0096051,-0.4141043,0.0000000,0.0000000,1.2707963,-0.0000000,0.4141043,0.0000000,0.0000000,1.2707963,-0.0000000,1.0000000,1.0000000
0.0000000,0.0000000,0.9692268,0.0000000,0.0000000,0.0000000,1.0000000,0.0191925,0.0031003,-0.1093982,0.3500000,-0.2351718,0.0096271,-0.0193364,-0.0031361,-0.1101806,0.3500000,-0.2343888,-0.0096051,-0.3915827,0.0000000,0.0000000,1.2707963,-0.0000000,0.3915827,0.0000000,0.0000000,1.2707963,-0.0000000,1.0000000,1.0000000
0.0000000,0.0000000,0.9692268,0.0000000,0.0000000,0.0000000,1.0000000,0.0191925,0.0031003,-0.1093982,0.3500000,-0.2351718,0.0096271,-0.0193364,-0.0031361,-0.1101806,0.3500000,-0.2343888,-0.0096051,-0.3640576,0.0000000,0.0000000,1.2707963,-0.0000000,0.3640576,0.0000000,0.0000000,1.2707963,-0.0000000,1.0000000,1.0000000
0.0000000,0.0000000,0.9692268,0.0000000,0.0000000,0.0000000,1.0000000,0.0191925,0.0031003,-0.1093982,0.3500000,-0.2351718,0.0096271,-0.0193364,-0.0031361,-0.1101806,0.3500000,-0.2343888,-0.0096051,-0.3318809,0.0000000,0.0000000,1.2707963,-0.0000000,0.3318809,0.0000000,0.0000000,1.2707963,-0.0000000,1.0000000,1.0000000
0.0000000,0.0000000,0.9692268,0.0000000,0.0000000,0.0000000,1.0000000,0.0191925,0.0031003,-0.1093982,0.3500000,-0.2351718,0.0096271,-0.0193364,-0.0031361,-0.1101806,0.3500000,-0.2343888,-0.0096051,-0.2954636,0.0000000,0.0000000,1.2707963,-0.0000000,0.2954636,0.0000000,0.0000000,1.2707963,-0.0000000,1.0000000,1.0000000
0.0000000,0.0000000,0.9692268,0.0000000,0.0000000,0.0000000,1.0000000,0.0191925,0.0031003,-0.1093982,0.3500000,-0.2351718,0.0096271,-0.0193364,-0.0031361,-0.1101806,0.3500000,-0.2343888,-0.0096051,-0.2552710,0.0000000,0.0000000,1.2707963,-0.0000000,0.2552710,0.0000000,0.0000000,1.2707963,-0.0000000,1.0000000,1.0000000
0.0000000,0.0000000,0.9692268,0.0000000,0.0000000,0.0000000,1.0000000,0.0191925,0.0031003,-0.1093982,0.3500000,-0.2351718,0.0096271,-0.0193364,-0.0031361,-0.1101806,0.3500000,-0.2343888,-0.0096051,-0.2118168,0.0000000,0.0000000,1.2707963,-0.0000000,0.2118168,0.0000000,0.0000000,1.2707963,-0.0000000,1.0000000,1.0000000
0.0000000,0.0000000,0.9692268,0.0000000,0.0000000,0.0000000,1.0000000,0.0191925,0.0031003,-0.1093982,0.3500000,-0.2351718,0.0096271,-0.0193364,-0.0031361,-0.1101806,0.3500000,-0.2343888,-0.0096051,-0.1656560,0.0000000,0.0000000,1.2707963,-0.0000000,0.1656560,0.0000000,0.0000000,1.2707963,-0.0000000,1.0000000,1.0000000
0.0000000,0.0000000,0.9692268,0.0000000,0.0000000,0.0000000,1.0000000,0.0191925,0.0031003,-0.1093982,0.3500000,-0.2351718,0.0096271,-0.0193364,-0.0031361,-0.1101806,0.3500000,-0.2343888,-0.0096051,-0.1173787,0.0000000,0.0000000,1.2707963,-0.0000000,0.1173787,0.0000000,0.0000000,1.2707963,-0.0000000,1.0000000,1.0000000
0.0000000,0.0000000,0.9692268,0.0000000,0.0000000,0.0000000,1.0000000,0.0191925,0.0031003,-0.1093982,0.3500000,-0.2351718,0.0096271,-0.0193364,-0.0031361,-0.1101806,0.3500000,-0.2343888,-0.0096051,-0.0676015,0.0000000,0.0000000,1.2707963,-0.0000000,0.0676015,0.0000000,0.0000000,1.2707963,-0.0000000,1.0000000,1.0000000
0.0000000,0.0000000,0.9692268,0.0000000,0.0000000,0.0000000,1.0000000,0.0191925,0.0031003,-0.1093982,0.3500000,-0.2351718,0.0096271,-0.0193364,-0.0031361,-0.1101806,0.3500000,-0.2343888,-0.0096051,-0.0169606,0.0000000,0.0000000,1.2707963,-0.0000000,0.0169606,0.0000000,0.0000000,1.2707963,-0.0000000,1.0000000,1.0000000
0.0000000,0.0000000,0.9692268,0.0000000,0.0000000,0.0000000,1.0000000,0.0191925,0.0031003,-0.1093982,0.3500000,-0.2351718,0.0096271,-0.0193364,-0.0031361,-0.1101806,0.3500000,-0.2343888,-0.0096051,0.0338971,0.0000000,0.0000000,1.2707963,-0.0000000,-0.0338971,0.0000000,0.0000000,1.2707963,-0.0000000,1.0000000,1.0000000
0.0000000,0.0000000,0.9692268,0.0000000,0.0000000,0.0000000,1.0000000,0.0191925,0.0031003,-0.1093982,0.3500000,-0.2351718,0.0096271,-0.0193364,-0.0031361,-0.1101806,0.3500000,-0.2343888,-0.0096051,0.0843216,0.0000000,0.0000000,1.2707963,-0.0000000,-0.0843216,0.0000000,0.0000000,1.2707963,-0.0000000,1.0000000,1.0000000
0.0000000,0.0000000,0.9692268,0.0000000,0.0000000,0.0000000,1.0000000,0.0191925,0.0031003,-0.1093982,0.3500000,-0.2351718,0.0096271,-0.0193364,-0.0031361,-0.1101806,0.3500000,-0.2343888,-0.0096051,0.1336687,0.0000000,0.0000000,1.2707963,-0.0000000,-0.1336687,0.0000000,0.0000000,1.2707963,-0.0000000,1.0000000,1.0000000
0.0000000,0.0000000,0.9692268,0.0000000,0.0000000,0.0000000,1.0000000,0.0191925,0.0031003,-0.1093982,0.3500000,-0.2351718,0.0096271,-0.0193364,-0.0031361,-0.1101806,0.3500000,-0.2343888,-0.0096051,0.1813079,0.0000000,0.0000000,1.2707963,-0.0000000,-0.1813079,0.0000000,0.0000000,1.2707963,-0.0000000,1.0000000,1.0000000
0.0000000,0.0000000,0.9692268,0.0000000,0.0000000,0.0000000,1.0000000,0.0191925,0.0031003,-0.1093982,0.3500000,-0.2351718,0.0096271,-0.0193364,-0.0031361,-0.1101806,0.3500000,-0.2343888,-0.0096051,0.2266304,0.0000000,0.0000000,1.2707963,-0.0000000,-0.2266304,0.0000000,0.0000000,1.2707963,-0.0000000,1.0000000,1.0000000
0.0000000,0.0000000,0.9692268,0.0000000,0.0000000,0.0000000,1.0000000,0.0191925,0.0031003,-0.1093982,0.3500000,-0.2351718,0.0096271,-0.0193364,-0.0031361,-0.1101806,0.3500000,-0.2343888,-0.0096051,0.2690572,0.0000000,0.0000000,1.2707963,-0.0000000,-0.2690572,0.0000000,0.0000000,1.2707963,-0.0000000,1.0000000,1.0000000
0.0000000,0.0000000,0.9692268,0.0000000,0.0000000,0.0000000,1.0000000,0.0191925,0.0031003,-0.1093982,0.3500000,-0.2351718,0.0096271,-0.0193364,-0.0031361,-0.1101806,0.3500000,-0.2343888,-0.0096051,0.3080462,0.0000000,0.0000000,1.2707963,-0.0000000,-0.3080462,0.0000000,0.0000000,1.2707963,-0.0000000,1.0000000,1.0000000
0.0000000,0.0000000,0.9692268,0.0000000,0.0000000,0.0000000,1.0000000,0.0191925,0.0031003,-0.1093982,0.3500000,-0.2351718,0.0096271,-0.0193364,-0.0031361,-0.1101806,0.3500000,-0.2343888,-0.0096051,0.3430991,0.0000000,0.0000000,1.2707963,-0.0000000,-0.3430991,0.0000000,0.0000000,1.2707963,-0.0000000,1.0000000,1.0000000
0.0000000,0.0000000,0.9692268,0.0000000,0.0000000,0.0000000,1.0000000,0.0191925,0.0031003,-0.1093982,0.3500000,-0.2351718,0.0096271,-0.0193364,-0.0031361,-0.1101806,0.3500000,-0.2343888,-0.0096051,0.3737682,0.0000000,0.0000000,1.2707963,-0.0000000,-0.3737682,0.0000000,0.0000000,1.2707963,-0.0000000,1.0000000,1.0000000
0.0000000,0.0000000,0.9692268,0.0000000,0.0000000,0.0000000,1.0000000,0.0191925,0.0031003,-0.1093982,0.3500000,-0.2351718,0.0096271,-0.0193364,-0.0031361,-0.1101806,0.3500000,-0.2343888,-0.0096051,0.3996614,0.0000000,0.0000000,1.2707963,-0.0000000,-0.3996614,0.0000000,0.0000000,1.2707963,-0.0000000,1.0000000,1.0000000
0.0000000,0.0000000,0.9692268,0.0000000,0.0000000,0.0000000,1.0000000,0.0191925,0.0031003,-0.1093982,0.3500000,-0.2351718,0.0096271,-0.0193364,-0.0031361,-0.1101806,0.3500000,-0.2343888,-0.0096051,0.4204480,0.0000000,0.0000000,1.2707963,-0.0000000,-0.4204480,0.0000000,0.0000000,1.2707963,-0.0000000,1.0000000,1.0000000
0.0000000,0.0000000,0.9692268,0.0000000,0.0000000,0.0000000,1.0000000,0.0191925,0.0031003,-0.1093982,0.3500000,-0.2351718,0.0096271,-0.0193364,-0.0031361,-0.1101806,0.3500000,-0.2343888,-0.0096051,0.4358624,0.0000000,0.0000000,1.2707963,-0.0000000,-0.4358624,0.0000000,0.0000000,1.2707963,-0.0000000,1.0000000,1.0000000
0.0000000,0.0000000,0.9692268,0.0000000,0.0000000,0.0000000,1.0000000,0.0191925,0.0031003,-0.1093982,0.3500000,-0.2351718,0.0096271,-0.0193364,-0.0031361,-0.1101806,0.3500000,-0.2343888,-0.0096051,0.4457076,0.0000000,0.0000000,1.2707963,-0.0000000,-0.4457076,0.0000000,0.0000000,1.2707963,-0.0000000,1.0000000,1.0000000
0.0000000,0.0000000,0.9692268,0.0000000,0.0000000,0.0000000,1.0000000,0.0191925,0.0031003,-0.1093982,0.3500000,-0.2351718,0.0096271,-0.0193364,-0.0031361,-0.1101806,0.3500000,-0.2343888,-0.0096051,0.4498579,0.0000000,0.0000000,1.2707963,-0.0000000,-0.4498579,0.0000000,0.0000000,1.2707963,-0.0000000,1.0000000,1.0000000
0.0000000,0.0000000,0.9692268,0.0000000,0.0000000,0.0000000,1.0000000,0.0191925,0.0031003,-0.1093982,0.3500000,-0.2351718,0.0096271,-0.0193364,-0.0031361,-0.1101806,0.3500000,-0.2343888,-0.0096051,0.4482601,0.0000000,0.0000000,1.2707963,-0.0000000,-0.4482601,0.0000000,0.0000000,1.2707963,-0.0000000,1.0000000,1.0000000
0.0000000,0.0000000,0.9692268,0.0000000,0.0000000,0.0000000,1.0000000,0.0191925,0.0031003,-0.1093982,0.3500000,-0.2351718,0.0096271,-0.0193364,-0.0031361,-0.1101806,0.3500000,-0.2343888,-0.0096051,0.4409348,0.0000000,0.0000000,1.2707963,-0.0000000,-0.4409348,0.0000000,0.0000000,1.2707963,-0.0000000,1.0000000,1.0000000
0.0000000,0.0000000,0.9692268,0.0000000,0.0000000,0.0000000,1.0000000,0.0191925,0.0031003,-0.1093982,0.3500000,-0.2351718,0.0096271,-0.0193364,-0.0031361,-0.1101806,0.3500000,-0.2343888,-0.0096051,0.4279754,0.0000000,0.0000000,1.2707963,-0.0000000,-0.4279754,0.0000000,0.0000000,1.2707963,-0.0000000,1.0000000,1.0000000
0.0000000,0.0000000,0.9692268,0.0000000,0.0000000,0.0000000,1.0000000,0.0191925,0.0031003,-0.1093982,0.3500000,-0.2351718,0.0096271,-0.0193364,-0.0031361,-0.1101806,0.3500000,-0.2343888,-0.0096051,0.4095159,0.0000000,0.0000000,1.2707963,-0.0000000,-0.4095159,0.0000000,0.0000000,1.2707963,-0.0000000,1.0000000,1.0000000
0.0000000,0.0000000,0.9692268,0.0000000,0.0000000,0.0000000,1.0000000,0.0191925,0.0031003,-0.1093982,0.3500000,-0.2351718,0.0096271,-0.0193364,-0.0031361,-0.1101806,0.3500000,-0.2343888,-0.0096051,0.3856546,0.0000000,0.0000000,1.2707963,-0.0000000,-0.3856546,0.0000000,0.0000000,1.2707963,-0.0000000,1.0000000,1.0000000
0.0000000,0.0000000,0.9692268,0.0000000,0.0000000,0.0000000,1.0000000,0.0191925,0.0031003,-0.1093982,0.3500000,-0.2351718,0.0096271,-0.0193364,-0.0031361,-0.1101806,0.3500000,-0.2343888,-0.0096051,0.3565917,0.0000000,0.0000000,1.2707963,-0.0000000,-0.3565917,0.0000000,0.0000000,1.2707963,-0.0000000,1.0000000,1.0000000
0.0000000,0.0000000,0.9692268,0.0000000,0.0000000,0.0000000,1.0000000,0.0191925,0.0031003,-0.1093982,0.3500000,-0.2351718,0.0096271,-0.0193364,-0.0031361,-0.1101806,0.3500000,-0.2343888,-0.0096051,0.3226722,0.0000000,0.0000000,1.2707963,-0.0000000,-0.3226722,0.0000000,0.0000000,1.2707963,-0.0000000,1.0000000,1.0000000
0.0000000,0.0000000,0.9692268,0.0000000,0.0000000,0.0000000,1.0000000,0.0191925,0.0031003,-0.1093982,0.3500000,-0.2351718,0.0096271,-0.0193364,-0.0031361,-0.1101806,0.3500000,-0.2343888,-0.0096051,0.2843854,0.0000000,0.0000000,1.2707963,-0.0000000,-0.2843854,0.0000000,0.0000000,1.2707963,-0.0000000,1.0000000,1.0000000
0.0000000,0.0000000,0.9692268,0.0000000,0.0000000,0.0000000,1.0000000,0.0191925,0.0031003,-0.1093982,0.3500000,-0.2351718,0.0096271,-0.0193364,-0.0031361,-0.1101806,0.3500000,-0.2343888,-0.0096051,0.2423568,0.0000000,0.0000000,1.2707963,-0.0000000,-0.2423568,0.0000000,0.0000000,1.2707963,-0.0000000,1.0000000,1.0000000
0.0000000,0.0000000,0.9692268,0.0000000,0.0000000,0.0000000,1.0000000,0.0191925,0.0031003,-0.1093982,0.3500000,-0.2351718,0.0096271,-0.0193364,-0.0031361,-0.1101806,0.3500000,-0.2343888,-0.0096051,0.1973334,0.0000000,0.0000000,1.2707963,-0.0000000,-0.1973334,0.0000000,0.0000000,1.2707963,-0.0000000,1.0000000,1.0000000
0.0000000,0.0000000,0.9692268,0.0000000,0.0000000,0.0000000,1.0000000,0.0191925,0.0031003,-0.1093982,0.3500000,-0.2351718,0.0096271,-0.0193364,-0.0031361,-0.1101806,0.3500000,-0.2343888,-0.0096051,0.1501639,0.0000000,0.0000000,1.2707963,-0.0000000,-0.1501639,0.0000000,0.0000000,1.2707963,-0.0000000,1.0000000,1.0000000
0.0000000,0.0000000,0.9692268,0.0000000,0.0000000,0.0000000,1.0000000,0.0191925,0.0031003,-0.1093982,0.3500000,-0.2351718,0.0096271,-0.0193364,-0.0031361,-0.1101806,0.3500000,-0.2343888,-0.0096051,0.1017730,0.0000000,0.0000000,1.2707963,-0.0000000,-0.1017730,0.0000000,0.0000000,1.2707963,-0.0000000,1.0000000,1.0000000
0.0000000,0.0000000,0.9692268,0.0000000,0.0000000,0.0000000,1.0000000,0.0191925,0.0031003,-0.1093982,0.3500000,-0.2351718,0.0096271,-0.0193364,-0.0031361,-0.1101806,0.3500000,-0.2343888,-0.0096051,0.0531333,0.0000000,0.0000000,1.2707963,-0.0000000,-0.0531333,0.0000000,0.0000000,1.2707963,-0.0000000,1.0000000,1.0000000
0.0000000,0.0000000,0.9692268,0.0000000,0.0000000,0.0000000,1.0000000,0.0191925,0.0031003,-0.1093982,0.3500000,-0.2351718,0.0096271,-0.0193364,-0.0031361,-0.1101806,0.3500000,-0.2343888,-0.0096051,0.0052338,0.0000000,0.0000000,1.2707963,-0.0000000,-0.0052338,0.0000000,0.0000000,1.2707963,-0.0000000,1.0000000,1.0000000
0.0000000,0.0000000,0.9692268,0.0000000,0.0000000,0.0000000,1.0000000,0.0191925,0.0031003,-0.1093982,0.3500000,-0.2351718,0.0096271,-0.0193364,-0.0031361,-0.1101806,0.3500000,-0.2343888,-0.0096051,-0.0409513,0.0000000,0.0000000,1.2707963,-0.0000000,0.0409513,0.0000000,0.0000000,1.2707963,-0.0000000,1.0000000,1.0000000
0.0000000,0.0000000,0.9692268,0.0000000,0.0000000,0.0000000,1.0000000,0.0191925,0.0031003,-0.1093982,0.3500000,-0.2351718,0.0096271,-0.0193364,-0.0031361,-0.1101806,0.3500000,-0.2343888,-0.0096051,-0.0844946,0.0000000,0.0000000,1.2707963,-0.0000000,0.0844946,0.0000000,0.0000000,1.2707963,-0.0000000,1.0000000,1.0000000
0.0000000,0.0000000,0.9692268,0.0000000,0.0000000,0.0000000,1.0000000,0.0191925,0.0031003,-0.1093982,0.3500000,-0.2351718,0.0096271,-0.0193364,-0.0031361,-0.1101806,0.3500000,-0.2343888,-0.0096051,-0.1245449,0.0000000,0.0000000,1.2707963,-0.0000000,0.1245449,0.0000000,0.0000000,1.2707963,-0.0000000,1.0000000,1.0000000
0.0000000,0.0000000,0.9692268,0.0000000,0.0000000,0.0000000,1.0000000,0.0191925,0.0031003,-0.1093982,0.3500000,-0.2351718,0.0096271,-0.0193364,-0.0031361,-0.1101806,0.3500000,-0.2343888,-0.0096051,-0.1603544,0.0000000,0.0000000,1.2707963,-0.0000000,0.1603544,0.0000000,0.0000000,1.2707963,-0.0000000,1.0000000,1.0000000
0.0000000,0.0000000,0.9692268,0.0000000,0.0000000,0.0000000,1.0000000,0.0191925,0.0031003,-0.1093982,0.3500000,-0.2351718,0.0096271,-0.0193364,-0.0031361,-0.1101806,0.3500000,-0.2343888,-0.0096051,-0.1913018,0.0000000,0.0000000,1.2707963,-0.0000000,0.1913018,0.0000000,0.0000000,1.2707963,-0.0000000,1.0000000,1.0000000
0.0000000,0.0000000,0.9692268,0.0000000,0.0000000,0.0000000,1.0000000,0.0191925,0.0031003,-0.1093982,0.3500000,-0.2351718,0.0096271,-0.0193364,-0.0031361,-0.1101806,0.3500000,-0.2343888,-0.0096051,-0.2169102,0.0000000,0.0000000,1.2707963,-0.0000000,0.2169102,0.0000000,0.0000000,1.2707963,-0.0000000,1.0000000,1.0000000
0.0000000,0.0000000,0.9692268,0.0000000,0.0000000,0.0000000,1.0000000,0.0191925,0.0031003,-0.1093982,0.3500000,-0.2351718,0.0096271,-0.0193364,-0.0031361,-0.1101806,0.3500000,-0.2343888,-0.0096051,-0.2368606,0.0000000,0.0000000,1.2707963,-0.0000000,0.2368606,0.0000000,0.0000000,1.2707963,-0.0000000,1.0000000,1.0000000
0.0000000,0.0000000,0.9692268,0.0000000,0.0000000,0.0000000,1.0000000,0.0191925,0.0031003,-0.1093982,0.3500000,-0.2351718,0.0096271,-0.0193364,-0.0031361,-0.1101806,0.3500000,-0.2343888,-0.0096051,-0.2509990,0.0000000,0.0000000,1.2707963,-0.0000000,0.2509990,0.0000000,0.0000000,1.2707963,-0.0000000,1.0000000,1.0000000
0.0000000,0.0000000,0.9692268,0.0000000,0.0000000,0.0000000,1.0000000,0.0191925,0.0031003,-0.1093982,0.3500000,-0.2351718,0.0096271,-0.0193364,-0.0031361,-0.1101806,0.3500000,-0.2343888,-0.0096051,-0.2593370,0.0000000,0.0000000,1.2707963,-0.0000000,0.2593370,0.0000000,0.0000000,1.2707963,-0.0000000,1.0000000,1.0000000
0.0000000,0.0000000,0.9692268,0.0000000,0.0000000,0.0000000,1.0000000,0.0191925,0.0031003,-0.1093982,0.3500000,-0.2351718,0.0096271,-0.0193364,-0.0031361,-0.1101806,0.3500000,-0.2343888,-0.0096051,-0.2620479,0.0000000,0.0000000,1.2707963,-0.0000000,0.2620479,0.0000000,0.0000000,1.2707963,-0.0000000,1.0000000,1.0000000
0.0000000,0.0000000,0.9692268,0.0000000,0.0000000,0.0000000,1.0000000,0.0191925,0.0031003,-0.1093982,0.3500000,-0.2351718,0.0096271,-0.0193364,-0.0031361,-0.1101806,0.3500000,-0.2343888,-0.0096051,-0.2594555,0.0000000,0.0000000,1.2707963,-0.0000000,0.2594555,0.0000000,0.0000000,1.2707963,-0.0000000,1.0000000,1.0000000
0.0000000,0.0000000,0.9692268,0.0000000,0.0000000,0.0000000,1.0000000,0.0191925,0.0031003,-0.1093982,0.3500000,-0.2351718,0.0096271,-0.0193364,-0.0031361,-0.1101806,0.3500000,-0.2343888,-0.0096051,-0.2520188,0.0000000,0.0000000,1.2707963,-0.0000000,0.2520188,0.0000000,0.0000000,1.2707963,-0.0000000,1.0000000,1.0000000
0.0000000,0.0000000,0.9692268,0.0000000,0.0000000,0.0000000,1.0000000,0.0191925,0.0031003,-0.1093982,0.3500000,-0.2351718,0.0096271,-0.0193364,-0.0031361,-0.1101806,0.3500000,-0.2343888,-0.0096051,-0.2403119,0.0000000,0.0000000,1.2707963,-0.0000000,0.2403119,0.0000000,0.0000000,1.2707963,-0.0000000,1.0000000,1.0000000
0.0000000,0.0000000,0.9692268,0.0000000,0.0000000,0.0000000,1.0000000,0.0191925,0.0031003,-0.1093982,0.3500000,-0.2351718,0.0096271,-0.0193364,-0.0031361,-0.1101806,0.3500000,-0.2343888,-0.0096051,-0.2250000,0.0000000,0.0000000,1.2707963,-0.0000000,0.2250000,0.0000000,0.0000000,1.2707963,-0.0000000,1.0000000,1.0000000
0.0000000,0.0000000,0.9692268,0.0000000,0.0000000,0.0000000,1.0000000,0.0191925,0.0031003,-0.1093982,0.3500000,-0.2351718,0.0096271,-0.0193364,-0.0031361,-0.1101806,0.3500000,-0.2343888,-0.0096051,-0.2068132,0.0000000,0.0000000,1.2707963,-0.0000000,0.2068132,0.0000000,0.0000000,1.2707963,-0.0000000,1.0000000,1.0000000
0.0000000,0.0000000,0.9692268,0.0000000,0.0000000,0.0000000,1.0000000,0.0191925,0.0031003,-0.1093982,0.3500000,-0.2351718,0.0096271,-0.0193364,-0.0031361,-0.1101806,0.3500000,-0.2343888,-0.0096051,-0.1865183,0.0000000,0.0000000,1.2707963,-0.0000000,0.1865183,0.0000000,0.0000000,1.2707963,-0.0000000,1.0000000,1.0000000
0.0000000,0.0000000,0.9692268,0.0000000,0.0000000,0.0000000,1.0000000,0.0191925,0.0031003,-0.1093982,0.3500000,-0.2351718,0.0096271,-0.0193364,-0.0031361,-0.1101806,0.3500000,-0.2343888,-0.0096051,-0.1648903,0.0000000,0.0000000,1.2707963,-0.0000000,0.1648903,0.0000000,0.0000000,1.2707963,-0.0000000,1.0000000,1.0000000
0.0000000,0.0000000,0.9692268,0.0000000,0.0000000,0.0000000,1.0000000,0.0191925,0.0031003,-0.1093982,0.3500000,-0.2351718,0.0096271,-0.0193364,-0.0031361,-0.1101806,0.3500000,-0.2343888,-0.0096051,-0.1426845,0.0000000,0.0000000,1.2707963,-0.0000000,0.1426845,0.0000000,0.0000000,1.2707963,-0.0000000,1.0000000,1.0000000
0.0000000,0.0000000,0.9692268,0.0000000,0.0000000,0.0000000,1.0000000,0.0191925,0.0031003,-0.1093982,0.3500000,-0.2351718,0.0096271,-0.0193364,-0.0031361,-0.1101806,0.3500000,-0.2343888,-0.0096051,-0.1206106,0.0000000,0.0000000,1.2707963,-0.0000000,0.1206106,0.0000000,0.0000000,1.2707963,-0.0000000,1.0000000,1.0000000
0.0000000,0.0000000,0.9692268,0.0000000,0.0000000,0.0000000,1.0000000,0.0191925,0.0031003,-0.1093982,0.3500000,-0.2351718,0.0096271,-0.0193364,-0.0031361,-0.1101806,0.3500000,-0.2343888,-0.0096051,-0.0993091,0.0000000,0.0000000,1.2707963,-0.0000000,0.0993091,0.0000000,0.0000000,1.2707963,-0.0000000,1.0000000,1.0000000
0.0000000,0.0000000,0.9692268,0.0000000,0.0000000,0.0000000,1.0000000,0.0191925,0.0031003,-0.1093982,0.3500000,-0.2351718,0.0096271,-0.0193364,-0.0031361,-0.1101806,0.3500000,-0.2343888,-0.0096051,-0.0793318,0.0000000,0.0000000,1.2707963,-0.0000000,0.0793318,0.0000000,0.0000000,1.2707963,-0.0000000,1.0000000,1.0000000
0.0000000,0.0000000,0.9692268,0.0000000,0.0000000,0.0000000,1.0000000,0.0191925,0.0031003,-0.1093982,0.3500000,-0.2351718,0.0096271,-0.0193364,-0.0031361,-0.1101806,0.3500000,-0.2343888,-0.0096051,-0.0611266,0.0000000,0.0000000,1.2707963,-0.0000000,0.0611266,0.0000000,0.0000000,1.2707963,-0.0000000,1.0000000,1.0000000
0.0000000,0.0000000,0.9692268,0.0000000,0.0000000,0.0000000,1.0000000,0.0191925,0.0031003,-0.1093982,0.3500000,-0.2351718,0.0096271,-0.0193364,-0.0031361,-0.1101806,0.3500000,-0.2343888,-0.0096051,-0.0450268,0.0000000,0.0000000,1.2707963,-0.0000000,0.0450268,0.0000000,0.0000000,1.2707963,-0.0000000,1.0000000,1.0000000
0.0000000,0.0000000,0.9692268,0.0000000,0.0000000,0.0000000,1.0000000,0.0191925,0.0031003,-0.1093982,0.3500000,-0.2351718,0.0096271,-0.0193364,-0.0031361,-0.1101806,0.3500000,-0.2343888,-0.0096051,-0.0312462,0.0000000,0.0000000,1.2707963,-0.0000000,0.0312462,0.0000000,0.0000000,1.2707963,-0.0000000,1.0000000,1.0000000
0.0000000,0.0000000,0.9692268,0.0000000,0.0000000,0.0000000,1.0000000,0.0191925,0.0031003,-0.1093982,0.3500000,-0.2351718,0.0096271,-0.0193364,-0.0031361,-0.1101806,0.3500000,-0.2343888,-0.0096051,-0.0198797,0.0000000,0.0000000,1.2707963,-0.0000000,0.0198797,0.0000000,0.0000000,1.2707963,-0.0000000,1.0000000,1.0000000
0.0000000,0.0000000,0.9692268,0.0000000,0.0000000,0.0000000,1.0000000,0.0191925,0.0031003,-0.1093982,0.3500000,-0.2351718,0.0096271,-0.0193364,-0.0031361,-0.1101806,0.3500000,-0.2343888,-0.0096051,-0.0109086,0.0000000,0.0000000,1.2707963,-0.0000000,0.0109086,0.0000000,0.0000000,1.2707963,-0.0000000,1.0000000,1.0000000
0.0000000,0.0000000,0.9692268,0.0000000,0.0000000,0.0000000,1.0000000,0.0191925,0.0031003,-0.1093982,0.3500000,-0.2351718,0.0096271,-0.0193364,-0.0031361,-0.1101806,0.3500000,-0.2343888,-0.0096051,-0.0042115,0.0000000,0.0000000,1.2707963,-0.0000000,0.0042115,0.0000000,0.0000000,1.2707963,-0.0000000,1.0000000,1.0000000
0.0000000,0.0000000,0.9692268,0.0000000,0.0000000,0.0000000,1.0000000,0.0191925,0.0031003,-0.1093982,0.3500000,-0.2351718,0.0096271,-0.0193364,-0.0031361,-0.1101806,0.3500000,-0.2343888,-0.0096051,0.0004209,0.0000000,0.0000000,1.2707963,-0.0000000,-0.0004209,0.0000000,0.0000000,1.2707963,-0.0000000,1.0000000,1.0000000
0.0000000,0.0000000,0.9692268,0.0000000,0.0000000,0.0000000,1.0000000,0.0191925,0.0031003,-0.1093982,0.3500000,-0.2351718,0.0096271,-0.0193364,-0.0031361,-0.1101806,0.3500000,-0.2343888,-0.0096051,0.0032667,0.0000000,0.0000000,1.2707963,-0.0000000,-0.0032667,0.0000000,0.0000000,1.2707963,-0.0000000,1.0000000,1.0000000
0.0000000,0.0000000,0.9692268,0.0000000,0.0000000,0.0000000,1.0000000,0.0191925,0.0031003,-0.1093982,0.3500000,-0.2351718,0.0096271,-0.0193364,-0.0031361,-0.1101806,0.3500000,-0.2343888,-0.0096051,0.0046515,0.0000000,0.0000000,1.2707963,-0.0000000,-0.0046515,0.0000000,0.0000000,1.2707963,-0.0000000,1.0000000,1.0000000
0.0000000,0.0000000,0.9692268,0.0000000,0.0000000,0.0000000,1.0000000,0.0191925,0.0031003,-0.1093982,0.3500000,-0.2351718,0.0096271,-0.0193364,-0.0031361,-0.1101806,0.3500000,-0.2343888,-0.0096051,0.0049254,0.0000000,0.0000000,1.2707963,-0.0000000,-0.0049254,0.0000000,0.0000000,1.2707963,-0.0000000,1.0000000,1.0000000
0.0000000,0.0000000,0.9692268,0.0000000,0.0000000,0.0000000,1.0000000,0.0191925,0.0031003,-0.1093982,0.3500000,-0.2351718,0.0096271,-0.0193364,-0.0031361,-0.1101806,0.3500000,-0.2343888,-0.0096051,0.0044391,0.0000000,0.0000000,1.2707963,-0.0000000,-0.0044391,0.0000000,0.0000000,1.2707963,-0.0000000,1.0000000,1.0000000
0.0000000,0.0000000,0.9692268,0.0000000,0.0000000,0.0000000,1.0000000,0.0191925,0.0031003,-0.1093982,0.3500000,-0.2351718,0.0096271,-0.0193364,-0.0031361,-0.1101806,0.3500000,-0.2343888,-0.0096051,0.0035207,0.0000000,0.0000000,1.2707963,-0.0000000,-0.0035207,0.0000000,0.0000000,1.2707963,-0.0000000,1.0000000,1.0000000
0.0000000,0.0000000,0.9692268,0.0000000,0.0000000,0.0000000,1.0000000,0.0191925,0.0031003,-0.1093982,0.3500000,-0.2351718,0.0096271,-0.0193364,-0.0031361,-0.1101806,0.3500000,-0.2343888,-0.0096051,0.0024554,0.0000000,0.0000000,1.2707963,-0.0000000,-0.0024554,0.0000000,0.0000000,1.2707963,-0.0000000,1.0000000,1.0000000
0.0000000,0.0000000,0.9692268,0.0000000,0.0000000,0.0000000,1.0000000,0.0191925,0.0031003,-0.1093982,0.3500000,-0.2351718,0.0096271,-0.0193364,-0.0031361,-0.1101806,0.3500000,-0.2343888,-0.0096051,0.0014668,0.0000000,0.0000000,1.2707963,-0.0000000,-0.0014668,0.0000000,0.0000000,1.2707963,-0.0000000,1.0000000,1.0000000
0.0000000,0.0000000,0.9692268,0.0000000,0.0000000,0.0000000,1.0000000,0.0191925,0.0031003,-0.1093982,0.3500000,-0.2351718,0.0096271,-0.0193364,-0.0031361,-0.1101806,0.3500000,-0.2343888,-0.0096051,0.0007040,0.0000000,0.0000000,1.2707963,-0.0000000,-0.0007040,0.0000000,0.0000000,1.2707963,-0.0000000,1.0000000,1.0000000
0.0000000,0.0000000,0.9692268,0.0000000,0.0000000,0.0000000,1.0000000,0.0191925,0.0031003,-0.1093982,0.3500000,-0.2351718,0.0096271,-0.0193364,-0.0031361,-0.1101806,0.3500000,-0.2343888,-0.0096051,0.0002324,0.0000000,0.0000000,1.2707963,-0.0000000,-0.0002324,0.0000000,0.0000000,1.2707963,-0.0000000,1.0000000,1.0000000
0.0000000,0.0000000,0.9692268,0.0000000,0.0000000,0.0000000,1.0000000,0.0191925,0.0031003,-0.1093982,0.3500000,-0.2351718,0.0096271,-0.0193364,-0.0031361,-0.1101806,0.3500000,-0.2343888,-0.0096051,0.0000318,0.0000000,0.0000000,1.2707963,-0.0000000,-0.0000318,0.0000000,0.0000000,1.2707963,-0.0000000,1.0000000,1.0000000
0.0000000,0.0000000,0.9692268,0.0000000,0.0000000,0.0000000,1.0000000,0.0191925,0.0031003,-0.1093982,0.3500000,-0.2351718,0.0096271,-0.0193364,-0.0031361,-0.1101806,0.3500000,-0.2343888,-0.0096051,0.0000000,0.0000000,0.0000000,1.2707963,-0.0000000,0.0000000,0.0000000,0.0000000,1.2707963,-0.0000000,1.0000000,1.0000000
0.0000000,0.0000000,0.9692268,0.0000000,0.0000000,0.0000000,1.0000000,0.0191925,0.0031003,-0.1093982,0.3500000,-0.2351718,0.0096271,-0.0193364,-0.0031361,-0.1101806,0.3500000,-0.2343888,-0.0096051,0.0000000,0.0000000,0.0000000,1.2707963,-0.0000000,0.0000000,0.0000000,0.0000000,1.2707963,-0.0000000,1.0000000,1.0000000
0.0000000,0.0000000,0.9692268,0.0000000,0.0000000,0.0000000,1.0000000,0.0191925,0.0031003,-0.1093982,0.3500000,-0.2351718,0.0096271,-0.0193364,-0.0031361,-0.1101806,0.3500000,-0.2343888,-0.0096051,0.0000000,0.0000000,0.0000000,1.2707963,-0.0000000,0.0000000,0.0000000,0.0000000,1.2707963,-0.0000000,1.0000000,1.0000000
0.0000000,0.0000000,0.9692268,0.0000000,0.0000000,0.0000000,1.0000000,0.0191925,0.0031003,-0.1093982,0.3500000,-0.2351718,0.0096271,-0.0193364,-0.0031361,-0.1101806,0.3500000,-0.2343888,-0.0096051,0.0000000,0.0000000,0.0000000,1.2707963,-0.0000000,0.0000000,0.0000000,0.0000000,1.2707963,-0.0000000,1.0000000,1.0000000
0.0000000,0.0000000,0.9692268,0.0000000,0.0000000,0.0000000,1.0000000,0.0191925,0.0031003,-0.1093982,0.3500000,-0.2351718,0.0096271,-0.0193364,-0.0031361,-0.1101806,0.3500000,-0.2343888,-0.0096051,0.0000000,0.0000000,0.0000000,1.2707963,-0.0000000,0.0000000,0.0000000,0.0000000,1.2707963,-0.0000000,1.0000000,1.0000000
0.0000000,0.0000000,0.9692268,0.0000000,0.0000000,0.0000000,1.0000000,0.0191925,0.0031003,-0.1093982,0.3500000,-0.2351718,0.0096271,-0.0193364,-0.0031361,-0.1101806,0.3500000,-0.2343888,-0.0096051,0.0000000,0.0000000,0.0000000,1.2707963,-0.0000000,0.0000000,0.0000000,0.0000000,1.2707963,-0.0000000,1.0000000,1.0000000
0.0000000,0.0000000,0.9692268,0.0000000,0.0000000,0.0000000,1.0000000,0.0191925,0.0031003,-0.1093982,0.3500000,-0.2351718,0.0096271,-0.0193364,-0.0031361,-0.1101806,0.3500000,-0.2343888,-0.0096051,0.0000000,0.0000000,0.0000000,1.2707963,-0.0000000,0.0000000,0.0000000,0.0000000,1.2707963,-0.0000000,1.0000000,1.0000000
0.0000000,0.0000000,0.9692268,0.0000000,0.0000000,0.0000000,1.0000000,0.0191925,0.0031003,-0.1093982,0.3500000,-0.2351718,0.0096271,-0.0193364,-0.0031361,-0.1101806,0.3500000,-0.2343888,-0.0096051,0.0000000,0.0000000,0.0000000,1.2707963,-0.0000000,0.0000000,0.0000000,0.0000000,1.2707963,-0.0000000,1.0000000,1.0000000
0.0000000,0.0000000,0.9692268,0.0000000,0.0000000,0.0000000,1.0000000,0.0191925,0.0031003,-0.1093982,0.3500000,-0.2351718,0.0096271,-0.0193364,-0.0031361,-0.1101806,0.3500000,-0.2343888,-0.0096051,0.0000000,0.0000000,0.0000000,1.2707963,-0.0000000,0.0000000,0.0000000,0.0000000,1.2707963,-0.0000000,1.0000000,1.0000000
0.0000000,0.0000000,0.9692268,0.0000000,0.0000000,0.0000000,1.0000000,0.0191925,0.0031003,-0.1093982,0.3500000,-0.2351718,0.0096271,-0.0193364,-0.0031361,-0.1101806,0.3500000,-0.2343888,-0.0096051,0.0000000,0.0000000,0.0000000,1.2707963,-0.0000000,0.0000000,0.0000000,0.0000000,1.2707963,-0.0000000,1.0000000,1.0000000
0.0000000,0.0000000,0.9692268,0.0000000,0.0000000,0.0000000,1.0000000,0.0191925,0.0031003,-0.1093982,0.3500000,-0.2351718,0.0096271,-0.0193364,-0.0031361,-0.1101806,0.3500000,-0.2343888,-0.0096051,0.0000000,0.0000000,0.0000000,1.2707963,-0.0000000,0.0000000,0.0000000,0.0000000,1.2707963,-0.0000000,1.0000000,1.0000000
0.0000000,0.0000000,0.9692268,0.0000000,0.0000000,0.0000000,1.0000000,0.0191925,0.0031003,-0.1093982,0.3500000,-0.2351718,0.0096271,-0.0193364,-0.0031361,-0.1101806,0.3500000,-0.2343888,-0.0096051,0.0000000,0.0000000,0.0000000,1.2707963,-0.0000000,0.0000000,0.0000000,0.0000000,1.2707963,-0.0000000,1.0000000,1.0000000
0.0000000,0.0000000,0.9692268,0.0000000,0.0000000,0.0000000,1.0000000,0.0191925,0.0031003,-0.1093982,0.3500000,-0.2351718,0.0096271,-0.0193364,-0.0031361,-0.1101806,0.3500000,-0.2343888,-0.0096051,0.0000000,0.0000000,0.0000000,1.2707963,-0.0000000,0.0000000,0.0000000,0.0000000,1.2707963,-0.0000000,1.0000000,1.0000000
0.0000000,0.0000000,0.9692268,0.0000000,0.0000000,0.0000000,1.0000000,0.0191925,0.0031003,-0.1093982,0.3500000,-0.2351718,0.0096271,-0.0193364,-0.0031361,-0.1101806,0.3500000,-0.2343888,-0.0096051,0.0000000,0.0000000,0.0000000,1.2707963,-0.0000000,0.0000000,0.0000000,0.0000000,1.2707963,-0.0000000,1.0000000,1.0000000
0.0000000,0.0000000,0.9692268,0.0000000,0.0000000,0.0000000,1.0000000,0.0191925,0.0031003,-0.1093982,0.3500000,-0.2351718,0.0096271,-0.0193364,-0.0031361,-0.1101806,0.3500000,-0.2343888,-0.0096051,0.0000000,0.0000000,0.0000000,1.2707963,-0.0000000,0.0000000,0.0000000,0.0000000,1.2707963,-0.0000000,1.0000000,1.0000000
0.0000000,0.0000000,0.9692268,0.0000000,0.0000000,0.0000000,1.0000000,0.0191925,0.0031003,-0.1093982,0.3500000,-0.2351718,0.0096271,-0.0193364,-0.0031361,-0.1101806,0.3500000,-0.2343888,-0.0096051,0.0000000,0.0000000,0.0000000,1.2707963,-0.0000000,0.0000000,0.0000000,0.0000000,1.2707963,-0.0000000,1.0000000,1.0000000
0.0000000,0.0000000,0.9692268,0.0000000,0.0000000,0.0000000,1.0000000,0.0191925,0.0031003,-0.1093982,0.3500000,-0.2351718,0.0096271,-0.0193364,-0.0031361,-0.1101806,0.3500000,-0.2343888,-0.0096051,0.0000000,0.0000000,0.0000000,1.2707963,-0.0000000,0.0000000,0.0000000,0.0000000,1.2707963,-0.0000000,1.0000000,1.0000000
0.0000000,0.0000000,0.9692268,0.0000000,0.0000000,0.0000000,1.0000000,0.0191925,0.0031003,-0.1093982,0.3500000,-0.2351718,0.0096271,-0.0193364,-0.0031361,-0.1101806,0.3500000,-0.2343888,-0.0096051,0.0000000,0.0000000,0.0000000,1.2707963,-0.0000000,0.0000000,0.0000000,0.0000000,1.2707963,-0.0000000,1.0000000,1.0000000
0.0000000,0.0000000,0.9692268,0.0000000,0.0000000,0.0000000,1.0000000,0.0191925,0.0031003,-0.1093982,0.3500000,-0.2351718,0.0096271,-0.0193364,-0.0031361,-0.1101806,0.3500000,-0.2343888,-0.0096051,0.0000000,0.0000000,0.0000000,1.2707963,-0.0000000,0.0000000,0.0000000,0.0000000,1.2707963,-0.0000000,1.0000000,1.0000000
0.0000000,0.0000000,0.9692268,0.0000000,0.0000000,0.0000000,1.0000000,0.0191925,0.0031003,-0.1093982,0.3500000,-0.2351718,0.0096271,-0.0193364,-0.0031361,-0.1101806,0.3500000,-0.2343888,-0.0096051,0.0000000,0.0000000,0.0000000,1.2707963,-0.0000000,0.0000000,0.0000000,0.0000000,1.2707963,-0.0000000,1.0000000,1.0000000
0.0000000,0.0000000,0.9692268,0.0000000,0.0000000,0.0000000,1.0000000,0.0191925,0.0031003,-0.1093982,0.3500000,-0.2351718,0.0096271,-0.0193364,-0.0031361,-0.1101806,0.3500000,-0.2343888,-0.0096051,0.0000000,0.0000000,0.0000000,1.2707963,-0.0000000,0.0000000,0.0000000,0.0000000,1.2707963,-0.0000000,1.0000000,1.0000000
0.0000000,0.0000000,0.9692268,0.0000000,0.0000000,0.0000000,1.0000000,0.0191925,0.0031003,-0.1093982,0.3500000,-0.2351718,0.0096271,-0.0193364,-0.0031361,-0.1101806,0.3500000,-0.2343888,-0.0096051,0.0000000,0.0000000,0.0000000,1.2707963,-0.0000000,0.0000000,0.0000000,0.0000000,1.2707963,-0.0000000,1.0000000,1.0000000
0.0000000,0.0000000,0.9692268,0.0000000,0.0000000,0.0000000,1.0000000,0.0191925,0.0031003,-0.1093982,0.3500000,-0.2351718,0.0096271,-0.0193364,-0.0031361,-0.1101806,0.3500000,-0.2343888,-0.0096051,0.0000000,0.0000000,0.0000000,1.2707963,-0.0000000,0.0000000,0.0000000,0.0000000,1.2707963,-0.0000000,1.0000000,1.0000000
0.0000000,0.0000000,0.9692268,0.0000000,0.0000000,0.0000000,1.0000000,0.0191925,0.0031003,-0.1093982,0.3500000,-0.2351718,0.0096271,-0.0193364,-0.0031361,-0.1101806,0.3500000,-0.2343888,-0.0096051,0.0000000,0.0000000,0.0000000,1.2707963,-0.0000000,0.0000000,0.0000000,0.0000000,1.2707963,-0.0000000,1.0000000,1.0000000
0.0000000,0.0000000,0.9692268,0.0000000,0.0000000,0.0000000,1.0000000,0.0191925,0.0031003,-0.1093982,0.3500000,-0.2351718,0.0096271,-0.0193364,-0.0031361,-0.1101806,0.3500000,-0.2343888,-0.0096051,0.0000000,0.0000000,0.0000000,1.2707963,-0.0000000,0.0000000,0.0000000,0.0000000,1.2707963,-0.0000000,1.0000000,1.0000000
0.0000000,0.0000000,0.9692268,0.0000000,0.0000000,0.0000000,1.0000000,0.0191925,0.0031003,-0.1093982,0.3500000,-0.2351718,0.0096271,-0.0193364,-0.0031361,-0.1101806,0.3500000,-0.2343888,-0.0096051,0.0000000,0.0000000,0.0000000,1.2707963,-0.0000000,0.0000000,0.0000000,0.0000000,1.2707963,-0.0000000,1.0000000,1.0000000
0.0000000,0.0000000,0.9692268,0.0000000,0.0000000,0.0000000,1.0000000,0.0191925,0.0031003,-0.1093982,0.3500000,-0.2351718,0.0096271,-0.0193364,-0.0031361,-0.1101806,0.3500000,-0.2343888,-0.0096051,0.0000000,0.0000000,0.0000000,1.2707963,-0.0000000,0.0000000,0.0000000,0.0000000,1.2707963,-0.0000000,1.0000000,1.0000000
0.0000000,0.0000000,0.9692268,0.0000000,0.0000000,0.0000000,1.0000000,0.0191925,0.0031003,-0.1093982,0.3500000,-0.2351718,0.0096271,-0.0193364,-0.0031361,-0.1101806,0.3500000,-0.2343888,-0.0096051,0.0000000,0.0000000,0.0000000,1.2707963,-0.0000000,0.0000000,0.0000000,0.0000000,1.2707963,-0.0000000,1.0000000,1.0000000
0.0000000,0.0000000,0.9692268,0.0000000,0.0000000,0.0000000,1.0000000,0.0191925,0.0031003,-0.1093982,0.3500000,-0.2351718,0.0096271,-0.0193364,-0.0031361,-0.1101806,0.3500000,-0.2343888,-0.0096051,0.0000000,0.0000000,0.0000000,1.2707963,-0.0000000,0.0000000,0.0000000,0.0000000,1.2707963,-0.0000000,1.0000000,1.0000000
0.0000000,0.0000000,0.9692268,0.0000000,0.0000000,0.0000000,1.0000000,0.0191925,0.0031003,-0.1093982,0.3500000,-0.2351718,0.0096271,-0.0193364,-0.0031361,-0.1101806,0.3500000,-0.2343888,-0.0096051,0.0000000,0.0000000,0.0000000,1.2707963,-0.0000000,0.0000000,0.0000000,0.0000000,1.2707963,-0.0000000,1.0000000,1.0000000
0.0000000,0.0000000,0.9692268,0.0000000,0.0000000,0.0000000,1.0000000,0.0191925,0.0031003,-0.1093982,0.3500000,-0.2351718,0.0096271,-0.0193364,-0.0031361,-0.1101806,0.3500000,-0.2343888,-0.0096051,0.0000000,0.0000000,0.0000000,1.2707963,-0.0000000,0.0000000,0.0000000,0.0000000,1.2707963,-0.0000000,1.0000000,1.0000000
0.0000000,0.0000000,0.9692268,0.0000000,0.0000000,0.0000000,1.0000000,0.0191925,0.0031003,-0.1093982,0.3500000,-0.2351718,0.0096271,-0.0193364,-0.0031361,-0.1101806,0.3500000,-0.2343888,-0.0096051,0.0000000,0.0000000,0.0000000,1.2707963,-0.0000000,0.0000000,0.0000000,0.0000000,1.2707963,-0.0000000,1.0000000,1.0000000
0.0000000,0.0000000,0.9692268,0.0000000,0.0000000,0.0000000,1.0000000,0.0191925,0.0031003,-0.1093982,0.3500000,-0.2351718,0.0096271,-0.0193364,-0.0031361,-0.1101806,0.3500000,-0.2343888,-0.0096051,0.0000000,0.0000000,0.0000000,1.2707963,-0.0000000,0.0000000,0.0000000,0.0000000,1.2707963,-0.0000000,1.0000000,1.0000000
0.0000000,0.0000000,0.9692268,0.0000000,0.0000000,0.0000000,1.0000000,0.0191925,0.0031003,-0.1093982,0.3500000,-0.2351718,0.0096271,-0.0193364,-0.0031361,-0.1101806,0.3500000,-0.2343888,-0.0096051,0.0000000,0.0000000,0.0000000,1.2707963,-0.0000000,0.0000000,0.0000000,0.0000000,1.2707963,-0.0000000,1.0000000,1.0000000
0.0000000,0.0000000,0.9692268,0.0000000,0.0000000,0.0000000,1.0000000,0.0191925,0.0031003,-0.1093982,0.3500000,-0.2351718,0.0096271,-0.0193364,-0.0031361,-0.1101806,0.3500000,-0.2343888,-0.0096051,0.0000000,0.0000000,0.0000000,1.2707963,-0.0000000,0.0000000,0.0000000,0.0000000,1.2707963,-0.0000000,1.0000000,1.0000000
0.0000000,0.0000000,0.9692268,0.0000000,0.0000000,0.0000000,1.0000000,0.0191925,0.0031003,-0.1093982,0.3500000,-0.2351718,0.0096271,-0.0193364,-0.0031361,-0.1101806,0.3500000,-0.2343888,-0.0096051,0.0000000,0.0000000,0.0000000,1.2707963,-0.0000000,0.0000000,0.0000000,0.0000000,1.2707963,-0.0000000,1.0000000,1.0000000
0.0000000,0.0000000,0.9692268,0.0000000,0.0000000,0.0000000,1.0000000,0.0191925,0.0031003,-0.1093982,0.3500000,-0.2351718,0.0096271,-0.0193364,-0.0031361,-0.1101806,0.3500000,-0.2343888,-0.0096051,0.0000000,0.0000000,0.0000000,1.2707963,-0.0000000,0.0000000,0.0000000,0.0000000,1.2707963,-0.0000000,1.0000000,1.0000000
0.0000000,0.0000000,0.9692268,0.0000000,0.0000000,0.0000000,1.0000000,0.0191925,0.0031003,-0.1093982,0.3500000,-0.2351718,0.0096271,-0.0193364,-0.0031361,-0.1101806,0.3500000,-0.2343888,-0.0096051,0.0000000,0.0000000,0.0000000,1.2707963,-0.0000000,0.0000000,0.0000000,0.0000000,1.2707963,-0.0000000,1.0000000,1.0000000
0.0000000,0.0000000,0.9692268,0.0000000,0.0000000,0.0000000,1.0000000,0.0191925,0.0031003,-0.1093982,0.3500000,-0.2351718,0.0096271,-0.0193364,-0.0031361,-0.1101806,0.3500000,-0.2343888,-0.0096051,0.0000000,0.0000000,0.0000000,1.2707963,-0.0000000,0.0000000,0.0000000,0.0000000,1.2707963,-0.0000000,1.0000000,1.0000000
0.0000000,0.0000000,0.9692268,0.0000000,0.0000000,0.0000000,1.0000000,0.0191925,0.0031003,-0.1093982,0.3500000,-0.2351718,0.0096271,-0.0193364,-0.0031361,-0.1101806,0.3500000,-0.2343888,-0.0096051,0.0000000,0.0000000,0.0000000,1.2707963,-0.0000000,0.0000000,0.0000000,0.0000000,1.2707963,-0.0000000,1.0000000,1.0000000
0.0000000,0.0000000,0.9692268,0.0000000,0.0000000,0.0000000,1.0000000,0.0191925,0.0031003,-0.1093982,0.3500000,-0.2351718,0.0096271,-0.0193364,-0.0031361,-0.1101806,0.3500000,-0.2343888,-0.0096051,0.0000000,0.0000000,0.0000000,1.2707963,-0.0000000,0.0000000,0.0000000,0.0000000,1.2707963,-0.0000000,1.0000000,1.0000000
0.0000000,0.0000000,0.9692268,0.0000000,0.0000000,0.0000000,1.0000000,0.0191925,0.0031003,-0.1093982,0.3500000,-0.2351718,0.0096271,-0.0193364,-0.0031361,-0.1101806,0.3500000,-0.2343888,-0.0096051,0.0000000,0.0000000,0.0000000,1.2707963,-0.0000000,0.0000000,0.0000000,0.0000000,1.2707963,-0.0000000,1.0000000,1.0000000
0.0000000,0.0000000,0.9692268,0.0000000,0.0000000,0.0000000,1.0000000,0.0191925,0.0031003,-0.1093982,0.3500000,-0.2351718,0.0096271,-0.0193364,-0.0031361,-0.1101806,0.3500000,-0.2343888,-0.0096051,0.0000000,0.0000000,0.0000000,1.2707963,-0.0000000,0.0000000,0.0000000,0.0000000,1.2707963,-0.0000000,1.0000000,1.0000000
0.0000000,0.0000000,0.9692268,0.0000000,0.0000000,0.0000000,1.0000000,0.0191925,0.0031003,-0.1093982,0.3500000,-0.2351718,0.0096271,-0.0193364,-0.0031361,-0.1101806,0.3500000,-0.2343888,-0.0096051,0.0000000,0.0000000,0.0000000,1.2707963,-0.0000000,0.0000000,0.0000000,0.0000000,1.2707963,-0.0000000,1.0000000,1.0000000
0.0000000,0.0000000,0.9692268,0.0000000,0.0000000,0.0000000,1.0000000,0.0191925,0.0031003,-0.1093982,0.3500000,-0.2351718,0.0096271,-0.0193364,-0.0031361,-0.1101806,0.3500000,-0.2343888,-0.0096051,0.0000000,0.0000000,0.0000000,1.2707963,-0.0000000,0.0000000,0.0000000,0.0000000,1.2707963,-0.0000000,1.0000000,1.0000000
0.0000000,0.0000000,0.9692268,0.0000000,0.0000000,0.0000000,1.0000000,0.0191925,0.0031003,-0.1093982,0.3500000,-0.2351718,0.0096271,-0.0193364,-0.0031361,-0.1101806,0.3500000,-0.2343888,-0.0096051,0.0000000,0.0000000,0.0000000,1.2707963,-0.0000000,0.0000000,0.0000000,0.0000000,1.2707963,-0.0000000,1.0000000,1.0000000
0.0000000,0.0000000,0.9692268,0.0000000,0.0000000,0.0000000,1.0000000,0.0191925,0.0031003,-0.1093982,0.3500000,-0.2351718,0.0096271,-0.0193364,-0.0031361,-0.1101806,0.3500000,-0.2343888,-0.0096051,0.0000000,0.0000000,0.0000000,1.2707963,-0.0000000,0.0000000,0.0000000,0.0000000,1.2707963,-0.0000000,1.0000000,1.0000000
0.0000000,0.0000000,0.9692268,0.0000000,0.0000000,0.0000000,1.0000000,0.0191925,0.0031003,-0.1093982,0.3500000,-0.2351718,0.0096271,-0.0193364,-0.0031361,-0.1101806,0.3500000,-0.2343888,-0.0096051,0.0000000,0.0000000,0.0000000,1.2707963,-0.0000000,0.0000000,0.0000000,0.0000000,1.2707963,-0.0000000,1.0000000,1.0000000
0.0000000,0.0000000,0.9692268,0.0000000,0.0000000,0.0000000,1.0000000,0.0191925,0.0031003,-0.1093982,0.3500000,-0.2351718,0.0096271,-0.0193364,-0.0031361,-0.1101806,0.3500000,-0.2343888,-0.0096051,0.0000000,0.0000000,0.0000000,1.2707963,-0.0000000,0.0000000,0.0000000,0.0000000,1.2707963,-0.0000000,1.0000000,1.0000000
0.0000000,0.0000000,0.9692268,0.0000000,0.0000000,0.0000000,1.0000000,0.0191925,0.0031003,-0.1093982,0.3500000,-0.2351718,0.0096271,-0.0193364,-0.0031361,-0.1101806,0.3500000,-0.2343888,-0.0096051,0.0000000,0.0000000,0.0000000,1.2707963,-0.0000000,0.0000000,0.0000000,0.0000000,1.2707963,-0.0000000,1.0000000,1.0000000
0.0000000,0.0000000,0.9692268,0.0000000,0.0000000,0.0000000,1.0000000,0.0191925,0.0031003,-0.1093982,0.3500000,-0.2351718,0.0096271,-0.0193364,-0.0031361,-0.1101806,0.3500000,-0.2343888,-0.0096051,0.0000000,0.0000000,0.0000000,1.2707963,-0.0000000,0.0000000,0.0000000,0.0000000,1.2707963,-0.0000000,1.0000000,1.0000000
