pelvis_x,pelvis_y,pelvis_z,pelvis_qx,pelvis_qy,pelvis_qz,pelvis_qw,left_hip_yaw,left_hip_roll,left_hip_pitch,left_knee,left_ankle_pitch,left_ankle_roll,right_hip_yaw,right_hip_roll,right_hip_pitch,right_knee,right_ankle_pitch,right_ankle_roll,left_shoulder_pitch,left_shoulder_roll,left_shoulder_yaw,left_elbow,left_wrist_roll,right_shoulder_pitch,right_shoulder_roll,right_shoulder_yaw,right_elbow,right_wrist_roll,contact_left,contact_right
0.0000000,0.0000000,0.9692268,0.0000000,0.0000000,0.0000000,1.0000000,-0.0000792,0.0007205,-0.1094209,0.3500000,-0.2405791,-0.0007248,0.0000817,-0.0007383,-0.1102037,0.3500000,-0.2397964,0.0007428,0.0000000,0.0000000,0.0000000,1.2707963,-0.0000000,0.0000000,0.0000000,0.0000000,1.2707963,-0.0000000,1.0000000,1.0000000
0.0000000,0.0000000,0.9692268,0.0000000,0.0000000,0.0000000,1.0000000,-0.0000792,0.0007205,-0.1094209,0.3500000,-0.2405791,-0.0007248,0.0000817,-0.0007383,-0.1102037,0.3500000,-0.2397964,0.0007428,0.0000000,0.0000000,0.0000000,1.2707963,-0.0000000,0.0000000,0.0000000,0.0000000,1.2707963,-0.0000000,1.0000000,1.0000000
0.0000000,0.0000000,0.9692268,0.0000000,0.0000000,0.0000000,1.0000000,-0.0000792,0.0007205,-0.1094209,0.3500000,-0.2405791,-0.0007248,0.0000817,-0.0007383,-0.1102037,0.3500000,-0.2397964,0.0007428,0.0000000,0.0000000,0.0000000,1.2707963,-0.0000000,0.0000000,0.0000000,0.0000000,1.2707963,-0.0000000,1.0000000,1.0000000
0.0000000,0.0000000,0.9692268,0.0000000,0.0000000,0.0000000,1.0000000,-0.0000792,0.0007205,-0.1094209,0.3500000,-0.2405791,-0.0007248,0.0000817,-0.0007383,-0.1102037,0.3500000,-0.2397964,0.0007428,0.0000000,0.0000000,0.0000000,1.2707963,-0.0000000,0.0000000,0.0000000,0.0000000,1.2707963,-0.0000000,1.0000000,1.0000000
0.0000000,0.0000000,0.9692268,0.0000000,0.0000000,0.0000000,1.0000000,-0.0000792,0.0007205,-0.1094209,0.3500000,-0.2405791,-0.0007248,0.0000817,-0.0007383,-0.1102037,0.3500000,-0.2397964,0.0007428,0.0000000,0.0000000,0.0000000,1.2707963,-0.0000000,0.0000000,0.0000000,0.0000000,1.2707963,-0.0000000,1.0000000,1.0000000
0.0000000,0.0000000,0.9692268,0.0000000,0.0000000,0.0000000,1.0000000,-0.0000792,0.0007205,-0.1094209,0.3500000,-0.2405791,-0.0007248,0.0000817,-0.0007383,-0.1102037,0.3500000,-0.2397964,0.0007428,0.0000000,0.0000000,0.0000000,1.2707963,-0.0000000,0.0000000,0.0000000,0.0000000,1.2707963,-0.0000000,1.0000000,1.0000000
0.0000000,0.0000000,0.9692268,0.0000000,0.0000000,0.0000000,1.0000000,-0.0000792,0.0007205,-0.1094209,0.3500000,-0.2405791,-0.0007248,0.0000817,-0.0007383,-0.1102037,0.3500000,-0.2397964,0.0007428,0.0000000,0.0000000,0.0000000,1.2707963,-0.0000000,0.0000000,0.0000000,0.0000000,1.2707963,-0.0000000,1.0000000,1.0000000
0.0000000,0.0000000,0.9692268,0.0000000,0.0000000,0.0000000,1.0000000,-0.0000792,0.0007205,-0.1094209,0.3500000,-0.2405791,-0.0007248,0.0000817,-0.0007383,-0.1102037,0.3500000,-0.2397964,0.0007428,0.0000000,0.0000000,0.0000000,1.2707963,-0.0000000,0.0000000,0.0000000,0.0000000,1.2707963,-0.0000000,1.0000000,1.0000000
0.0000000,0.0000000,0.9692268,0.0000000,0.0000000,0.0000000,1.0000000,-0.0000792,0.0007205,-0.1094209,0.3500000,-0.2405791,-0.0007248,0.0000817,-0.0007383,-0.1102037,0.3500000,-0.2397964,0.0007428,0.0000000,0.0000000,0.0000000,1.2707963,-0.0000000,0.0000000,0.0000000,0.0000000,1.2707963,-0.0000000,1.0000000,1.0000000
0.0000000,0.0000000,0.9692268,0.0000000,0.0000000,0.0000000,1.0000000,-0.0000792,0.0007205,-0.1094209,0.3500000,-0.2405791,-0.0007248,0.0000817,-0.0007383,-0.1102037,0.3500000,-0.2397964,0.0007428,0.0000000,0.0000000,0.0000000,1.2707963,-0.0000000,0.0000000,0.0000000,0.0000000,1.2707963,-0.0000000,1.0000000,1.0000000
0.0000000,0.0000000,0.9692268,0.0000000,0.0000000,0.0000000,1.0000000,-0.0000792,0.0007205,-0.1094209,0.3500000,-0.2405791,-0.0007248,0.0000817,-0.0007383,-0.1102037,0.3500000,-0.2397964,0.0007428,0.0000000,0.0000000,0.0000000,1.2707963,-0.0000000,0.0000000,0.0000000,0.0000000,1.2707963,-0.0000000,1.0000000,1.0000000
0.0000000,0.0000000,0.9692268,0.0000000,0.0000000,0.0000000,1.0000000,-0.0000792,0.0007205,-0.1094209,0.3500000,-0.2405791,-0.0007248,0.0000817,-0.0007383,-0.1102037,0.3500000,-0.2397964,0.0007428,0.0000000,0.0000000,0.0000000,1.2707963,-0.0000000,0.0000000,0.0000000,0.0000000,1.2707963,-0.0000000,1.0000000,1.0000000
0.0000000,0.0000000,0.9692268,0.0000000,0.0000000,0.0000000,1.0000000,-0.0000792,0.0007205,-0.1094209,0.3500000,-0.2405791,-0.0007248,0.0000817,-0.0007383,-0.1102037,0.3500000,-0.2397964,0.0007428,0.0000000,0.0000000,0.0000000,1.2707963,-0.0000000,0.0000000,0.0000000,0.0000000,1.2707963,-0.0000000,1.0000000,1.0000000
0.0000000,0.0000000,0.9692268,0.0000000,0.0000000,0.0000000,1.0000000,-0.0000792,0.0007205,-0.1094209,0.3500000,-0.2405791,-0.0007248,0.0000817,-0.0007383,-0.1102037,0.3500000,-0.2397964,0.0007428,0.0000000,0.0000000,0.0000000,1.2707963,-0.0000000,0.0000000,0.0000000,0.0000000,1.2707963,-0.0000000,1.0000000,1.0000000
0.0000000,0.0000000,0.9692268,0.0000000,0.0000000,0.0000000,1.0000000,-0.0000792,0.0007205,-0.1094209,0.3500000,-0.2405791,-0.0007248,0.0000817,-0.0007383,-0.1102037,0.3500000,-0.2397964,0.0007428,0.0000000,0.0000000,0.0000000,1.2707963,-0.0000000,0.0000000,0.0000000,0.0000000,1.2707963,-0.0000000,1.0000000,1.0000000
0.0000000,0.0000000,0.9692268,0.0000000,0.0000000,0.0000000,1.0000000,-0.0000792,0.0007205,-0.1094209,0.3500000,-0.2405791,-0.0007248,0.0000817,-0.0007383,-0.1102037,0.3500000,-0.2397964,0.0007428,0.0000000,0.0000000,0.0000000,1.2707963,-0.0000000,0.0000000,0.0000000,0.0000000,1.2707963,-0.0000000,1.0000000,1.0000000
0.0000000,0.0000000,0.9692268,0.0000000,0.0000000,0.0000000,1.0000000,-0.0000792,0.0007205,-0.1094209,0.3500000,-0.2405791,-0.0007248,0.0000817,-0.0007383,-0.1102037,0.3500000,-0.2397964,0.0007428,0.0000000,0.0000000,0.0000000,1.2707963,-0.0000000,0.0000000,0.0000000,0.0000000,1.2707963,-0.0000000,1.0000000,1.0000000
0.0000000,0.0000000,0.9692268,0.0000000,0.0000000,0.0000000,1.0000000,-0.0000792,0.0007205,-0.1094209,0.3500000,-0.2405791,-0.0007248,0.0000817,-0.0007383,-0.1102037,0.3500000,-0.2397964,0.0007428,0.0000000,0.0000000,0.0000000,1.2707963,-0.0000000,0.0000000,0.0000000,0.0000000,1.2707963,-0.0000000,1.0000000,1.0000000
0.0000000,0.0000000,0.9692268,0.0000000,0.0000000,0.0000000,1.0000000,-0.0000792,0.0007205,-0.1094209,0.3500000,-0.2405791,-0.0007248,0.0000817,-0.0007383,-0.1102037,0.3500000,-0.2397964,0.0007428,0.0000000,0.0000000,0.0000000,1.2707963,-0.0000000,0.0000000,0.0000000,0.0000000,1.2707963,-0.0000000,1.0000000,1.0000000
0.0000000,0.0000000,0.9692268,0.0000000,0.0000000,0.0000000,1.0000000,-0.0000792,0.0007205,-0.1094209,0.3500000,-0.2405791,-0.0007248,0.0000817,-0.0007383,-0.1102037,0.3500000,-0.2397964,0.0007428,0.0000000,0.0000000,0.0000000,1.2707963,-0.0000000,0.0000000,0.0000000,0.0000000,1.2707963,-0.0000000,1.0000000,1.0000000
0.0000000,0.0000000,0.9692268,0.0000000,0.0000000,0.0000000,1.0000000,-0.0000792,0.0007205,-0.1094209,0.3500000,-0.2405791,-0.0007248,0.0000817,-0.0007383,-0.1102037,0.3500000,-0.2397964,0.0007428,0.0000000,0.0000000,0.0000000,1.2707963,-0.0000000,0.0000000,0.0000000,0.0000000,1.2707963,-0.0000000,1.0000000,1.0000000
0.0000000,0.0000000,0.9692268,0.0000000,0.0000000,0.0000000,1.0000000,-0.0000792,0.0007205,-0.1094209,0.3500000,-0.2405791,-0.0007248,0.0000817,-0.0007383,-0.1102037,0.3500000,-0.2397964,0.0007428,0.0000000,0.0000000,0.0000000,1.2707963,-0.0000000,0.0000000,0.0000000,0.0000000,1.2707963,-0.0000000,1.0000000,1.0000000
0.0000000,0.0000000,0.9692268,0.0000000,0.0000000,0.0000000,1.0000000,-0.0000792,0.0007205,-0.1094209,0.3500000,-0.2405791,-0.0007248,0.0000817,-0.0007383,-0.1102037,0.3500000,-0.2397964,0.0007428,0.0000000,0.0000000,0.0000000,1.2707963,-0.0000000,0.0000000,0.0000000,0.0000000,1.2707963,-0.0000000,1.0000000,1.0000000
0.0000000,0.0000000,0.9692268,0.0000000,0.0000000,0.0000000,1.0000000,-0.0000792,0.0007205,-0.1094209,0.3500000,-0.2405791,-0.0007248,0.0000817,-0.0007383,-0.1102037,0.3500000,-0.2397964,0.0007428,0.0000000,0.0000000,0.0000000,1.2707963,-0.0000000,0.0000000,0.0000000,0.0000000,1.2707963,-0.0000000,1.0000000,1.0000000
0.0000000,0.0000000,0.9692268,0.0000000,0.0000000,0.0000000,1.0000000,-0.0000792,0.0007205,-0.1094209,0.3500000,-0.2405791,-0.0007248,0.0000817,-0.0007383,-0.1102037,0.3500000,-0.2397964,0.0007428,0.0000000,0.0000000,0.0000000,1.2707963,-0.0000000,0.0000000,0.0000000,0.0000000,1.2707963,-0.0000000,1.0000000,1.0000000
0.0000000,0.0000000,0.9692268,0.0000000,0.0000000,0.0000000,1.0000000,-0.0000792,0.0007205,-0.1094209,0.3500000,-0.2405791,-0.0007248,0.0000817,-0.0007383,-0.1102037,0.3500000,-0.2397964,0.0007428,0.0000000,0.0000000,0.0000000,1.2707963,-0.0000000,0.0000000,0.0000000,0.0000000,1.2707963,-0.0000000,1.0000000,1.0000000
0.0000000,0.0000000,0.9692268,0.0000000,0.0000000,0.0000000,1.0000000,-0.0000792,0.0007205,-0.1094209,0.3500000,-0.2405791,-0.0007248,0.0000817,-0.0007383,-0.1102037,0.3500000,-0.2397964,0.0007428,0.0000000,0.0000000,0.0000000,1.2707963,-0.0000000,0.0000000,0.0000000,0.0000000,1.2707963,-0.0000000,1.0000000,1.0000000
0.0000000,0.0000000,0.9692268,0.0000000,0.0000000,0.0000000,1.0000000,-0.0000792,0.0007205,-0.1094209,0.3500000,-0.2405791,-0.0007248,0.0000817,-0.0007383,-0.1102037,0.3500000,-0.2397964,0.0007428,0.0000000,0.0000000,0.0000000,1.2707963,-0.0000000,0.0000000,0.0000000,0.0000000,1.2707963,-0.0000000,1.0000000,1.0000000
0.0000000,0.0000000,0.9692268,0.0000000,0.0000000,0.0000000,1.0000000,-0.0000792,0.0007205,-0.1094209,0.3500000,-0.2405791,-0.0007248,0.0000817,-0.0007383,-0.1102037,0.3500000,-0.2397964,0.0007428,0.0000000,0.0000000,0.0000000,1.2707963,-0.0000000,0.0000000,0.0000000,0.0000000,1.2707963,-0.0000000,1.0000000,1.0000000
0.0000000,0.0000000,0.9692268,0.0000000,0.0000000,0.0000000,1.0000000,-0.0000792,0.0007205,-0.1094209,0.3500000,-0.2405791,-0.0007248,0.0000817,-0.0007383,-0.1102037,0.3500000,-0.2397964,0.0007428,0.0000000,0.0000000,0.0000000,1.2707963,-0.0000000,0.0000000,0.0000000,0.0000000,1.2707963,-0.0000000,1.0000000,1.0000000
0.0000000,0.0000000,0.9692268,0.0000000,0.0000000,0.0000000,1.0000000,-0.0000792,0.0007205,-0.1094209,0.3500000,-0.2405791,-0.0007248,0.0000817,-0.0007383,-0.1102037,0.3500000,-0.2397964,0.0007428,0.0000000,0.0000000,0.0000000,1.2707963,-0.0000000,0.0000000,0.0000000,0.0000000,1.2707963,-0.0000000,1.0000000,1.0000000
0.0000000,0.0000000,0.9692268,0.0000000,0.0000000,0.0000000,1.0000000,-0.0000792,0.0007205,-0.1094209,0.3500000,-0.2405791,-0.0007248,0.0000817,-0.0007383,-0.1102037,0.3500000,-0.2397964,0.0007428,0.0000000,0.0000000,0.0000000,1.2707963,-0.0000000,0.0000000,0.0000000,0.0000000,1.2707963,-0.0000000,1.0000000,1.0000000
0.0000000,0.0000000,0.9692268,0.0000000,0.0000000,0.0000000,1.0000000,-0.0000792,0.0007205,-0.1094209,0.3500000,-0.2405791,-0.0007248,0.0000817,-0.0007383,-0.1102037,0.3500000,-0.2397964,0.0007428,0.0000000,0.0000000,0.0000000,1.2707963,-0.0000000,0.0000000,0.0000000,0.0000000,1.2707963,-0.0000000,1.0000000,1.0000000
0.0000000,0.0000000,0.9692268,0.0000000,0.0000000,0.0000000,1.0000000,-0.0000792,0.0007205,-0.1094209,0.3500000,-0.2405791,-0.0007248,0.0000817,-0.0007383,-0.1102037,0.3500000,-0.2397964,0.0007428,0.0000000,0.0000000,0.0000000,1.2707963,-0.0000000,0.0000000,0.0000000,0.0000000,1.2707963,-0.0000000,1.0000000,1.0000000
0.0000000,0.0000000,0.9692268,0.0000000,0.0000000,0.0000000,1.0000000,-0.0000792,0.0007205,-0.1094209,0.3500000,-0.2405791,-0.0007248,0.0000817,-0.0007383,-0.1102037,0.3500000,-0.2397964,0.0007428,0.0000000,0.0000000,0.0000000,1.2707963,-0.0000000,0.0000000,0.0000000,0.0000000,1.2707963,-0.0000000,1.0000000,1.0000000
0.0000000,0.0000000,0.9692268,0.0000000,0.0000000,0.0000000,1.0000000,-0.0000792,0.0007205,-0.1094209,0.3500000,-0.2405791,-0.0007248,0.0000817,-0.0007383,-0.1102037,0.3500000,-0.2397964,0.0007428,0.0000000,0.0000000,0.0000000,1.2707963,-0.0000000,0.0000000,0.0000000,0.0000000,1.2707963,-0.0000000,1.0000000,1.0000000
0.0000000,0.0000000,0.9692268,0.0000000,0.0000000,0.0000000,1.0000000,-0.0000792,0.0007205,-0.1094209,0.3500000,-0.2405791,-0.0007248,0.0000817,-0.0007383,-0.1102037,0.3500000,-0.2397964,0.0007428,0.0000000,0.0000000,0.0000000,1.2707963,-0.0000000,0.0000000,0.0000000,0.0000000,1.2707963,-0.0000000,1.0000000,1.0000000
0.0000000,0.0000000,0.9692268,0.0000000,0.0000000,0.0000000,1.0000000,-0.0000792,0.0007205,-0.1094209,0.3500000,-0.2405791,-0.0007248,0.0000817,-0.0007383,-0.1102037,0.3500000,-0.2397964,0.0007428,0.0000000,0.0000000,0.0000000,1.2707963,-0.0000000,0.0000000,0.0000000,0.0000000,1.2707963,-0.0000000,1.0000000,1.0000000
0.0000000,0.0000000,0.9692268,0.0000000,0.0000000,0.0000000,1.0000000,-0.0000792,0.0007205,-0.1094209,0.3500000,-0.2405791,-0.0007248,0.0000817,-0.0007383,-0.1102037,0.3500000,-0.2397964,0.0007428,0.0000000,0.0000000,0.0000000,1.2707963,-0.0000000,0.0000000,0.0000000,0.0000000,1.2707963,-0.0000000,1.0000000,1.0000000
0.0000000,0.0000000,0.9692268,0.0000000,0.0000000,0.0000000,1.0000000,-0.0000792,0.0007205,-0.1094209,0.3500000,-0.2405791,-0.0007248,0.0000817,-0.0007383,-0.1102037,0.3500000,-0.2397964,0.0007428,0.0000000,0.0000000,0.0000000,1.2707963,-0.0000000,0.0000000,0.0000000,0.0000000,1.2707963,-0.0000000,1.0000000,1.0000000
0.0000000,0.0000000,0.9692268,0.0000000,0.0000000,0.0000000,1.0000000,-0.0000792,0.0007205,-0.1094209,0.3500000,-0.2405791,-0.0007248,0.0000817,-0.0007383,-0.1102037,0.3500000,-0.2397964,0.0007428,0.0000000,0.0000000,0.0000000,1.2707963,-0.0000000,0.0000000,0.0000000,0.0000000,1.2707963,-0.0000000,1.0000000,1.0000000
0.0000000,0.0000000,0.9692268,0.0000000,0.0000000,0.0000000,1.0000000,-0.0000792,0.0007205,-0.1094209,0.3500000,-0.2405791,-0.0007248,0.0000817,-0.0007383,-0.1102037,0.3500000,-0.2397964,0.0007428,0.0000000,0.0000000,0.0000000,1.2707963,-0.0000000,0.0000000,0.0000000,0.0000000,1.2707963,-0.0000000,1.0000000,1.0000000
0.0000000,0.0000000,0.9692268,0.0000000,0.0000000,0.0000000,1.0000000,-0.0000792,0.0007205,-0.1094209,0.3500000,-0.2405791,-0.0007248,0.0000817,-0.0007383,-0.1102037,0.3500000,-0.2397964,0.0007428,0.0000000,0.0000000,0.0000000,1.2707963,-0.0000000,0.0000000,0.0000000,0.0000000,1.2707963,-0.0000000,1.0000000,1.0000000
0.0000000,0.0000000,0.9692268,0.0000000,0.0000000,0.0000000,1.0000000,-0.0000792,0.0007205,-0.1094209,0.3500000,-0.2405791,-0.0007248,0.0000817,-0.0007383,-0.1102037,0.3500000,-0.2397964,0.0007428,0.0000000,0.0000000,0.0000000,1.2707963,-0.0000000,0.0000000,0.0000000,0.0000000,1.2707963,-0.0000000,1.0000000,1.0000000
0.0000000,0.0000000,0.9692268,0.0000000,0.0000000,0.0000000,1.0000000,-0.0000792,0.0007205,-0.1094209,0.3500000,-0.2405791,-0.0007248,0.0000817,-0.0007383,-0.1102037,0.3500000,-0.2397964,0.0007428,0.0000000,0.0000000,0.0000000,1.2707963,-0.0000000,0.0000000,0.0000000,0.0000000,1.2707963,-0.0000000,1.0000000,1.0000000
0.0000000,0.0000000,0.9692268,0.0000000,0.0000000,0.0000000,1.0000000,-0.0000792,0.0007205,-0.1094209,0.3500000,-0.2405791,-0.0007248,0.0000817,-0.0007383,-0.1102037,0.3500000,-0.2397964,0.0007428,0.0000000,0.0000000,0.0000000,1.2707963,-0.0000000,0.0000000,0.0000000,0.0000000,1.2707963,-0.0000000,1.0000000,1.0000000
0.0000000,0.0000000,0.9692268,0.0000000,0.0000000,0.0000000,1.0000000,-0.0000792,0.0007205,-0.1094209,0.3500000,-0.2405791,-0.0007248,0.0000817,-0.0007383,-0.1102037,0.3500000,-0.2397964,0.0007428,0.0000000,0.0000000,0.0000000,1.2707963,-0.0000000,0.0000000,0.0000000,0.0000000,1.2707963,-0.0000000,1.0000000,1.0000000
0.0000000,0.0000000,0.9692268,0.0000000,0.0000000,0.0000000,1.0000000,-0.0000792,0.0007205,-0.1094209,0.3500000,-0.2405791,-0.0007248,0.0000817,-0.0007383,-0.1102037,0.3500000,-0.2397964,0.0007428,0.0000000,0.0000000,0.0000000,1.2707963,-0.0000000,0.0000000,0.0000000,0.0000000,1.2707963,-0.0000000,1.0000000,1.0000000
0.0000000,0.0000000,0.9692268,0.0000000,0.0000000,0.0000000,1.0000000,-0.0000792,0.0007205,-0.1094209,0.3500000,-0.2405791,-0.0007248,0.0000817,-0.0007383,-0.1102037,0.3500000,-0.2397964,0.0007428,0.0000000,0.0000000,0.0000000,1.2707963,-0.0000000,0.0000000,0.0000000,0.0000000,1.2707963,-0.0000000,1.0000000,1.0000000
0.0000000,0.0000000,0.9692268,0.0000000,0.0000000,0.0000000,1.0000000,-0.0000792,0.0007205,-0.1094209,0.3500000,-0.2405791,-0.0007248,0.0000817,-0.0007383,-0.1102037,0.3500000,-0.2397964,0.0007428,0.0000000,0.0000000,0.0000000,1.2707963,-0.0000000,0.0000000,0.0000000,0.0000000,1.2707963,-0.0000000,1.0000000,1.0000000
0.0000000,0.0000000,0.9692268,0.0000000,0.0000000,0.0000000,1.0000000,-0.0000792,0.0007205,-0.1094209,0.3500000,-0.2405791,-0.0007248,0.0000817,-0.0007383,-0.1102037,0.3500000,-0.2397964,0.0007428,0.0000000,0.0000000,0.0000000,1.2707963,-0.0000000,0.0000000,0.0000000,0.0000000,1.2707963,-0.0000000,1.0000000,1.0000000
0.0000000,0.0000000,0.9692268,0.0000000,0.0000000,0.0000000,1.0000000,-0.0000792,0.0007205,-0.1094209,0.3500000,-0.2405791,-0.0007248,0.0000817,-0.0007383,-0.1102037,0.3500000,-0.2397964,0.0007428,0.0000000,0.0000000,0.0000000,1.2707963,-0.0000000,0.0000000,0.0000000,0.0000000,1.2707963,-0.0000000,1.0000000,1.0000000
0.0000000,0.0000000,0.9692268,0.0000000,0.0000000,0.0000000,1.0000000,-0.0000792,0.0007205,-0.1094209,0.3500000,-0.2405791,-0.0007248,0.0000817,-0.0007383,-0.1102037,0.3500000,-0.2397964,0.0007428,0.0000000,0.0000000,0.0000000,1.2707963,-0.0000000,0.0000000,0.0000000,0.0000000,1.2707963,-0.0000000,1.0000000,1.0000000
0.0000000,0.0000000,0.9692268,0.0000000,0.0000000,0.0000000,1.0000000,-0.0000792,0.0007205,-0.1094209,0.3500000,-0.2405791,-0.0007248,0.0000817,-0.0007383,-0.1102037,0.3500000,-0.2397964,0.0007428,0.0000000,0.0000000,0.0000000,1.2707963,-0.0000000,0.0000000,0.0000000,0.0000000,1.2707963,-0.0000000,1.0000000,1.0000000
0.0000000,0.0000000,0.9692268,0.0000000,0.0000000,0.0000000,1.0000000,-0.0000792,0.0007205,-0.1094209,0.3500000,-0.2405791,-0.0007248,0.0000817,-0.0007383,-0.1102037,0.3500000,-0.2397964,0.0007428,0.0000000,0.0000000,0.0000000,1.2707963,-0.0000000,0.0000000,0.0000000,0.0000000,1.2707963,-0.0000000,1.0000000,1.0000000
0.0000000,0.0000000,0.9692268,0.0000000,0.0000000,0.0000000,1.0000000,-0.0000792,0.0007205,-0.1094209,0.3500000,-0.2405791,-0.0007248,0.0000817,-0.0007383,-0.1102037,0.3500000,-0.2397964,0.0007428,0.0000000,0.0000000,0.0000000,1.2707963,-0.0000000,0.0000000,0.0000000,0.0000000,1.2707963,-0.0000000,1.0000000,1.0000000
0.0000000,0.0000000,0.9692268,0.0000000,0.0000000,0.0000000,1.0000000,-0.0000792,0.0007205,-0.1094209,0.3500000,-0.2405791,-0.0007248,0.0000817,-0.0007383,-0.1102037,0.3500000,-0.2397964,0.0007428,0.0000000,0.0000000,0.0000000,1.2707963,-0.0000000,0.0000000,0.0000000,0.0000000,1.2707963,-0.0000000,1.0000000,1.0000000
0.0000000,0.0000000,0.9692268,0.0000000,0.0000000,0.0000000,1.0000000,-0.0000792,0.0007205,-0.1094209,0.3500000,-0.2405791,-0.0007248,0.0000817,-0.0007383,-0.1102037,0.3500000,-0.2397964,0.0007428,0.0000000,0.0000000,0.0000000,1.2707963,-0.0000000,0.0000000,0.0000000,0.0000000,1.2707963,-0.0000000,1.0000000,1.0000000
0.0000000,0.0000000,0.9692268,0.0000000,0.0000000,0.0000000,1.0000000,-0.0000792,0.0007205,-0.1094209,0.3500000,-0.2405791,-0.0007248,0.0000817,-0.0007383,-0.1102037,0.3500000,-0.2397964,0.0007428,0.0000000,0.0000000,0.0000000,1.2707963,-0.0000000,0.0000000,0.0000000,0.0000000,1.2707963,-0.0000000,1.0000000,1.0000000
0.0000000,0.0000000,0.9692268,0.0000000,0.0000000,0.0000000,1.0000000,-0.0000792,0.0007205,-0.1094209,0.3500000,-0.2405791,-0.0007248,0.0000817,-0.0007383,-0.1102037,0.3500000,-0.2397964,0.0007428,0.0000000,0.0000000,0.0000000,1.2707963,-0.0000000,0.0000000,0.0000000,0.0000000,1.2707963,-0.0000000,1.0000000,1.0000000
0.0000000,0.0000000,0.9692268,0.0000000,0.0000000,0.0000000,1.0000000,-0.0000792,0.0007205,-0.1094209,0.3500000,-0.2405791,-0.0007248,0.0000817,-0.0007383,-0.1102037,0.3500000,-0.2397964,0.0007428,0.0000000,0.0000000,0.0000000,1.2707963,-0.0000000,0.0000000,0.0000000,0.0000000,1.2707963,-0.0000000,1.0000000,1.0000000
0.0000000,0.0000000,0.9692268,0.0000000,0.0000000,0.0000000,1.0000000,-0.0000792,0.0007205,-0.1094209,0.3500000,-0.2405791,-0.0007248,0.0000817,-0.0007383,-0.1102037,0.3500000,-0.2397964,0.0007428,0.0000000,0.0000000,0.0000000,1.2707963,-0.0000000,0.0000000,0.0000000,0.0000000,1.2707963,-0.0000000,1.0000000,1.0000000
0.0000000,0.0000000,0.9692268,0.0000000,0.0000000,0.0000000,1.0000000,-0.0000792,0.0007205,-0.1094209,0.3500000,-0.2405791,-0.0007248,0.0000817,-0.0007383,-0.1102037,0.3500000,-0.2397964,0.0007428,0.0000000,0.0000000,0.0000000,1.2707963,-0.0000000,0.0000000,0.0000000,0.0000000,1.2707963,-0.0000000,1.0000000,1.0000000
0.0000000,0.0000000,0.9692268,0.0000000,0.0000000,0.0000000,1.0000000,-0.0000792,0.0007205,-0.1094209,0.3500000,-0.2405791,-0.0007248,0.0000817,-0.0007383,-0.1102037,0.3500000,-0.2397964,0.0007428,0.0000000,0.0000000,0.0000000,1.2707963,-0.0000000,0.0000000,0.0000000,0.0000000,1.2707963,-0.0000000,1.0000000,1.0000000
0.0000000,0.0000000,0.9692268,0.0000000,0.0000000,0.0000000,1.0000000,-0.0000792,0.0007205,-0.1094209,0.3500000,-0.2405791,-0.0007248,0.0000817,-0.0007383,-0.1102037,0.3500000,-0.2397964,0.0007428,0.0000000,0.0000000,0.0000000,1.2707963,-0.0000000,0.0000000,0.0000000,0.0000000,1.2707963,-0.0000000,1.0000000,1.0000000
0.0000000,0.0000000,0.9692268,0.0000000,0.0000000,0.0000000,1.0000000,-0.0000792,0.0007205,-0.1094209,0.3500000,-0.2405791,-0.0007248,0.0000817,-0.0007383,-0.1102037,0.3500000,-0.2397964,0.0007428,0.0000000,0.0000000,0.0000000,1.2707963,-0.0000000,0.0000000,0.0000000,0.0000000,1.2707963,-0.0000000,1.0000000,1.0000000
0.0000000,0.0000000,0.9692268,0.0000000,0.0000000,0.0000000,1.0000000,-0.0000792,0.0007205,-0.1094209,0.3500000,-0.2405791,-0.0007248,0.0000817,-0.0007383,-0.1102037,0.3500000,-0.2397964,0.0007428,0.0000000,0.0000000,0.0000000,1.2707963,-0.0000000,0.0000000,0.0000000,0.0000000,1.2707963,-0.0000000,1.0000000,1.0000000
0.0000000,0.0000000,0.9692268,0.0000000,0.0000000,0.0000000,1.0000000,-0.0000792,0.0007205,-0.1094209,0.3500000,-0.2405791,-0.0007248,0.0000817,-0.0007383,-0.1102037,0.3500000,-0.2397964,0.0007428,0.0000000,0.0000000,0.0000000,1.2707963,-0.0000000,0.0000000,0.0000000,0.0000000,1.2707963,-0.0000000,1.0000000,1.0000000
0.0000000,0.0000000,0.9692268,0.0000000,0.0000000,0.0000000,1.0000000,-0.0000792,0.0007205,-0.1094209,0.3500000,-0.2405791,-0.0007248,0.0000817,-0.0007383,-0.1102037,0.3500000,-0.2397964,0.0007428,0.0000000,0.0000000,0.0000000,1.2707963,-0.0000000,0.0000000,0.0000000,0.0000000,1.2707963,-0.0000000,1.0000000,1.0000000
0.0000000,0.0000000,0.9692268,0.0000000,0.0000000,0.0000000,1.0000000,-0.0000792,0.0007205,-0.1094209,0.3500000,-0.2405791,-0.0007248,0.0000817,-0.0007383,-0.1102037,0.3500000,-0.2397964,0.0007428,0.0000000,0.0000000,0.0000000,1.2707963,-0.0000000,0.0000000,0.0000000,0.0000000,1.2707963,-0.0000000,1.0000000,1.0000000
0.0000000,0.0000000,0.9692268,0.0000000,0.0000000,0.0000000,1.0000000,-0.0000792,0.0007205,-0.1094209,0.3500000,-0.2405791,-0.0007248,0.0000817,-0.0007383,-0.1102037,0.3500000,-0.2397964,0.0007428,0.0000000,0.0000000,0.0000000,1.2707963,-0.0000000,0.0000000,0.0000000,0.0000000,1.2707963,-0.0000000,1.0000000,1.0000000
0.0000000,0.0000000,0.9692268,0.0000000,0.0000000,0.0000000,1.0000000,-0.0000792,0.0007205,-0.1094209,0.3500000,-0.2405791,-0.0007248,0.0000817,-0.0007383,-0.1102037,0.3500000,-0.2397964,0.0007428,0.0000000,0.0000000,0.0000000,1.2707963,-0.0000000,0.0000000,0.0000000,0.0000000,1.2707963,-0.0000000,1.0000000,1.0000000
0.0000000,0.0000000,0.9692268,0.0000000,0.0000000,0.0000000,1.0000000,-0.0000792,0.0007205,-0.1094209,0.3500000,-0.2405791,-0.0007248,0.0000817,-0.0007383,-0.1102037,0.3500000,-0.2397964,0.0007428,0.0000000,0.0000000,0.0000000,1.2707963,-0.0000000,0.0000000,0.0000000,0.0000000,1.2707963,-0.0000000,1.0000000,1.0000000
0.0000000,0.0000000,0.9692268,0.0000000,0.0000000,0.0000000,1.0000000,-0.0000792,0.0007205,-0.1094209,0.3500000,-0.2405791,-0.0007248,0.0000817,-0.0007383,-0.1102037,0.3500000,-0.2397964,0.0007428,0.0000000,0.0000000,0.0000000,1.2707963,-0.0000000,0.0000000,0.0000000,0.0000000,1.2707963,-0.0000000,1.0000000,1.0000000
0.0000000,0.0000000,0.9692268,0.0000000,0.0000000,0.0000000,1.0000000,-0.0000792,0.0007205,-0.1094209,0.3500000,-0.2405791,-0.0007248,0.0000817,-0.0007383,-0.1102037,0.3500000,-0.2397964,0.0007428,0.0000000,0.0000000,0.0000000,1.2707963,-0.0000000,0.0000000,0.0000000,0.0000000,1.2707963,-0.0000000,1.0000000,1.0000000
0.0000000,0.0000000,0.9692268,0.0000000,0.0000000,0.0000000,1.0000000,-0.0000792,0.0007205,-0.1094209,0.3500000,-0.2405791,-0.0007248,0.0000817,-0.0007383,-0.1102037,0.3500000,-0.2397964,0.0007428,0.0000000,0.0000000,0.0000000,1.2707963,-0.0000000,0.0000000,0.0000000,0.0000000,1.2707963,-0.0000000,1.0000000,1.0000000
0.0000000,0.0000000,0.9692267,0.0000000,0.0000000,0.0000000,1.0000000,-0.0000792,0.0007205,-0.1094215,0.3500018,-0.2405802,-0.0007248,0.0000817,-0.0007383,-0.1102043,0.3500018,-0.2397975,0.0007428,0.0000000,0.0000000,0.0000000,1.2707963,-0.0000000,0.0000000,0.0000000,0.0000000,1.2707963,-0.0000000,1.0000000,1.0000000
0.0000000,0.0000000,0.9692258,0.0000000,0.0000000,0.0000000,1.0000000,-0.0000792,0.0007205,-0.1094257,0.3500138,-0.2405881,-0.0007248,0.0000817,-0.0007383,-0.1102085,0.3500138,-0.2398054,0.0007428,0.0000000,0.0000000,0.0000000,1.2707963,-0.0000000,0.0000000,0.0000000,0.0000000,1.2707963,-0.0000000,1.0000000,1.0000000
0.0000000,0.0000000,0.9692235,0.0000000,0.0000000,0.0000000,1.0000000,-0.0000792,0.0007205,-0.1094369,0.3500461,-0.2406092,-0.0007248,0.0000817,-0.0007383,-0.1102197,0.3500461,-0.2398265,0.0007428,0.0000000,0.0000000,0.0000000,1.2707963,-0.0000000,0.0000000,0.0000000,0.0000000,1.2707963,-0.0000000,1.0000000,1.0000000
0.0000000,0.0000000,0.9692190,0.0000000,0.0000000,0.0000000,1.0000000,-0.0000792,0.0007205,-0.1094584,0.3501080,-0.2406496,-0.0007248,0.0000817,-0.0007383,-0.1102412,0.3501080,-0.2398668,0.0007428,0.0000000,0.0000000,0.0000000,1.2707963,-0.0000000,0.0000000,0.0000000,0.0000000,1.2707963,-0.0000000,1.0000000,1.0000000
0.0000000,0.0000000,0.9692117,0.0000000,0.0000000,0.0000000,1.0000000,-0.0000792,0.0007205,-0.1094932,0.3502083,-0.2407151,-0.0007248,0.0000817,-0.0007383,-0.1102760,0.3502083,-0.2399323,0.0007428,0.0000000,0.0000000,0.0000000,1.2707963,-0.0000000,0.0000000,0.0000000,0.0000000,1.2707963,-0.0000000,1.0000000,1.0000000
0.0000000,0.0000000,0.9692011,0.0000000,0.0000000,0.0000000,1.0000000,-0.0000792,0.0007205,-0.1095443,0.3503554,-0.2408111,-0.0007248,0.0000818,-0.0007383,-0.1103271,0.3503554,-0.2400284,0.0007428,0.0000000,0.0000000,0.0000000,1.2707963,-0.0000000,0.0000000,0.0000000,0.0000000,1.2707963,-0.0000000,1.0000000,1.0000000
0.0000000,0.0000000,0.9691865,0.0000000,0.0000000,0.0000000,1.0000000,-0.0000793,0.0007205,-0.1096144,0.3505572,-0.2409429,-0.0007248,0.0000818,-0.0007383,-0.1103972,0.3505572,-0.2401601,0.0007428,0.0000000,0.0000000,0.0000000,1.2707963,-0.0000000,0.0000000,0.0000000,0.0000000,1.2707963,-0.0000000,1.0000000,1.0000000
0.0000000,0.0000000,0.9691674,0.0000000,0.0000000,0.0000000,1.0000000,-0.0000794,0.0007205,-0.1097060,0.3508211,-0.2411151,-0.0007249,0.0000819,-0.0007383,-0.1104888,0.3508211,-0.2403324,0.0007428,0.0000000,0.0000000,0.0000000,1.2707963,-0.0000000,0.0000000,0.0000000,0.0000000,1.2707963,-0.0000000,1.0000000,1.0000000
0.0000000,0.0000000,0.9691433,0.0000000,0.0000000,0.0000000,1.0000000,-0.0000794,0.0007205,-0.1098215,0.3511539,-0.2413324,-0.0007249,0.0000820,-0.0007383,-0.1106043,0.3511539,-0.2405496,0.0007428,0.0000000,0.0000000,0.0000000,1.2707963,-0.0000000,0.0000000,0.0000000,0.0000000,1.2707963,-0.0000000,1.0000000,1.0000000
0.0000000,0.0000000,0.9691137,0.0000000,0.0000000,0.0000000,1.0000000,-0.0000796,0.0007205,-0.1099632,0.3515621,-0.2415989,-0.0007249,0.0000821,-0.0007383,-0.1107460,0.3515621,-0.2408161,0.0007429,0.0000000,0.0000000,0.0000000,1.2707963,-0.0000000,0.0000000,0.0000000,0.0000000,1.2707963,-0.0000000,1.0000000,1.0000000
0.0000000,0.0000000,0.9690781,0.0000000,0.0000000,0.0000000,1.0000000,-0.0000797,0.0007205,-0.1101330,0.3520514,-0.2419184,-0.0007249,0.0000822,-0.0007383,-0.1109159,0.3520514,-0.2411355,0.0007429,0.0000000,0.0000000,0.0000000,1.2707963,-0.0000000,0.0000000,0.0000000,0.0000000,1.2707963,-0.0000000,1.0000000,1.0000000
0.0000000,0.0000000,0.9690362,0.0000000,0.0000000,0.0000000,1.0000000,-0.0000798,0.0007206,-0.1103329,0.3526272,-0.2422943,-0.0007250,0.0000824,-0.0007383,-0.1111158,0.3526272,-0.2415114,0.0007429,0.0000000,0.0000000,0.0000000,1.2707963,-0.0000000,0.0000000,0.0000000,0.0000000,1.2707963,-0.0000000,1.0000000,1.0000000
0.0000000,0.0000000,0.9689876,0.0000000,0.0000000,0.0000000,1.0000000,-0.0000800,0.0007206,-0.1105645,0.3532943,-0.2427299,-0.0007250,0.0000826,-0.0007384,-0.1113474,0.3532944,-0.2419470,0.0007430,0.0000000,0.0000000,0.0000000,1.2707963,-0.0000000,0.0000000,0.0000000,0.0000000,1.2707963,-0.0000000,1.0000000,1.0000000
0.0000000,0.0000000,0.9689319,0.0000000,0.0000000,0.0000000,1.0000000,-0.0000802,0.0007206,-0.1108292,0.3540572,-0.2432280,-0.0007251,0.0000828,-0.0007384,-0.1116122,0.3540572,-0.2424450,0.0007430,0.0000000,0.0000000,0.0000000,1.2707963,-0.0000000,0.0000000,0.0000000,0.0000000,1.2707963,-0.0000000,1.0000000,1.0000000
0.0000000,0.0000000,0.9688688,0.0000000,0.0000000,0.0000000,1.0000000,-0.0000804,0.0007206,-0.1111285,0.3549195,-0.2437910,-0.0007251,0.0000830,-0.0007384,-0.1119116,0.3549195,-0.2430080,0.0007431,0.0000000,0.0000000,0.0000000,1.2707963,-0.0000000,0.0000000,0.0000000,0.0000000,1.2707963,-0.0000000,1.0000000,1.0000000
0.0000000,0.0000000,0.9687980,0.0000000,0.0000000,0.0000000,1.0000000,-0.0000807,0.0007207,-0.1114634,0.3558846,-0.2444212,-0.0007252,0.0000832,-0.0007384,-0.1122465,0.3558847,-0.2436381,0.0007431,0.0000000,0.0000000,0.0000000,1.2707963,-0.0000000,0.0000000,0.0000000,0.0000000,1.2707963,-0.0000000,1.0000000,1.0000000
0.0000000,0.0000000,0.9687192,0.0000000,0.0000000,0.0000000,1.0000000,-0.0000809,0.0007207,-0.1118349,0.3569553,-0.2451204,-0.0007252,0.0000835,-0.0007385,-0.1126182,0.3569554,-0.2443373,0.0007432,0.0000000,0.0000000,0.0000000,1.2707963,-0.0000000,0.0000000,0.0000000,0.0000000,1.2707963,-0.0000000,1.0000000,1.0000000
0.0000000,0.0000000,0.9686323,0.0000000,0.0000000,0.0000000,1.0000000,-0.0000812,0.0007207,-0.1122439,0.3581340,-0.2458901,-0.0007253,0.0000838,-0.0007385,-0.1130272,0.3581340,-0.2451069,0.0007433,0.0000000,0.0000000,0.0000000,1.2707963,-0.0000000,0.0000000,0.0000000,0.0000000,1.2707963,-0.0000000,1.0000000,1.0000000
0.0000000,0.0000000,0.9685368,0.0000000,0.0000000,0.0000000,1.0000000,-0.0000816,0.0007208,-0.1126909,0.3594223,-0.2467315,-0.0007254,0.0000842,-0.0007386,-0.1134742,0.3594224,-0.2459482,0.0007433,0.0000000,0.0000000,0.0000000,1.2707963,-0.0000000,0.0000000,0.0000000,0.0000000,1.2707963,-0.0000000,1.0000000,1.0000000
0.0000000,0.0000000,0.9684328,0.0000000,0.0000000,0.0000000,1.0000000,-0.0000819,0.0007208,-0.1131763,0.3608218,-0.2476455,-0.0007255,0.0000845,-0.0007386,-0.1139598,0.3608219,-0.2468622,0.0007434,0.0000000,0.0000000,0.0000000,1.2707963,-0.0000000,0.0000000,0.0000000,0.0000000,1.2707963,-0.0000000,1.0000000,1.0000000
0.0000000,0.0000000,0.9683200,0.0000000,0.0000000,0.0000000,1.0000000,-0.0000823,0.0007209,-0.1137006,0.3623333,-0.2486328,-0.0007255,0.0000849,-0.0007386,-0.1144841,0.3623334,-0.2478493,0.0007435,0.0000000,0.0000000,0.0000000,1.2707963,-0.0000000,0.0000000,0.0000000,0.0000000,1.2707963,-0.0000000,1.0000000,1.0000000
0.0000000,0.0000000,0.9681983,0.0000000,0.0000000,0.0000000,1.0000000,-0.0000827,0.0007209,-0.1142637,0.3639572,-0.2496935,-0.0007256,0.0000854,-0.0007387,-0.1150474,0.3639574,-0.2489100,0.0007436,0.0000000,0.0000000,0.0000000,1.2707963,-0.0000000,0.0000000,0.0000000,0.0000000,1.2707963,-0.0000000,1.0000000,1.0000000
0.0000000,0.0000000,0.9680676,0.0000000,0.0000000,0.0000000,1.0000000,-0.0000832,0.0007210,-0.1148658,0.3656936,-0.2508278,-0.0007258,0.0000858,-0.0007388,-0.1156496,0.3656937,-0.2500441,0.0007437,0.0000000,0.0000000,0.0000000,1.2707963,-0.0000000,0.0000000,0.0000000,0.0000000,1.2707963,-0.0000000,1.0000000,1.0000000
0.0000000,0.0000000,0.9679278,0.0000000,0.0000000,0.0000000,1.0000000,-0.0000837,0.0007210,-0.1155066,0.3675419,-0.2520353,-0.0007259,0.0000863,-0.0007388,-0.1162906,0.3675421,-0.2512515,0.0007438,0.0000000,0.0000000,0.0000000,1.2707963,-0.0000000,0.0000000,0.0000000,0.0000000,1.2707963,-0.0000000,1.0000000,1.0000000
0.0000000,0.0000000,0.9677788,0.0000000,0.0000000,0.0000000,1.0000000,-0.0000842,0.0007211,-0.1161859,0.3695015,-0.2533156,-0.0007260,0.0000868,-0.0007389,-0.1169700,0.3695017,-0.2525317,0.0007440,0.0000000,0.0000000,0.0000000,1.2707963,-0.0000000,0.0000000,0.0000000,0.0000000,1.2707963,-0.0000000,1.0000000,1.0000000
0.0000000,0.0000000,0.9676206,0.0000000,0.0000000,0.0000000,1.0000000,-0.0000847,0.0007212,-0.1169032,0.3715711,-0.2546679,-0.0007261,0.0000874,-0.0007389,-0.1176875,0.3715713,-0.2538839,0.0007441,0.0000000,0.0000000,0.0000000,1.2707963,-0.0000000,0.0000000,0.0000000,0.0000000,1.2707963,-0.0000000,1.0000000,1.0000000
0.0000000,0.0000000,0.9674531,0.0000000,0.0000000,0.0000000,1.0000000,-0.0000853,0.0007212,-0.1176580,0.3737492,-0.2560913,-0.0007262,0.0000879,-0.0007390,-0.1184424,0.3737495,-0.2553071,0.0007442,0.0000000,0.0000000,0.0000000,1.2707963,-0.0000000,0.0000000,0.0000000,0.0000000,1.2707963,-0.0000000,1.0000000,1.0000000
0.0000000,0.0000000,0.9672765,0.0000000,0.0000000,0.0000000,1.0000000,-0.0000858,0.0007213,-0.1184496,0.3760339,-0.2575844,-0.0007264,0.0000885,-0.0007391,-0.1192341,0.3760342,-0.2568001,0.0007444,0.0000000,0.0000000,0.0000000,1.2707963,-0.0000000,0.0000000,0.0000000,0.0000000,1.2707963,-0.0000000,1.0000000,1.0000000
0.0000000,0.0000000,0.9670906,0.0000000,0.0000000,0.0000000,1.0000000,-0.0000865,0.0007214,-0.1192771,0.3784231,-0.2591460,-0.0007265,0.0000892,-0.0007392,-0.1200618,0.3784234,-0.2583616,0.0007445,0.0000000,0.0000000,0.0000000,1.2707963,-0.0000000,0.0000000,0.0000000,0.0000000,1.2707963,-0.0000000,1.0000000,1.0000000
0.0000000,0.0000000,0.9668955,0.0000000,0.0000000,0.0000000,1.0000000,-0.0000871,0.0007215,-0.1201398,0.3809142,-0.2607744,-0.0007267,0.0000898,-0.0007393,-0.1209247,0.3809145,-0.2599898,0.0007447,0.0000000,0.0000000,0.0000000,1.2707963,-0.0000000,0.0000000,0.0000000,0.0000000,1.2707963,-0.0000000,1.0000000,1.0000000
0.0000000,0.0000000,0.9666914,0.0000000,0.0000000,0.0000000,1.0000000,-0.0000878,0.0007215,-0.1210367,0.3835045,-0.2624678,-0.0007269,0.0000905,-0.0007393,-0.1218218,0.3835048,-0.2616831,0.0007449,0.0000000,0.0000000,0.0000000,1.2707963,-0.0000000,0.0000000,0.0000000,0.0000000,1.2707963,-0.0000000,1.0000000,1.0000000
0.0000000,0.0000000,0.9664782,0.0000000,0.0000000,0.0000000,1.0000000,-0.0000885,0.0007216,-0.1219667,0.3861910,-0.2642243,-0.0007270,0.0000912,-0.0007394,-0.1227519,0.3861913,-0.2634394,0.0007450,0.0000000,0.0000000,0.0000000,1.2707963,-0.0000000,0.0000000,0.0000000,0.0000000,1.2707963,-0.0000000,1.0000000,1.0000000
0.0000000,0.0000000,0.9662561,0.0000000,0.0000000,0.0000000,1.0000000,-0.0000892,0.0007217,-0.1229286,0.3889705,-0.2660419,-0.0007272,0.0000920,-0.0007395,-0.1237141,0.3889709,-0.2652568,0.0007452,0.0000000,0.0000000,0.0000000,1.2707963,-0.0000000,0.0000000,0.0000000,0.0000000,1.2707963,-0.0000000,1.0000000,1.0000000
0.0000000,0.0000000,0.9660252,0.0000000,0.0000000,0.0000000,1.0000000,-0.0000899,0.0007218,-0.1239213,0.3918396,-0.2679184,-0.0007274,0.0000927,-0.0007396,-0.1247070,0.3918400,-0.2671331,0.0007454,0.0000000,0.0000000,0.0000000,1.2707963,-0.0000000,0.0000000,0.0000000,0.0000000,1.2707963,-0.0000000,1.0000000,1.0000000
0.0000000,0.0000000,0.9657856,0.0000000,0.0000000,0.0000000,1.0000000,-0.0000907,0.0007219,-0.1249435,0.3947947,-0.2698513,-0.0007276,0.0000935,-0.0007397,-0.1257294,0.3947952,-0.2690658,0.0007456,0.0000000,0.0000000,0.0000000,1.2707963,-0.0000000,0.0000000,0.0000000,0.0000000,1.2707963,-0.0000000,1.0000000,1.0000000
0.0000000,0.0000000,0.9655375,0.0000000,0.0000000,0.0000000,1.0000000,-0.0000915,0.0007220,-0.1259938,0.3978321,-0.2718383,-0.0007278,0.0000943,-0.0007398,-0.1267800,0.3978326,-0.2710526,0.0007458,0.0000000,0.0000000,0.0000000,1.2707963,-0.0000000,0.0000000,0.0000000,0.0000000,1.2707963,-0.0000000,1.0000000,1.0000000
0.0000000,0.0000000,0.9652811,0.0000000,0.0000000,0.0000000,1.0000000,-0.0000923,0.0007221,-0.1270710,0.4009479,-0.2738769,-0.0007280,0.0000951,-0.0007400,-0.1278573,0.4009484,-0.2730911,0.0007460,0.0000000,0.0000000,0.0000000,1.2707963,-0.0000000,0.0000000,0.0000000,0.0000000,1.2707963,-0.0000000,1.0000000,1.0000000
0.0000000,0.0000000,0.9650165,0.0000000,0.0000000,0.0000000,1.0000000,-0.0000931,0.0007223,-0.1281735,0.4041381,-0.2759646,-0.0007282,0.0000960,-0.0007401,-0.1289602,0.4041386,-0.2751785,0.0007463,0.0000000,0.0000000,0.0000000,1.2707963,-0.0000000,0.0000000,0.0000000,0.0000000,1.2707963,-0.0000000,1.0000000,1.0000000
0.0000000,0.0000000,0.9647439,0.0000000,0.0000000,0.0000000,1.0000000,-0.0000939,0.0007224,-0.1293001,0.4073986,-0.2780985,-0.0007285,0.0000968,-0.0007402,-0.1300869,0.4073991,-0.2773122,0.0007465,0.0000000,0.0000000,0.0000000,1.2707963,-0.0000000,0.0000000,0.0000000,0.0000000,1.2707963,-0.0000000,1.0000000,1.0000000
0.0000000,0.0000000,0.9644636,0.0000000,0.0000000,0.0000000,1.0000000,-0.0000948,0.0007225,-0.1304491,0.4107252,-0.2802761,-0.0007287,0.0000977,-0.0007403,-0.1312362,0.4107258,-0.2794896,0.0007467,0.0000000,0.0000000,0.0000000,1.2707963,-0.0000000,0.0000000,0.0000000,0.0000000,1.2707963,-0.0000000,1.0000000,1.0000000
0.0000000,0.0000000,0.9641758,0.0000000,0.0000000,0.0000000,1.0000000,-0.0000957,0.0007226,-0.1316192,0.4141138,-0.2824947,-0.0007289,0.0000986,-0.0007404,-0.1324066,0.4141144,-0.2817079,0.0007470,0.0000000,0.0000000,0.0000000,1.2707963,-0.0000000,0.0000000,0.0000000,0.0000000,1.2707963,-0.0000000,1.0000000,1.0000000
0.0000000,0.0000000,0.9638807,0.0000000,0.0000000,0.0000000,1.0000000,-0.0000966,0.0007227,-0.1328088,0.4175600,-0.2847513,-0.0007292,0.0000995,-0.0007406,-0.1335964,0.4175607,-0.2839643,0.0007472,0.0000000,0.0000000,0.0000000,1.2707963,-0.0000000,0.0000000,0.0000000,0.0000000,1.2707963,-0.0000000,1.0000000,1.0000000
0.0000000,0.0000000,0.9635786,0.0000000,0.0000000,0.0000000,1.0000000,-0.0000975,0.0007229,-0.1340164,0.4210596,-0.2870433,-0.0007294,0.0001005,-0.0007407,-0.1348043,0.4210603,-0.2862560,0.0007475,0.0000000,0.0000000,0.0000000,1.2707963,-0.0000000,0.0000000,0.0000000,0.0000000,1.2707963,-0.0000000,1.0000000,1.0000000
0.0000000,0.0000000,0.9632697,0.0000000,0.0000000,0.0000000,1.0000000,-0.0000984,0.0007230,-0.1352405,0.4246082,-0.2893678,-0.0007297,0.0001014,-0.0007408,-0.1360287,0.4246089,-0.2885803,0.0007477,0.0000000,0.0000000,0.0000000,1.2707963,-0.0000000,0.0000000,0.0000000,0.0000000,1.2707963,-0.0000000,1.0000000,1.0000000
0.0000000,0.0000000,0.9629544,0.0000000,0.0000000,0.0000000,1.0000000,-0.0000993,0.0007231,-0.1364795,0.4282015,-0.2917220,-0.0007299,0.0001024,-0.0007410,-0.1372680,0.4282023,-0.2909343,0.0007480,0.0000000,0.0000000,0.0000000,1.2707963,-0.0000000,0.0000000,0.0000000,0.0000000,1.2707963,-0.0000000,1.0000000,1.0000000
0.0000000,0.0000000,0.9626328,0.0000000,0.0000000,0.0000000,1.0000000,-0.0001003,0.0007233,-0.1377321,0.4318352,-0.2941031,-0.0007302,0.0001033,-0.0007411,-0.1385209,0.4318360,-0.2933151,0.0007483,0.0000000,0.0000000,0.0000000,1.2707963,-0.0000000,0.0000000,0.0000000,0.0000000,1.2707963,-0.0000000,1.0000000,1.0000000
0.0000000,0.0000000,0.9623054,0.0000000,0.0000000,0.0000000,1.0000000,-0.0001012,0.0007234,-0.1389966,0.4355049,-0.2965083,-0.0007304,0.0001043,-0.0007412,-0.1397857,0.4355057,-0.2957200,0.0007485,0.0000000,0.0000000,0.0000000,1.2707963,-0.0000000,0.0000000,0.0000000,0.0000000,1.2707963,-0.0000000,1.0000000,1.0000000
0.0000000,0.0000000,0.9619723,0.0000000,0.0000000,0.0000000,1.0000000,-0.0001022,0.0007235,-0.1402717,0.4392064,-0.2989348,-0.0007307,0.0001053,-0.0007414,-0.1410611,0.4392073,-0.2981462,0.0007488,0.0000000,0.0000000,0.0000000,1.2707963,-0.0000000,0.0000000,0.0000000,0.0000000,1.2707963,-0.0000000,1.0000000,1.0000000
0.0000000,0.0000000,0.9616340,0.0000000,0.0000000,0.0000000,1.0000000,-0.0001031,0.0007237,-0.1415557,0.4429355,-0.3013798,-0.0007310,0.0001063,-0.0007415,-0.1423454,0.4429363,-0.3005910,0.0007491,0.0000000,0.0000000,0.0000000,1.2707963,-0.0000000,0.0000000,0.0000000,0.0000000,1.2707963,-0.0000000,1.0000000,1.0000000
0.0000000,0.0000000,0.9612908,0.0000000,0.0000000,0.0000000,1.0000000,-0.0001041,0.0007238,-0.1428472,0.4466878,-0.3038406,-0.0007313,0.0001073,-0.0007417,-0.1436373,0.4466887,-0.3030515,0.0007494,0.0000000,0.0000000,0.0000000,1.2707963,-0.0000000,0.0000000,0.0000000,0.0000000,1.2707963,-0.0000000,1.0000000,1.0000000
0.0000000,0.0000000,0.9609429,0.0000000,0.0000000,0.0000000,1.0000000,-0.0001051,0.0007240,-0.1441449,0.4504593,-0.3063145,-0.0007316,0.0001083,-0.0007418,-0.1449352,0.4504602,-0.3055250,0.0007497,0.0000000,0.0000000,0.0000000,1.2707963,-0.0000000,0.0000000,0.0000000,0.0000000,1.2707963,-0.0000000,1.0000000,1.0000000
0.0000000,0.0000000,0.9605908,0.0000000,0.0000000,0.0000000,1.0000000,-0.0001061,0.0007241,-0.1454472,0.4542459,-0.3087987,-0.0007319,0.0001093,-0.0007420,-0.1462379,0.4542468,-0.3080090,0.0007500,0.0000000,0.0000000,0.0000000,1.2707963,-0.0000000,0.0000000,0.0000000,0.0000000,1.2707963,-0.0000000,1.0000000,1.0000000
0.0000000,0.0000000,0.9602348,0.0000000,0.0000000,0.0000000,1.0000000,-0.0001071,0.0007243,-0.1467528,0.4580434,-0.3112906,-0.0007321,0.0001103,-0.0007421,-0.1475438,0.4580444,-0.3105006,0.0007503,0.0000000,0.0000000,0.0000000,1.2707963,-0.0000000,0.0000000,0.0000000,0.0000000,1.2707963,-0.0000000,1.0000000,1.0000000
0.0000000,0.0000000,0.9598752,0.0000000,0.0000000,0.0000000,1.0000000,-0.0001081,0.0007244,-0.1480603,0.4618480,-0.3137877,-0.0007324,0.0001113,-0.0007423,-0.1488516,0.4618490,-0.3129974,0.0007506,0.0000000,0.0000000,0.0000000,1.2707963,-0.0000000,0.0000000,0.0000000,0.0000000,1.2707963,-0.0000000,1.0000000,1.0000000
0.0000000,0.0000000,0.9595124,0.0000000,0.0000000,0.0000000,1.0000000,-0.0001090,0.0007246,-0.1493683,0.4656556,-0.3162874,-0.0007327,0.0001123,-0.0007424,-0.1501600,0.4656567,-0.3154968,0.0007509,0.0000000,0.0000000,0.0000000,1.2707963,-0.0000000,0.0000000,0.0000000,0.0000000,1.2707963,-0.0000000,1.0000000,1.0000000
0.0000000,0.0000000,0.9591468,0.0000000,0.0000000,0.0000000,1.0000000,-0.0001100,0.0007247,-0.1506755,0.4694625,-0.3187871,-0.0007330,0.0001133,-0.0007426,-0.1514675,0.4694636,-0.3179961,0.0007512,0.0000000,0.0000000,0.0000000,1.2707963,-0.0000000,0.0000000,0.0000000,0.0000000,1.2707963,-0.0000000,1.0000000,1.0000000
0.0000000,0.0000000,0.9587787,0.0000000,0.0000000,0.0000000,1.0000000,-0.0001110,0.0007249,-0.1519806,0.4732650,-0.3212844,-0.0007333,0.0001144,-0.0007428,-0.1527730,0.4732661,-0.3204931,0.0007515,0.0000000,0.0000000,0.0000000,1.2707963,-0.0000000,0.0000000,0.0000000,0.0000000,1.2707963,-0.0000000,1.0000000,1.0000000
0.0000000,0.0000000,0.9584085,0.0000000,0.0000000,0.0000000,1.0000000,-0.0001120,0.0007251,-0.1532824,0.4770592,-0.3237768,-0.0007337,0.0001154,-0.0007429,-0.1540751,0.4770603,-0.3229852,0.0007518,0.0000000,0.0000000,0.0000000,1.2707963,-0.0000000,0.0000000,0.0000000,0.0000000,1.2707963,-0.0000000,1.0000000,1.0000000
0.0000000,0.0000000,0.9580366,0.0000000,0.0000000,0.0000000,1.0000000,-0.0001130,0.0007252,-0.1545796,0.4808416,-0.3262620,-0.0007340,0.0001164,-0.0007431,-0.1553727,0.4808428,-0.3254702,0.0007521,0.0000000,0.0000000,0.0000000,1.2707963,-0.0000000,0.0000000,0.0000000,0.0000000,1.2707963,-0.0000000,1.0000000,1.0000000
0.0000000,0.0000000,0.9576633,0.0000000,0.0000000,0.0000000,1.0000000,-0.0001140,0.0007254,-0.1558710,0.4846087,-0.3287377,-0.0007343,0.0001174,-0.0007432,-0.1566644,0.4846099,-0.3279455,0.0007525,0.0000000,0.0000000,0.0000000,1.2707963,-0.0000000,0.0000000,0.0000000,0.0000000,1.2707963,-0.0000000,1.0000000,1.0000000
0.0000000,0.0000000,0.9572891,0.0000000,0.0000000,0.0000000,1.0000000,-0.0001150,0.0007255,-0.1571555,0.4883570,-0.3312016,-0.0007346,0.0001184,-0.0007434,-0.1579492,0.4883583,-0.3304091,0.0007528,0.0000000,0.0000000,0.0000000,1.2707963,-0.0000000,0.0000000,0.0000000,0.0000000,1.2707963,-0.0000000,1.0000000,1.0000000
0.0000000,0.0000000,0.9569143,0.0000000,0.0000000,0.0000000,1.0000000,-0.0001159,0.0007257,-0.1584318,0.4920832,-0.3336515,-0.0007349,0.0001194,-0.0007436,-0.1592258,0.4920845,-0.3328587,0.0007531,0.0000000,0.0000000,0.0000000,1.2707963,-0.0000000,0.0000000,0.0000000,0.0000000,1.2707963,-0.0000000,1.0000000,1.0000000
0.0000000,0.0000000,0.9565393,0.0000000,0.0000000,0.0000000,1.0000000,-0.0001169,0.0007259,-0.1596988,0.4957840,-0.3360852,-0.0007352,0.0001204,-0.0007437,-0.1604932,0.4957853,-0.3352921,0.0007534,0.0000000,0.0000000,0.0000000,1.2707963,-0.0000000,0.0000000,0.0000000,0.0000000,1.2707963,-0.0000000,1.0000000,1.0000000
0.0000000,0.0000000,0.9561645,0.0000000,0.0000000,0.0000000,1.0000000,-0.0001179,0.0007260,-0.1609556,0.4994562,-0.3385007,-0.0007355,0.0001214,-0.0007439,-0.1617503,0.4994576,-0.3377073,0.0007537,0.0000000,0.0000000,0.0000000,1.2707963,-0.0000000,0.0000000,0.0000000,0.0000000,1.2707963,-0.0000000,1.0000000,1.0000000
0.0000000,0.0000000,0.9557903,0.0000000,0.0000000,0.0000000,1.0000000,-0.0001188,0.0007262,-0.1622010,0.5030968,-0.3408959,-0.0007358,0.0001224,-0.0007441,-0.1629961,0.5030981,-0.3401021,0.0007540,0.0000000,0.0000000,0.0000000,1.2707963,-0.0000000,0.0000000,0.0000000,0.0000000,1.2707963,-0.0000000,1.0000000,1.0000000
0.0000000,0.0000000,0.9554170,0.0000000,0.0000000,0.0000000,1.0000000,-0.0001198,0.0007263,-0.1634340,0.5067027,-0.3432687,-0.0007361,0.0001233,-0.0007442,-0.1642294,0.5067040,-0.3424747,0.0007544,0.0000000,0.0000000,0.0000000,1.2707963,-0.0000000,0.0000000,0.0000000,0.0000000,1.2707963,-0.0000000,1.0000000,1.0000000
0.0000000,0.0000000,0.9550451,0.0000000,0.0000000,0.0000000,1.0000000,-0.0001207,0.0007265,-0.1646536,0.5102709,-0.3456174,-0.0007364,0.0001243,-0.0007444,-0.1654494,0.5102724,-0.3448230,0.0007547,0.0000000,0.0000000,0.0000000,1.2707963,-0.0000000,0.0000000,0.0000000,0.0000000,1.2707963,-0.0000000,1.0000000,1.0000000
0.0000000,0.0000000,0.9546749,0.0000000,0.0000000,0.0000000,1.0000000,-0.0001216,0.0007266,-0.1658589,0.5137988,-0.3479399,-0.0007368,0.0001252,-0.0007445,-0.1666551,0.5138002,-0.3471452,0.0007550,0.0000000,0.0000000,0.0000000,1.2707963,-0.0000000,0.0000000,0.0000000,0.0000000,1.2707963,-0.0000000,1.0000000,1.0000000
0.0000000,0.0000000,0.9543068,0.0000000,0.0000000,0.0000000,1.0000000,-0.0001226,0.0007268,-0.1670490,0.5172835,-0.3502346,-0.0007371,0.0001262,-0.0007447,-0.1678455,0.5172850,-0.3494396,0.0007553,0.0000000,0.0000000,0.0000000,1.2707963,-0.0000000,0.0000000,0.0000000,0.0000000,1.2707963,-0.0000000,1.0000000,1.0000000
0.0000000,0.0000000,0.9539412,0.0000000,0.0000000,0.0000000,1.0000000,-0.0001235,0.0007270,-0.1682229,0.5207224,-0.3524996,-0.0007374,0.0001271,-0.0007449,-0.1690197,0.5207239,-0.3517042,0.0007556,0.0000000,0.0000000,0.0000000,1.2707963,-0.0000000,0.0000000,0.0000000,0.0000000,1.2707963,-0.0000000,1.0000000,1.0000000
0.0000000,0.0000000,0.9535784,0.0000000,0.0000000,0.0000000,1.0000000,-0.0001244,0.0007271,-0.1693799,0.5241130,-0.3547332,-0.0007377,0.0001280,-0.0007450,-0.1701770,0.5241145,-0.3539375,0.0007559,0.0000000,0.0000000,0.0000000,1.2707963,-0.0000000,0.0000000,0.0000000,0.0000000,1.2707963,-0.0000000,1.0000000,1.0000000
0.0000000,0.0000000,0.9532188,0.0000000,0.0000000,0.0000000,1.0000000,-0.0001252,0.0007273,-0.1705190,0.5274528,-0.3569338,-0.0007380,0.0001289,-0.0007452,-0.1713165,0.5274543,-0.3561378,0.0007562,0.0000000,0.0000000,0.0000000,1.2707963,-0.0000000,0.0000000,0.0000000,0.0000000,1.2707963,-0.0000000,1.0000000,1.0000000
0.0000000,0.0000000,0.9528628,0.0000000,0.0000000,0.0000000,1.0000000,-0.0001261,0.0007274,-0.1716396,0.5307393,-0.3590998,-0.0007383,0.0001298,-0.0007453,-0.1724374,0.5307409,-0.3583035,0.0007566,0.0000000,0.0000000,0.0000000,1.2707963,-0.0000000,0.0000000,0.0000000,0.0000000,1.2707963,-0.0000000,1.0000000,1.0000000
0.0000000,0.0000000,0.9525106,0.0000000,0.0000000,0.0000000,1.0000000,-0.0001269,0.0007276,-0.1727408,0.5339704,-0.3612297,-0.0007386,0.0001307,-0.0007455,-0.1735389,0.5339720,-0.3604332,0.0007569,0.0000000,0.0000000,0.0000000,1.2707963,-0.0000000,0.0000000,0.0000000,0.0000000,1.2707963,-0.0000000,1.0000000,1.0000000
0.0000000,0.0000000,0.9521628,0.0000000,0.0000000,0.0000000,1.0000000,-0.0001278,0.0007277,-0.1738219,0.5371439,-0.3633221,-0.0007389,0.0001315,-0.0007456,-0.1746204,0.5371455,-0.3625252,0.0007572,0.0000000,0.0000000,0.0000000,1.2707963,-0.0000000,0.0000000,0.0000000,0.0000000,1.2707963,-0.0000000,1.0000000,1.0000000
0.0000000,0.0000000,0.9518196,0.0000000,0.0000000,0.0000000,1.0000000,-0.0001286,0.0007279,-0.1748822,0.5402576,-0.3653754,-0.0007391,0.0001324,-0.0007458,-0.1756810,0.5402593,-0.3645783,0.0007575,0.0000000,0.0000000,0.0000000,1.2707963,-0.0000000,0.0000000,0.0000000,0.0000000,1.2707963,-0.0000000,1.0000000,1.0000000
0.0000000,0.0000000,0.9514813,0.0000000,0.0000000,0.0000000,1.0000000,-0.0001294,0.0007280,-0.1759211,0.5433096,-0.3673885,-0.0007394,0.0001332,-0.0007459,-0.1767202,0.5433113,-0.3665911,0.0007577,0.0000000,0.0000000,0.0000000,1.2707963,-0.0000000,0.0000000,0.0000000,0.0000000,1.2707963,-0.0000000,1.0000000,1.0000000
0.0000000,0.0000000,0.9511482,0.0000000,0.0000000,0.0000000,1.0000000,-0.0001302,0.0007282,-0.1769380,0.5462979,-0.3693600,-0.0007397,0.0001340,-0.0007461,-0.1777374,0.5462996,-0.3685623,0.0007580,0.0000000,0.0000000,0.0000000,1.2707963,-0.0000000,0.0000000,0.0000000,0.0000000,1.2707963,-0.0000000,1.0000000,1.0000000
0.0000000,0.0000000,0.9508208,0.0000000,0.0000000,0.0000000,1.0000000,-0.0001310,0.0007283,-0.1779322,0.5492208,-0.3712886,-0.0007400,0.0001348,-0.0007462,-0.1787319,0.5492225,-0.3704906,0.0007583,0.0000000,0.0000000,0.0000000,1.2707963,-0.0000000,0.0000000,0.0000000,0.0000000,1.2707963,-0.0000000,1.0000000,1.0000000
0.0000000,0.0000000,0.9504992,0.0000000,0.0000000,0.0000000,1.0000000,-0.0001317,0.0007284,-0.1789032,0.5520765,-0.3731733,-0.0007403,0.0001356,-0.0007464,-0.1797032,0.5520782,-0.3723751,0.0007586,0.0000000,0.0000000,0.0000000,1.2707963,-0.0000000,0.0000000,0.0000000,0.0000000,1.2707963,-0.0000000,1.0000000,1.0000000
0.0000000,0.0000000,0.9501839,0.0000000,0.0000000,0.0000000,1.0000000,-0.0001325,0.0007286,-0.1798504,0.5548633,-0.3750130,-0.0007405,0.0001363,-0.0007465,-0.1806507,0.5548651,-0.3742144,0.0007589,0.0000000,0.0000000,0.0000000,1.2707963,-0.0000000,0.0000000,0.0000000,0.0000000,1.2707963,-0.0000000,1.0000000,1.0000000
0.0000000,0.0000000,0.9498750,0.0000000,0.0000000,0.0000000,1.0000000,-0.0001332,0.0007287,-0.1807734,0.5575799,-0.3768065,-0.0007408,0.0001371,-0.0007466,-0.1815740,0.5575817,-0.3760077,0.0007591,0.0000000,0.0000000,0.0000000,1.2707963,-0.0000000,0.0000000,0.0000000,0.0000000,1.2707963,-0.0000000,1.0000000,1.0000000
0.0000000,0.0000000,0.9495729,0.0000000,0.0000000,0.0000000,1.0000000,-0.0001339,0.0007288,-0.1816717,0.5602247,-0.3785530,-0.0007410,0.0001378,-0.0007468,-0.1824726,0.5602265,-0.3777539,0.0007594,0.0000000,0.0000000,0.0000000,1.2707963,-0.0000000,0.0000000,0.0000000,0.0000000,1.2707963,-0.0000000,1.0000000,1.0000000
0.0000000,0.0000000,0.9492778,0.0000000,0.0000000,0.0000000,1.0000000,-0.0001346,0.0007290,-0.1825449,0.5627964,-0.3802515,-0.0007413,0.0001385,-0.0007469,-0.1833461,0.5627982,-0.3794522,0.0007596,0.0000000,0.0000000,0.0000000,1.2707963,-0.0000000,0.0000000,0.0000000,0.0000000,1.2707963,-0.0000000,1.0000000,1.0000000
0.0000000,0.0000000,0.9489900,0.0000000,0.0000000,0.0000000,1.0000000,-0.0001352,0.0007291,-0.1833926,0.5652938,-0.3819013,-0.0007415,0.0001392,-0.0007470,-0.1841940,0.5652956,-0.3811017,0.0007599,0.0000000,0.0000000,0.0000000,1.2707963,-0.0000000,0.0000000,0.0000000,0.0000000,1.2707963,-0.0000000,1.0000000,1.0000000
0.0000000,0.0000000,0.9487097,0.0000000,0.0000000,0.0000000,1.0000000,-0.0001359,0.0007292,-0.1842144,0.5677158,-0.3835014,-0.0007418,0.0001398,-0.0007472,-0.1850161,0.5677176,-0.3827016,0.0007601,0.0000000,0.0000000,0.0000000,1.2707963,-0.0000000,0.0000000,0.0000000,0.0000000,1.2707963,-0.0000000,1.0000000,1.0000000
0.0000000,0.0000000,0.9484371,0.0000000,0.0000000,0.0000000,1.0000000,-0.0001365,0.0007293,-0.1850100,0.5700613,-0.3850513,-0.0007420,0.0001405,-0.0007473,-0.1858119,0.5700631,-0.3842513,0.0007604,0.0000000,0.0000000,0.0000000,1.2707963,-0.0000000,0.0000000,0.0000000,0.0000000,1.2707963,-0.0000000,1.0000000,1.0000000
0.0000000,0.0000000,0.9481725,0.0000000,0.0000000,0.0000000,1.0000000,-0.0001371,0.0007295,-0.1857791,0.5723294,-0.3865503,-0.0007422,0.0001411,-0.0007474,-0.1865813,0.5723313,-0.3857500,0.0007606,0.0000000,0.0000000,0.0000000,1.2707963,-0.0000000,0.0000000,0.0000000,0.0000000,1.2707963,-0.0000000,1.0000000,1.0000000
0.0000000,0.0000000,0.9479161,0.0000000,0.0000000,0.0000000,1.0000000,-0.0001377,0.0007296,-0.1865214,0.5745193,-0.3879979,-0.0007424,0.0001417,-0.0007475,-0.1873239,0.5745212,-0.3871974,0.0007608,0.0000000,0.0000000,0.0000000,1.2707963,-0.0000000,0.0000000,0.0000000,0.0000000,1.2707963,-0.0000000,1.0000000,1.0000000
0.0000000,0.0000000,0.9476680,0.0000000,0.0000000,0.0000000,1.0000000,-0.0001382,0.0007297,-0.1872368,0.5766303,-0.3893935,-0.0007426,0.0001423,-0.0007476,-0.1880395,0.5766322,-0.3885928,0.0007610,0.0000000,0.0000000,0.0000000,1.2707963,-0.0000000,0.0000000,0.0000000,0.0000000,1.2707963,-0.0000000,1.0000000,1.0000000
0.0000000,0.0000000,0.9474284,0.0000000,0.0000000,0.0000000,1.0000000,-0.0001388,0.0007298,-0.1879251,0.5786618,-0.3907367,-0.0007429,0.0001428,-0.0007477,-0.1887280,0.5786637,-0.3899358,0.0007612,0.0000000,0.0000000,0.0000000,1.2707963,-0.0000000,0.0000000,0.0000000,0.0000000,1.2707963,-0.0000000,1.0000000,1.0000000
0.0000000,0.0000000,0.9471975,0.0000000,0.0000000,0.0000000,1.0000000,-0.0001393,0.0007299,-0.1885861,0.5806133,-0.3920273,-0.0007430,0.0001433,-0.0007478,-0.1893892,0.5806153,-0.3912261,0.0007614,0.0000000,0.0000000,0.0000000,1.2707963,-0.0000000,0.0000000,0.0000000,0.0000000,1.2707963,-0.0000000,1.0000000,1.0000000
0.0000000,0.0000000,0.9469754,0.0000000,0.0000000,0.0000000,1.0000000,-0.0001398,0.0007300,-0.1892197,0.5824845,-0.3932649,-0.0007432,0.0001439,-0.0007479,-0.1900230,0.5824865,-0.3924635,0.0007616,0.0000000,0.0000000,0.0000000,1.2707963,-0.0000000,0.0000000,0.0000000,0.0000000,1.2707963,-0.0000000,1.0000000,1.0000000
0.0000000,0.0000000,0.9467622,0.0000000,0.0000000,0.0000000,1.0000000,-0.0001403,0.0007301,-0.1898259,0.5842751,-0.3944493,-0.0007434,0.0001443,-0.0007480,-0.1906294,0.5842771,-0.3936478,0.0007618,0.0000000,0.0000000,0.0000000,1.2707963,-0.0000000,0.0000000,0.0000000,0.0000000,1.2707963,-0.0000000,1.0000000,1.0000000
0.0000000,0.0000000,0.9465581,0.0000000,0.0000000,0.0000000,1.0000000,-0.0001407,0.0007302,-0.1904046,0.5859850,-0.3955805,-0.0007436,0.0001448,-0.0007481,-0.1912083,0.5859870,-0.3947788,0.0007620,0.0000000,0.0000000,0.0000000,1.2707963,-0.0000000,0.0000000,0.0000000,0.0000000,1.2707963,-0.0000000,1.0000000,1.0000000
0.0000000,0.0000000,0.9463630,0.0000000,0.0000000,0.0000000,1.0000000,-0.0001412,0.0007302,-0.1909558,0.5876142,-0.3966584,-0.0007438,0.0001453,-0.0007482,-0.1917597,0.5876162,-0.3958565,0.0007622,0.0000000,0.0000000,0.0000000,1.2707963,-0.0000000,0.0000000,0.0000000,0.0000000,1.2707963,-0.0000000,1.0000000,1.0000000
0.0000000,0.0000000,0.9461771,0.0000000,0.0000000,0.0000000,1.0000000,-0.0001416,0.0007303,-0.1914797,0.5891627,-0.3976831,-0.0007439,0.0001457,-0.0007483,-0.1922838,0.5891647,-0.3968810,0.0007623,0.0000000,0.0000000,0.0000000,1.2707963,-0.0000000,0.0000000,0.0000000,0.0000000,1.2707963,-0.0000000,1.0000000,1.0000000
0.0000000,0.0000000,0.9460005,0.0000000,0.0000000,0.0000000,1.0000000,-0.0001420,0.0007304,-0.1919763,0.5906309,-0.3986547,-0.0007441,0.0001461,-0.0007484,-0.1927805,0.5906330,-0.3978525,0.0007625,0.0000000,0.0000000,0.0000000,1.2707963,-0.0000000,0.0000000,0.0000000,0.0000000,1.2707963,-0.0000000,1.0000000,1.0000000
0.0000000,0.0000000,0.9458330,0.0000000,0.0000000,0.0000000,1.0000000,-0.0001423,0.0007305,-0.1924457,0.5920192,-0.3995735,-0.0007442,0.0001465,-0.0007484,-0.1932501,0.5920212,-0.3987712,0.0007626,0.0000000,0.0000000,0.0000000,1.2707963,-0.0000000,0.0000000,0.0000000,0.0000000,1.2707963,-0.0000000,1.0000000,1.0000000
0.0000000,0.0000000,0.9456748,0.0000000,0.0000000,0.0000000,1.0000000,-0.0001427,0.0007305,-0.1928882,0.5933280,-0.4004398,-0.0007443,0.0001468,-0.0007485,-0.1936928,0.5933301,-0.3996374,0.0007628,0.0000000,0.0000000,0.0000000,1.2707963,-0.0000000,0.0000000,0.0000000,0.0000000,1.2707963,-0.0000000,1.0000000,1.0000000
0.0000000,0.0000000,0.9455258,0.0000000,0.0000000,0.0000000,1.0000000,-0.0001430,0.0007306,-0.1933040,0.5945581,-0.4012541,-0.0007445,0.0001472,-0.0007486,-0.1941087,0.5945601,-0.4004515,0.0007629,0.0000000,0.0000000,0.0000000,1.2707963,-0.0000000,0.0000000,0.0000000,0.0000000,1.2707963,-0.0000000,1.0000000,1.0000000
0.0000000,0.0000000,0.9453860,0.0000000,0.0000000,0.0000000,1.0000000,-0.0001433,0.0007307,-0.1936934,0.5957102,-0.4020169,-0.0007446,0.0001475,-0.0007486,-0.1944982,0.5957123,-0.4012141,0.0007630,0.0000000,0.0000000,0.0000000,1.2707963,-0.0000000,0.0000000,0.0000000,0.0000000,1.2707963,-0.0000000,1.0000000,1.0000000
0.0000000,0.0000000,0.9452553,0.0000000,0.0000000,0.0000000,1.0000000,-0.0001436,0.0007307,-0.1940567,0.5967854,-0.4027287,-0.0007447,0.0001478,-0.0007487,-0.1948616,0.5967874,-0.4019258,0.0007631,0.0000000,0.0000000,0.0000000,1.2707963,-0.0000000,0.0000000,0.0000000,0.0000000,1.2707963,-0.0000000,1.0000000,1.0000000
0.0000000,0.0000000,0.9451336,0.0000000,0.0000000,0.0000000,1.0000000,-0.0001439,0.0007308,-0.1943943,0.5977847,-0.4033904,-0.0007448,0.0001480,-0.0007488,-0.1951994,0.5977867,-0.4025874,0.0007632,0.0000000,0.0000000,0.0000000,1.2707963,-0.0000000,0.0000000,0.0000000,0.0000000,1.2707963,-0.0000000,1.0000000,1.0000000
0.0000000,0.0000000,0.9450208,0.0000000,0.0000000,0.0000000,1.0000000,-0.0001441,0.0007308,-0.1947067,0.5987094,-0.4040027,-0.0007449,0.0001483,-0.0007488,-0.1955119,0.5987114,-0.4031996,0.0007633,0.0000000,0.0000000,0.0000000,1.2707963,-0.0000000,0.0000000,0.0000000,0.0000000,1.2707963,-0.0000000,1.0000000,1.0000000
0.0000000,0.0000000,0.9449167,0.0000000,0.0000000,0.0000000,1.0000000,-0.0001443,0.0007309,-0.1949944,0.5995610,-0.4045666,-0.0007450,0.0001485,-0.0007489,-0.1957996,0.5995630,-0.4037635,0.0007634,0.0000000,0.0000000,0.0000000,1.2707963,-0.0000000,0.0000000,0.0000000,0.0000000,1.2707963,-0.0000000,1.0000000,1.0000000
0.0000000,0.0000000,0.9448213,0.0000000,0.0000000,0.0000000,1.0000000,-0.0001446,0.0007309,-0.1952578,0.6003410,-0.4050832,-0.0007451,0.0001487,-0.0007489,-0.1960632,0.6003431,-0.4042800,0.0007635,0.0000000,0.0000000,0.0000000,1.2707963,-0.0000000,0.0000000,0.0000000,0.0000000,1.2707963,-0.0000000,1.0000000,1.0000000
0.0000000,0.0000000,0.9447343,0.0000000,0.0000000,0.0000000,1.0000000,-0.0001447,0.0007310,-0.1954977,0.6010514,-0.4055537,-0.0007451,0.0001489,-0.0007489,-0.1963031,0.6010535,-0.4047504,0.0007636,0.0000000,0.0000000,0.0000000,1.2707963,-0.0000000,0.0000000,0.0000000,0.0000000,1.2707963,-0.0000000,1.0000000,1.0000000
0.0000000,0.0000000,0.9446556,0.0000000,0.0000000,0.0000000,1.0000000,-0.0001449,0.0007310,-0.1957147,0.6016940,-0.4059793,-0.0007452,0.0001491,-0.0007490,-0.1965202,0.6016961,-0.4051760,0.0007637,0.0000000,0.0000000,0.0000000,1.2707963,-0.0000000,0.0000000,0.0000000,0.0000000,1.2707963,-0.0000000,1.0000000,1.0000000
0.0000000,0.0000000,0.9445848,0.0000000,0.0000000,0.0000000,1.0000000,-0.0001451,0.0007310,-0.1959095,0.6022710,-0.4063616,-0.0007453,0.0001493,-0.0007490,-0.1967151,0.6022731,-0.4055581,0.0007637,0.0000000,0.0000000,0.0000000,1.2707963,-0.0000000,0.0000000,0.0000000,0.0000000,1.2707963,-0.0000000,1.0000000,1.0000000
0.0000000,0.0000000,0.9445217,0.0000000,0.0000000,0.0000000,1.0000000,-0.0001452,0.0007310,-0.1960830,0.6027849,-0.4067019,-0.0007453,0.0001494,-0.0007490,-0.1968886,0.6027870,-0.4058984,0.0007638,0.0000000,0.0000000,0.0000000,1.2707963,-0.0000000,0.0000000,0.0000000,0.0000000,1.2707963,-0.0000000,1.0000000,1.0000000
0.0000000,0.0000000,0.9444660,0.0000000,0.0000000,0.0000000,1.0000000,-0.0001453,0.0007311,-0.1962360,0.6032380,-0.4070021,-0.0007454,0.0001495,-0.0007491,-0.1970417,0.6032401,-0.4061985,0.0007638,0.0000000,0.0000000,0.0000000,1.2707963,-0.0000000,0.0000000,0.0000000,0.0000000,1.2707963,-0.0000000,1.0000000,1.0000000
0.0000000,0.0000000,0.9444174,0.0000000,0.0000000,0.0000000,1.0000000,-0.0001454,0.0007311,-0.1963694,0.6036333,-0.4072639,-0.0007454,0.0001496,-0.0007491,-0.1971751,0.6036354,-0.4064603,0.0007639,0.0000000,0.0000000,0.0000000,1.2707963,-0.0000000,0.0000000,0.0000000,0.0000000,1.2707963,-0.0000000,1.0000000,1.0000000
0.0000000,0.0000000,0.9443755,0.0000000,0.0000000,0.0000000,1.0000000,-0.0001455,0.0007311,-0.1964843,0.6039737,-0.4074894,-0.0007455,0.0001497,-0.0007491,-0.1972901,0.6039758,-0.4066858,0.0007639,0.0000000,0.0000000,0.0000000,1.2707963,-0.0000000,0.0000000,0.0000000,0.0000000,1.2707963,-0.0000000,1.0000000,1.0000000
0.0000000,0.0000000,0.9443399,0.0000000,0.0000000,0.0000000,1.0000000,-0.0001456,0.0007311,-0.1965817,0.6042623,-0.4076806,-0.0007455,0.0001498,-0.0007491,-0.1973875,0.6042644,-0.4068770,0.0007639,0.0000000,0.0000000,0.0000000,1.2707963,-0.0000000,0.0000000,0.0000000,0.0000000,1.2707963,-0.0000000,1.0000000,1.0000000
0.0000000,0.0000000,0.9443103,0.0000000,0.0000000,0.0000000,1.0000000,-0.0001457,0.0007311,-0.1966629,0.6045027,-0.4078399,-0.0007455,0.0001499,-0.0007491,-0.1974687,0.6045048,-0.4070362,0.0007640,0.0000000,0.0000000,0.0000000,1.2707963,-0.0000000,0.0000000,0.0000000,0.0000000,1.2707963,-0.0000000,1.0000000,1.0000000
0.0000000,0.0000000,0.9442862,0.0000000,0.0000000,0.0000000,1.0000000,-0.0001457,0.0007311,-0.1967289,0.6046984,-0.4079695,-0.0007455,0.0001499,-0.0007491,-0.1975348,0.6047005,-0.4071658,0.0007640,0.0000000,0.0000000,0.0000000,1.2707963,-0.0000000,0.0000000,0.0000000,0.0000000,1.2707963,-0.0000000,1.0000000,1.0000000
0.0000000,0.0000000,0.9442671,0.0000000,0.0000000,0.0000000,1.0000000,-0.0001458,0.0007312,-0.1967813,0.6048534,-0.4080722,-0.0007455,0.0001500,-0.0007491,-0.1975871,0.6048556,-0.4072685,0.0007640,0.0000000,0.0000000,0.0000000,1.2707963,-0.0000000,0.0000000,0.0000000,0.0000000,1.2707963,-0.0000000,1.0000000,1.0000000
0.0000000,0.0000000,0.9442525,0.0000000,0.0000000,0.0000000,1.0000000,-0.0001458,0.0007312,-0.1968212,0.6049719,-0.4081507,-0.0007456,0.0001500,-0.0007491,-0.1976271,0.6049740,-0.4073470,0.0007640,0.0000000,0.0000000,0.0000000,1.2707963,-0.0000000,0.0000000,0.0000000,0.0000000,1.2707963,-0.0000000,1.0000000,1.0000000
0.0000000,0.0000000,0.9442418,0.0000000,0.0000000,0.0000000,1.0000000,-0.0001458,0.0007312,-0.1968504,0.6050582,-0.4082079,-0.0007456,0.0001500,-0.0007492,-0.1976562,0.6050603,-0.4074041,0.0007640,0.0000000,0.0000000,0.0000000,1.2707963,-0.0000000,0.0000000,0.0000000,0.0000000,1.2707963,-0.0000000,1.0000000,1.0000000
0.0000000,0.0000000,0.9442346,0.0000000,0.0000000,0.0000000,1.0000000,-0.0001458,0.0007312,-0.1968702,0.6051170,-0.4082469,-0.0007456,0.0001500,-0.0007492,-0.1976761,0.6051191,-0.4074431,0.0007640,0.0000000,0.0000000,0.0000000,1.2707963,-0.0000000,0.0000000,0.0000000,0.0000000,1.2707963,-0.0000000,1.0000000,1.0000000
0.0000000,0.0000000,0.9442301,0.0000000,0.0000000,0.0000000,1.0000000,-0.0001458,0.0007312,-0.1968824,0.6051533,-0.4082709,-0.0007456,0.0001501,-0.0007492,-0.1976883,0.6051554,-0.4074671,0.0007640,0.0000000,0.0000000,0.0000000,1.2707963,-0.0000000,0.0000000,0.0000000,0.0000000,1.2707963,-0.0000000,1.0000000,1.0000000
0.0000000,0.0000000,0.9442278,0.0000000,0.0000000,0.0000000,1.0000000,-0.0001458,0.0007312,-0.1968888,0.6051722,-0.4082834,-0.0007456,0.0001501,-0.0007492,-0.1976947,0.6051743,-0.4074796,0.0007640,0.0000000,0.0000000,0.0000000,1.2707963,-0.0000000,0.0000000,0.0000000,0.0000000,1.2707963,-0.0000000,1.0000000,1.0000000
0.0000000,0.0000000,0.9442269,0.0000000,0.0000000,0.0000000,1.0000000,-0.0001459,0.0007312,-0.1968912,0.6051793,-0.4082881,-0.0007456,0.0001501,-0.0007492,-0.1976971,0.6051814,-0.4074843,0.0007640,0.0000000,0.0000000,0.0000000,1.2707963,-0.0000000,0.0000000,0.0000000,0.0000000,1.2707963,-0.0000000,1.0000000,1.0000000
0.0000000,0.0000000,0.9442268,0.0000000,0.0000000,0.0000000,1.0000000,-0.0001459,0.0007312,-0.1968916,0.6051803,-0.4082888,-0.0007456,0.0001501,-0.0007492,-0.1976975,0.6051824,-0.4074850,0.0007640,0.0000000,0.0000000,0.0000000,1.2707963,-0.0000000,0.0000000,0.0000000,0.0000000,1.2707963,-0.0000000,1.0000000,1.0000000
0.0000000,0.0000000,0.9442268,0.0000000,0.0000000,0.0000000,1.0000000,-0.0001459,0.0007312,-0.1968916,0.6051803,-0.4082888,-0.0007456,0.0001501,-0.0007492,-0.1976975,0.6051824,-0.4074850,0.0007640,0.0000000,0.0000000,0.0000000,1.2707963,-0.0000000,0.0000000,0.0000000,0.0000000,1.2707963,-0.0000000,1.0000000,1.0000000
0.0000000,0.0000000,0.9442268,0.0000000,0.0000000,0.0000000,1.0000000,-0.0001459,0.0007312,-0.1968916,0.6051803,-0.4082888,-0.0007456,0.0001501,-0.0007492,-0.1976975,0.6051824,-0.4074850,0.0007640,0.0000000,0.0000000,0.0000000,1.2707963,-0.0000000,0.0000000,0.0000000,0.0000000,1.2707963,-0.0000000,1.0000000,1.0000000
0.0000000,0.0000000,0.9442268,0.0000000,0.0000000,0.0000000,1.0000000,-0.0001459,0.0007312,-0.1968916,0.6051803,-0.4082888,-0.0007456,0.0001501,-0.0007492,-0.1976975,0.6051824,-0.4074850,0.0007640,0.0000000,0.0000000,0.0000000,1.2707963,-0.0000000,0.0000000,0.0000000,0.0000000,1.2707963,-0.0000000,1.0000000,1.0000000
0.0000000,0.0000000,0.9442268,0.0000000,0.0000000,0.0000000,1.0000000,-0.0001459,0.0007312,-0.1968916,0.6051803,-0.4082888,-0.0007456,0.0001501,-0.0007492,-0.1976975,0.6051824,-0.4074850,0.0007640,0.0000000,0.0000000,0.0000000,1.2707963,-0.0000000,0.0000000,0.0000000,0.0000000,1.2707963,-0.0000000,1.0000000,1.0000000
0.0000000,0.0000000,0.9442268,0.0000000,0.0000000,0.0000000,1.0000000,-0.0001459,0.0007312,-0.1968916,0.6051803,-0.4082888,-0.0007456,0.0001501,-0.0007492,-0.1976975,0.6051824,-0.4074850,0.0007640,0.0000000,0.0000000,0.0000000,1.2707963,-0.0000000,0.0000000,0.0000000,0.0000000,1.2707963,-0.0000000,1.0000000,1.0000000
0.0000000,0.0000000,0.9442268,0.0000000,0.0000000,0.0000000,1.0000000,-0.0001459,0.0007312,-0.1968916,0.6051803,-0.4082888,-0.0007456,0.0001501,-0.0007492,-0.1976975,0.6051824,-0.4074850,0.0007640,0.0000000,0.0000000,0.0000000,1.2707963,-0.0000000,0.0000000,0.0000000,0.0000000,1.2707963,-0.0000000,1.0000000,1.0000000
0.0000000,0.0000000,0.9442268,0.0000000,0.0000000,0.0000000,1.0000000,-0.0001459,0.0007312,-0.1968916,0.6051803,-0.4082888,-0.0007456,0.0001501,-0.0007492,-0.1976975,0.6051824,-0.4074850,0.0007640,0.0000000,0.0000000,0.0000000,1.2707963,-0.0000000,0.0000000,0.0000000,0.0000000,1.2707963,-0.0000000,1.0000000,1.0000000
0.0000000,0.0000000,0.9442268,0.0000000,0.0000000,0.0000000,1.0000000,-0.0001459,0.0007312,-0.1968916,0.6051803,-0.4082888,-0.0007456,0.0001501,-0.0007492,-0.1976975,0.6051824,-0.4074850,0.0007640,0.0000000,0.0000000,0.0000000,1.2707963,-0.0000000,0.0000000,0.0000000,0.0000000,1.2707963,-0.0000000,1.0000000,1.0000000
0.0000000,0.0000000,0.9442268,0.0000000,0.0000000,0.0000000,1.0000000,-0.0001459,0.0007312,-0.1968916,0.6051803,-0.4082888,-0.0007456,0.0001501,-0.0007492,-0.1976975,0.6051824,-0.4074850,0.0007640,0.0000000,0.0000000,0.0000000,1.2707963,-0.0000000,0.0000000,0.0000000,0.0000000,1.2707963,-0.0000000,1.0000000,1.0000000
0.0000000,0.0000000,0.9442268,0.0000000,0.0000000,0.0000000,1.0000000,-0.0001459,0.0007312,-0.1968916,0.6051803,-0.4082888,-0.0007456,0.0001501,-0.0007492,-0.1976975,0.6051824,-0.4074850,0.0007640,0.0000000,0.0000000,0.0000000,1.2707963,-0.0000000,0.0000000,0.0000000,0.0000000,1.2707963,-0.0000000,1.0000000,1.0000000
0.0000000,0.0000000,0.9442268,0.0000000,0.0000000,0.0000000,1.0000000,-0.0001459,0.0007312,-0.1968916,0.6051803,-0.4082888,-0.0007456,0.0001501,-0.0007492,-0.1976975,0.6051824,-0.4074850,0.0007640,0.0000000,0.0000000,0.0000000,1.2707963,-0.0000000,0.0000000,0.0000000,0.0000000,1.2707963,-0.0000000,1.0000000,1.0000000
0.0000000,0.0000000,0.9442268,0.0000000,0.0000000,0.0000000,1.0000000,-0.0001459,0.0007312,-0.1968916,0.6051803,-0.4082888,-0.0007456,0.0001501,-0.0007492,-0.1976975,0.6051824,-0.4074850,0.0007640,0.0000000,0.0000000,0.0000000,1.2707963,-0.0000000,0.0000000,0.0000000,0.0000000,1.2707963,-0.0000000,1.0000000,1.0000000
0.0000000,0.0000000,0.9442268,0.0000000,0.0000000,0.0000000,1.0000000,-0.0001459,0.0007312,-0.1968916,0.6051803,-0.4082888,-0.0007456,0.0001501,-0.0007492,-0.1976975,0.6051824,-0.4074850,0.0007640,0.0000000,0.0000000,0.0000000,1.2707963,-0.0000000,0.0000000,0.0000000,0.0000000,1.2707963,-0.0000000,1.0000000,1.0000000
0.0000000,0.0000000,0.9442268,0.0000000,0.0000000,0.0000000,1.0000000,-0.0001459,0.0007312,-0.1968916,0.6051803,-0.4082888,-0.0007456,0.0001501,-0.0007492,-0.1976975,0.6051824,-0.4074850,0.0007640,0.0000000,0.0000000,0.0000000,1.2707963,-0.0000000,0.0000000,0.0000000,0.0000000,1.2707963,-0.0000000,1.0000000,1.0000000
0.0000000,0.0000000,0.9442268,0.0000000,0.0000000,0.0000000,1.0000000,-0.0001459,0.0007312,-0.1968916,0.6051803,-0.4082888,-0.0007456,0.0001501,-0.0007492,-0.1976975,0.6051824,-0.4074850,0.0007640,0.0000000,0.0000000,0.0000000,1.2707963,-0.0000000,0.0000000,0.0000000,0.0000000,1.2707963,-0.0000000,1.0000000,1.0000000
0.0000000,0.0000000,0.9442268,0.0000000,0.0000000,0.0000000,1.0000000,-0.0001459,0.0007312,-0.1968916,0.6051803,-0.4082888,-0.0007456,0.0001501,-0.0007492,-0.1976975,0.6051824,-0.4074850,0.0007640,0.0000000,0.0000000,0.0000000,1.2707963,-0.0000000,0.0000000,0.0000000,0.0000000,1.2707963,-0.0000000,1.0000000,1.0000000
0.0000000,0.0000000,0.9442268,0.0000000,0.0000000,0.0000000,1.0000000,-0.0001459,0.0007312,-0.1968916,0.6051803,-0.4082888,-0.0007456,0.0001501,-0.0007492,-0.1976975,0.6051824,-0.4074850,0.0007640,0.0000000,0.0000000,0.0000000,1.2707963,-0.0000000,0.0000000,0.0000000,0.0000000,1.2707963,-0.0000000,1.0000000,1.0000000
0.0000000,0.0000000,0.9442268,0.0000000,0.0000000,0.0000000,1.0000000,-0.0001459,0.0007312,-0.1968916,0.6051803,-0.4082888,-0.0007456,0.0001501,-0.0007492,-0.1976975,0.6051824,-0.4074850,0.0007640,0.0000000,0.0000000,0.0000000,1.2707963,-0.0000000,0.0000000,0.0000000,0.0000000,1.2707963,-0.0000000,1.0000000,1.0000000
0.0000000,0.0000000,0.9442268,0.0000000,0.0000000,0.0000000,1.0000000,-0.0001459,0.0007312,-0.1968916,0.6051803,-0.4082888,-0.0007456,0.0001501,-0.0007492,-0.1976975,0.6051824,-0.4074850,0.0007640,0.0000000,0.0000000,0.0000000,1.2707963,-0.0000000,0.0000000,0.0000000,0.0000000,1.2707963,-0.0000000,1.0000000,1.0000000
0.0000000,0.0000000,0.9442268,0.0000000,0.0000000,0.0000000,1.0000000,-0.0001459,0.0007312,-0.1968916,0.6051803,-0.4082888,-0.0007456,0.0001501,-0.0007492,-0.1976975,0.6051824,-0.4074850,0.0007640,0.0000000,0.0000000,0.0000000,1.2707963,-0.0000000,0.0000000,0.0000000,0.0000000,1.2707963,-0.0000000,1.0000000,1.0000000
0.0000000,0.0000000,0.9442268,0.0000000,0.0000000,0.0000000,1.0000000,-0.0001459,0.0007312,-0.1968916,0.6051803,-0.4082888,-0.0007456,0.0001501,-0.0007492,-0.1976975,0.6051824,-0.4074850,0.0007640,0.0000000,0.0000000,0.0000000,1.2707963,-0.0000000,0.0000000,0.0000000,0.0000000,1.2707963,-0.0000000,1.0000000,1.0000000
0.0000000,0.0000000,0.9442268,0.0000000,0.0000000,0.0000000,1.0000000,-0.0001459,0.0007312,-0.1968916,0.6051803,-0.4082888,-0.0007456,0.0001501,-0.0007492,-0.1976975,0.6051824,-0.4074850,0.0007640,0.0000000,0.0000000,0.0000000,1.2707963,-0.0000000,0.0000000,0.0000000,0.0000000,1.2707963,-0.0000000,1.0000000,1.0000000
0.0000000,0.0000000,0.9442268,0.0000000,0.0000000,0.0000000,1.0000000,-0.0001459,0.0007312,-0.1968916,0.6051803,-0.4082888,-0.0007456,0.0001501,-0.0007492,-0.1976975,0.6051824,-0.4074850,0.0007640,0.0000000,0.0000000,0.0000000,1.2707963,-0.0000000,0.0000000,0.0000000,0.0000000,1.2707963,-0.0000000,1.0000000,1.0000000
0.0000000,0.0000000,0.9442268,0.0000000,0.0000000,0.0000000,1.0000000,-0.0001459,0.0007312,-0.1968916,0.6051803,-0.4082888,-0.0007456,0.0001501,-0.0007492,-0.1976975,0.6051824,-0.4074850,0.0007640,0.0000000,0.0000000,0.0000000,1.2707963,-0.0000000,0.0000000,0.0000000,0.0000000,1.2707963,-0.0000000,1.0000000,1.0000000
0.0000000,0.0000000,0.9442268,0.0000000,0.0000000,0.0000000,1.0000000,-0.0001459,0.0007312,-0.1968916,0.6051803,-0.4082888,-0.0007456,0.0001501,-0.0007492,-0.1976975,0.6051824,-0.4074850,0.0007640,0.0000000,0.0000000,0.0000000,1.2707963,-0.0000000,0.0000000,0.0000000,0.0000000,1.2707963,-0.0000000,1.0000000,1.0000000
0.0000000,0.0000000,0.9442268,0.0000000,0.0000000,0.0000000,1.0000000,-0.0001459,0.0007312,-0.1968916,0.6051803,-0.4082888,-0.0007456,0.0001501,-0.0007492,-0.1976975,0.6051824,-0.4074850,0.0007640,0.0000000,0.0000000,0.0000000,1.2707963,-0.0000000,0.0000000,0.0000000,0.0000000,1.2707963,-0.0000000,1.0000000,1.0000000
0.0000000,0.0000000,0.9442268,0.0000000,0.0000000,0.0000000,1.0000000,-0.0001459,0.0007312,-0.1968916,0.6051803,-0.4082888,-0.0007456,0.0001501,-0.0007492,-0.1976975,0.6051824,-0.4074850,0.0007640,0.0000000,0.0000000,0.0000000,1.2707963,-0.0000000,0.0000000,0.0000000,0.0000000,1.2707963,-0.0000000,1.0000000,1.0000000
0.0000000,0.0000000,0.9442268,0.0000000,0.0000000,0.0000000,1.0000000,-0.0001459,0.0007312,-0.1968916,0.6051803,-0.4082888,-0.0007456,0.0001501,-0.0007492,-0.1976975,0.6051824,-0.4074850,0.0007640,0.0000000,0.0000000,0.0000000,1.2707963,-0.0000000,0.0000000,0.0000000,0.0000000,1.2707963,-0.0000000,1.0000000,1.0000000
0.0000000,0.0000000,0.9442268,0.0000000,0.0000000,0.0000000,1.0000000,-0.0001459,0.0007312,-0.1968916,0.6051803,-0.4082888,-0.0007456,0.0001501,-0.0007492,-0.1976975,0.6051824,-0.4074850,0.0007640,0.0000000,0.0000000,0.0000000,1.2707963,-0.0000000,0.0000000,0.0000000,0.0000000,1.2707963,-0.0000000,1.0000000,1.0000000
0.0000000,0.0000000,0.9442268,0.0000000,0.0000000,0.0000000,1.0000000,-0.0001459,0.0007312,-0.1968916,0.6051803,-0.4082888,-0.0007456,0.0001501,-0.0007492,-0.1976975,0.6051824,-0.4074850,0.0007640,0.0000000,0.0000000,0.0000000,1.2707963,-0.0000000,0.0000000,0.0000000,0.0000000,1.2707963,-0.0000000,1.0000000,1.0000000
0.0000000,0.0000000,0.9442268,0.0000000,0.0000000,0.0000000,1.0000000,-0.0001459,0.0007312,-0.1968916,0.6051803,-0.4082888,-0.0007456,0.0001501,-0.0007492,-0.1976975,0.6051824,-0.4074850,0.0007640,0.0000000,0.0000000,0.0000000,1.2707963,-0.0000000,0.0000000,0.0000000,0.0000000,1.2707963,-0.0000000,1.0000000,1.0000000
0.0000000,0.0000000,0.9442268,0.0000000,0.0000000,0.0000000,1.0000000,-0.0001459,0.0007312,-0.1968916,0.6051803,-0.4082888,-0.0007456,0.0001501,-0.0007492,-0.1976975,0.6051824,-0.4074850,0.0007640,0.0000000,0.0000000,0.0000000,1.2707963,-0.0000000,0.0000000,0.0000000,0.0000000,1.2707963,-0.0000000,1.0000000,1.0000000
0.0000000,0.0000000,0.9442268,0.0000000,0.0000000,0.0000000,1.0000000,-0.0001459,0.0007312,-0.1968916,0.6051803,-0.4082888,-0.0007456,0.0001501,-0.0007492,-0.1976975,0.6051824,-0.4074850,0.0007640,0.0000000,0.0000000,0.0000000,1.2707963,-0.0000000,0.0000000,0.0000000,0.0000000,1.2707963,-0.0000000,1.0000000,1.0000000
0.0000000,0.0000000,0.9442268,0.0000000,0.0000000,0.0000000,1.0000000,-0.0001459,0.0007312,-0.1968916,0.6051803,-0.4082888,-0.0007456,0.0001501,-0.0007492,-0.1976975,0.6051824,-0.4074850,0.0007640,0.0000000,0.0000000,0.0000000,1.2707963,-0.0000000,0.0000000,0.0000000,0.0000000,1.2707963,-0.0000000,1.0000000,1.0000000
0.0000000,0.0000000,0.9442268,0.0000000,0.0000000,0.0000000,1.0000000,-0.0001459,0.0007312,-0.1968916,0.6051803,-0.4082888,-0.0007456,0.0001501,-0.0007492,-0.1976975,0.6051824,-0.4074850,0.0007640,0.0000000,0.0000000,0.0000000,1.2707963,-0.0000000,0.0000000,0.0000000,0.0000000,1.2707963,-0.0000000,1.0000000,1.0000000
0.0000000,0.0000000,0.9442268,0.0000000,0.0000000,0.0000000,1.0000000,-0.0001459,0.0007312,-0.1968916,0.6051803,-0.4082888,-0.0007456,0.0001501,-0.0007492,-0.1976975,0.6051824,-0.4074850,0.0007640,0.0000000,0.0000000,0.0000000,1.2707963,-0.0000000,0.0000000,0.0000000,0.0000000,1.2707963,-0.0000000,1.0000000,1.0000000
0.0000000,0.0000000,0.9442268,0.0000000,0.0000000,0.0000000,1.0000000,-0.0001459,0.0007312,-0.1968916,0.6051803,-0.4082888,-0.0007456,0.0001501,-0.0007492,-0.1976975,0.6051824,-0.4074850,0.0007640,0.0000000,0.0000000,0.0000000,1.2707963,-0.0000000,0.0000000,0.0000000,0.0000000,1.2707963,-0.0000000,1.0000000,1.0000000
0.0000000,0.0000000,0.9442268,0.0000000,0.0000000,0.0000000,1.0000000,-0.0001459,0.0007312,-0.1968916,0.6051803,-0.4082888,-0.0007456,0.0001501,-0.0007492,-0.1976975,0.6051824,-0.4074850,0.0007640,0.0000000,0.0000000,0.0000000,1.2707963,-0.0000000,0.0000000,0.0000000,0.0000000,1.2707963,-0.0000000,1.0000000,1.0000000
0.0000000,0.0000000,0.9442268,0.0000000,0.0000000,0.0000000,1.0000000,-0.0001459,0.0007312,-0.1968916,0.6051803,-0.4082888,-0.0007456,0.0001501,-0.0007492,-0.1976975,0.6051824,-0.4074850,0.0007640,0.0000000,0.0000000,0.0000000,1.2707963,-0.0000000,0.0000000,0.0000000,0.0000000,1.2707963,-0.0000000,1.0000000,1.0000000
0.0000000,0.0000000,0.9442268,0.0000000,0.0000000,0.0000000,1.0000000,-0.0001459,0.0007312,-0.1968916,0.6051803,-0.4082888,-0.0007456,0.0001501,-0.0007492,-0.1976975,0.6051824,-0.4074850,0.0007640,0.0000000,0.0000000,0.0000000,1.2707963,-0.0000000,0.0000000,0.0000000,0.0000000,1.2707963,-0.0000000,1.0000000,1.0000000
0.0000000,0.0000000,0.9442268,0.0000000,0.0000000,0.0000000,1.0000000,-0.0001459,0.0007312,-0.1968916,0.6051803,-0.4082888,-0.0007456,0.0001501,-0.0007492,-0.1976975,0.6051824,-0.4074850,0.0007640,0.0000000,0.0000000,0.0000000,1.2707963,-0.0000000,0.0000000,0.0000000,0.0000000,1.2707963,-0.0000000,1.0000000,1.0000000
0.0000000,0.0000000,0.9442268,0.0000000,0.0000000,0.0000000,1.0000000,-0.0001459,0.0007312,-0.1968916,0.6051803,-0.4082888,-0.0007456,0.0001501,-0.0007492,-0.1976975,0.6051824,-0.4074850,0.0007640,0.0000000,0.0000000,0.0000000,1.2707963,-0.0000000,0.0000000,0.0000000,0.0000000,1.2707963,-0.0000000,1.0000000,1.0000000
0.0000000,0.0000000,0.9442268,0.0000000,0.0000000,0.0000000,1.0000000,-0.0001459,0.0007312,-0.1968916,0.6051803,-0.4082888,-0.0007456,0.0001501,-0.0007492,-0.1976975,0.6051824,-0.4074850,0.0007640,0.0000000,0.0000000,0.0000000,1.2707963,-0.0000000,0.0000000,0.0000000,0.0000000,1.2707963,-0.0000000,1.0000000,1.0000000
0.0000000,0.0000000,0.9442268,0.0000000,0.0000000,0.0000000,1.0000000,-0.0001459,0.0007312,-0.1968916,0.6051803,-0.4082888,-0.0007456,0.0001501,-0.0007492,-0.1976975,0.6051824,-0.4074850,0.0007640,0.0000000,0.0000000,0.0000000,1.2707963,-0.0000000,0.0000000,0.0000000,0.0000000,1.2707963,-0.0000000,1.0000000,1.0000000
0.0000000,0.0000000,0.9442268,0.0000000,0.0000000,0.0000000,1.0000000,-0.0001459,0.0007312,-0.1968916,0.6051803,-0.4082888,-0.0007456,0.0001501,-0.0007492,-0.1976975,0.6051824,-0.4074850,0.0007640,0.0000000,0.0000000,0.0000000,1.2707963,-0.0000000,0.0000000,0.0000000,0.0000000,1.2707963,-0.0000000,1.0000000,1.0000000
0.0000000,0.0000000,0.9442268,0.0000000,0.0000000,0.0000000,1.0000000,-0.0001459,0.0007312,-0.1968916,0.6051803,-0.4082888,-0.0007456,0.0001501,-0.0007492,-0.1976975,0.6051824,-0.4074850,0.0007640,0.0000000,0.0000000,0.0000000,1.2707963,-0.0000000,0.0000000,0.0000000,0.0000000,1.2707963,-0.0000000,1.0000000,1.0000000
0.0000000,0.0000000,0.9442268,0.0000000,0.0000000,0.0000000,1.0000000,-0.0001459,0.0007312,-0.1968916,0.6051803,-0.4082888,-0.0007456,0.0001501,-0.0007492,-0.1976975,0.6051824,-0.4074850,0.0007640,0.0000000,0.0000000,0.0000000,1.2707963,-0.0000000,0.0000000,0.0000000,0.0000000,1.2707963,-0.0000000,1.0000000,1.0000000
0.0000000,0.0000000,0.9442268,0.0000000,0.0000000,0.0000000,1.0000000,-0.0001459,0.0007312,-0.1968916,0.6051803,-0.4082888,-0.0007456,0.0001501,-0.0007492,-0.1976975,0.6051824,-0.4074850,0.0007640,0.0000000,0.0000000,0.0000000,1.2707963,-0.0000000,0.0000000,0.0000000,0.0000000,1.2707963,-0.0000000,1.0000000,1.0000000
0.0000000,0.0000000,0.9442268,0.0000000,0.0000000,0.0000000,1.0000000,-0.0001459,0.0007312,-0.1968916,0.6051803,-0.4082888,-0.0007456,0.0001501,-0.0007492,-0.1976975,0.6051824,-0.4074850,0.0007640,0.0000000,0.0000000,0.0000000,1.2707963,-0.0000000,0.0000000,0.0000000,0.0000000,1.2707963,-0.0000000,1.0000000,1.0000000
0.0000000,0.0000000,0.9442268,0.0000000,0.0000000,0.0000000,1.0000000,-0.0001459,0.0007312,-0.1968916,0.6051803,-0.4082888,-0.0007456,0.0001501,-0.0007492,-0.1976975,0.6051824,-0.4074850,0.0007640,0.0000000,0.0000000,0.0000000,1.2707963,-0.0000000,0.0000000,0.0000000,0.0000000,1.2707963,-0.0000000,1.0000000,1.0000000
0.0000000,0.0000000,0.9442269,0.0000000,0.0000000,0.0000000,1.0000000,-0.0001459,0.0007312,-0.1968912,0.6051793,-0.4082881,-0.0007456,0.0001501,-0.0007492,-0.1976971,0.6051814,-0.4074843,0.0007640,0.0000000,0.0000000,0.0000000,1.2707963,-0.0000000,0.0000000,0.0000000,0.0000000,1.2707963,-0.0000000,1.0000000,1.0000000
0.0000000,0.0000000,0.9442278,0.0000000,0.0000000,0.0000000,1.0000000,-0.0001458,0.0007312,-0.1968888,0.6051722,-0.4082834,-0.0007456,0.0001501,-0.0007492,-0.1976947,0.6051743,-0.4074796,0.0007640,0.0000000,0.0000000,0.0000000,1.2707963,-0.0000000,0.0000000,0.0000000,0.0000000,1.2707963,-0.0000000,1.0000000,1.0000000
0.0000000,0.0000000,0.9442301,0.0000000,0.0000000,0.0000000,1.0000000,-0.0001458,0.0007312,-0.1968824,0.6051533,-0.4082709,-0.0007456,0.0001501,-0.0007492,-0.1976883,0.6051554,-0.4074671,0.0007640,0.0000000,0.0000000,0.0000000,1.2707963,-0.0000000,0.0000000,0.0000000,0.0000000,1.2707963,-0.0000000,1.0000000,1.0000000
0.0000000,0.0000000,0.9442346,0.0000000,0.0000000,0.0000000,1.0000000,-0.0001458,0.0007312,-0.1968702,0.6051170,-0.4082469,-0.0007456,0.0001500,-0.0007492,-0.1976761,0.6051191,-0.4074431,0.0007640,0.0000000,0.0000000,0.0000000,1.2707963,-0.0000000,0.0000000,0.0000000,0.0000000,1.2707963,-0.0000000,1.0000000,1.0000000
0.0000000,0.0000000,0.9442418,0.0000000,0.0000000,0.0000000,1.0000000,-0.0001458,0.0007312,-0.1968504,0.6050582,-0.4082079,-0.0007456,0.0001500,-0.0007492,-0.1976562,0.6050603,-0.4074041,0.0007640,0.0000000,0.0000000,0.0000000,1.2707963,-0.0000000,0.0000000,0.0000000,0.0000000,1.2707963,-0.0000000,1.0000000,1.0000000
0.0000000,0.0000000,0.9442525,0.0000000,0.0000000,0.0000000,1.0000000,-0.0001458,0.0007312,-0.1968212,0.6049719,-0.4081507,-0.0007456,0.0001500,-0.0007491,-0.1976271,0.6049740,-0.4073470,0.0007640,0.0000000,0.0000000,0.0000000,1.2707963,-0.0000000,0.0000000,0.0000000,0.0000000,1.2707963,-0.0000000,1.0000000,1.0000000
0.0000000,0.0000000,0.9442671,0.0000000,0.0000000,0.0000000,1.0000000,-0.0001458,0.0007312,-0.1967813,0.6048534,-0.4080722,-0.0007455,0.0001500,-0.0007491,-0.1975871,0.6048556,-0.4072685,0.0007640,0.0000000,0.0000000,0.0000000,1.2707963,-0.0000000,0.0000000,0.0000000,0.0000000,1.2707963,-0.0000000,1.0000000,1.0000000
0.0000000,0.0000000,0.9442862,0.0000000,0.0000000,0.0000000,1.0000000,-0.0001457,0.0007311,-0.1967289,0.6046984,-0.4079695,-0.0007455,0.0001499,-0.0007491,-0.1975348,0.6047005,-0.4071658,0.0007640,0.0000000,0.0000000,0.0000000,1.2707963,-0.0000000,0.0000000,0.0000000,0.0000000,1.2707963,-0.0000000,1.0000000,1.0000000
0.0000000,0.0000000,0.9443103,0.0000000,0.0000000,0.0000000,1.0000000,-0.0001457,0.0007311,-0.1966629,0.6045027,-0.4078399,-0.0007455,0.0001499,-0.0007491,-0.1974687,0.6045048,-0.4070362,0.0007640,0.0000000,0.0000000,0.0000000,1.2707963,-0.0000000,0.0000000,0.0000000,0.0000000,1.2707963,-0.0000000,1.0000000,1.0000000
0.0000000,0.0000000,0.9443399,0.0000000,0.0000000,0.0000000,1.0000000,-0.0001456,0.0007311,-0.1965817,0.6042623,-0.4076806,-0.0007455,0.0001498,-0.0007491,-0.1973875,0.6042644,-0.4068770,0.0007639,0.0000000,0.0000000,0.0000000,1.2707963,-0.0000000,0.0000000,0.0000000,0.0000000,1.2707963,-0.0000000,1.0000000,1.0000000
0.0000000,0.0000000,0.9443755,0.0000000,0.0000000,0.0000000,1.0000000,-0.0001455,0.0007311,-0.1964843,0.6039737,-0.4074894,-0.0007455,0.0001497,-0.0007491,-0.1972901,0.6039758,-0.4066858,0.0007639,0.0000000,0.0000000,0.0000000,1.2707963,-0.0000000,0.0000000,0.0000000,0.0000000,1.2707963,-0.0000000,1.0000000,1.0000000
0.0000000,0.0000000,0.9444174,0.0000000,0.0000000,0.0000000,1.0000000,-0.0001454,0.0007311,-0.1963694,0.6036333,-0.4072639,-0.0007454,0.0001496,-0.0007491,-0.1971751,0.6036354,-0.4064603,0.0007639,0.0000000,0.0000000,0.0000000,1.2707963,-0.0000000,0.0000000,0.0000000,0.0000000,1.2707963,-0.0000000,1.0000000,1.0000000
0.0000000,0.0000000,0.9444660,0.0000000,0.0000000,0.0000000,1.0000000,-0.0001453,0.0007311,-0.1962360,0.6032380,-0.4070021,-0.0007454,0.0001495,-0.0007491,-0.1970417,0.6032401,-0.4061985,0.0007638,0.0000000,0.0000000,0.0000000,1.2707963,-0.0000000,0.0000000,0.0000000,0.0000000,1.2707963,-0.0000000,1.0000000,1.0000000
0.0000000,0.0000000,0.9445217,0.0000000,0.0000000,0.0000000,1.0000000,-0.0001452,0.0007310,-0.1960830,0.6027849,-0.4067019,-0.0007453,0.0001494,-0.0007490,-0.1968886,0.6027870,-0.4058984,0.0007638,0.0000000,0.0000000,0.0000000,1.2707963,-0.0000000,0.0000000,0.0000000,0.0000000,1.2707963,-0.0000000,1.0000000,1.0000000
0.0000000,0.0000000,0.9445848,0.0000000,0.0000000,0.0000000,1.0000000,-0.0001451,0.0007310,-0.1959095,0.6022710,-0.4063616,-0.0007453,0.0001493,-0.0007490,-0.1967151,0.6022731,-0.4055581,0.0007637,0.0000000,0.0000000,0.0000000,1.2707963,-0.0000000,0.0000000,0.0000000,0.0000000,1.2707963,-0.0000000,1.0000000,1.0000000
0.0000000,0.0000000,0.9446556,0.0000000,0.0000000,0.0000000,1.0000000,-0.0001449,0.0007310,-0.1957147,0.6016940,-0.4059793,-0.0007452,0.0001491,-0.0007490,-0.1965202,0.6016961,-0.4051760,0.0007637,0.0000000,0.0000000,0.0000000,1.2707963,-0.0000000,0.0000000,0.0000000,0.0000000,1.2707963,-0.0000000,1.0000000,1.0000000
0.0000000,0.0000000,0.9447343,0.0000000,0.0000000,0.0000000,1.0000000,-0.0001447,0.0007310,-0.1954977,0.6010514,-0.4055537,-0.0007451,0.0001489,-0.0007489,-0.1963031,0.6010535,-0.4047504,0.0007636,0.0000000,0.0000000,0.0000000,1.2707963,-0.0000000,0.0000000,0.0000000,0.0000000,1.2707963,-0.0000000,1.0000000,1.0000000
0.0000000,0.0000000,0.9448213,0.0000000,0.0000000,0.0000000,1.0000000,-0.0001446,0.0007309,-0.1952578,0.6003410,-0.4050832,-0.0007451,0.0001487,-0.0007489,-0.1960632,0.6003431,-0.4042800,0.0007635,0.0000000,0.0000000,0.0000000,1.2707963,-0.0000000,0.0000000,0.0000000,0.0000000,1.2707963,-0.0000000,1.0000000,1.0000000
0.0000000,0.0000000,0.9449167,0.0000000,0.0000000,0.0000000,1.0000000,-0.0001443,0.0007309,-0.1949944,0.5995610,-0.4045666,-0.0007450,0.0001485,-0.0007489,-0.1957996,0.5995630,-0.4037635,0.0007634,0.0000000,0.0000000,0.0000000,1.2707963,-0.0000000,0.0000000,0.0000000,0.0000000,1.2707963,-0.0000000,1.0000000,1.0000000
0.0000000,0.0000000,0.9450208,0.0000000,0.0000000,0.0000000,1.0000000,-0.0001441,0.0007308,-0.1947067,0.5987094,-0.4040027,-0.0007449,0.0001483,-0.0007488,-0.1955119,0.5987114,-0.4031996,0.0007633,0.0000000,0.0000000,0.0000000,1.2707963,-0.0000000,0.0000000,0.0000000,0.0000000,1.2707963,-0.0000000,1.0000000,1.0000000
0.0000000,0.0000000,0.9451336,0.0000000,0.0000000,0.0000000,1.0000000,-0.0001439,0.0007308,-0.1943943,0.5977847,-0.4033904,-0.0007448,0.0001480,-0.0007488,-0.1951994,0.5977867,-0.4025874,0.0007632,0.0000000,0.0000000,0.0000000,1.2707963,-0.0000000,0.0000000,0.0000000,0.0000000,1.2707963,-0.0000000,1.0000000,1.0000000
0.0000000,0.0000000,0.9452553,0.0000000,0.0000000,0.0000000,1.0000000,-0.0001436,0.0007307,-0.1940567,0.5967854,-0.4027287,-0.0007447,0.0001478,-0.0007487,-0.1948616,0.5967874,-0.4019258,0.0007631,0.0000000,0.0000000,0.0000000,1.2707963,-0.0000000,0.0000000,0.0000000,0.0000000,1.2707963,-0.0000000,1.0000000,1.0000000
0.0000000,0.0000000,0.9453860,0.0000000,0.0000000,0.0000000,1.0000000,-0.0001433,0.0007307,-0.1936934,0.5957102,-0.4020169,-0.0007446,0.0001475,-0.0007486,-0.1944982,0.5957123,-0.4012141,0.0007630,0.0000000,0.0000000,0.0000000,1.2707963,-0.0000000,0.0000000,0.0000000,0.0000000,1.2707963,-0.0000000,1.0000000,1.0000000
0.0000000,0.0000000,0.9455258,0.0000000,0.0000000,0.0000000,1.0000000,-0.0001430,0.0007306,-0.1933040,0.5945581,-0.4012541,-0.0007445,0.0001472,-0.0007486,-0.1941087,0.5945601,-0.4004515,0.0007629,0.0000000,0.0000000,0.0000000,1.2707963,-0.0000000,0.0000000,0.0000000,0.0000000,1.2707963,-0.0000000,1.0000000,1.0000000
0.0000000,0.0000000,0.9456748,0.0000000,0.0000000,0.0000000,1.0000000,-0.0001427,0.0007305,-0.1928882,0.5933280,-0.4004398,-0.0007443,0.0001468,-0.0007485,-0.1936928,0.5933301,-0.3996374,0.0007628,0.0000000,0.0000000,0.0000000,1.2707963,-0.0000000,0.0000000,0.0000000,0.0000000,1.2707963,-0.0000000,1.0000000,1.0000000
0.0000000,0.0000000,0.9458330,0.0000000,0.0000000,0.0000000,1.0000000,-0.0001423,0.0007305,-0.1924457,0.5920192,-0.3995735,-0.0007442,0.0001465,-0.0007484,-0.1932501,0.5920212,-0.3987712,0.0007626,0.0000000,0.0000000,0.0000000,1.2707963,-0.0000000,0.0000000,0.0000000,0.0000000,1.2707963,-0.0000000,1.0000000,1.0000000
0.0000000,0.0000000,0.9460005,0.0000000,0.0000000,0.0000000,1.0000000,-0.0001420,0.0007304,-0.1919763,0.5906309,-0.3986547,-0.0007441,0.0001461,-0.0007484,-0.1927805,0.5906330,-0.3978525,0.0007625,0.0000000,0.0000000,0.0000000,1.2707963,-0.0000000,0.0000000,0.0000000,0.0000000,1.2707963,-0.0000000,1.0000000,1.0000000
0.0000000,0.0000000,0.9461771,0.0000000,0.0000000,0.0000000,1.0000000,-0.0001416,0.0007303,-0.1914797,0.5891627,-0.3976831,-0.0007439,0.0001457,-0.0007483,-0.1922838,0.5891647,-0.3968810,0.0007623,0.0000000,0.0000000,0.0000000,1.2707963,-0.0000000,0.0000000,0.0000000,0.0000000,1.2707963,-0.0000000,1.0000000,1.0000000
0.0000000,0.0000000,0.9463630,0.0000000,0.0000000,0.0000000,1.0000000,-0.0001412,0.0007302,-0.1909558,0.5876142,-0.3966584,-0.0007438,0.0001453,-0.0007482,-0.1917597,0.5876162,-0.3958565,0.0007622,0.0000000,0.0000000,0.0000000,1.2707963,-0.0000000,0.0000000,0.0000000,0.0000000,1.2707963,-0.0000000,1.0000000,1.0000000
0.0000000,0.0000000,0.9465581,0.0000000,0.0000000,0.0000000,1.0000000,-0.0001407,0.0007302,-0.1904046,0.5859850,-0.3955805,-0.0007436,0.0001448,-0.0007481,-0.1912083,0.5859870,-0.3947788,0.0007620,0.0000000,0.0000000,0.0000000,1.2707963,-0.0000000,0.0000000,0.0000000,0.0000000,1.2707963,-0.0000000,1.0000000,1.0000000
0.0000000,0.0000000,0.9467622,0.0000000,0.0000000,0.0000000,1.0000000,-0.0001403,0.0007301,-0.1898259,0.5842751,-0.3944493,-0.0007434,0.0001443,-0.0007480,-0.1906294,0.5842771,-0.3936478,0.0007618,0.0000000,0.0000000,0.0000000,1.2707963,-0.0000000,0.0000000,0.0000000,0.0000000,1.2707963,-0.0000000,1.0000000,1.0000000
0.0000000,0.0000000,0.9469754,0.0000000,0.0000000,0.0000000,1.0000000,-0.0001398,0.0007300,-0.1892197,0.5824845,-0.3932649,-0.0007432,0.0001439,-0.0007479,-0.1900230,0.5824865,-0.3924635,0.0007616,0.0000000,0.0000000,0.0000000,1.2707963,-0.0000000,0.0000000,0.0000000,0.0000000,1.2707963,-0.0000000,1.0000000,1.0000000
0.0000000,0.0000000,0.9471975,0.0000000,0.0000000,0.0000000,1.0000000,-0.0001393,0.0007299,-0.1885861,0.5806133,-0.3920273,-0.0007430,0.0001433,-0.0007478,-0.1893892,0.5806153,-0.3912261,0.0007614,0.0000000,0.0000000,0.0000000,1.2707963,-0.0000000,0.0000000,0.0000000,0.0000000,1.2707963,-0.0000000,1.0000000,1.0000000
0.0000000,0.0000000,0.9474284,0.0000000,0.0000000,0.0000000,1.0000000,-0.0001388,0.0007298,-0.1879251,0.5786618,-0.3907367,-0.0007429,0.0001428,-0.0007477,-0.1887280,0.5786637,-0.3899358,0.0007612,0.0000000,0.0000000,0.0000000,1.2707963,-0.0000000,0.0000000,0.0000000,0.0000000,1.2707963,-0.0000000,1.0000000,1.0000000
0.0000000,0.0000000,0.9476680,0.0000000,0.0000000,0.0000000,1.0000000,-0.0001382,0.0007297,-0.1872368,0.5766303,-0.3893935,-0.0007426,0.0001423,-0.0007476,-0.1880395,0.5766322,-0.3885928,0.0007610,0.0000000,0.0000000,0.0000000,1.2707963,-0.0000000,0.0000000,0.0000000,0.0000000,1.2707963,-0.0000000,1.0000000,1.0000000
0.0000000,0.0000000,0.9479161,0.0000000,0.0000000,0.0000000,1.0000000,-0.0001377,0.0007296,-0.1865214,0.5745193,-0.3879979,-0.0007424,0.0001417,-0.0007475,-0.1873239,0.5745212,-0.3871974,0.0007608,0.0000000,0.0000000,0.0000000,1.2707963,-0.0000000,0.0000000,0.0000000,0.0000000,1.2707963,-0.0000000,1.0000000,1.0000000
0.0000000,0.0000000,0.9481725,0.0000000,0.0000000,0.0000000,1.0000000,-0.0001371,0.0007295,-0.1857791,0.5723294,-0.3865503,-0.0007422,0.0001411,-0.0007474,-0.1865813,0.5723313,-0.3857500,0.0007606,0.0000000,0.0000000,0.0000000,1.2707963,-0.0000000,0.0000000,0.0000000,0.0000000,1.2707963,-0.0000000,1.0000000,1.0000000
0.0000000,0.0000000,0.9484371,0.0000000,0.0000000,0.0000000,1.0000000,-0.0001365,0.0007293,-0.1850100,0.5700613,-0.3850513,-0.0007420,0.0001405,-0.0007473,-0.1858119,0.5700631,-0.3842513,0.0007604,0.0000000,0.0000000,0.0000000,1.2707963,-0.0000000,0.0000000,0.0000000,0.0000000,1.2707963,-0.0000000,1.0000000,1.0000000
0.0000000,0.0000000,0.9487097,0.0000000,0.0000000,0.0000000,1.0000000,-0.0001359,0.0007292,-0.1842144,0.5677158,-0.3835014,-0.0007418,0.0001398,-0.0007472,-0.1850161,0.5677176,-0.3827016,0.0007601,0.0000000,0.0000000,0.0000000,1.2707963,-0.0000000,0.0000000,0.0000000,0.0000000,1.2707963,-0.0000000,1.0000000,1.0000000
0.0000000,0.0000000,0.9489900,0.0000000,0.0000000,0.0000000,1.0000000,-0.0001352,0.0007291,-0.1833926,0.5652938,-0.3819013,-0.0007415,0.0001392,-0.0007470,-0.1841940,0.5652956,-0.3811017,0.0007599,0.0000000,0.0000000,0.0000000,1.2707963,-0.0000000,0.0000000,0.0000000,0.0000000,1.2707963,-0.0000000,1.0000000,1.0000000
0.0000000,0.0000000,0.9492778,0.0000000,0.0000000,0.0000000,1.0000000,-0.0001346,0.0007290,-0.1825449,0.5627964,-0.3802515,-0.0007413,0.0001385,-0.0007469,-0.1833461,0.5627982,-0.3794522,0.0007596,0.0000000,0.0000000,0.0000000,1.2707963,-0.0000000,0.0000000,0.0000000,0.0000000,1.2707963,-0.0000000,1.0000000,1.0000000
0.0000000,0.0000000,0.9495729,0.0000000,0.0000000,0.0000000,1.0000000,-0.0001339,0.0007288,-0.1816717,0.5602247,-0.3785530,-0.0007410,0.0001378,-0.0007468,-0.1824726,0.5602265,-0.3777539,0.0007594,0.0000000,0.0000000,0.0000000,1.2707963,-0.0000000,0.0000000,0.0000000,0.0000000,1.2707963,-0.0000000,1.0000000,1.0000000
0.0000000,0.0000000,0.9498750,0.0000000,0.0000000,0.0000000,1.0000000,-0.0001332,0.0007287,-0.1807734,0.5575799,-0.3768065,-0.0007408,0.0001371,-0.0007466,-0.1815740,0.5575817,-0.3760077,0.0007591,0.0000000,0.0000000,0.0000000,1.2707963,-0.0000000,0.0000000,0.0000000,0.0000000,1.2707963,-0.0000000,1.0000000,1.0000000
0.0000000,0.0000000,0.9501839,0.0000000,0.0000000,0.0000000,1.0000000,-0.0001325,0.0007286,-0.1798504,0.5548633,-0.3750130,-0.0007405,0.0001363,-0.0007465,-0.1806507,0.5548651,-0.3742144,0.0007589,0.0000000,0.0000000,0.0000000,1.2707963,-0.0000000,0.0000000,0.0000000,0.0000000,1.2707963,-0.0000000,1.0000000,1.0000000
0.0000000,0.0000000,0.9504992,0.0000000,0.0000000,0.0000000,1.0000000,-0.0001317,0.0007284,-0.1789032,0.5520765,-0.3731733,-0.0007403,0.0001356,-0.0007464,-0.1797032,0.5520782,-0.3723751,0.0007586,0.0000000,0.0000000,0.0000000,1.2707963,-0.0000000,0.0000000,0.0000000,0.0000000,1.2707963,-0.0000000,1.0000000,1.0000000
0.0000000,0.0000000,0.9508208,0.0000000,0.0000000,0.0000000,1.0000000,-0.0001310,0.0007283,-0.1779322,0.5492208,-0.3712886,-0.0007400,0.0001348,-0.0007462,-0.1787319,0.5492225,-0.3704906,0.0007583,0.0000000,0.0000000,0.0000000,1.2707963,-0.0000000,0.0000000,0.0000000,0.0000000,1.2707963,-0.0000000,1.0000000,1.0000000
0.0000000,0.0000000,0.9511482,0.0000000,0.0000000,0.0000000,1.0000000,-0.0001302,0.0007282,-0.1769380,0.5462979,-0.3693600,-0.0007397,0.0001340,-0.0007461,-0.1777374,0.5462996,-0.3685623,0.0007580,0.0000000,0.0000000,0.0000000,1.2707963,-0.0000000,0.0000000,0.0000000,0.0000000,1.2707963,-0.0000000,1.0000000,1.0000000
0.0000000,0.0000000,0.9514813,0.0000000,0.0000000,0.0000000,1.0000000,-0.0001294,0.0007280,-0.1759211,0.5433096,-0.3673885,-0.0007394,0.0001332,-0.0007459,-0.1767202,0.5433113,-0.3665911,0.0007577,0.0000000,0.0000000,0.0000000,1.2707963,-0.0000000,0.0000000,0.0000000,0.0000000,1.2707963,-0.0000000,1.0000000,1.0000000
0.0000000,0.0000000,0.9518196,0.0000000,0.0000000,0.0000000,1.0000000,-0.0001286,0.0007279,-0.1748822,0.5402576,-0.3653754,-0.0007391,0.0001324,-0.0007458,-0.1756810,0.5402593,-0.3645783,0.0007575,0.0000000,0.0000000,0.0000000,1.2707963,-0.0000000,0.0000000,0.0000000,0.0000000,1.2707963,-0.0000000,1.0000000,1.0000000
0.0000000,0.0000000,0.9521628,0.0000000,0.0000000,0.0000000,1.0000000,-0.0001278,0.0007277,-0.1738219,0.5371439,-0.3633221,-0.0007389,0.0001315,-0.0007456,-0.1746204,0.5371455,-0.3625252,0.0007572,0.0000000,0.0000000,0.0000000,1.2707963,-0.0000000,0.0000000,0.0000000,0.0000000,1.2707963,-0.0000000,1.0000000,1.0000000
0.0000000,0.0000000,0.9525106,0.0000000,0.0000000,0.0000000,1.0000000,-0.0001269,0.0007276,-0.1727408,0.5339704,-0.3612297,-0.0007386,0.0001307,-0.0007455,-0.1735389,0.5339720,-0.3604332,0.0007569,0.0000000,0.0000000,0.0000000,1.2707963,-0.0000000,0.0000000,0.0000000,0.0000000,1.2707963,-0.0000000,1.0000000,1.0000000
0.0000000,0.0000000,0.9528628,0.0000000,0.0000000,0.0000000,1.0000000,-0.0001261,0.0007274,-0.1716396,0.5307393,-0.3590998,-0.0007383,0.0001298,-0.0007453,-0.1724374,0.5307409,-0.3583035,0.0007566,0.0000000,0.0000000,0.0000000,1.2707963,-0.0000000,0.0000000,0.0000000,0.0000000,1.2707963,-0.0000000,1.0000000,1.0000000
0.0000000,0.0000000,0.9532188,0.0000000,0.0000000,0.0000000,1.0000000,-0.0001252,0.0007273,-0.1705190,0.5274528,-0.3569338,-0.0007380,0.0001289,-0.0007452,-0.1713165,0.5274543,-0.3561378,0.0007562,0.0000000,0.0000000,0.0000000,1.2707963,-0.0000000,0.0000000,0.0000000,0.0000000,1.2707963,-0.0000000,1.0000000,1.0000000
0.0000000,0.0000000,0.9535784,0.0000000,0.0000000,0.0000000,1.0000000,-0.0001244,0.0007271,-0.1693799,0.5241130,-0.3547332,-0.0007377,0.0001280,-0.0007450,-0.1701770,0.5241145,-0.3539375,0.0007559,0.0000000,0.0000000,0.0000000,1.2707963,-0.0000000,0.0000000,0.0000000,0.0000000,1.2707963,-0.0000000,1.0000000,1.0000000
0.0000000,0.0000000,0.9539412,0.0000000,0.0000000,0.0000000,1.0000000,-0.0001235,0.0007270,-0.1682229,0.5207224,-0.3524996,-0.0007374,0.0001271,-0.0007449,-0.1690197,0.5207239,-0.3517042,0.0007556,0.0000000,0.0000000,0.0000000,1.2707963,-0.0000000,0.0000000,0.0000000,0.0000000,1.2707963,-0.0000000,1.0000000,1.0000000
0.0000000,0.0000000,0.9543068,0.0000000,0.0000000,0.0000000,1.0000000,-0.0001226,0.0007268,-0.1670490,0.5172835,-0.3502346,-0.0007371,0.0001262,-0.0007447,-0.1678455,0.5172850,-0.3494396,0.0007553,0.0000000,0.0000000,0.0000000,1.2707963,-0.0000000,0.0000000,0.0000000,0.0000000,1.2707963,-0.0000000,1.0000000,1.0000000
0.0000000,0.0000000,0.9546749,0.0000000,0.0000000,0.0000000,1.0000000,-0.0001216,0.0007266,-0.1658589,0.5137988,-0.3479399,-0.0007368,0.0001252,-0.0007445,-0.1666551,0.5138002,-0.3471452,0.0007550,0.0000000,0.0000000,0.0000000,1.2707963,-0.0000000,0.0000000,0.0000000,0.0000000,1.2707963,-0.0000000,1.0000000,1.0000000
0.0000000,0.0000000,0.9550451,0.0000000,0.0000000,0.0000000,1.0000000,-0.0001207,0.0007265,-0.1646536,0.5102709,-0.3456174,-0.0007364,0.0001243,-0.0007444,-0.1654494,0.5102724,-0.3448230,0.0007547,0.0000000,0.0000000,0.0000000,1.2707963,-0.0000000,0.0000000,0.0000000,0.0000000,1.2707963,-0.0000000,1.0000000,1.0000000
0.0000000,0.0000000,0.9554170,0.0000000,0.0000000,0.0000000,1.0000000,-0.0001198,0.0007263,-0.1634340,0.5067027,-0.3432687,-0.0007361,0.0001233,-0.0007442,-0.1642294,0.5067040,-0.3424747,0.0007544,0.0000000,0.0000000,0.0000000,1.2707963,-0.0000000,0.0000000,0.0000000,0.0000000,1.2707963,-0.0000000,1.0000000,1.0000000
0.0000000,0.0000000,0.9557903,0.0000000,0.0000000,0.0000000,1.0000000,-0.0001188,0.0007262,-0.1622010,0.5030968,-0.3408959,-0.0007358,0.0001224,-0.0007441,-0.1629961,0.5030981,-0.3401021,0.0007540,0.0000000,0.0000000,0.0000000,1.2707963,-0.0000000,0.0000000,0.0000000,0.0000000,1.2707963,-0.0000000,1.0000000,1.0000000
0.0000000,0.0000000,0.9561645,0.0000000,0.0000000,0.0000000,1.0000000,-0.0001179,0.0007260,-0.1609556,0.4994562,-0.3385007,-0.0007355,0.0001214,-0.0007439,-0.1617503,0.4994576,-0.3377073,0.0007537,0.0000000,0.0000000,0.0000000,1.2707963,-0.0000000,0.0000000,0.0000000,0.0000000,1.2707963,-0.0000000,1.0000000,1.0000000
0.0000000,0.0000000,0.9565393,0.0000000,0.0000000,0.0000000,1.0000000,-0.0001169,0.0007259,-0.1596988,0.4957840,-0.3360852,-0.0007352,0.0001204,-0.0007437,-0.1604932,0.4957853,-0.3352921,0.0007534,0.0000000,0.0000000,0.0000000,1.2707963,-0.0000000,0.0000000,0.0000000,0.0000000,1.2707963,-0.0000000,1.0000000,1.0000000
0.0000000,0.0000000,0.9569143,0.0000000,0.0000000,0.0000000,1.0000000,-0.0001159,0.0007257,-0.1584318,0.4920832,-0.3336515,-0.0007349,0.0001194,-0.0007436,-0.1592258,0.4920845,-0.3328587,0.0007531,0.0000000,0.0000000,0.0000000,1.2707963,-0.0000000,0.0000000,0.0000000,0.0000000,1.2707963,-0.0000000,1.0000000,1.0000000
0.0000000,0.0000000,0.9572891,0.0000000,0.0000000,0.0000000,1.0000000,-0.0001150,0.0007255,-0.1571555,0.4883570,-0.3312016,-0.0007346,0.0001184,-0.0007434,-0.1579492,0.4883583,-0.3304091,0.0007528,0.0000000,0.0000000,0.0000000,1.2707963,-0.0000000,0.0000000,0.0000000,0.0000000,1.2707963,-0.0000000,1.0000000,1.0000000
0.0000000,0.0000000,0.9576633,0.0000000,0.0000000,0.0000000,1.0000000,-0.0001140,0.0007254,-0.1558710,0.4846087,-0.3287377,-0.0007343,0.0001174,-0.0007432,-0.1566644,0.4846099,-0.3279455,0.0007525,0.0000000,0.0000000,0.0000000,1.2707963,-0.0000000,0.0000000,0.0000000,0.0000000,1.2707963,-0.0000000,1.0000000,1.0000000
0.0000000,0.0000000,0.9580366,0.0000000,0.0000000,0.0000000,1.0000000,-0.0001130,0.0007252,-0.1545796,0.4808416,-0.3262620,-0.0007340,0.0001164,-0.0007431,-0.1553727,0.4808428,-0.3254702,0.0007521,0.0000000,0.0000000,0.0000000,1.2707963,-0.0000000,0.0000000,0.0000000,0.0000000,1.2707963,-0.0000000,1.0000000,1.0000000
0.0000000,0.0000000,0.9584085,0.0000000,0.0000000,0.0000000,1.0000000,-0.0001120,0.0007251,-0.1532824,0.4770592,-0.3237768,-0.0007337,0.0001154,-0.0007429,-0.1540751,0.4770603,-0.3229852,0.0007518,0.0000000,0.0000000,0.0000000,1.2707963,-0.0000000,0.0000000,0.0000000,0.0000000,1.2707963,-0.0000000,1.0000000,1.0000000
0.0000000,0.0000000,0.9587787,0.0000000,0.0000000,0.0000000,1.0000000,-0.0001110,0.0007249,-0.1519806,0.4732650,-0.3212844,-0.0007333,0.0001144,-0.0007428,-0.1527730,0.4732661,-0.3204931,0.0007515,0.0000000,0.0000000,0.0000000,1.2707963,-0.0000000,0.0000000,0.0000000,0.0000000,1.2707963,-0.0000000,1.0000000,1.0000000
0.0000000,0.0000000,0.9591468,0.0000000,0.0000000,0.0000000,1.0000000,-0.0001100,0.0007247,-0.1506755,0.4694625,-0.3187871,-0.0007330,0.0001133,-0.0007426,-0.1514675,0.4694636,-0.3179961,0.0007512,0.0000000,0.0000000,0.0000000,1.2707963,-0.0000000,0.0000000,0.0000000,0.0000000,1.2707963,-0.0000000,1.0000000,1.0000000
0.0000000,0.0000000,0.9595124,0.0000000,0.0000000,0.0000000,1.0000000,-0.0001090,0.0007246,-0.1493683,0.4656556,-0.3162874,-0.0007327,0.0001123,-0.0007424,-0.1501600,0.4656567,-0.3154968,0.0007509,0.0000000,0.0000000,0.0000000,1.2707963,-0.0000000,0.0000000,0.0000000,0.0000000,1.2707963,-0.0000000,1.0000000,1.0000000
0.0000000,0.0000000,0.9598752,0.0000000,0.0000000,0.0000000,1.0000000,-0.0001081,0.0007244,-0.1480603,0.4618480,-0.3137877,-0.0007324,0.0001113,-0.0007423,-0.1488516,0.4618490,-0.3129974,0.0007506,0.0000000,0.0000000,0.0000000,1.2707963,-0.0000000,0.0000000,0.0000000,0.0000000,1.2707963,-0.0000000,1.0000000,1.0000000
0.0000000,0.0000000,0.9602348,0.0000000,0.0000000,0.0000000,1.0000000,-0.0001071,0.0007243,-0.1467528,0.4580434,-0.3112906,-0.0007321,0.0001103,-0.0007421,-0.1475438,0.4580444,-0.3105006,0.0007503,0.0000000,0.0000000,0.0000000,1.2707963,-0.0000000,0.0000000,0.0000000,0.0000000,1.2707963,-0.0000000,1.0000000,1.0000000
0.0000000,0.0000000,0.9605908,0.0000000,0.0000000,0.0000000,1.0000000,-0.0001061,0.0007241,-0.1454472,0.4542459,-0.3087987,-0.0007319,0.0001093,-0.0007420,-0.1462379,0.4542468,-0.3080090,0.0007500,0.0000000,0.0000000,0.0000000,1.2707963,-0.0000000,0.0000000,0.0000000,0.0000000,1.2707963,-0.0000000,1.0000000,1.0000000
0.0000000,0.0000000,0.9609429,0.0000000,0.0000000,0.0000000,1.0000000,-0.0001051,0.0007240,-0.1441449,0.4504593,-0.3063145,-0.0007316,0.0001083,-0.0007418,-0.1449352,0.4504602,-0.3055250,0.0007497,0.0000000,0.0000000,0.0000000,1.2707963,-0.0000000,0.0000000,0.0000000,0.0000000,1.2707963,-0.0000000,1.0000000,1.0000000
0.0000000,0.0000000,0.9612908,0.0000000,0.0000000,0.0000000,1.0000000,-0.0001041,0.0007238,-0.1428472,0.4466878,-0.3038406,-0.0007313,0.0001073,-0.0007417,-0.1436373,0.4466887,-0.3030515,0.0007494,0.0000000,0.0000000,0.0000000,1.2707963,-0.0000000,0.0000000,0.0000000,0.0000000,1.2707963,-0.0000000,1.0000000,1.0000000
0.0000000,0.0000000,0.9616340,0.0000000,0.0000000,0.0000000,1.0000000,-0.0001031,0.0007237,-0.1415557,0.4429355,-0.3013798,-0.0007310,0.0001063,-0.0007415,-0.1423454,0.4429363,-0.3005910,0.0007491,0.0000000,0.0000000,0.0000000,1.2707963,-0.0000000,0.0000000,0.0000000,0.0000000,1.2707963,-0.0000000,1.0000000,1.0000000
0.0000000,0.0000000,0.9619723,0.0000000,0.0000000,0.0000000,1.0000000,-0.0001022,0.0007235,-0.1402717,0.4392064,-0.2989348,-0.0007307,0.0001053,-0.0007414,-0.1410611,0.4392073,-0.2981462,0.0007488,0.0000000,0.0000000,0.0000000,1.2707963,-0.0000000,0.0000000,0.0000000,0.0000000,1.2707963,-0.0000000,1.0000000,1.0000000
0.0000000,0.0000000,0.9623054,0.0000000,0.0000000,0.0000000,1.0000000,-0.0001012,0.0007234,-0.1389966,0.4355049,-0.2965083,-0.0007304,0.0001043,-0.0007412,-0.1397857,0.4355057,-0.2957200,0.0007485,0.0000000,0.0000000,0.0000000,1.2707963,-0.0000000,0.0000000,0.0000000,0.0000000,1.2707963,-0.0000000,1.0000000,1.0000000
0.0000000,0.0000000,0.9626328,0.0000000,0.0000000,0.0000000,1.0000000,-0.0001003,0.0007233,-0.1377321,0.4318352,-0.2941031,-0.0007302,0.0001033,-0.0007411,-0.1385209,0.4318360,-0.2933151,0.0007483,0.0000000,0.0000000,0.0000000,1.2707963,-0.0000000,0.0000000,0.0000000,0.0000000,1.2707963,-0.0000000,1.0000000,1.0000000
0.0000000,0.0000000,0.9629544,0.0000000,0.0000000,0.0000000,1.0000000,-0.0000993,0.0007231,-0.1364795,0.4282015,-0.2917220,-0.0007299,0.0001024,-0.0007410,-0.1372680,0.4282023,-0.2909343,0.0007480,0.0000000,0.0000000,0.0000000,1.2707963,-0.0000000,0.0000000,0.0000000,0.0000000,1.2707963,-0.0000000,1.0000000,1.0000000
0.0000000,0.0000000,0.9632697,0.0000000,0.0000000,0.0000000,1.0000000,-0.0000984,0.0007230,-0.1352405,0.4246082,-0.2893678,-0.0007297,0.0001014,-0.0007408,-0.1360287,0.4246089,-0.2885803,0.0007477,0.0000000,0.0000000,0.0000000,1.2707963,-0.0000000,0.0000000,0.0000000,0.0000000,1.2707963,-0.0000000,1.0000000,1.0000000
0.0000000,0.0000000,0.9635786,0.0000000,0.0000000,0.0000000,1.0000000,-0.0000975,0.0007229,-0.1340164,0.4210596,-0.2870433,-0.0007294,0.0001005,-0.0007407,-0.1348043,0.4210603,-0.2862560,0.0007475,0.0000000,0.0000000,0.0000000,1.2707963,-0.0000000,0.0000000,0.0000000,0.0000000,1.2707963,-0.0000000,1.0000000,1.0000000
0.0000000,0.0000000,0.9638807,0.0000000,0.0000000,0.0000000,1.0000000,-0.0000966,0.0007227,-0.1328088,0.4175600,-0.2847513,-0.0007292,0.0000995,-0.0007406,-0.1335964,0.4175607,-0.2839643,0.0007472,0.0000000,0.0000000,0.0000000,1.2707963,-0.0000000,0.0000000,0.0000000,0.0000000,1.2707963,-0.0000000,1.0000000,1.0000000
0.0000000,0.0000000,0.9641758,0.0000000,0.0000000,0.0000000,1.0000000,-0.0000957,0.0007226,-0.1316192,0.4141138,-0.2824947,-0.0007289,0.0000986,-0.0007404,-0.1324066,0.4141144,-0.2817079,0.0007470,0.0000000,0.0000000,0.0000000,1.2707963,-0.0000000,0.0000000,0.0000000,0.0000000,1.2707963,-0.0000000,1.0000000,1.0000000
0.0000000,0.0000000,0.9644636,0.0000000,0.0000000,0.0000000,1.0000000,-0.0000948,0.0007225,-0.1304491,0.4107252,-0.2802761,-0.0007287,0.0000977,-0.0007403,-0.1312362,0.4107258,-0.2794896,0.0007467,0.0000000,0.0000000,0.0000000,1.2707963,-0.0000000,0.0000000,0.0000000,0.0000000,1.2707963,-0.0000000,1.0000000,1.0000000
0.0000000,0.0000000,0.9647439,0.0000000,0.0000000,0.0000000,1.0000000,-0.0000939,0.0007224,-0.1293001,0.4073986,-0.2780985,-0.0007285,0.0000968,-0.0007402,-0.1300869,0.4073991,-0.2773122,0.0007465,0.0000000,0.0000000,0.0000000,1.2707963,-0.0000000,0.0000000,0.0000000,0.0000000,1.2707963,-0.0000000,1.0000000,1.0000000
0.0000000,0.0000000,0.9650165,0.0000000,0.0000000,0.0000000,1.0000000,-0.0000931,0.0007223,-0.1281735,0.4041381,-0.2759646,-0.0007282,0.0000960,-0.0007401,-0.1289602,0.4041386,-0.2751785,0.0007463,0.0000000,0.0000000,0.0000000,1.2707963,-0.0000000,0.0000000,0.0000000,0.0000000,1.2707963,-0.0000000,1.0000000,1.0000000
0.0000000,0.0000000,0.9652811,0.0000000,0.0000000,0.0000000,1.0000000,-0.0000923,0.0007221,-0.1270710,0.4009479,-0.2738769,-0.0007280,0.0000951,-0.0007400,-0.1278573,0.4009484,-0.2730911,0.0007460,0.0000000,0.0000000,0.0000000,1.2707963,-0.0000000,0.0000000,0.0000000,0.0000000,1.2707963,-0.0000000,1.0000000,1.0000000
0.0000000,0.0000000,0.9655375,0.0000000,0.0000000,0.0000000,1.0000000,-0.0000915,0.0007220,-0.1259938,0.3978321,-0.2718383,-0.0007278,0.0000943,-0.0007398,-0.1267800,0.3978326,-0.2710526,0.0007458,0.0000000,0.0000000,0.0000000,1.2707963,-0.0000000,0.0000000,0.0000000,0.0000000,1.2707963,-0.0000000,1.0000000,1.0000000
0.0000000,0.0000000,0.9657856,0.0000000,0.0000000,0.0000000,1.0000000,-0.0000907,0.0007219,-0.1249435,0.3947947,-0.2698513,-0.0007276,0.0000935,-0.0007397,-0.1257294,0.3947952,-0.2690658,0.0007456,0.0000000,0.0000000,0.0000000,1.2707963,-0.0000000,0.0000000,0.0000000,0.0000000,1.2707963,-0.0000000,1.0000000,1.0000000
0.0000000,0.0000000,0.9660252,0.0000000,0.0000000,0.0000000,1.0000000,-0.0000899,0.0007218,-0.1239213,0.3918396,-0.2679184,-0.0007274,0.0000927,-0.0007396,-0.1247070,0.3918400,-0.2671331,0.0007454,0.0000000,0.0000000,0.0000000,1.2707963,-0.0000000,0.0000000,0.0000000,0.0000000,1.2707963,-0.0000000,1.0000000,1.0000000
0.0000000,0.0000000,0.9662561,0.0000000,0.0000000,0.0000000,1.0000000,-0.0000892,0.0007217,-0.1229286,0.3889705,-0.2660419,-0.0007272,0.0000920,-0.0007395,-0.1237141,0.3889709,-0.2652568,0.0007452,0.0000000,0.0000000,0.0000000,1.2707963,-0.0000000,0.0000000,0.0000000,0.0000000,1.2707963,-0.0000000,1.0000000,1.0000000
0.0000000,0.0000000,0.9664782,0.0000000,0.0000000,0.0000000,1.0000000,-0.0000885,0.0007216,-0.1219667,0.3861910,-0.2642243,-0.0007270,0.0000912,-0.0007394,-0.1227519,0.3861913,-0.2634394,0.0007450,0.0000000,0.0000000,0.0000000,1.2707963,-0.0000000,0.0000000,0.0000000,0.0000000,1.2707963,-0.0000000,1.0000000,1.0000000
0.0000000,0.0000000,0.9666914,0.0000000,0.0000000,0.0000000,1.0000000,-0.0000878,0.0007215,-0.1210367,0.3835045,-0.2624678,-0.0007269,0.0000905,-0.0007393,-0.1218218,0.3835048,-0.2616831,0.0007449,0.0000000,0.0000000,0.0000000,1.2707963,-0.0000000,0.0000000,0.0000000,0.0000000,1.2707963,-0.0000000,1.0000000,1.0000000
0.0000000,0.0000000,0.9668955,0.0000000,0.0000000,0.0000000,1.0000000,-0.0000871,0.0007215,-0.1201398,0.3809142,-0.2607744,-0.0007267,0.0000898,-0.0007393,-0.1209247,0.3809145,-0.2599898,0.0007447,0.0000000,0.0000000,0.0000000,1.2707963,-0.0000000,0.0000000,0.0000000,0.0000000,1.2707963,-0.0000000,1.0000000,1.0000000
0.0000000,0.0000000,0.9670906,0.0000000,0.0000000,0.0000000,1.0000000,-0.0000865,0.0007214,-0.1192771,0.3784231,-0.2591460,-0.0007265,0.0000892,-0.0007392,-0.1200618,0.3784234,-0.2583616,0.0007445,0.0000000,0.0000000,0.0000000,1.2707963,-0.0000000,0.0000000,0.0000000,0.0000000,1.2707963,-0.0000000,1.0000000,1.0000000
0.0000000,0.0000000,0.9672765,0.0000000,0.0000000,0.0000000,1.0000000,-0.0000858,0.0007213,-0.1184496,0.3760339,-0.2575844,-0.0007264,0.0000885,-0.0007391,-0.1192341,0.3760342,-0.2568001,0.0007444,0.0000000,0.0000000,0.0000000,1.2707963,-0.0000000,0.0000000,0.0000000,0.0000000,1.2707963,-0.0000000,1.0000000,1.0000000
0.0000000,0.0000000,0.9674531,0.0000000,0.0000000,0.0000000,1.0000000,-0.0000853,0.0007212,-0.1176580,0.3737492,-0.2560913,-0.0007262,0.0000879,-0.0007390,-0.1184424,0.3737495,-0.2553071,0.0007442,0.0000000,0.0000000,0.0000000,1.2707963,-0.0000000,0.0000000,0.0000000,0.0000000,1.2707963,-0.0000000,1.0000000,1.0000000
0.0000000,0.0000000,0.9676206,0.0000000,0.0000000,0.0000000,1.0000000,-0.0000847,0.0007212,-0.1169032,0.3715711,-0.2546679,-0.0007261,0.0000874,-0.0007389,-0.1176875,0.3715713,-0.2538839,0.0007441,0.0000000,0.0000000,0.0000000,1.2707963,-0.0000000,0.0000000,0.0000000,0.0000000,1.2707963,-0.0000000,1.0000000,1.0000000
0.0000000,0.0000000,0.9677788,0.0000000,0.0000000,0.0000000,1.0000000,-0.0000842,0.0007211,-0.1161859,0.3695015,-0.2533156,-0.0007260,0.0000868,-0.0007389,-0.1169700,0.3695017,-0.2525317,0.0007440,0.0000000,0.0000000,0.0000000,1.2707963,-0.0000000,0.0000000,0.0000000,0.0000000,1.2707963,-0.0000000,1.0000000,1.0000000
0.0000000,0.0000000,0.9679278,0.0000000,0.0000000,0.0000000,1.0000000,-0.0000837,0.0007210,-0.1155066,0.3675419,-0.2520353,-0.0007259,0.0000863,-0.0007388,-0.1162906,0.3675421,-0.2512515,0.0007438,0.0000000,0.0000000,0.0000000,1.2707963,-0.0000000,0.0000000,0.0000000,0.0000000,1.2707963,-0.0000000,1.0000000,1.0000000
0.0000000,0.0000000,0.9680676,0.0000000,0.0000000,0.0000000,1.0000000,-0.0000832,0.0007210,-0.1148658,0.3656936,-0.2508278,-0.0007258,0.0000858,-0.0007388,-0.1156496,0.3656937,-0.2500441,0.0007437,0.0000000,0.0000000,0.0000000,1.2707963,-0.0000000,0.0000000,0.0000000,0.0000000,1.2707963,-0.0000000,1.0000000,1.0000000
0.0000000,0.0000000,0.9681983,0.0000000,0.0000000,0.0000000,1.0000000,-0.0000827,0.0007209,-0.1142637,0.3639572,-0.2496935,-0.0007256,0.0000854,-0.0007387,-0.1150474,0.3639574,-0.2489100,0.0007436,0.0000000,0.0000000,0.0000000,1.2707963,-0.0000000,0.0000000,0.0000000,0.0000000,1.2707963,-0.0000000,1.0000000,1.0000000
0.0000000,0.0000000,0.9683200,0.0000000,0.0000000,0.0000000,1.0000000,-0.0000823,0.0007209,-0.1137006,0.3623333,-0.2486328,-0.0007255,0.0000849,-0.0007386,-0.1144841,0.3623334,-0.2478493,0.0007435,0.0000000,0.0000000,0.0000000,1.2707963,-0.0000000,0.0000000,0.0000000,0.0000000,1.2707963,-0.0000000,1.0000000,1.0000000
0.0000000,0.0000000,0.9684328,0.0000000,0.0000000,0.0000000,1.0000000,-0.0000819,0.0007208,-0.1131763,0.3608218,-0.2476455,-0.0007255,0.0000845,-0.0007386,-0.1139598,0.3608219,-0.2468622,0.0007434,0.0000000,0.0000000,0.0000000,1.2707963,-0.0000000,0.0000000,0.0000000,0.0000000,1.2707963,-0.0000000,1.0000000,1.0000000
0.0000000,0.0000000,0.9685368,0.0000000,0.0000000,0.0000000,1.0000000,-0.0000816,0.0007208,-0.1126909,0.3594223,-0.2467315,-0.0007254,0.0000842,-0.0007386,-0.1134742,0.3594224,-0.2459482,0.0007433,0.0000000,0.0000000,0.0000000,1.2707963,-0.0000000,0.0000000,0.0000000,0.0000000,1.2707963,-0.0000000,1.0000000,1.0000000
0.0000000,0.0000000,0.9686323,0.0000000,0.0000000,0.0000000,1.0000000,-0.0000812,0.0007207,-0.1122439,0.3581340,-0.2458901,-0.0007253,0.0000838,-0.0007385,-0.1130272,0.3581340,-0.2451069,0.0007433,0.0000000,0.0000000,0.0000000,1.2707963,-0.0000000,0.0000000,0.0000000,0.0000000,1.2707963,-0.0000000,1.0000000,1.0000000
0.0000000,0.0000000,0.9687192,0.0000000,0.0000000,0.0000000,1.0000000,-0.0000809,0.0007207,-0.1118349,0.3569553,-0.2451204,-0.0007252,0.0000835,-0.0007385,-0.1126182,0.3569554,-0.2443373,0.0007432,0.0000000,0.0000000,0.0000000,1.2707963,-0.0000000,0.0000000,0.0000000,0.0000000,1.2707963,-0.0000000,1.0000000,1.0000000
0.0000000,0.0000000,0.9687980,0.0000000,0.0000000,0.0000000,1.0000000,-0.0000807,0.0007207,-0.1114634,0.3558846,-0.2444212,-0.0007252,0.0000832,-0.0007384,-0.1122465,0.3558847,-0.2436381,0.0007431,0.0000000,0.0000000,0.0000000,1.2707963,-0.0000000,0.0000000,0.0000000,0.0000000,1.2707963,-0.0000000,1.0000000,1.0000000
0.0000000,0.0000000,0.9688688,0.0000000,0.0000000,0.0000000,1.0000000,-0.0000804,0.0007206,-0.1111285,0.3549195,-0.2437910,-0.0007251,0.0000830,-0.0007384,-0.1119116,0.3549195,-0.2430080,0.0007431,0.0000000,0.0000000,0.0000000,1.2707963,-0.0000000,0.0000000,0.0000000,0.0000000,1.2707963,-0.0000000,1.0000000,1.0000000
0.0000000,0.0000000,0.9689319,0.0000000,0.0000000,0.0000000,1.0000000,-0.0000802,0.0007206,-0.1108292,0.3540572,-0.2432280,-0.0007251,0.0000828,-0.0007384,-0.1116122,0.3540572,-0.2424450,0.0007430,0.0000000,0.0000000,0.0000000,1.2707963,-0.0000000,0.0000000,0.0000000,0.0000000,1.2707963,-0.0000000,1.0000000,1.0000000
0.0000000,0.0000000,0.9689876,0.0000000,0.0000000,0.0000000,1.0000000,-0.0000800,0.0007206,-0.1105645,0.3532943,-0.2427299,-0.0007250,0.0000826,-0.0007384,-0.1113474,0.3532944,-0.2419470,0.0007430,0.0000000,0.0000000,0.0000000,1.2707963,-0.0000000,0.0000000,0.0000000,0.0000000,1.2707963,-0.0000000,1.0000000,1.0000000
0.0000000,0.0000000,0.9690362,0.0000000,0.0000000,0.0000000,1.0000000,-0.0000798,0.0007206,-0.1103329,0.3526272,-0.2422943,-0.0007250,0.0000824,-0.0007383,-0.1111158,0.3526272,-0.2415114,0.0007429,0.0000000,0.0000000,0.0000000,1.2707963,-0.0000000,0.0000000,0.0000000,0.0000000,1.2707963,-0.0000000,1.0000000,1.0000000
0.0000000,0.0000000,0.9690781,0.0000000,0.0000000,0.0000000,1.0000000,-0.0000797,0.0007205,-0.1101330,0.3520514,-0.2419184,-0.0007249,0.0000822,-0.0007383,-0.1109159,0.3520514,-0.2411355,0.0007429,0.0000000,0.0000000,0.0000000,1.2707963,-0.0000000,0.0000000,0.0000000,0.0000000,1.2707963,-0.0000000,1.0000000,1.0000000
0.0000000,0.0000000,0.9691137,0.0000000,0.0000000,0.0000000,1.0000000,-0.0000796,0.0007205,-0.1099632,0.3515621,-0.2415989,-0.0007249,0.0000821,-0.0007383,-0.1107460,0.3515621,-0.2408161,0.0007429,0.0000000,0.0000000,0.0000000,1.2707963,-0.0000000,0.0000000,0.0000000,0.0000000,1.2707963,-0.0000000,1.0000000,1.0000000
0.0000000,0.0000000,0.9691433,0.0000000,0.0000000,0.0000000,1.0000000,-0.0000794,0.0007205,-0.1098215,0.3511539,-0.2413324,-0.0007249,0.0000820,-0.0007383,-0.1106043,0.3511539,-0.2405496,0.0007428,0.0000000,0.0000000,0.0000000,1.2707963,-0.0000000,0.0000000,0.0000000,0.0000000,1.2707963,-0.0000000,1.0000000,1.0000000
0.0000000,0.0000000,0.9691674,0.0000000,0.0000000,0.0000000,1.0000000,-0.0000794,0.0007205,-0.1097060,0.3508211,-0.2411151,-0.0007249,0.0000819,-0.0007383,-0.1104888,0.3508211,-0.2403324,0.0007428,0.0000000,0.0000000,0.0000000,1.2707963,-0.0000000,0.0000000,0.0000000,0.0000000,1.2707963,-0.0000000,1.0000000,1.0000000
0.0000000,0.0000000,0.9691865,0.0000000,0.0000000,0.0000000,1.0000000,-0.0000793,0.0007205,-0.1096144,0.3505572,-0.2409429,-0.0007248,0.0000818,-0.0007383,-0.1103972,0.3505572,-0.2401601,0.0007428,0.0000000,0.0000000,0.0000000,1.2707963,-0.0000000,0.0000000,0.0000000,0.0000000,1.2707963,-0.0000000,1.0000000,1.0000000
0.0000000,0.0000000,0.9692011,0.0000000,0.0000000,0.0000000,1.0000000,-0.0000792,0.0007205,-0.1095443,0.3503554,-0.2408111,-0.0007248,0.0000818,-0.0007383,-0.1103271,0.3503554,-0.2400284,0.0007428,0.0000000,0.0000000,0.0000000,1.2707963,-0.0000000,0.0000000,0.0000000,0.0000000,1.2707963,-0.0000000,1.0000000,1.0000000
0.0000000,0.0000000,0.9692117,0.0000000,0.0000000,0.0000000,1.0000000,-0.0000792,0.0007205,-0.1094932,0.3502083,-0.2407151,-0.0007248,0.0000817,-0.0007383,-0.1102760,0.3502083,-0.2399323,0.0007428,0.0000000,0.0000000,0.0000000,1.2707963,-0.0000000,0.0000000,0.0000000,0.0000000,1.2707963,-0.0000000,1.0000000,1.0000000
0.0000000,0.0000000,0.9692190,0.0000000,0.0000000,0.0000000,1.0000000,-0.0000792,0.0007205,-0.1094584,0.3501080,-0.2406496,-0.0007248,0.0000817,-0.0007383,-0.1102412,0.3501080,-0.2398668,0.0007428,0.0000000,0.0000000,0.0000000,1.2707963,-0.0000000,0.0000000,0.0000000,0.0000000,1.2707963,-0.0000000,1.0000000,1.0000000
0.0000000,0.0000000,0.9692235,0.0000000,0.0000000,0.0000000,1.0000000,-0.0000792,0.0007205,-0.1094369,0.3500461,-0.2406092,-0.0007248,0.0000817,-0.0007383,-0.1102197,0.3500461,-0.2398265,0.0007428,0.0000000,0.0000000,0.0000000,1.2707963,-0.0000000,0.0000000,0.0000000,0.0000000,1.2707963,-0.0000000,1.0000000,1.0000000
0.0000000,0.0000000,0.9692258,0.0000000,0.0000000,0.0000000,1.0000000,-0.0000792,0.0007205,-0.1094257,0.3500138,-0.2405881,-0.0007248,0.0000817,-0.0007383,-0.1102085,0.3500138,-0.2398054,0.0007428,0.0000000,0.0000000,0.0000000,1.2707963,-0.0000000,0.0000000,0.0000000,0.0000000,1.2707963,-0.0000000,1.0000000,1.0000000
0.0000000,0.0000000,0.9692267,0.0000000,0.0000000,0.0000000,1.0000000,-0.0000792,0.0007205,-0.1094215,0.3500018,-0.2405802,-0.0007248,0.0000817,-0.0007383,-0.1102043,0.3500018,-0.2397975,0.0007428,0.0000000,0.0000000,0.0000000,1.2707963,-0.0000000,0.0000000,0.0000000,0.0000000,1.2707963,-0.0000000,1.0000000,1.0000000
0.0000000,0.0000000,0.9692268,0.0000000,0.0000000,0.0000000,1.0000000,-0.0000792,0.0007205,-0.1094209,0.3500000,-0.2405791,-0.0007248,0.0000817,-0.0007383,-0.1102037,0.3500000,-0.2397964,0.0007428,0.0000000,0.0000000,0.0000000,1.2707963,-0.0000000,0.0000000,0.0000000,0.0000000,1.2707963,-0.0000000,1.0000000,1.0000000
0.0000000,0.0000000,0.9692268,0.0000000,0.0000000,0.0000000,1.0000000,-0.0000792,0.0007205,-0.1094209,0.3500000,-0.2405791,-0.0007248,0.0000817,-0.0007383,-0.1102037,0.3500000,-0.2397964,0.0007428,0.0000000,0.0000000,0.0000000,1.2707963,-0.0000000,0.0000000,0.0000000,0.0000000,1.2707963,-0.0000000,1.0000000,1.0000000
0.0000000,0.0000000,0.9692268,0.0000000,0.0000000,0.0000000,1.0000000,-0.0000792,0.0007205,-0.1094209,0.3500000,-0.2405791,-0.0007248,0.0000817,-0.0007383,-0.1102037,0.3500000,-0.2397964,0.0007428,0.0000000,0.0000000,0.0000000,1.2707963,-0.0000000,0.0000000,0.0000000,0.0000000,1.2707963,-0.0000000,1.0000000,1.0000000
0.0000000,0.0000000,0.9692268,0.0000000,0.0000000,0.0000000,1.0000000,-0.0000792,0.0007205,-0.1094209,0.3500000,-0.2405791,-0.0007248,0.0000817,-0.0007383,-0.1102037,0.3500000,-0.2397964,0.0007428,0.0000000,0.0000000,0.0000000,1.2707963,-0.0000000,0.0000000,0.0000000,0.0000000,1.2707963,-0.0000000,1.0000000,1.0000000
0.0000000,0.0000000,0.9692268,0.0000000,0.0000000,0.0000000,1.0000000,-0.0000792,0.0007205,-0.1094209,0.3500000,-0.2405791,-0.0007248,0.0000817,-0.0007383,-0.1102037,0.3500000,-0.2397964,0.0007428,0.0000000,0.0000000,0.0000000,1.2707963,-0.0000000,0.0000000,0.0000000,0.0000000,1.2707963,-0.0000000,1.0000000,1.0000000
0.0000000,0.0000000,0.9692268,0.0000000,0.0000000,0.0000000,1.0000000,-0.0000792,0.0007205,-0.1094209,0.3500000,-0.2405791,-0.0007248,0.0000817,-0.0007383,-0.1102037,0.3500000,-0.2397964,0.0007428,0.0000000,0.0000000,0.0000000,1.2707963,-0.0000000,0.0000000,0.0000000,0.0000000,1.2707963,-0.0000000,1.0000000,1.0000000
0.0000000,0.0000000,0.9692268,0.0000000,0.0000000,0.0000000,1.0000000,-0.0000792,0.0007205,-0.1094209,0.3500000,-0.2405791,-0.0007248,0.0000817,-0.0007383,-0.1102037,0.3500000,-0.2397964,0.0007428,0.0000000,0.0000000,0.0000000,1.2707963,-0.0000000,0.0000000,0.0000000,0.0000000,1.2707963,-0.0000000,1.0000000,1.0000000
0.0000000,0.0000000,0.9692268,0.0000000,0.0000000,0.0000000,1.0000000,-0.0000792,0.0007205,-0.1094209,0.3500000,-0.2405791,-0.0007248,0.0000817,-0.0007383,-0.1102037,0.3500000,-0.2397964,0.0007428,0.0000000,0.0000000,0.0000000,1.2707963,-0.0000000,0.0000000,0.0000000,0.0000000,1.2707963,-0.0000000,1.0000000,1.0000000
0.0000000,0.0000000,0.9692268,0.0000000,0.0000000,0.0000000,1.0000000,-0.0000792,0.0007205,-0.1094209,0.3500000,-0.2405791,-0.0007248,0.0000817,-0.0007383,-0.1102037,0.3500000,-0.2397964,0.0007428,0.0000000,0.0000000,0.0000000,1.2707963,-0.0000000,0.0000000,0.0000000,0.0000000,1.2707963,-0.0000000,1.0000000,1.0000000
0.0000000,0.0000000,0.9692268,0.0000000,0.0000000,0.0000000,1.0000000,-0.0000792,0.0007205,-0.1094209,0.3500000,-0.2405791,-0.0007248,0.0000817,-0.0007383,-0.1102037,0.3500000,-0.2397964,0.0007428,0.0000000,0.0000000,0.0000000,1.2707963,-0.0000000,0.0000000,0.0000000,0.0000000,1.2707963,-0.0000000,1.0000000,1.0000000
0.0000000,0.0000000,0.9692268,0.0000000,0.0000000,0.0000000,1.0000000,-0.0000792,0.0007205,-0.1094209,0.3500000,-0.2405791,-0.0007248,0.0000817,-0.0007383,-0.1102037,0.3500000,-0.2397964,0.0007428,0.0000000,0.0000000,0.0000000,1.2707963,-0.0000000,0.0000000,0.0000000,0.0000000,1.2707963,-0.0000000,1.0000000,1.0000000
0.0000000,0.0000000,0.9692268,0.0000000,0.0000000,0.0000000,1.0000000,-0.0000792,0.0007205,-0.1094209,0.3500000,-0.2405791,-0.0007248,0.0000817,-0.0007383,-0.1102037,0.3500000,-0.2397964,0.0007428,0.0000000,0.0000000,0.0000000,1.2707963,-0.0000000,0.0000000,0.0000000,0.0000000,1.2707963,-0.0000000,1.0000000,1.0000000
0.0000000,0.0000000,0.9692268,0.0000000,0.0000000,0.0000000,1.0000000,-0.0000792,0.0007205,-0.1094209,0.3500000,-0.2405791,-0.0007248,0.0000817,-0.0007383,-0.1102037,0.3500000,-0.2397964,0.0007428,0.0000000,0.0000000,0.0000000,1.2707963,-0.0000000,0.0000000,0.0000000,0.0000000,1.2707963,-0.0000000,1.0000000,1.0000000
0.0000000,0.0000000,0.9692268,0.0000000,0.0000000,0.0000000,1.0000000,-0.0000792,0.0007205,-0.1094209,0.3500000,-0.2405791,-0.0007248,0.0000817,-0.0007383,-0.1102037,0.3500000,-0.2397964,0.0007428,0.0000000,0.0000000,0.0000000,1.2707963,-0.0000000,0.0000000,0.0000000,0.0000000,1.2707963,-0.0000000,1.0000000,1.0000000
0.0000000,0.0000000,0.9692268,0.0000000,0.0000000,0.0000000,1.0000000,-0.0000792,0.0007205,-0.1094209,0.3500000,-0.2405791,-0.0007248,0.0000817,-0.0007383,-0.1102037,0.3500000,-0.2397964,0.0007428,0.0000000,0.0000000,0.0000000,1.2707963,-0.0000000,0.0000000,0.0000000,0.0000000,1.2707963,-0.0000000,1.0000000,1.0000000
0.0000000,0.0000000,0.9692268,0.0000000,0.0000000,0.0000000,1.0000000,-0.0000792,0.0007205,-0.1094209,0.3500000,-0.2405791,-0.0007248,0.0000817,-0.0007383,-0.1102037,0.3500000,-0.2397964,0.0007428,0.0000000,0.0000000,0.0000000,1.2707963,-0.0000000,0.0000000,0.0000000,0.0000000,1.2707963,-0.0000000,1.0000000,1.0000000
0.0000000,0.0000000,0.9692268,0.0000000,0.0000000,0.0000000,1.0000000,-0.0000792,0.0007205,-0.1094209,0.3500000,-0.2405791,-0.0007248,0.0000817,-0.0007383,-0.1102037,0.3500000,-0.2397964,0.0007428,0.0000000,0.0000000,0.0000000,1.2707963,-0.0000000,0.0000000,0.0000000,0.0000000,1.2707963,-0.0000000,1.0000000,1.0000000
0.0000000,0.0000000,0.9692268,0.0000000,0.0000000,0.0000000,1.0000000,-0.0000792,0.0007205,-0.1094209,0.3500000,-0.2405791,-0.0007248,0.0000817,-0.0007383,-0.1102037,0.3500000,-0.2397964,0.0007428,0.0000000,0.0000000,0.0000000,1.2707963,-0.0000000,0.0000000,0.0000000,0.0000000,1.2707963,-0.0000000,1.0000000,1.0000000
0.0000000,0.0000000,0.9692268,0.0000000,0.0000000,0.0000000,1.0000000,-0.0000792,0.0007205,-0.1094209,0.3500000,-0.2405791,-0.0007248,0.0000817,-0.0007383,-0.1102037,0.3500000,-0.2397964,0.0007428,0.0000000,0.0000000,0.0000000,1.2707963,-0.0000000,0.0000000,0.0000000,0.0000000,1.2707963,-0.0000000,1.0000000,1.0000000
0.0000000,0.0000000,0.9692268,0.0000000,0.0000000,0.0000000,1.0000000,-0.0000792,0.0007205,-0.1094209,0.3500000,-0.2405791,-0.0007248,0.0000817,-0.0007383,-0.1102037,0.3500000,-0.2397964,0.0007428,0.0000000,0.0000000,0.0000000,1.2707963,-0.0000000,0.0000000,0.0000000,0.0000000,1.2707963,-0.0000000,1.0000000,1.0000000
0.0000000,0.0000000,0.9692268,0.0000000,0.0000000,0.0000000,1.0000000,-0.0000792,0.0007205,-0.1094209,0.3500000,-0.2405791,-0.0007248,0.0000817,-0.0007383,-0.1102037,0.3500000,-0.2397964,0.0007428,0.0000000,0.0000000,0.0000000,1.2707963,-0.0000000,0.0000000,0.0000000,0.0000000,1.2707963,-0.0000000,1.0000000,1.0000000
0.0000000,0.0000000,0.9692268,0.0000000,0.0000000,0.0000000,1.0000000,-0.0000792,0.0007205,-0.1094209,0.3500000,-0.2405791,-0.0007248,0.0000817,-0.0007383,-0.1102037,0.3500000,-0.2397964,0.0007428,0.0000000,0.0000000,0.0000000,1.2707963,-0.0000000,0.0000000,0.0000000,0.0000000,1.2707963,-0.0000000,1.0000000,1.0000000
0.0000000,0.0000000,0.9692268,0.0000000,0.0000000,0.0000000,1.0000000,-0.0000792,0.0007205,-0.1094209,0.3500000,-0.2405791,-0.0007248,0.0000817,-0.0007383,-0.1102037,0.3500000,-0.2397964,0.0007428,0.0000000,0.0000000,0.0000000,1.2707963,-0.0000000,0.0000000,0.0000000,0.0000000,1.2707963,-0.0000000,1.0000000,1.0000000
0.0000000,0.0000000,0.9692268,0.0000000,0.0000000,0.0000000,1.0000000,-0.0000792,0.0007205,-0.1094209,0.3500000,-0.2405791,-0.0007248,0.0000817,-0.0007383,-0.1102037,0.3500000,-0.2397964,0.0007428,0.0000000,0.0000000,0.0000000,1.2707963,-0.0000000,0.0000000,0.0000000,0.0000000,1.2707963,-0.0000000,1.0000000,1.0000000
0.0000000,0.0000000,0.9692268,0.0000000,0.0000000,0.0000000,1.0000000,-0.0000792,0.0007205,-0.1094209,0.3500000,-0.2405791,-0.0007248,0.0000817,-0.0007383,-0.1102037,0.3500000,-0.2397964,0.0007428,0.0000000,0.0000000,0.0000000,1.2707963,-0.0000000,0.0000000,0.0000000,0.0000000,1.2707963,-0.0000000,1.0000000,1.0000000
0.0000000,0.0000000,0.9692268,0.0000000,0.0000000,0.0000000,1.0000000,-0.0000792,0.0007205,-0.1094209,0.3500000,-0.2405791,-0.0007248,0.0000817,-0.0007383,-0.1102037,0.3500000,-0.2397964,0.0007428,0.0000000,0.0000000,0.0000000,1.2707963,-0.0000000,0.0000000,0.0000000,0.0000000,1.2707963,-0.0000000,1.0000000,1.0000000
0.0000000,0.0000000,0.9692268,0.0000000,0.0000000,0.0000000,1.0000000,-0.0000792,0.0007205,-0.1094209,0.3500000,-0.2405791,-0.0007248,0.0000817,-0.0007383,-0.1102037,0.3500000,-0.2397964,0.0007428,0.0000000,0.0000000,0.0000000,1.2707963,-0.0000000,0.0000000,0.0000000,0.0000000,1.2707963,-0.0000000,1.0000000,1.0000000
0.0000000,0.0000000,0.9692268,0.0000000,0.0000000,0.0000000,1.0000000,-0.0000792,0.0007205,-0.1094209,0.3500000,-0.2405791,-0.0007248,0.0000817,-0.0007383,-0.1102037,0.3500000,-0.2397964,0.0007428,0.0000000,0.0000000,0.0000000,1.2707963,-0.0000000,0.0000000,0.0000000,0.0000000,1.2707963,-0.0000000,1.0000000,1.0000000
0.0000000,0.0000000,0.9692268,0.0000000,0.0000000,0.0000000,1.0000000,-0.0000792,0.0007205,-0.1094209,0.3500000,-0.2405791,-0.0007248,0.0000817,-0.0007383,-0.1102037,0.3500000,-0.2397964,0.0007428,0.0000000,0.0000000,0.0000000,1.2707963,-0.0000000,0.0000000,0.0000000,0.0000000,1.2707963,-0.0000000,1.0000000,1.0000000
0.0000000,0.0000000,0.9692268,0.0000000,0.0000000,0.0000000,1.0000000,-0.0000792,0.0007205,-0.1094209,0.3500000,-0.2405791,-0.0007248,0.0000817,-0.0007383,-0.1102037,0.3500000,-0.2397964,0.0007428,0.0000000,0.0000000,0.0000000,1.2707963,-0.0000000,0.0000000,0.0000000,0.0000000,1.2707963,-0.0000000,1.0000000,1.0000000
0.0000000,0.0000000,0.9692268,0.0000000,0.0000000,0.0000000,1.0000000,-0.0000792,0.0007205,-0.1094209,0.3500000,-0.2405791,-0.0007248,0.0000817,-0.0007383,-0.1102037,0.3500000,-0.2397964,0.0007428,0.0000000,0.0000000,0.0000000,1.2707963,-0.0000000,0.0000000,0.0000000,0.0000000,1.2707963,-0.0000000,1.0000000,1.0000000
0.0000000,0.0000000,0.9692268,0.0000000,0.0000000,0.0000000,1.0000000,-0.0000792,0.0007205,-0.1094209,0.3500000,-0.2405791,-0.0007248,0.0000817,-0.0007383,-0.1102037,0.3500000,-0.2397964,0.0007428,0.0000000,0.0000000,0.0000000,1.2707963,-0.0000000,0.0000000,0.0000000,0.0000000,1.2707963,-0.0000000,1.0000000,1.0000000
0.0000000,0.0000000,0.9692268,0.0000000,0.0000000,0.0000000,1.0000000,-0.0000792,0.0007205,-0.1094209,0.3500000,-0.2405791,-0.0007248,0.0000817,-0.0007383,-0.1102037,0.3500000,-0.2397964,0.0007428,0.0000000,0.0000000,0.0000000,1.2707963,-0.0000000,0.0000000,0.0000000,0.0000000,1.2707963,-0.0000000,1.0000000,1.0000000
0.0000000,0.0000000,0.9692268,0.0000000,0.0000000,0.0000000,1.0000000,-0.0000792,0.0007205,-0.1094209,0.3500000,-0.2405791,-0.0007248,0.0000817,-0.0007383,-0.1102037,0.3500000,-0.2397964,0.0007428,0.0000000,0.0000000,0.0000000,1.2707963,-0.0000000,0.0000000,0.0000000,0.0000000,1.2707963,-0.0000000,1.0000000,1.0000000
0.0000000,0.0000000,0.9692268,0.0000000,0.0000000,0.0000000,1.0000000,-0.0000792,0.0007205,-0.1094209,0.3500000,-0.2405791,-0.0007248,0.0000817,-0.0007383,-0.1102037,0.3500000,-0.2397964,0.0007428,0.0000000,0.0000000,0.0000000,1.2707963,-0.0000000,0.0000000,0.0000000,0.0000000,1.2707963,-0.0000000,1.0000000,1.0000000
0.0000000,0.0000000,0.9692268,0.0000000,0.0000000,0.0000000,1.0000000,-0.0000792,0.0007205,-0.1094209,0.3500000,-0.2405791,-0.0007248,0.0000817,-0.0007383,-0.1102037,0.3500000,-0.2397964,0.0007428,0.0000000,0.0000000,0.0000000,1.2707963,-0.0000000,0.0000000,0.0000000,0.0000000,1.2707963,-0.0000000,1.0000000,1.0000000
0.0000000,0.0000000,0.9692268,0.0000000,0.0000000,0.0000000,1.0000000,-0.0000792,0.0007205,-0.1094209,0.3500000,-0.2405791,-0.0007248,0.0000817,-0.0007383,-0.1102037,0.3500000,-0.2397964,0.0007428,0.0000000,0.0000000,0.0000000,1.2707963,-0.0000000,0.0000000,0.0000000,0.0000000,1.2707963,-0.0000000,1.0000000,1.0000000
0.0000000,0.0000000,0.9692268,0.0000000,0.0000000,0.0000000,1.0000000,-0.0000792,0.0007205,-0.1094209,0.3500000,-0.2405791,-0.0007248,0.0000817,-0.0007383,-0.1102037,0.3500000,-0.2397964,0.0007428,0.0000000,0.0000000,0.0000000,1.2707963,-0.0000000,0.0000000,0.0000000,0.0000000,1.2707963,-0.0000000,1.0000000,1.0000000
0.0000000,0.0000000,0.9692268,0.0000000,0.0000000,0.0000000,1.0000000,-0.0000792,0.0007205,-0.1094209,0.3500000,-0.2405791,-0.0007248,0.0000817,-0.0007383,-0.1102037,0.3500000,-0.2397964,0.0007428,0.0000000,0.0000000,0.0000000,1.2707963,-0.0000000,0.0000000,0.0000000,0.0000000,1.2707963,-0.0000000,1.0000000,1.0000000
0.0000000,0.0000000,0.9692268,0.0000000,0.0000000,0.0000000,1.0000000,-0.0000792,0.0007205,-0.1094209,0.3500000,-0.2405791,-0.0007248,0.0000817,-0.0007383,-0.1102037,0.3500000,-0.2397964,0.0007428,0.0000000,0.0000000,0.0000000,1.2707963,-0.0000000,0.0000000,0.0000000,0.0000000,1.2707963,-0.0000000,1.0000000,1.0000000
0.0000000,0.0000000,0.9692268,0.0000000,0.0000000,0.0000000,1.0000000,-0.0000792,0.0007205,-0.1094209,0.3500000,-0.2405791,-0.0007248,0.0000817,-0.0007383,-0.1102037,0.3500000,-0.2397964,0.0007428,0.0000000,0.0000000,0.0000000,1.2707963,-0.0000000,0.0000000,0.0000000,0.0000000,1.2707963,-0.0000000,1.0000000,1.0000000
0.0000000,0.0000000,0.9692268,0.0000000,0.0000000,0.0000000,1.0000000,-0.0000792,0.0007205,-0.1094209,0.3500000,-0.2405791,-0.0007248,0.0000817,-0.0007383,-0.1102037,0.3500000,-0.2397964,0.0007428,0.0000000,0.0000000,0.0000000,1.2707963,-0.0000000,0.0000000,0.0000000,0.0000000,1.2707963,-0.0000000,1.0000000,1.0000000
0.0000000,0.0000000,0.9692268,0.0000000,0.0000000,0.0000000,1.0000000,-0.0000792,0.0007205,-0.1094209,0.3500000,-0.2405791,-0.0007248,0.0000817,-0.0007383,-0.1102037,0.3500000,-0.2397964,0.0007428,0.0000000,0.0000000,0.0000000,1.2707963,-0.0000000,0.0000000,0.0000000,0.0000000,1.2707963,-0.0000000,1.0000000,1.0000000
0.0000000,0.0000000,0.9692268,0.0000000,0.0000000,0.0000000,1.0000000,-0.0000792,0.0007205,-0.1094209,0.3500000,-0.2405791,-0.0007248,0.0000817,-0.0007383,-0.1102037,0.3500000,-0.2397964,0.0007428,0.0000000,0.0000000,0.0000000,1.2707963,-0.0000000,0.0000000,0.0000000,0.0000000,1.2707963,-0.0000000,1.0000000,1.0000000
0.0000000,0.0000000,0.9692268,0.0000000,0.0000000,0.0000000,1.0000000,-0.0000792,0.0007205,-0.1094209,0.3500000,-0.2405791,-0.0007248,0.0000817,-0.0007383,-0.1102037,0.3500000,-0.2397964,0.0007428,0.0000000,0.0000000,0.0000000,1.2707963,-0.0000000,0.0000000,0.0000000,0.0000000,1.2707963,-0.0000000,1.0000000,1.0000000
0.0000000,0.0000000,0.9692268,0.0000000,0.0000000,0.0000000,1.0000000,-0.0000792,0.0007205,-0.1094209,0.3500000,-0.2405791,-0.0007248,0.0000817,-0.0007383,-0.1102037,0.3500000,-0.2397964,0.0007428,0.0000000,0.0000000,0.0000000,1.2707963,-0.0000000,0.0000000,0.0000000,0.0000000,1.2707963,-0.0000000,1.0000000,1.0000000
0.0000000,0.0000000,0.9692268,0.0000000,0.0000000,0.0000000,1.0000000,-0.0000792,0.0007205,-0.1094209,0.3500000,-0.2405791,-0.0007248,0.0000817,-0.0007383,-0.1102037,0.3500000,-0.2397964,0.0007428,0.0000000,0.0000000,0.0000000,1.2707963,-0.0000000,0.0000000,0.0000000,0.0000000,1.2707963,-0.0000000,1.0000000,1.0000000
0.0000000,0.0000000,0.9692268,0.0000000,0.0000000,0.0000000,1.0000000,-0.0000792,0.0007205,-0.1094209,0.3500000,-0.2405791,-0.0007248,0.0000817,-0.0007383,-0.1102037,0.3500000,-0.2397964,0.0007428,0.0000000,0.0000000,0.0000000,1.2707963,-0.0000000,0.0000000,0.0000000,0.0000000,1.2707963,-0.0000000,1.0000000,1.0000000
0.0000000,0.0000000,0.9692268,0.0000000,0.0000000,0.0000000,1.0000000,-0.0000792,0.0007205,-0.1094209,0.3500000,-0.2405791,-0.0007248,0.0000817,-0.0007383,-0.1102037,0.3500000,-0.2397964,0.0007428,0.0000000,0.0000000,0.0000000,1.2707963,-0.0000000,0.0000000,0.0000000,0.0000000,1.2707963,-0.0000000,1.0000000,1.0000000
0.0000000,0.0000000,0.9692268,0.0000000,0.0000000,0.0000000,1.0000000,-0.0000792,0.0007205,-0.1094209,0.3500000,-0.2405791,-0.0007248,0.0000817,-0.0007383,-0.1102037,0.3500000,-0.2397964,0.0007428,0.0000000,0.0000000,0.0000000,1.2707963,-0.0000000,0.0000000,0.0000000,0.0000000,1.2707963,-0.0000000,1.0000000,1.0000000
0.0000000,0.0000000,0.9692268,0.0000000,0.0000000,0.0000000,1.0000000,-0.0000792,0.0007205,-0.1094209,0.3500000,-0.2405791,-0.0007248,0.0000817,-0.0007383,-0.1102037,0.3500000,-0.2397964,0.0007428,0.0000000,0.0000000,0.0000000,1.2707963,-0.0000000,0.0000000,0.0000000,0.0000000,1.2707963,-0.0000000,1.0000000,1.0000000
0.0000000,0.0000000,0.9692268,0.0000000,0.0000000,0.0000000,1.0000000,-0.0000792,0.0007205,-0.1094209,0.3500000,-0.2405791,-0.0007248,0.0000817,-0.0007383,-0.1102037,0.3500000,-0.2397964,0.0007428,0.0000000,0.0000000,0.0000000,1.2707963,-0.0000000,0.0000000,0.0000000,0.0000000,1.2707963,-0.0000000,1.0000000,1.0000000
0.0000000,0.0000000,0.9692268,0.0000000,0.0000000,0.0000000,1.0000000,-0.0000792,0.0007205,-0.1094209,0.3500000,-0.2405791,-0.0007248,0.0000817,-0.0007383,-0.1102037,0.3500000,-0.2397964,0.0007428,0.0000000,0.0000000,0.0000000,1.2707963,-0.0000000,0.0000000,0.0000000,0.0000000,1.2707963,-0.0000000,1.0000000,1.0000000
0.0000000,0.0000000,0.9692268,0.0000000,0.0000000,0.0000000,1.0000000,-0.0000792,0.0007205,-0.1094209,0.3500000,-0.2405791,-0.0007248,0.0000817,-0.0007383,-0.1102037,0.3500000,-0.2397964,0.0007428,0.0000000,0.0000000,0.0000000,1.2707963,-0.0000000,0.0000000,0.0000000,0.0000000,1.2707963,-0.0000000,1.0000000,1.0000000
0.0000000,0.0000000,0.9692268,0.0000000,0.0000000,0.0000000,1.0000000,-0.0000792,0.0007205,-0.1094209,0.3500000,-0.2405791,-0.0007248,0.0000817,-0.0007383,-0.1102037,0.3500000,-0.2397964,0.0007428,0.0000000,0.0000000,0.0000000,1.2707963,-0.0000000,0.0000000,0.0000000,0.0000000,1.2707963,-0.0000000,1.0000000,1.0000000
0.0000000,0.0000000,0.9692268,0.0000000,0.0000000,0.0000000,1.0000000,-0.0000792,0.0007205,-0.1094209,0.3500000,-0.2405791,-0.0007248,0.0000817,-0.0007383,-0.1102037,0.3500000,-0.2397964,0.0007428,0.0000000,0.0000000,0.0000000,1.2707963,-0.0000000,0.0000000,0.0000000,0.0000000,1.2707963,-0.0000000,1.0000000,1.0000000
0.0000000,0.0000000,0.9692268,0.0000000,0.0000000,0.0000000,1.0000000,-0.0000792,0.0007205,-0.1094209,0.3500000,-0.2405791,-0.0007248,0.0000817,-0.0007383,-0.1102037,0.3500000,-0.2397964,0.0007428,0.0000000,0.0000000,0.0000000,1.2707963,-0.0000000,0.0000000,0.0000000,0.0000000,1.2707963,-0.0000000,1.0000000,1.0000000
0.0000000,0.0000000,0.9692268,0.0000000,0.0000000,0.0000000,1.0000000,-0.0000792,0.0007205,-0.1094209,0.3500000,-0.2405791,-0.0007248,0.0000817,-0.0007383,-0.1102037,0.3500000,-0.2397964,0.0007428,0.0000000,0.0000000,0.0000000,1.2707963,-0.0000000,0.0000000,0.0000000,0.0000000,1.2707963,-0.0000000,1.0000000,1.0000000
0.0000000,0.0000000,0.9692268,0.0000000,0.0000000,0.0000000,1.0000000,-0.0000792,0.0007205,-0.1094209,0.3500000,-0.2405791,-0.0007248,0.0000817,-0.0007383,-0.1102037,0.3500000,-0.2397964,0.0007428,0.0000000,0.0000000,0.0000000,1.2707963,-0.0000000,0.0000000,0.0000000,0.0000000,1.2707963,-0.0000000,1.0000000,1.0000000
0.0000000,0.0000000,0.9692268,0.0000000,0.0000000,0.0000000,1.0000000,-0.0000792,0.0007205,-0.1094209,0.3500000,-0.2405791,-0.0007248,0.0000817,-0.0007383,-0.1102037,0.3500000,-0.2397964,0.0007428,0.0000000,0.0000000,0.0000000,1.2707963,-0.0000000,0.0000000,0.0000000,0.0000000,1.2707963,-0.0000000,1.0000000,1.0000000
0.0000000,0.0000000,0.9692268,0.0000000,0.0000000,0.0000000,1.0000000,-0.0000792,0.0007205,-0.1094209,0.3500000,-0.2405791,-0.0007248,0.0000817,-0.0007383,-0.1102037,0.3500000,-0.2397964,0.0007428,0.0000000,0.0000000,0.0000000,1.2707963,-0.0000000,0.0000000,0.0000000,0.0000000,1.2707963,-0.0000000,1.0000000,1.0000000
0.0000000,0.0000000,0.9692268,0.0000000,0.0000000,0.0000000,1.0000000,-0.0000792,0.0007205,-0.1094209,0.3500000,-0.2405791,-0.0007248,0.0000817,-0.0007383,-0.1102037,0.3500000,-0.2397964,0.0007428,0.0000000,0.0000000,0.0000000,1.2707963,-0.0000000,0.0000000,0.0000000,0.0000000,1.2707963,-0.0000000,1.0000000,1.0000000
0.0000000,0.0000000,0.9692268,0.0000000,0.0000000,0.0000000,1.0000000,-0.0000792,0.0007205,-0.1094209,0.3500000,-0.2405791,-0.0007248,0.0000817,-0.0007383,-0.1102037,0.3500000,-0.2397964,0.0007428,0.0000000,0.0000000,0.0000000,1.2707963,-0.0000000,0.0000000,0.0000000,0.0000000,1.2707963,-0.0000000,1.0000000,1.0000000
0.0000000,0.0000000,0.9692268,0.0000000,0.0000000,0.0000000,1.0000000,-0.0000792,0.0007205,-0.1094209,0.3500000,-0.2405791,-0.0007248,0.0000817,-0.0007383,-0.1102037,0.3500000,-0.2397964,0.0007428,0.0000000,0.0000000,0.0000000,1.2707963,-0.0000000,0.0000000,0.0000000,0.0000000,1.2707963,-0.0000000,1.0000000,1.0000000
0.0000000,0.0000000,0.9692268,0.0000000,0.0000000,0.0000000,1.0000000,-0.0000792,0.0007205,-0.1094209,0.3500000,-0.2405791,-0.0007248,0.0000817,-0.0007383,-0.1102037,0.3500000,-0.2397964,0.0007428,0.0000000,0.0000000,0.0000000,1.2707963,-0.0000000,0.0000000,0.0000000,0.0000000,1.2707963,-0.0000000,1.0000000,1.0000000
0.0000000,0.0000000,0.9692268,0.0000000,0.0000000,0.0000000,1.0000000,-0.0000792,0.0007205,-0.1094209,0.3500000,-0.2405791,-0.0007248,0.0000817,-0.0007383,-0.1102037,0.3500000,-0.2397964,0.0007428,0.0000000,0.0000000,0.0000000,1.2707963,-0.0000000,0.0000000,0.0000000,0.0000000,1.2707963,-0.0000000,1.0000000,1.0000000
0.0000000,0.0000000,0.9692268,0.0000000,0.0000000,0.0000000,1.0000000,-0.0000792,0.0007205,-0.1094209,0.3500000,-0.2405791,-0.0007248,0.0000817,-0.0007383,-0.1102037,0.3500000,-0.2397964,0.0007428,0.0000000,0.0000000,0.0000000,1.2707963,-0.0000000,0.0000000,0.0000000,0.0000000,1.2707963,-0.0000000,1.0000000,1.0000000
0.0000000,0.0000000,0.9692268,0.0000000,0.0000000,0.0000000,1.0000000,-0.0000792,0.0007205,-0.1094209,0.3500000,-0.2405791,-0.0007248,0.0000817,-0.0007383,-0.1102037,0.3500000,-0.2397964,0.0007428,0.0000000,0.0000000,0.0000000,1.2707963,-0.0000000,0.0000000,0.0000000,0.0000000,1.2707963,-0.0000000,1.0000000,1.0000000
0.0000000,0.0000000,0.9692268,0.0000000,0.0000000,0.0000000,1.0000000,-0.0000792,0.0007205,-0.1094209,0.3500000,-0.2405791,-0.0007248,0.0000817,-0.0007383,-0.1102037,0.3500000,-0.2397964,0.0007428,0.0000000,0.0000000,0.0000000,1.2707963,-0.0000000,0.0000000,0.0000000,0.0000000,1.2707963,-0.0000000,1.0000000,1.0000000
0.0000000,0.0000000,0.9692268,0.0000000,0.0000000,0.0000000,1.0000000,-0.0000792,0.0007205,-0.1094209,0.3500000,-0.2405791,-0.0007248,0.0000817,-0.0007383,-0.1102037,0.3500000,-0.2397964,0.0007428,0.0000000,0.0000000,0.0000000,1.2707963,-0.0000000,0.0000000,0.0000000,0.0000000,1.2707963,-0.0000000,1.0000000,1.0000000
0.0000000,0.0000000,0.9692268,0.0000000,0.0000000,0.0000000,1.0000000,-0.0000792,0.0007205,-0.1094209,0.3500000,-0.2405791,-0.0007248,0.0000817,-0.0007383,-0.1102037,0.3500000,-0.2397964,0.0007428,0.0000000,0.0000000,0.0000000,1.2707963,-0.0000000,0.0000000,0.0000000,0.0000000,1.2707963,-0.0000000,1.0000000,1.0000000
0.0000000,0.0000000,0.9692268,0.0000000,0.0000000,0.0000000,1.0000000,-0.0000792,0.0007205,-0.1094209,0.3500000,-0.2405791,-0.0007248,0.0000817,-0.0007383,-0.1102037,0.3500000,-0.2397964,0.0007428,0.0000000,0.0000000,0.0000000,1.2707963,-0.0000000,0.0000000,0.0000000,0.0000000,1.2707963,-0.0000000,1.0000000,1.0000000
0.0000000,0.0000000,0.9692268,0.0000000,0.0000000,0.0000000,1.0000000,-0.0000792,0.0007205,-0.1094209,0.3500000,-0.2405791,-0.0007248,0.0000817,-0.0007383,-0.1102037,0.3500000,-0.2397964,0.0007428,0.0000000,0.0000000,0.0000000,1.2707963,-0.0000000,0.0000000,0.0000000,0.0000000,1.2707963,-0.0000000,1.0000000,1.0000000
0.0000000,0.0000000,0.9692268,0.0000000,0.0000000,0.0000000,1.0000000,-0.0000792,0.0007205,-0.1094209,0.3500000,-0.2405791,-0.0007248,0.0000817,-0.0007383,-0.1102037,0.3500000,-0.2397964,0.0007428,0.0000000,0.0000000,0.0000000,1.2707963,-0.0000000,0.0000000,0.0000000,0.0000000,1.2707963,-0.0000000,1.0000000,1.0000000
0.0000000,0.0000000,0.9692268,0.0000000,0.0000000,0.0000000,1.0000000,-0.0000792,0.0007205,-0.1094209,0.3500000,-0.2405791,-0.0007248,0.0000817,-0.0007383,-0.1102037,0.3500000,-0.2397964,0.0007428,0.0000000,0.0000000,0.0000000,1.2707963,-0.0000000,0.0000000,0.0000000,0.0000000,1.2707963,-0.0000000,1.0000000,1.0000000
0.0000000,0.0000000,0.9692268,0.0000000,0.0000000,0.0000000,1.0000000,-0.0000792,0.0007205,-0.1094209,0.3500000,-0.2405791,-0.0007248,0.0000817,-0.0007383,-0.1102037,0.3500000,-0.2397964,0.0007428,0.0000000,0.0000000,0.0000000,1.2707963,-0.0000000,0.0000000,0.0000000,0.0000000,1.2707963,-0.0000000,1.0000000,1.0000000
0.0000000,0.0000000,0.9692268,0.0000000,0.0000000,0.0000000,1.0000000,-0.0000792,0.0007205,-0.1094209,0.3500000,-0.2405791,-0.0007248,0.0000817,-0.0007383,-0.1102037,0.3500000,-0.2397964,0.0007428,0.0000000,0.0000000,0.0000000,1.2707963,-0.0000000,0.0000000,0.0000000,0.0000000,1.2707963,-0.0000000,1.0000000,1.0000000
0.0000000,0.0000000,0.9692268,0.0000000,0.0000000,0.0000000,1.0000000,-0.0000792,0.0007205,-0.1094209,0.3500000,-0.2405791,-0.0007248,0.0000817,-0.0007383,-0.1102037,0.3500000,-0.2397964,0.0007428,0.0000000,0.0000000,0.0000000,1.2707963,-0.0000000,0.0000000,0.0000000,0.0000000,1.2707963,-0.0000000,1.0000000,1.0000000
0.0000000,0.0000000,0.9692268,0.0000000,0.0000000,0.0000000,1.0000000,-0.0000792,0.0007205,-0.1094209,0.3500000,-0.2405791,-0.0007248,0.0000817,-0.0007383,-0.1102037,0.3500000,-0.2397964,0.0007428,0.0000000,0.0000000,0.0000000,1.2707963,-0.0000000,0.0000000,0.0000000,0.0000000,1.2707963,-0.0000000,1.0000000,1.0000000
0.0000000,0.0000000,0.9692268,0.0000000,0.0000000,0.0000000,1.0000000,-0.0000792,0.0007205,-0.1094209,0.3500000,-0.2405791,-0.0007248,0.0000817,-0.0007383,-0.1102037,0.3500000,-0.2397964,0.0007428,0.0000000,0.0000000,0.0000000,1.2707963,-0.0000000,0.0000000,0.0000000,0.0000000,1.2707963,-0.0000000,1.0000000,1.0000000
0.0000000,0.0000000,0.9692268,0.0000000,0.0000000,0.0000000,1.0000000,-0.0000792,0.0007205,-0.1094209,0.3500000,-0.2405791,-0.0007248,0.0000817,-0.0007383,-0.1102037,0.3500000,-0.2397964,0.0007428,0.0000000,0.0000000,0.0000000,1.2707963,-0.0000000,0.0000000,0.0000000,0.0000000,1.2707963,-0.0000000,1.0000000,1.0000000
0.0000000,0.0000000,0.9692268,0.0000000,0.0000000,0.0000000,1.0000000,-0.0000792,0.0007205,-0.1094209,0.3500000,-0.2405791,-0.0007248,0.0000817,-0.0007383,-0.1102037,0.3500000,-0.2397964,0.0007428,0.0000000,0.0000000,0.0000000,1.2707963,-0.0000000,0.0000000,0.0000000,0.0000000,1.2707963,-0.0000000,1.0000000,1.0000000
0.0000000,0.0000000,0.9692268,0.0000000,0.0000000,0.0000000,1.0000000,-0.0000792,0.0007205,-0.1094209,0.3500000,-0.2405791,-0.0007248,0.0000817,-0.0007383,-0.1102037,0.3500000,-0.2397964,0.0007428,0.0000000,0.0000000,0.0000000,1.2707963,-0.0000000,0.0000000,0.0000000,0.0000000,1.2707963,-0.0000000,1.0000000,1.0000000
0.0000000,0.0000000,0.9692268,0.0000000,0.0000000,0.0000000,1.0000000,-0.0000792,0.0007205,-0.1094209,0.3500000,-0.2405791,-0.0007248,0.0000817,-0.0007383,-0.1102037,0.3500000,-0.2397964,0.0007428,0.0000000,0.0000000,0.0000000,1.2707963,-0.0000000,0.0000000,0.0000000,0.0000000,1.2707963,-0.0000000,1.0000000,1.0000000
0.0000000,0.0000000,0.9692268,0.0000000,0.0000000,0.0000000,1.0000000,-0.0000792,0.0007205,-0.1094209,0.3500000,-0.2405791,-0.0007248,0.0000817,-0.0007383,-0.1102037,0.3500000,-0.2397964,0.0007428,0.0000000,0.0000000,0.0000000,1.2707963,-0.0000000,0.0000000,0.0000000,0.0000000,1.2707963,-0.0000000,1.0000000,1.0000000
0.0000000,0.0000000,0.9692268,0.0000000,0.0000000,0.0000000,1.0000000,-0.0000792,0.0007205,-0.1094209,0.3500000,-0.2405791,-0.0007248,0.0000817,-0.0007383,-0.1102037,0.3500000,-0.2397964,0.0007428,0.0000000,0.0000000,0.0000000,1.2707963,-0.0000000,0.0000000,0.0000000,0.0000000,1.2707963,-0.0000000,1.0000000,1.0000000
0.0000000,0.0000000,0.9692268,0.0000000,0.0000000,0.0000000,1.0000000,-0.0000792,0.0007205,-0.1094209,0.3500000,-0.2405791,-0.0007248,0.0000817,-0.0007383,-0.1102037,0.3500000,-0.2397964,0.0007428,0.0000000,0.0000000,0.0000000,1.2707963,-0.0000000,0.0000000,0.0000000,0.0000000,1.2707963,-0.0000000,1.0000000,1.0000000
0.0000000,0.0000000,0.9692268,0.0000000,0.0000000,0.0000000,1.0000000,-0.0000792,0.0007205,-0.1094209,0.3500000,-0.2405791,-0.0007248,0.0000817,-0.0007383,-0.1102037,0.3500000,-0.2397964,0.0007428,0.0000000,0.0000000,0.0000000,1.2707963,-0.0000000,0.0000000,0.0000000,0.0000000,1.2707963,-0.0000000,1.0000000,1.0000000
0.0000000,0.0000000,0.9692268,0.0000000,0.0000000,0.0000000,1.0000000,-0.0000792,0.0007205,-0.1094209,0.3500000,-0.2405791,-0.0007248,0.0000817,-0.0007383,-0.1102037,0.3500000,-0.2397964,0.0007428,0.0000000,0.0000000,0.0000000,1.2707963,-0.0000000,0.0000000,0.0000000,0.0000000,1.2707963,-0.0000000,1.0000000,1.0000000
0.0000000,0.0000000,0.9692268,0.0000000,0.0000000,0.0000000,1.0000000,-0.0000792,0.0007205,-0.1094209,0.3500000,-0.2405791,-0.0007248,0.0000817,-0.0007383,-0.1102037,0.3500000,-0.2397964,0.0007428,0.0000000,0.0000000,0.0000000,1.2707963,-0.0000000,0.0000000,0.0000000,0.0000000,1.2707963,-0.0000000,1.0000000,1.0000000
0.0000000,0.0000000,0.9692268,0.0000000,0.0000000,0.0000000,1.0000000,-0.0000792,0.0007205,-0.1094209,0.3500000,-0.2405791,-0.0007248,0.0000817,-0.0007383,-0.1102037,0.3500000,-0.2397964,0.0007428,0.0000000,0.0000000,0.0000000,1.2707963,-0.0000000,0.0000000,0.0000000,0.0000000,1.2707963,-0.0000000,1.0000000,1.0000000
0.0000000,0.0000000,0.9692268,0.0000000,0.0000000,0.0000000,1.0000000,-0.0000792,0.0007205,-0.1094209,0.3500000,-0.2405791,-0.0007248,0.0000817,-0.0007383,-0.1102037,0.3500000,-0.2397964,0.0007428,0.0000000,0.0000000,0.0000000,1.2707963,-0.0000000,0.0000000,0.0000000,0.0000000,1.2707963,-0.0000000,1.0000000,1.0000000
0.0000000,0.0000000,0.9692268,0.0000000,0.0000000,0.0000000,1.0000000,-0.0000792,0.0007205,-0.1094209,0.3500000,-0.2405791,-0.0007248,0.0000817,-0.0007383,-0.1102037,0.3500000,-0.2397964,0.0007428,0.0000000,0.0000000,0.0000000,1.2707963,-0.0000000,0.0000000,0.0000000,0.0000000,1.2707963,-0.0000000,1.0000000,1.0000000
0.0000000,0.0000000,0.9692268,0.0000000,0.0000000,0.0000000,1.0000000,-0.0000792,0.0007205,-0.1094209,0.3500000,-0.2405791,-0.0007248,0.0000817,-0.0007383,-0.1102037,0.3500000,-0.2397964,0.0007428,0.0000000,0.0000000,0.0000000,1.2707963,-0.0000000,0.0000000,0.0000000,0.0000000,1.2707963,-0.0000000,1.0000000,1.0000000
0.0000000,0.0000000,0.9692268,0.0000000,0.0000000,0.0000000,1.0000000,-0.0000792,0.0007205,-0.1094209,0.3500000,-0.2405791,-0.0007248,0.0000817,-0.0007383,-0.1102037,0.3500000,-0.2397964,0.0007428,0.0000000,0.0000000,0.0000000,1.2707963,-0.0000000,0.0000000,0.0000000,0.0000000,1.2707963,-0.0000000,1.0000000,1.0000000
0.0000000,0.0000000,0.9692268,0.0000000,0.0000000,0.0000000,1.0000000,-0.0000792,0.0007205,-0.1094209,0.3500000,-0.2405791,-0.0007248,0.0000817,-0.0007383,-0.1102037,0.3500000,-0.2397964,0.0007428,0.0000000,0.0000000,0.0000000,1.2707963,-0.0000000,0.0000000,0.0000000,0.0000000,1.2707963,-0.0000000,1.0000000,1.0000000
0.0000000,0.0000000,0.9692268,0.0000000,0.0000000,0.0000000,1.0000000,-0.0000792,0.0007205,-0.1094209,0.3500000,-0.2405791,-0.0007248,0.0000817,-0.0007383,-0.1102037,0.3500000,-0.2397964,0.0007428,0.0000000,0.0000000,0.0000000,1.2707963,-0.0000000,0.0000000,0.0000000,0.0000000,1.2707963,-0.0000000,1.0000000,1.0000000
0.0000000,0.0000000,0.9692268,0.0000000,0.0000000,0.0000000,1.0000000,-0.0000792,0.0007205,-0.1094209,0.3500000,-0.2405791,-0.0007248,0.0000817,-0.0007383,-0.1102037,0.3500000,-0.2397964,0.0007428,0.0000000,0.0000000,0.0000000,1.2707963,-0.0000000,0.0000000,0.0000000,0.0000000,1.2707963,-0.0000000,1.0000000,1.0000000
0.0000000,0.0000000,0.9692268,0.0000000,0.0000000,0.0000000,1.0000000,-0.0000792,0.0007205,-0.1094209,0.3500000,-0.2405791,-0.0007248,0.0000817,-0.0007383,-0.1102037,0.3500000,-0.2397964,0.0007428,0.0000000,0.0000000,0.0000000,1.2707963,-0.0000000,0.0000000,0.0000000,0.0000000,1.2707963,-0.0000000,1.0000000,1.0000000
0.0000000,0.0000000,0.9692268,0.0000000,0.0000000,0.0000000,1.0000000,-0.0000792,0.0007205,-0.1094209,0.3500000,-0.2405791,-0.0007248,0.0000817,-0.0007383,-0.1102037,0.3500000,-0.2397964,0.0007428,0.0000000,0.0000000,0.0000000,1.2707963,-0.0000000,0.0000000,0.0000000,0.0000000,1.2707963,-0.0000000,1.0000000,1.0000000
0.0000000,0.0000000,0.9692268,0.0000000,0.0000000,0.0000000,1.0000000,-0.0000792,0.0007205,-0.1094209,0.3500000,-0.2405791,-0.0007248,0.0000817,-0.0007383,-0.1102037,0.3500000,-0.2397964,0.0007428,0.0000000,0.0000000,0.0000000,1.2707963,-0.0000000,0.0000000,0.0000000,0.0000000,1.2707963,-0.0000000,1.0000000,1.0000000
0.0000000,0.0000000,0.9692268,0.0000000,0.0000000,0.0000000,1.0000000,-0.0000792,0.0007205,-0.1094209,0.3500000,-0.2405791,-0.0007248,0.0000817,-0.0007383,-0.1102037,0.3500000,-0.2397964,0.0007428,0.0000000,0.0000000,0.0000000,1.2707963,-0.0000000,0.0000000,0.0000000,0.0000000,1.2707963,-0.0000000,1.0000000,1.0000000
0.0000000,0.0000000,0.9692268,0.0000000,0.0000000,0.0000000,1.0000000,-0.0000792,0.0007205,-0.1094209,0.3500000,-0.2405791,-0.0007248,0.0000817,-0.0007383,-0.1102037,0.3500000,-0.2397964,0.0007428,0.0000000,0.0000000,0.0000000,1.2707963,-0.0000000,0.0000000,0.0000000,0.0000000,1.2707963,-0.0000000,1.0000000,1.0000000
0.0000000,0.0000000,0.9692268,0.0000000,0.0000000,0.0000000,1.0000000,-0.0000792,0.0007205,-0.1094209,0.3500000,-0.2405791,-0.0007248,0.0000817,-0.0007383,-0.1102037,0.3500000,-0.2397964,0.0007428,0.0000000,0.0000000,0.0000000,1.2707963,-0.0000000,0.0000000,0.0000000,0.0000000,1.2707963,-0.0000000,1.0000000,1.0000000
0.0000000,0.0000000,0.9692268,0.0000000,0.0000000,0.0000000,1.0000000,-0.0000792,0.0007205,-0.1094209,0.3500000,-0.2405791,-0.0007248,0.0000817,-0.0007383,-0.1102037,0.3500000,-0.2397964,0.0007428,0.0000000,0.0000000,0.0000000,1.2707963,-0.0000000,0.0000000,0.0000000,0.0000000,1.2707963,-0.0000000,1.0000000,1.0000000
0.0000000,0.0000000,0.9692268,0.0000000,0.0000000,0.0000000,1.0000000,-0.0000792,0.0007205,-0.1094209,0.3500000,-0.2405791,-0.0007248,0.0000817,-0.0007383,-0.1102037,0.3500000,-0.2397964,0.0007428,0.0000000,0.0000000,0.0000000,1.2707963,-0.0000000,0.0000000,0.0000000,0.0000000,1.2707963,-0.0000000,1.0000000,1.0000000
0.0000000,0.0000000,0.9692268,0.0000000,0.0000000,0.0000000,1.0000000,-0.0000792,0.0007205,-0.1094209,0.3500000,-0.2405791,-0.0007248,0.0000817,-0.0007383,-0.1102037,0.3500000,-0.2397964,0.0007428,0.0000000,0.0000000,0.0000000,1.2707963,-0.0000000,0.0000000,0.0000000,0.0000000,1.2707963,-0.0000000,1.0000000,1.0000000
0.0000000,0.0000000,0.9692268,0.0000000,0.0000000,0.0000000,1.0000000,-0.0000792,0.0007205,-0.1094209,0.3500000,-0.2405791,-0.0007248,0.0000817,-0.0007383,-0.1102037,0.3500000,-0.2397964,0.0007428,0.0000000,0.0000000,0.0000000,1.2707963,-0.0000000,0.0000000,0.0000000,0.0000000,1.2707963,-0.0000000,1.0000000,1.0000000
0.0000000,0.0000000,0.9692268,0.0000000,0.0000000,0.0000000,1.0000000,-0.0000792,0.0007205,-0.1094209,0.3500000,-0.2405791,-0.0007248,0.0000817,-0.0007383,-0.1102037,0.3500000,-0.2397964,0.0007428,0.0000000,0.0000000,0.0000000,1.2707963,-0.0000000,0.0000000,0.0000000,0.0000000,1.2707963,-0.0000000,1.0000000,1.0000000
0.0000000,0.0000000,0.9692268,0.0000000,0.0000000,0.0000000,1.0000000,-0.0000792,0.0007205,-0.1094209,0.3500000,-0.2405791,-0.0007248,0.0000817,-0.0007383,-0.1102037,0.3500000,-0.2397964,0.0007428,0.0000000,0.0000000,0.0000000,1.2707963,-0.0000000,0.0000000,0.0000000,0.0000000,1.2707963,-0.0000000,1.0000000,1.0000000
0.0000000,0.0000000,0.9692268,0.0000000,0.0000000,0.0000000,1.0000000,-0.0000792,0.0007205,-0.1094209,0.3500000,-0.2405791,-0.0007248,0.0000817,-0.0007383,-0.1102037,0.3500000,-0.2397964,0.0007428,0.0000000,0.0000000,0.0000000,1.2707963,-0.0000000,0.0000000,0.0000000,0.0000000,1.2707963,-0.0000000,1.0000000,1.0000000
0.0000000,0.0000000,0.9692268,0.0000000,0.0000000,0.0000000,1.0000000,-0.0000792,0.0007205,-0.1094209,0.3500000,-0.2405791,-0.0007248,0.0000817,-0.0007383,-0.1102037,0.3500000,-0.2397964,0.0007428,0.0000000,0.0000000,0.0000000,1.2707963,-0.0000000,0.0000000,0.0000000,0.0000000,1.2707963,-0.0000000,1.0000000,1.0000000
0.0000000,0.0000000,0.9692268,0.0000000,0.0000000,0.0000000,1.0000000,-0.0000792,0.0007205,-0.1094209,0.3500000,-0.2405791,-0.0007248,0.0000817,-0.0007383,-0.1102037,0.3500000,-0.2397964,0.0007428,0.0000000,0.0000000,0.0000000,1.2707963,-0.0000000,0.0000000,0.0000000,0.0000000,1.2707963,-0.0000000,1.0000000,1.0000000
0.0000000,0.0000000,0.9692268,0.0000000,0.0000000,0.0000000,1.0000000,-0.0000792,0.0007205,-0.1094209,0.3500000,-0.2405791,-0.0007248,0.0000817,-0.0007383,-0.1102037,0.3500000,-0.2397964,0.0007428,0.0000000,0.0000000,0.0000000,1.2707963,-0.0000000,0.0000000,0.0000000,0.0000000,1.2707963,-0.0000000,1.0000000,1.0000000
0.0000000,0.0000000,0.9692268,0.0000000,0.0000000,0.0000000,1.0000000,-0.0000792,0.0007205,-0.1094209,0.3500000,-0.2405791,-0.0007248,0.0000817,-0.0007383,-0.1102037,0.3500000,-0.2397964,0.0007428,0.0000000,0.0000000,0.0000000,1.2707963,-0.0000000,0.0000000,0.0000000,0.0000000,1.2707963,-0.0000000,1.0000000,1.0000000
0.0000000,0.0000000,0.9692268,0.0000000,0.0000000,0.0000000,1.0000000,-0.0000792,0.0007205,-0.1094209,0.3500000,-0.2405791,-0.0007248,0.0000817,-0.0007383,-0.1102037,0.3500000,-0.2397964,0.0007428,0.0000000,0.0000000,0.0000000,1.2707963,-0.0000000,0.0000000,0.0000000,0.0000000,1.2707963,-0.0000000,1.0000000,1.0000000
0.0000000,0.0000000,0.9692268,0.0000000,0.0000000,0.0000000,1.0000000,-0.0000792,0.0007205,-0.1094209,0.3500000,-0.2405791,-0.0007248,0.0000817,-0.0007383,-0.1102037,0.3500000,-0.2397964,0.0007428,0.0000000,0.0000000,0.0000000,1.2707963,-0.0000000,0.0000000,0.0000000,0.0000000,1.2707963,-0.0000000,1.0000000,1.0000000
0.0000000,0.0000000,0.9692268,0.0000000,0.0000000,0.0000000,1.0000000,-0.0000792,0.0007205,-0.1094209,0.3500000,-0.2405791,-0.0007248,0.0000817,-0.0007383,-0.1102037,0.3500000,-0.2397964,0.0007428,0.0000000,0.0000000,0.0000000,1.2707963,-0.0000000,0.0000000,0.0000000,0.0000000,1.2707963,-0.0000000,1.0000000,1.0000000
0.0000000,0.0000000,0.9692268,0.0000000,0.0000000,0.0000000,1.0000000,-0.0000792,0.0007205,-0.1094209,0.3500000,-0.2405791,-0.0007248,0.0000817,-0.0007383,-0.1102037,0.3500000,-0.2397964,0.0007428,0.0000000,0.0000000,0.0000000,1.2707963,-0.0000000,0.0000000,0.0000000,0.0000000,1.2707963,-0.0000000,1.0000000,1.0000000
0.0000000,0.0000000,0.9692268,0.0000000,0.0000000,0.0000000,1.0000000,-0.0000792,0.0007205,-0.1094209,0.3500000,-0.2405791,-0.0007248,0.0000817,-0.0007383,-0.1102037,0.3500000,-0.2397964,0.0007428,0.0000000,0.0000000,0.0000000,1.2707963,-0.0000000,0.0000000,0.0000000,0.0000000,1.2707963,-0.0000000,1.0000000,1.0000000
0.0000000,0.0000000,0.9692268,0.0000000,0.0000000,0.0000000,1.0000000,-0.0000792,0.0007205,-0.1094209,0.3500000,-0.2405791,-0.0007248,0.0000817,-0.0007383,-0.1102037,0.3500000,-0.2397964,0.0007428,0.0000000,0.0000000,0.0000000,1.2707963,-0.0000000,0.0000000,0.0000000,0.0000000,1.2707963,-0.0000000,1.0000000,1.0000000
0.0000000,0.0000000,0.9692268,0.0000000,0.0000000,0.0000000,1.0000000,-0.0000792,0.0007205,-0.1094209,0.3500000,-0.2405791,-0.0007248,0.0000817,-0.0007383,-0.1102037,0.3500000,-0.2397964,0.0007428,0.0000000,0.0000000,0.0000000,1.2707963,-0.0000000,0.0000000,0.0000000,0.0000000,1.2707963,-0.0000000,1.0000000,1.0000000
0.0000000,0.0000000,0.9692268,0.0000000,0.0000000,0.0000000,1.0000000,-0.0000792,0.0007205,-0.1094209,0.3500000,-0.2405791,-0.0007248,0.0000817,-0.0007383,-0.1102037,0.3500000,-0.2397964,0.0007428,0.0000000,0.0000000,0.0000000,1.2707963,-0.0000000,0.0000000,0.0000000,0.0000000,1.2707963,-0.0000000,1.0000000,1.0000000
0.0000000,0.0000000,0.9692268,0.0000000,0.0000000,0.0000000,1.0000000,-0.0000792,0.0007205,-0.1094209,0.3500000,-0.2405791,-0.0007248,0.0000817,-0.0007383,-0.1102037,0.3500000,-0.2397964,0.0007428,0.0000000,0.0000000,0.0000000,1.2707963,-0.0000000,0.0000000,0.0000000,0.0000000,1.2707963,-0.0000000,1.0000000,1.0000000
0.0000000,0.0000000,0.9692268,0.0000000,0.0000000,0.0000000,1.0000000,-0.0000792,0.0007205,-0.1094209,0.3500000,-0.2405791,-0.0007248,0.0000817,-0.0007383,-0.1102037,0.3500000,-0.2397964,0.0007428,0.0000000,0.0000000,0.0000000,1.2707963,-0.0000000,0.0000000,0.0000000,0.0000000,1.2707963,-0.0000000,1.0000000,1.0000000
0.0000000,0.0000000,0.9692268,0.0000000,0.0000000,0.0000000,1.0000000,-0.0000792,0.0007205,-0.1094209,0.3500000,-0.2405791,-0.0007248,0.0000817,-0.0007383,-0.1102037,0.3500000,-0.2397964,0.0007428,0.0000000,0.0000000,0.0000000,1.2707963,-0.0000000,0.0000000,0.0000000,0.0000000,1.2707963,-0.0000000,1.0000000,1.0000000
0.0000000,0.0000000,0.9692267,0.0000000,0.0000000,0.0000000,1.0000000,-0.0000792,0.0007205,-0.1094215,0.3500018,-0.2405802,-0.0007248,0.0000817,-0.0007383,-0.1102043,0.3500018,-0.2397975,0.0007428,0.0000000,0.0000000,0.0000000,1.2707963,-0.0000000,0.0000000,0.0000000,0.0000000,1.2707963,-0.0000000,1.0000000,1.0000000
0.0000000,0.0000000,0.9692258,0.0000000,0.0000000,0.0000000,1.0000000,-0.0000792,0.0007205,-0.1094257,0.3500138,-0.2405881,-0.0007248,0.0000817,-0.0007383,-0.1102085,0.3500138,-0.2398054,0.0007428,0.0000000,0.0000000,0.0000000,1.2707963,-0.0000000,0.0000000,0.0000000,0.0000000,1.2707963,-0.0000000,1.0000000,1.0000000
0.0000000,0.0000000,0.9692235,0.0000000,0.0000000,0.0000000,1.0000000,-0.0000792,0.0007205,-0.1094369,0.3500461,-0.2406092,-0.0007248,0.0000817,-0.0007383,-0.1102197,0.3500461,-0.2398265,0.0007428,0.0000000,0.0000000,0.0000000,1.2707963,-0.0000000,0.0000000,0.0000000,0.0000000,1.2707963,-0.0000000,1.0000000,1.0000000
0.0000000,0.0000000,0.9692190,0.0000000,0.0000000,0.0000000,1.0000000,-0.0000792,0.0007205,-0.1094584,0.3501080,-0.2406496,-0.0007248,0.0000817,-0.0007383,-0.1102412,0.3501080,-0.2398668,0.0007428,0.0000000,0.0000000,0.0000000,1.2707963,-0.0000000,0.0000000,0.0000000,0.0000000,1.2707963,-0.0000000,1.0000000,1.0000000
0.0000000,0.0000000,0.9692117,0.0000000,0.0000000,0.0000000,1.0000000,-0.0000792,0.0007205,-0.1094932,0.3502083,-0.2407151,-0.0007248,0.0000817,-0.0007383,-0.1102760,0.3502083,-0.2399323,0.0007428,0.0000000,0.0000000,0.0000000,1.2707963,-0.0000000,0.0000000,0.0000000,0.0000000,1.2707963,-0.0000000,1.0000000,1.0000000
0.0000000,0.0000000,0.9692011,0.0000000,0.0000000,0.0000000,1.0000000,-0.0000792,0.0007205,-0.1095443,0.3503554,-0.2408111,-0.0007248,0.0000818,-0.0007383,-0.1103271,0.3503554,-0.2400284,0.0007428,0.0000000,0.0000000,0.0000000,1.2707963,-0.0000000,0.0000000,0.0000000,0.0000000,1.2707963,-0.0000000,1.0000000,1.0000000
0.0000000,0.0000000,0.9691865,0.0000000,0.0000000,0.0000000,1.0000000,-0.0000793,0.0007205,-0.1096144,0.3505572,-0.2409429,-0.0007248,0.0000818,-0.0007383,-0.1103972,0.3505572,-0.2401601,0.0007428,0.0000000,0.0000000,0.0000000,1.2707963,-0.0000000,0.0000000,0.0000000,0.0000000,1.2707963,-0.0000000,1.0000000,1.0000000
0.0000000,0.0000000,0.9691674,0.0000000,0.0000000,0.0000000,1.0000000,-0.0000794,0.0007205,-0.1097060,0.3508211,-0.2411151,-0.0007249,0.0000819,-0.0007383,-0.1104888,0.3508211,-0.2403324,0.0007428,0.0000000,0.0000000,0.0000000,1.2707963,-0.0000000,0.0000000,0.0000000,0.0000000,1.2707963,-0.0000000,1.0000000,1.0000000
0.0000000,0.0000000,0.9691433,0.0000000,0.0000000,0.0000000,1.0000000,-0.0000794,0.0007205,-0.1098215,0.3511539,-0.2413324,-0.0007249,0.0000820,-0.0007383,-0.1106043,0.3511539,-0.2405496,0.0007428,0.0000000,0.0000000,0.0000000,1.2707963,-0.0000000,0.0000000,0.0000000,0.0000000,1.2707963,-0.0000000,1.0000000,1.0000000
0.0000000,0.0000000,0.9691137,0.0000000,0.0000000,0.0000000,1.0000000,-0.0000796,0.0007205,-0.1099632,0.3515621,-0.2415989,-0.0007249,0.0000821,-0.0007383,-0.1107460,0.3515621,-0.2408161,0.0007429,0.0000000,0.0000000,0.0000000,1.2707963,-0.0000000,0.0000000,0.0000000,0.0000000,1.2707963,-0.0000000,1.0000000,1.0000000
0.0000000,0.0000000,0.9690781,0.0000000,0.0000000,0.0000000,1.0000000,-0.0000797,0.0007205,-0.1101330,0.3520514,-0.2419184,-0.0007249,0.0000822,-0.0007383,-0.1109159,0.3520514,-0.2411355,0.0007429,0.0000000,0.0000000,0.0000000,1.2707963,-0.0000000,0.0000000,0.0000000,0.0000000,1.2707963,-0.0000000,1.0000000,1.0000000
0.0000000,0.0000000,0.9690362,0.0000000,0.0000000,0.0000000,1.0000000,-0.0000798,0.0007206,-0.1103329,0.3526272,-0.2422943,-0.0007250,0.0000824,-0.0007383,-0.1111158,0.3526272,-0.2415114,0.0007429,0.0000000,0.0000000,0.0000000,1.2707963,-0.0000000,0.0000000,0.0000000,0.0000000,1.2707963,-0.0000000,1.0000000,1.0000000
0.0000000,0.0000000,0.9689876,0.0000000,0.0000000,0.0000000,1.0000000,-0.0000800,0.0007206,-0.1105645,0.3532943,-0.2427299,-0.0007250,0.0000826,-0.0007384,-0.1113474,0.3532944,-0.2419470,0.0007430,0.0000000,0.0000000,0.0000000,1.2707963,-0.0000000,0.0000000,0.0000000,0.0000000,1.2707963,-0.0000000,1.0000000,1.0000000
0.0000000,0.0000000,0.9689319,0.0000000,0.0000000,0.0000000,1.0000000,-0.0000802,0.0007206,-0.1108292,0.3540572,-0.2432280,-0.0007251,0.0000828,-0.0007384,-0.1116122,0.3540572,-0.2424450,0.0007430,0.0000000,0.0000000,0.0000000,1.2707963,-0.0000000,0.0000000,0.0000000,0.0000000,1.2707963,-0.0000000,1.0000000,1.0000000
0.0000000,0.0000000,0.9688688,0.0000000,0.0000000,0.0000000,1.0000000,-0.0000804,0.0007206,-0.1111285,0.3549195,-0.2437910,-0.0007251,0.0000830,-0.0007384,-0.1119116,0.3549195,-0.2430080,0.0007431,0.0000000,0.0000000,0.0000000,1.2707963,-0.0000000,0.0000000,0.0000000,0.0000000,1.2707963,-0.0000000,1.0000000,1.0000000
0.0000000,0.0000000,0.9687980,0.0000000,0.0000000,0.0000000,1.0000000,-0.0000807,0.0007207,-0.1114634,0.3558846,-0.2444212,-0.0007252,0.0000832,-0.0007384,-0.1122465,0.3558847,-0.2436381,0.0007431,0.0000000,0.0000000,0.0000000,1.2707963,-0.0000000,0.0000000,0.0000000,0.0000000,1.2707963,-0.0000000,1.0000000,1.0000000
0.0000000,0.0000000,0.9687192,0.0000000,0.0000000,0.0000000,1.0000000,-0.0000809,0.0007207,-0.1118349,0.3569553,-0.2451204,-0.0007252,0.0000835,-0.0007385,-0.1126182,0.3569554,-0.2443373,0.0007432,0.0000000,0.0000000,0.0000000,1.2707963,-0.0000000,0.0000000,0.0000000,0.0000000,1.2707963,-0.0000000,1.0000000,1.0000000
0.0000000,0.0000000,0.9686323,0.0000000,0.0000000,0.0000000,1.0000000,-0.0000812,0.0007207,-0.1122439,0.3581340,-0.2458901,-0.0007253,0.0000838,-0.0007385,-0.1130272,0.3581340,-0.2451069,0.0007433,0.0000000,0.0000000,0.0000000,1.2707963,-0.0000000,0.0000000,0.0000000,0.0000000,1.2707963,-0.0000000,1.0000000,1.0000000
0.0000000,0.0000000,0.9685368,0.0000000,0.0000000,0.0000000,1.0000000,-0.0000816,0.0007208,-0.1126909,0.3594223,-0.2467315,-0.0007254,0.0000842,-0.0007386,-0.1134742,0.3594224,-0.2459482,0.0007433,0.0000000,0.0000000,0.0000000,1.2707963,-0.0000000,0.0000000,0.0000000,0.0000000,1.2707963,-0.0000000,1.0000000,1.0000000
0.0000000,0.0000000,0.9684328,0.0000000,0.0000000,0.0000000,1.0000000,-0.0000819,0.0007208,-0.1131763,0.3608218,-0.2476455,-0.0007255,0.0000845,-0.0007386,-0.1139598,0.3608219,-0.2468622,0.0007434,0.0000000,0.0000000,0.0000000,1.2707963,-0.0000000,0.0000000,0.0000000,0.0000000,1.2707963,-0.0000000,1.0000000,1.0000000
0.0000000,0.0000000,0.9683200,0.0000000,0.0000000,0.0000000,1.0000000,-0.0000823,0.0007209,-0.1137006,0.3623333,-0.2486328,-0.0007255,0.0000849,-0.0007386,-0.1144841,0.3623334,-0.2478493,0.0007435,0.0000000,0.0000000,0.0000000,1.2707963,-0.0000000,0.0000000,0.0000000,0.0000000,1.2707963,-0.0000000,1.0000000,1.0000000
0.0000000,0.0000000,0.9681983,0.0000000,0.0000000,0.0000000,1.0000000,-0.0000827,0.0007209,-0.1142637,0.3639572,-0.2496935,-0.0007256,0.0000854,-0.0007387,-0.1150474,0.3639574,-0.2489100,0.0007436,0.0000000,0.0000000,0.0000000,1.2707963,-0.0000000,0.0000000,0.0000000,0.0000000,1.2707963,-0.0000000,1.0000000,1.0000000
0.0000000,0.0000000,0.9680676,0.0000000,0.0000000,0.0000000,1.0000000,-0.0000832,0.0007210,-0.1148658,0.3656936,-0.2508278,-0.0007258,0.0000858,-0.0007388,-0.1156496,0.3656937,-0.2500441,0.0007437,0.0000000,0.0000000,0.0000000,1.2707963,-0.0000000,0.0000000,0.0000000,0.0000000,1.2707963,-0.0000000,1.0000000,1.0000000
0.0000000,0.0000000,0.9679278,0.0000000,0.0000000,0.0000000,1.0000000,-0.0000837,0.0007210,-0.1155066,0.3675419,-0.2520353,-0.0007259,0.0000863,-0.0007388,-0.1162906,0.3675421,-0.2512515,0.0007438,0.0000000,0.0000000,0.0000000,1.2707963,-0.0000000,0.0000000,0.0000000,0.0000000,1.2707963,-0.0000000,1.0000000,1.0000000
0.0000000,0.0000000,0.9677788,0.0000000,0.0000000,0.0000000,1.0000000,-0.0000842,0.0007211,-0.1161859,0.3695015,-0.2533156,-0.0007260,0.0000868,-0.0007389,-0.1169700,0.3695017,-0.2525317,0.0007440,0.0000000,0.0000000,0.0000000,1.2707963,-0.0000000,0.0000000,0.0000000,0.0000000,1.2707963,-0.0000000,1.0000000,1.0000000
0.0000000,0.0000000,0.9676206,0.0000000,0.0000000,0.0000000,1.0000000,-0.0000847,0.0007212,-0.1169032,0.3715711,-0.2546679,-0.0007261,0.0000874,-0.0007389,-0.1176875,0.3715713,-0.2538839,0.0007441,0.0000000,0.0000000,0.0000000,1.2707963,-0.0000000,0.0000000,0.0000000,0.0000000,1.2707963,-0.0000000,1.0000000,1.0000000
0.0000000,0.0000000,0.9674531,0.0000000,0.0000000,0.0000000,1.0000000,-0.0000853,0.0007212,-0.1176580,0.3737492,-0.2560913,-0.0007262,0.0000879,-0.0007390,-0.1184424,0.3737495,-0.2553071,0.0007442,0.0000000,0.0000000,0.0000000,1.2707963,-0.0000000,0.0000000,0.0000000,0.0000000,1.2707963,-0.0000000,1.0000000,1.0000000
0.0000000,0.0000000,0.9672765,0.0000000,0.0000000,0.0000000,1.0000000,-0.0000858,0.0007213,-0.1184496,0.3760339,-0.2575844,-0.0007264,0.0000885,-0.0007391,-0.1192341,0.3760342,-0.2568001,0.0007444,0.0000000,0.0000000,0.0000000,1.2707963,-0.0000000,0.0000000,0.0000000,0.0000000,1.2707963,-0.0000000,1.0000000,1.0000000
0.0000000,0.0000000,0.9670906,0.0000000,0.0000000,0.0000000,1.0000000,-0.0000865,0.0007214,-0.1192771,0.3784231,-0.2591460,-0.0007265,0.0000892,-0.0007392,-0.1200618,0.3784234,-0.2583616,0.0007445,0.0000000,0.0000000,0.0000000,1.2707963,-0.0000000,0.0000000,0.0000000,0.0000000,1.2707963,-0.0000000,1.0000000,1.0000000
0.0000000,0.0000000,0.9668955,0.0000000,0.0000000,0.0000000,1.0000000,-0.0000871,0.0007215,-0.1201398,0.3809142,-0.2607744,-0.0007267,0.0000898,-0.0007393,-0.1209247,0.3809145,-0.2599898,0.0007447,0.0000000,0.0000000,0.0000000,1.2707963,-0.0000000,0.0000000,0.0000000,0.0000000,1.2707963,-0.0000000,1.0000000,1.0000000
0.0000000,0.0000000,0.9666914,0.0000000,0.0000000,0.0000000,1.0000000,-0.0000878,0.0007215,-0.1210367,0.3835045,-0.2624678,-0.0007269,0.0000905,-0.0007393,-0.1218218,0.3835048,-0.2616831,0.0007449,0.0000000,0.0000000,0.0000000,1.2707963,-0.0000000,0.0000000,0.0000000,0.0000000,1.2707963,-0.0000000,1.0000000,1.0000000
0.0000000,0.0000000,0.9664782,0.0000000,0.0000000,0.0000000,1.0000000,-0.0000885,0.0007216,-0.1219667,0.3861910,-0.2642243,-0.0007270,0.0000912,-0.0007394,-0.1227519,0.3861913,-0.2634394,0.0007450,0.0000000,0.0000000,0.0000000,1.2707963,-0.0000000,0.0000000,0.0000000,0.0000000,1.2707963,-0.0000000,1.0000000,1.0000000
0.0000000,0.0000000,0.9662561,0.0000000,0.0000000,0.0000000,1.0000000,-0.0000892,0.0007217,-0.1229286,0.3889705,-0.2660419,-0.0007272,0.0000920,-0.0007395,-0.1237141,0.3889709,-0.2652568,0.0007452,0.0000000,0.0000000,0.0000000,1.2707963,-0.0000000,0.0000000,0.0000000,0.0000000,1.2707963,-0.0000000,1.0000000,1.0000000
0.0000000,0.0000000,0.9660252,0.0000000,0.0000000,0.0000000,1.0000000,-0.0000899,0.0007218,-0.1239213,0.3918396,-0.2679184,-0.0007274,0.0000927,-0.0007396,-0.1247070,0.3918400,-0.2671331,0.0007454,0.0000000,0.0000000,0.0000000,1.2707963,-0.0000000,0.0000000,0.0000000,0.0000000,1.2707963,-0.0000000,1.0000000,1.0000000
0.0000000,0.0000000,0.9657856,0.0000000,0.0000000,0.0000000,1.0000000,-0.0000907,0.0007219,-0.1249435,0.3947947,-0.2698513,-0.0007276,0.0000935,-0.0007397,-0.1257294,0.3947952,-0.2690658,0.0007456,0.0000000,0.0000000,0.0000000,1.2707963,-0.0000000,0.0000000,0.0000000,0.0000000,1.2707963,-0.0000000,1.0000000,1.0000000
0.0000000,0.0000000,0.9655375,0.0000000,0.0000000,0.0000000,1.0000000,-0.0000915,0.0007220,-0.1259938,0.3978321,-0.2718383,-0.0007278,0.0000943,-0.0007398,-0.1267800,0.3978326,-0.2710526,0.0007458,0.0000000,0.0000000,0.0000000,1.2707963,-0.0000000,0.0000000,0.0000000,0.0000000,1.2707963,-0.0000000,1.0000000,1.0000000
0.0000000,0.0000000,0.9652811,0.0000000,0.0000000,0.0000000,1.0000000,-0.0000923,0.0007221,-0.1270710,0.4009479,-0.2738769,-0.0007280,0.0000951,-0.0007400,-0.1278573,0.4009484,-0.2730911,0.0007460,0.0000000,0.0000000,0.0000000,1.2707963,-0.0000000,0.0000000,0.0000000,0.0000000,1.2707963,-0.0000000,1.0000000,1.0000000
0.0000000,0.0000000,0.9650165,0.0000000,0.0000000,0.0000000,1.0000000,-0.0000931,0.0007223,-0.1281735,0.4041381,-0.2759646,-0.0007282,0.0000960,-0.0007401,-0.1289602,0.4041386,-0.2751785,0.0007463,0.0000000,0.0000000,0.0000000,1.2707963,-0.0000000,0.0000000,0.0000000,0.0000000,1.2707963,-0.0000000,1.0000000,1.0000000
0.0000000,0.0000000,0.9647439,0.0000000,0.0000000,0.0000000,1.0000000,-0.0000939,0.0007224,-0.1293001,0.4073986,-0.2780985,-0.0007285,0.0000968,-0.0007402,-0.1300869,0.4073991,-0.2773122,0.0007465,0.0000000,0.0000000,0.0000000,1.2707963,-0.0000000,0.0000000,0.0000000,0.0000000,1.2707963,-0.0000000,1.0000000,1.0000000
0.0000000,0.0000000,0.9644636,0.0000000,0.0000000,0.0000000,1.0000000,-0.0000948,0.0007225,-0.1304491,0.4107252,-0.2802761,-0.0007287,0.0000977,-0.0007403,-0.1312362,0.4107258,-0.2794896,0.0007467,0.0000000,0.0000000,0.0000000,1.2707963,-0.0000000,0.0000000,0.0000000,0.0000000,1.2707963,-0.0000000,1.0000000,1.0000000
0.0000000,0.0000000,0.9641758,0.0000000,0.0000000,0.0000000,1.0000000,-0.0000957,0.0007226,-0.1316192,0.4141138,-0.2824947,-0.0007289,0.0000986,-0.0007404,-0.1324066,0.4141144,-0.2817079,0.0007470,0.0000000,0.0000000,0.0000000,1.2707963,-0.0000000,0.0000000,0.0000000,0.0000000,1.2707963,-0.0000000,1.0000000,1.0000000
0.0000000,0.0000000,0.9638807,0.0000000,0.0000000,0.0000000,1.0000000,-0.0000966,0.0007227,-0.1328088,0.4175600,-0.2847513,-0.0007292,0.0000995,-0.0007406,-0.1335964,0.4175607,-0.2839643,0.0007472,0.0000000,0.0000000,0.0000000,1.2707963,-0.0000000,0.0000000,0.0000000,0.0000000,1.2707963,-0.0000000,1.0000000,1.0000000
0.0000000,0.0000000,0.9635786,0.0000000,0.0000000,0.0000000,1.0000000,-0.0000975,0.0007229,-0.1340164,0.4210596,-0.2870433,-0.0007294,0.0001005,-0.0007407,-0.1348043,0.4210603,-0.2862560,0.0007475,0.0000000,0.0000000,0.0000000,1.2707963,-0.0000000,0.0000000,0.0000000,0.0000000,1.2707963,-0.0000000,1.0000000,1.0000000
0.0000000,0.0000000,0.9632697,0.0000000,0.0000000,0.0000000,1.0000000,-0.0000984,0.0007230,-0.1352405,0.4246082,-0.2893678,-0.0007297,0.0001014,-0.0007408,-0.1360287,0.4246089,-0.2885803,0.0007477,0.0000000,0.0000000,0.0000000,1.2707963,-0.0000000,0.0000000,0.0000000,0.0000000,1.2707963,-0.0000000,1.0000000,1.0000000
0.0000000,0.0000000,0.9629544,0.0000000,0.0000000,0.0000000,1.0000000,-0.0000993,0.0007231,-0.1364795,0.4282015,-0.2917220,-0.0007299,0.0001024,-0.0007410,-0.1372680,0.4282023,-0.2909343,0.0007480,0.0000000,0.0000000,0.0000000,1.2707963,-0.0000000,0.0000000,0.0000000,0.0000000,1.2707963,-0.0000000,1.0000000,1.0000000
0.0000000,0.0000000,0.9626328,0.0000000,0.0000000,0.0000000,1.0000000,-0.0001003,0.0007233,-0.1377321,0.4318352,-0.2941031,-0.0007302,0.0001033,-0.0007411,-0.1385209,0.4318360,-0.2933151,0.0007483,0.0000000,0.0000000,0.0000000,1.2707963,-0.0000000,0.0000000,0.0000000,0.0000000,1.2707963,-0.0000000,1.0000000,1.0000000
0.0000000,0.0000000,0.9623054,0.0000000,0.0000000,0.0000000,1.0000000,-0.0001012,0.0007234,-0.1389966,0.4355049,-0.2965083,-0.0007304,0.0001043,-0.0007412,-0.1397857,0.4355057,-0.2957200,0.0007485,0.0000000,0.0000000,0.0000000,1.2707963,-0.0000000,0.0000000,0.0000000,0.0000000,1.2707963,-0.0000000,1.0000000,1.0000000
0.0000000,0.0000000,0.9619723,0.0000000,0.0000000,0.0000000,1.0000000,-0.0001022,0.0007235,-0.1402717,0.4392064,-0.2989348,-0.0007307,0.0001053,-0.0007414,-0.1410611,0.4392073,-0.2981462,0.0007488,0.0000000,0.0000000,0.0000000,1.2707963,-0.0000000,0.0000000,0.0000000,0.0000000,1.2707963,-0.0000000,1.0000000,1.0000000
0.0000000,0.0000000,0.9616340,0.0000000,0.0000000,0.0000000,1.0000000,-0.0001031,0.0007237,-0.1415557,0.4429355,-0.3013798,-0.0007310,0.0001063,-0.0007415,-0.1423454,0.4429363,-0.3005910,0.0007491,0.0000000,0.0000000,0.0000000,1.2707963,-0.0000000,0.0000000,0.0000000,0.0000000,1.2707963,-0.0000000,1.0000000,1.0000000
0.0000000,0.0000000,0.9612908,0.0000000,0.0000000,0.0000000,1.0000000,-0.0001041,0.0007238,-0.1428472,0.4466878,-0.3038406,-0.0007313,0.0001073,-0.0007417,-0.1436373,0.4466887,-0.3030515,0.0007494,0.0000000,0.0000000,0.0000000,1.2707963,-0.0000000,0.0000000,0.0000000,0.0000000,1.2707963,-0.0000000,1.0000000,1.0000000
0.0000000,0.0000000,0.9609429,0.0000000,0.0000000,0.0000000,1.0000000,-0.0001051,0.0007240,-0.1441449,0.4504593,-0.3063145,-0.0007316,0.0001083,-0.0007418,-0.1449352,0.4504602,-0.3055250,0.0007497,0.0000000,0.0000000,0.0000000,1.2707963,-0.0000000,0.0000000,0.0000000,0.0000000,1.2707963,-0.0000000,1.0000000,1.0000000
0.0000000,0.0000000,0.9605908,0.0000000,0.0000000,0.0000000,1.0000000,-0.0001061,0.0007241,-0.1454472,0.4542459,-0.3087987,-0.0007319,0.0001093,-0.0007420,-0.1462379,0.4542468,-0.3080090,0.0007500,0.0000000,0.0000000,0.0000000,1.2707963,-0.0000000,0.0000000,0.0000000,0.0000000,1.2707963,-0.0000000,1.0000000,1.0000000
0.0000000,0.0000000,0.9602348,0.0000000,0.0000000,0.0000000,1.0000000,-0.0001071,0.0007243,-0.1467528,0.4580434,-0.3112906,-0.0007321,0.0001103,-0.0007421,-0.1475438,0.4580444,-0.3105006,0.0007503,0.0000000,0.0000000,0.0000000,1.2707963,-0.0000000,0.0000000,0.0000000,0.0000000,1.2707963,-0.0000000,1.0000000,1.0000000
0.0000000,0.0000000,0.9598752,0.0000000,0.0000000,0.0000000,1.0000000,-0.0001081,0.0007244,-0.1480603,0.4618480,-0.3137877,-0.0007324,0.0001113,-0.0007423,-0.1488516,0.4618490,-0.3129974,0.0007506,0.0000000,0.0000000,0.0000000,1.2707963,-0.0000000,0.0000000,0.0000000,0.0000000,1.2707963,-0.0000000,1.0000000,1.0000000
0.0000000,0.0000000,0.9595124,0.0000000,0.0000000,0.0000000,1.0000000,-0.0001090,0.0007246,-0.1493683,0.4656556,-0.3162874,-0.0007327,0.0001123,-0.0007424,-0.1501600,0.4656567,-0.3154968,0.0007509,0.0000000,0.0000000,0.0000000,1.2707963,-0.0000000,0.0000000,0.0000000,0.0000000,1.2707963,-0.0000000,1.0000000,1.0000000
0.0000000,0.0000000,0.9591468,0.0000000,0.0000000,0.0000000,1.0000000,-0.0001100,0.0007247,-0.1506755,0.4694625,-0.3187871,-0.0007330,0.0001133,-0.0007426,-0.1514675,0.4694636,-0.3179961,0.0007512,0.0000000,0.0000000,0.0000000,1.2707963,-0.0000000,0.0000000,0.0000000,0.0000000,1.2707963,-0.0000000,1.0000000,1.0000000
0.0000000,0.0000000,0.9587787,0.0000000,0.0000000,0.0000000,1.0000000,-0.0001110,0.0007249,-0.1519806,0.4732650,-0.3212844,-0.0007333,0.0001144,-0.0007428,-0.1527730,0.4732661,-0.3204931,0.0007515,0.0000000,0.0000000,0.0000000,1.2707963,-0.0000000,0.0000000,0.0000000,0.0000000,1.2707963,-0.0000000,1.0000000,1.0000000
0.0000000,0.0000000,0.9584085,0.0000000,0.0000000,0.0000000,1.0000000,-0.0001120,0.0007251,-0.1532824,0.4770592,-0.3237768,-0.0007337,0.0001154,-0.0007429,-0.1540751,0.4770603,-0.3229852,0.0007518,0.0000000,0.0000000,0.0000000,1.2707963,-0.0000000,0.0000000,0.0000000,0.0000000,1.2707963,-0.0000000,1.0000000,1.0000000
0.0000000,0.0000000,0.9580366,0.0000000,0.0000000,0.0000000,1.0000000,-0.0001130,0.0007252,-0.1545796,0.4808416,-0.3262620,-0.0007340,0.0001164,-0.0007431,-0.1553727,0.4808428,-0.3254702,0.0007521,0.0000000,0.0000000,0.0000000,1.2707963,-0.0000000,0.0000000,0.0000000,0.0000000,1.2707963,-0.0000000,1.0000000,1.0000000
0.0000000,0.0000000,0.9576633,0.0000000,0.0000000,0.0000000,1.0000000,-0.0001140,0.0007254,-0.1558710,0.4846087,-0.3287377,-0.0007343,0.0001174,-0.0007432,-0.1566644,0.4846099,-0.3279455,0.0007525,0.0000000,0.0000000,0.0000000,1.2707963,-0.0000000,0.0000000,0.0000000,0.0000000,1.2707963,-0.0000000,1.0000000,1.0000000
0.0000000,0.0000000,0.9572891,0.0000000,0.0000000,0.0000000,1.0000000,-0.0001150,0.0007255,-0.1571555,0.4883570,-0.3312016,-0.0007346,0.0001184,-0.0007434,-0.1579492,0.4883583,-0.3304091,0.0007528,0.0000000,0.0000000,0.0000000,1.2707963,-0.0000000,0.0000000,0.0000000,0.0000000,1.2707963,-0.0000000,1.0000000,1.0000000
0.0000000,0.0000000,0.9569143,0.0000000,0.0000000,0.0000000,1.0000000,-0.0001159,0.0007257,-0.1584318,0.4920832,-0.3336515,-0.0007349,0.0001194,-0.0007436,-0.1592258,0.4920845,-0.3328587,0.0007531,0.0000000,0.0000000,0.0000000,1.2707963,-0.0000000,0.0000000,0.0000000,0.0000000,1.2707963,-0.0000000,1.0000000,1.0000000
0.0000000,0.0000000,0.9565393,0.0000000,0.0000000,0.0000000,1.0000000,-0.0001169,0.0007259,-0.1596988,0.4957840,-0.3360852,-0.0007352,0.0001204,-0.0007437,-0.1604932,0.4957853,-0.3352921,0.0007534,0.0000000,0.0000000,0.0000000,1.2707963,-0.0000000,0.0000000,0.0000000,0.0000000,1.2707963,-0.0000000,1.0000000,1.0000000
0.0000000,0.0000000,0.9561645,0.0000000,0.0000000,0.0000000,1.0000000,-0.0001179,0.0007260,-0.1609556,0.4994562,-0.3385007,-0.0007355,0.0001214,-0.0007439,-0.1617503,0.4994576,-0.3377073,0.0007537,0.0000000,0.0000000,0.0000000,1.2707963,-0.0000000,0.0000000,0.0000000,0.0000000,1.2707963,-0.0000000,1.0000000,1.0000000
0.0000000,0.0000000,0.9557903,0.0000000,0.0000000,0.0000000,1.0000000,-0.0001188,0.0007262,-0.1622010,0.5030968,-0.3408959,-0.0007358,0.0001224,-0.0007441,-0.1629961,0.5030981,-0.3401021,0.0007540,0.0000000,0.0000000,0.0000000,1.2707963,-0.0000000,0.0000000,0.0000000,0.0000000,1.2707963,-0.0000000,1.0000000,1.0000000
0.0000000,0.0000000,0.9554170,0.0000000,0.0000000,0.0000000,1.0000000,-0.0001198,0.0007263,-0.1634340,0.5067027,-0.3432687,-0.0007361,0.0001233,-0.0007442,-0.1642294,0.5067040,-0.3424747,0.0007544,0.0000000,0.0000000,0.0000000,1.2707963,-0.0000000,0.0000000,0.0000000,0.0000000,1.2707963,-0.0000000,1.0000000,1.0000000
0.0000000,0.0000000,0.9550451,0.0000000,0.0000000,0.0000000,1.0000000,-0.0001207,0.0007265,-0.1646536,0.5102709,-0.3456174,-0.0007364,0.0001243,-0.0007444,-0.1654494,0.5102724,-0.3448230,0.0007547,0.0000000,0.0000000,0.0000000,1.2707963,-0.0000000,0.0000000,0.0000000,0.0000000,1.2707963,-0.0000000,1.0000000,1.0000000
0.0000000,0.0000000,0.9546749,0.0000000,0.0000000,0.0000000,1.0000000,-0.0001216,0.0007266,-0.1658589,0.5137988,-0.3479399,-0.0007368,0.0001252,-0.0007445,-0.1666551,0.5138002,-0.3471452,0.0007550,0.0000000,0.0000000,0.0000000,1.2707963,-0.0000000,0.0000000,0.0000000,0.0000000,1.2707963,-0.0000000,1.0000000,1.0000000
0.0000000,0.0000000,0.9543068,0.0000000,0.0000000,0.0000000,1.0000000,-0.0001226,0.0007268,-0.1670490,0.5172835,-0.3502346,-0.0007371,0.0001262,-0.0007447,-0.1678455,0.5172850,-0.3494396,0.0007553,0.0000000,0.0000000,0.0000000,1.2707963,-0.0000000,0.0000000,0.0000000,0.0000000,1.2707963,-0.0000000,1.0000000,1.0000000
0.0000000,0.0000000,0.9539412,0.0000000,0.0000000,0.0000000,1.0000000,-0.0001235,0.0007270,-0.1682229,0.5207224,-0.3524996,-0.0007374,0.0001271,-0.0007449,-0.1690197,0.5207239,-0.3517042,0.0007556,0.0000000,0.0000000,0.0000000,1.2707963,-0.0000000,0.0000000,0.0000000,0.0000000,1.2707963,-0.0000000,1.0000000,1.0000000
0.0000000,0.0000000,0.9535784,0.0000000,0.0000000,0.0000000,1.0000000,-0.0001244,0.0007271,-0.1693799,0.5241130,-0.3547332,-0.0007377,0.0001280,-0.0007450,-0.1701770,0.5241145,-0.3539375,0.0007559,0.0000000,0.0000000,0.0000000,1.2707963,-0.0000000,0.0000000,0.0000000,0.0000000,1.2707963,-0.0000000,1.0000000,1.0000000
0.0000000,0.0000000,0.9532188,0.0000000,0.0000000,0.0000000,1.0000000,-0.0001252,0.0007273,-0.1705190,0.5274528,-0.3569338,-0.0007380,0.0001289,-0.0007452,-0.1713165,0.5274543,-0.3561378,0.0007562,0.0000000,0.0000000,0.0000000,1.2707963,-0.0000000,0.0000000,0.0000000,0.0000000,1.2707963,-0.0000000,1.0000000,1.0000000
0.0000000,0.0000000,0.9528628,0.0000000,0.0000000,0.0000000,1.0000000,-0.0001261,0.0007274,-0.1716396,0.5307393,-0.3590998,-0.0007383,0.0001298,-0.0007453,-0.1724374,0.5307409,-0.3583035,0.0007566,0.0000000,0.0000000,0.0000000,1.2707963,-0.0000000,0.0000000,0.0000000,0.0000000,1.2707963,-0.0000000,1.0000000,1.0000000
0.0000000,0.0000000,0.9525106,0.0000000,0.0000000,0.0000000,1.0000000,-0.0001269,0.0007276,-0.1727408,0.5339704,-0.3612297,-0.0007386,0.0001307,-0.0007455,-0.1735389,0.5339720,-0.3604332,0.0007569,0.0000000,0.0000000,0.0000000,1.2707963,-0.0000000,0.0000000,0.0000000,0.0000000,1.2707963,-0.0000000,1.0000000,1.0000000
0.0000000,0.0000000,0.9521628,0.0000000,0.0000000,0.0000000,1.0000000,-0.0001278,0.0007277,-0.1738219,0.5371439,-0.3633221,-0.0007389,0.0001315,-0.0007456,-0.1746204,0.5371455,-0.3625252,0.0007572,0.0000000,0.0000000,0.0000000,1.2707963,-0.0000000,0.0000000,0.0000000,0.0000000,1.2707963,-0.0000000,1.0000000,1.0000000
0.0000000,0.0000000,0.9518196,0.0000000,0.0000000,0.0000000,1.0000000,-0.0001286,0.0007279,-0.1748822,0.5402576,-0.3653754,-0.0007391,0.0001324,-0.0007458,-0.1756810,0.5402593,-0.3645783,0.0007575,0.0000000,0.0000000,0.0000000,1.2707963,-0.0000000,0.0000000,0.0000000,0.0000000,1.2707963,-0.0000000,1.0000000,1.0000000
0.0000000,0.0000000,0.9514813,0.0000000,0.0000000,0.0000000,1.0000000,-0.0001294,0.0007280,-0.1759211,0.5433096,-0.3673885,-0.0007394,0.0001332,-0.0007459,-0.1767202,0.5433113,-0.3665911,0.0007577,0.0000000,0.0000000,0.0000000,1.2707963,-0.0000000,0.0000000,0.0000000,0.0000000,1.2707963,-0.0000000,1.0000000,1.0000000
0.0000000,0.0000000,0.9511482,0.0000000,0.0000000,0.0000000,1.0000000,-0.0001302,0.0007282,-0.1769380,0.5462979,-0.3693600,-0.0007397,0.0001340,-0.0007461,-0.1777374,0.5462996,-0.3685623,0.0007580,0.0000000,0.0000000,0.0000000,1.2707963,-0.0000000,0.0000000,0.0000000,0.0000000,1.2707963,-0.0000000,1.0000000,1.0000000
0.0000000,0.0000000,0.9508208,0.0000000,0.0000000,0.0000000,1.0000000,-0.0001310,0.0007283,-0.1779322,0.5492208,-0.3712886,-0.0007400,0.0001348,-0.0007462,-0.1787319,0.5492225,-0.3704906,0.0007583,0.0000000,0.0000000,0.0000000,1.2707963,-0.0000000,0.0000000,0.0000000,0.0000000,1.2707963,-0.0000000,1.0000000,1.0000000
0.0000000,0.0000000,0.9504992,0.0000000,0.0000000,0.0000000,1.0000000,-0.0001317,0.0007284,-0.1789032,0.5520765,-0.3731733,-0.0007403,0.0001356,-0.0007464,-0.1797032,0.5520782,-0.3723751,0.0007586,0.0000000,0.0000000,0.0000000,1.2707963,-0.0000000,0.0000000,0.0000000,0.0000000,1.2707963,-0.0000000,1.0000000,1.0000000
0.0000000,0.0000000,0.9501839,0.0000000,0.0000000,0.0000000,1.0000000,-0.0001325,0.0007286,-0.1798504,0.5548633,-0.3750130,-0.0007405,0.0001363,-0.0007465,-0.1806507,0.5548651,-0.3742144,0.0007589,0.0000000,0.0000000,0.0000000,1.2707963,-0.0000000,0.0000000,0.0000000,0.0000000,1.2707963,-0.0000000,1.0000000,1.0000000
0.0000000,0.0000000,0.9498750,0.0000000,0.0000000,0.0000000,1.0000000,-0.0001332,0.0007287,-0.1807734,0.5575799,-0.3768065,-0.0007408,0.0001371,-0.0007466,-0.1815740,0.5575817,-0.3760077,0.0007591,0.0000000,0.0000000,0.0000000,1.2707963,-0.0000000,0.0000000,0.0000000,0.0000000,1.2707963,-0.0000000,1.0000000,1.0000000
0.0000000,0.0000000,0.9495729,0.0000000,0.0000000,0.0000000,1.0000000,-0.0001339,0.0007288,-0.1816717,0.5602247,-0.3785530,-0.0007410,0.0001378,-0.0007468,-0.1824726,0.5602265,-0.3777539,0.0007594,0.0000000,0.0000000,0.0000000,1.2707963,-0.0000000,0.0000000,0.0000000,0.0000000,1.2707963,-0.0000000,1.0000000,1.0000000
0.0000000,0.0000000,0.9492778,0.0000000,0.0000000,0.0000000,1.0000000,-0.0001346,0.0007290,-0.1825449,0.5627964,-0.3802515,-0.0007413,0.0001385,-0.0007469,-0.1833461,0.5627982,-0.3794522,0.0007596,0.0000000,0.0000000,0.0000000,1.2707963,-0.0000000,0.0000000,0.0000000,0.0000000,1.2707963,-0.0000000,1.0000000,1.0000000
0.0000000,0.0000000,0.9489900,0.0000000,0.0000000,0.0000000,1.0000000,-0.0001352,0.0007291,-0.1833926,0.5652938,-0.3819013,-0.0007415,0.0001392,-0.0007470,-0.1841940,0.5652956,-0.3811017,0.0007599,0.0000000,0.0000000,0.0000000,1.2707963,-0.0000000,0.0000000,0.0000000,0.0000000,1.2707963,-0.0000000,1.0000000,1.0000000
0.0000000,0.0000000,0.9487097,0.0000000,0.0000000,0.0000000,1.0000000,-0.0001359,0.0007292,-0.1842144,0.5677158,-0.3835014,-0.0007418,0.0001398,-0.0007472,-0.1850161,0.5677176,-0.3827016,0.0007601,0.0000000,0.0000000,0.0000000,1.2707963,-0.0000000,0.0000000,0.0000000,0.0000000,1.2707963,-0.0000000,1.0000000,1.0000000
0.0000000,0.0000000,0.9484371,0.0000000,0.0000000,0.0000000,1.0000000,-0.0001365,0.0007293,-0.1850100,0.5700613,-0.3850513,-0.0007420,0.0001405,-0.0007473,-0.1858119,0.5700631,-0.3842513,0.0007604,0.0000000,0.0000000,0.0000000,1.2707963,-0.0000000,0.0000000,0.0000000,0.0000000,1.2707963,-0.0000000,1.0000000,1.0000000
0.0000000,0.0000000,0.9481725,0.0000000,0.0000000,0.0000000,1.0000000,-0.0001371,0.0007295,-0.1857791,0.5723294,-0.3865503,-0.0007422,0.0001411,-0.0007474,-0.1865813,0.5723313,-0.3857500,0.0007606,0.0000000,0.0000000,0.0000000,1.2707963,-0.0000000,0.0000000,0.0000000,0.0000000,1.2707963,-0.0000000,1.0000000,1.0000000
0.0000000,0.0000000,0.9479161,0.0000000,0.0000000,0.0000000,1.0000000,-0.0001377,0.0007296,-0.1865214,0.5745193,-0.3879979,-0.0007424,0.0001417,-0.0007475,-0.1873239,0.5745212,-0.3871974,0.0007608,0.0000000,0.0000000,0.0000000,1.2707963,-0.0000000,0.0000000,0.0000000,0.0000000,1.2707963,-0.0000000,1.0000000,1.0000000
0.0000000,0.0000000,0.9476680,0.0000000,0.0000000,0.0000000,1.0000000,-0.0001382,0.0007297,-0.1872368,0.5766303,-0.3893935,-0.0007426,0.0001423,-0.0007476,-0.1880395,0.5766322,-0.3885928,0.0007610,0.0000000,0.0000000,0.0000000,1.2707963,-0.0000000,0.0000000,0.0000000,0.0000000,1.2707963,-0.0000000,1.0000000,1.0000000
0.0000000,0.0000000,0.9474284,0.0000000,0.0000000,0.0000000,1.0000000,-0.0001388,0.0007298,-0.1879251,0.5786618,-0.3907367,-0.0007429,0.0001428,-0.0007477,-0.1887280,0.5786637,-0.3899358,0.0007612,0.0000000,0.0000000,0.0000000,1.2707963,-0.0000000,0.0000000,0.0000000,0.0000000,1.2707963,-0.0000000,1.0000000,1.0000000
0.0000000,0.0000000,0.9471975,0.0000000,0.0000000,0.0000000,1.0000000,-0.0001393,0.0007299,-0.1885861,0.5806133,-0.3920273,-0.0007430,0.0001433,-0.0007478,-0.1893892,0.5806153,-0.3912261,0.0007614,0.0000000,0.0000000,0.0000000,1.2707963,-0.0000000,0.0000000,0.0000000,0.0000000,1.2707963,-0.0000000,1.0000000,1.0000000
0.0000000,0.0000000,0.9469754,0.0000000,0.0000000,0.0000000,1.0000000,-0.0001398,0.0007300,-0.1892197,0.5824845,-0.3932649,-0.0007432,0.0001439,-0.0007479,-0.1900230,0.5824865,-0.3924635,0.0007616,0.0000000,0.0000000,0.0000000,1.2707963,-0.0000000,0.0000000,0.0000000,0.0000000,1.2707963,-0.0000000,1.0000000,1.0000000
0.0000000,0.0000000,0.9467622,0.0000000,0.0000000,0.0000000,1.0000000,-0.0001403,0.0007301,-0.1898259,0.5842751,-0.3944493,-0.0007434,0.0001443,-0.0007480,-0.1906294,0.5842771,-0.3936478,0.0007618,0.0000000,0.0000000,0.0000000,1.2707963,-0.0000000,0.0000000,0.0000000,0.0000000,1.2707963,-0.0000000,1.0000000,1.0000000
0.0000000,0.0000000,0.9465581,0.0000000,0.0000000,0.0000000,1.0000000,-0.0001407,0.0007302,-0.1904046,0.5859850,-0.3955805,-0.0007436,0.0001448,-0.0007481,-0.1912083,0.5859870,-0.3947788,0.0007620,0.0000000,0.0000000,0.0000000,1.2707963,-0.0000000,0.0000000,0.0000000,0.0000000,1.2707963,-0.0000000,1.0000000,1.0000000
0.0000000,0.0000000,0.9463630,0.0000000,0.0000000,0.0000000,1.0000000,-0.0001412,0.0007302,-0.1909558,0.5876142,-0.3966584,-0.0007438,0.0001453,-0.0007482,-0.1917597,0.5876162,-0.3958565,0.0007622,0.0000000,0.0000000,0.0000000,1.2707963,-0.0000000,0.0000000,0.0000000,0.0000000,1.2707963,-0.0000000,1.0000000,1.0000000
0.0000000,0.0000000,0.9461771,0.0000000,0.0000000,0.0000000,1.0000000,-0.0001416,0.0007303,-0.1914797,0.5891627,-0.3976831,-0.0007439,0.0001457,-0.0007483,-0.1922838,0.5891647,-0.3968810,0.0007623,0.0000000,0.0000000,0.0000000,1.2707963,-0.0000000,0.0000000,0.0000000,0.0000000,1.2707963,-0.0000000,1.0000000,1.0000000
0.0000000,0.0000000,0.9460005,0.0000000,0.0000000,0.0000000,1.0000000,-0.0001420,0.0007304,-0.1919763,0.5906309,-0.3986547,-0.0007441,0.0001461,-0.0007484,-0.1927805,0.5906330,-0.3978525,0.0007625,0.0000000,0.0000000,0.0000000,1.2707963,-0.0000000,0.0000000,0.0000000,0.0000000,1.2707963,-0.0000000,1.0000000,1.0000000
0.0000000,0.0000000,0.9458330,0.0000000,0.0000000,0.0000000,1.0000000,-0.0001423,0.0007305,-0.1924457,0.5920192,-0.3995735,-0.0007442,0.0001465,-0.0007484,-0.1932501,0.5920212,-0.3987712,0.0007626,0.0000000,0.0000000,0.0000000,1.2707963,-0.0000000,0.0000000,0.0000000,0.0000000,1.2707963,-0.0000000,1.0000000,1.0000000
0.0000000,0.0000000,0.9456748,0.0000000,0.0000000,0.0000000,1.0000000,-0.0001427,0.0007305,-0.1928882,0.5933280,-0.4004398,-0.0007443,0.0001468,-0.0007485,-0.1936928,0.5933301,-0.3996374,0.0007628,0.0000000,0.0000000,0.0000000,1.2707963,-0.0000000,0.0000000,0.0000000,0.0000000,1.2707963,-0.0000000,1.0000000,1.0000000
0.0000000,0.0000000,0.9455258,0.0000000,0.0000000,0.0000000,1.0000000,-0.0001430,0.0007306,-0.1933040,0.5945581,-0.4012541,-0.0007445,0.0001472,-0.0007486,-0.1941087,0.5945601,-0.4004515,0.0007629,0.0000000,0.0000000,0.0000000,1.2707963,-0.0000000,0.0000000,0.0000000,0.0000000,1.2707963,-0.0000000,1.0000000,1.0000000
0.0000000,0.0000000,0.9453860,0.0000000,0.0000000,0.0000000,1.0000000,-0.0001433,0.0007307,-0.1936934,0.5957102,-0.4020169,-0.0007446,0.0001475,-0.0007486,-0.1944982,0.5957123,-0.4012141,0.0007630,0.0000000,0.0000000,0.0000000,1.2707963,-0.0000000,0.0000000,0.0000000,0.0000000,1.2707963,-0.0000000,1.0000000,1.0000000
0.0000000,0.0000000,0.9452553,0.0000000,0.0000000,0.0000000,1.0000000,-0.0001436,0.0007307,-0.1940567,0.5967854,-0.4027287,-0.0007447,0.0001478,-0.0007487,-0.1948616,0.5967874,-0.4019258,0.0007631,0.0000000,0.0000000,0.0000000,1.2707963,-0.0000000,0.0000000,0.0000000,0.0000000,1.2707963,-0.0000000,1.0000000,1.0000000
0.0000000,0.0000000,0.9451336,0.0000000,0.0000000,0.0000000,1.0000000,-0.0001439,0.0007308,-0.1943943,0.5977847,-0.4033904,-0.0007448,0.0001480,-0.0007488,-0.1951994,0.5977867,-0.4025874,0.0007632,0.0000000,0.0000000,0.0000000,1.2707963,-0.0000000,0.0000000,0.0000000,0.0000000,1.2707963,-0.0000000,1.0000000,1.0000000
0.0000000,0.0000000,0.9450208,0.0000000,0.0000000,0.0000000,1.0000000,-0.0001441,0.0007308,-0.1947067,0.5987094,-0.4040027,-0.0007449,0.0001483,-0.0007488,-0.1955119,0.5987114,-0.4031996,0.0007633,0.0000000,0.0000000,0.0000000,1.2707963,-0.0000000,0.0000000,0.0000000,0.0000000,1.2707963,-0.0000000,1.0000000,1.0000000
0.0000000,0.0000000,0.9449167,0.0000000,0.0000000,0.0000000,1.0000000,-0.0001443,0.0007309,-0.1949944,0.5995610,-0.4045666,-0.0007450,0.0001485,-0.0007489,-0.1957996,0.5995630,-0.4037635,0.0007634,0.0000000,0.0000000,0.0000000,1.2707963,-0.0000000,0.0000000,0.0000000,0.0000000,1.2707963,-0.0000000,1.0000000,1.0000000
0.0000000,0.0000000,0.9448213,0.0000000,0.0000000,0.0000000,1.0000000,-0.0001446,0.0007309,-0.1952578,0.6003410,-0.4050832,-0.0007451,0.0001487,-0.0007489,-0.1960632,0.6003431,-0.4042800,0.0007635,0.0000000,0.0000000,0.0000000,1.2707963,-0.0000000,0.0000000,0.0000000,0.0000000,1.2707963,-0.0000000,1.0000000,1.0000000
0.0000000,0.0000000,0.9447343,0.0000000,0.0000000,0.0000000,1.0000000,-0.0001447,0.0007310,-0.1954977,0.6010514,-0.4055537,-0.0007451,0.0001489,-0.0007489,-0.1963031,0.6010535,-0.4047504,0.0007636,0.0000000,0.0000000,0.0000000,1.2707963,-0.0000000,0.0000000,0.0000000,0.0000000,1.2707963,-0.0000000,1.0000000,1.0000000
0.0000000,0.0000000,0.9446556,0.0000000,0.0000000,0.0000000,1.0000000,-0.0001449,0.0007310,-0.1957147,0.6016940,-0.4059793,-0.0007452,0.0001491,-0.0007490,-0.1965202,0.6016961,-0.4051760,0.0007637,0.0000000,0.0000000,0.0000000,1.2707963,-0.0000000,0.0000000,0.0000000,0.0000000,1.2707963,-0.0000000,1.0000000,1.0000000
0.0000000,0.0000000,0.9445848,0.0000000,0.0000000,0.0000000,1.0000000,-0.0001451,0.0007310,-0.1959095,0.6022710,-0.4063616,-0.0007453,0.0001493,-0.0007490,-0.1967151,0.6022731,-0.4055581,0.0007637,0.0000000,0.0000000,0.0000000,1.2707963,-0.0000000,0.0000000,0.0000000,0.0000000,1.2707963,-0.0000000,1.0000000,1.0000000
0.0000000,0.0000000,0.9445217,0.0000000,0.0000000,0.0000000,1.0000000,-0.0001452,0.0007310,-0.1960830,0.6027849,-0.4067019,-0.0007453,0.0001494,-0.0007490,-0.1968886,0.6027870,-0.4058984,0.0007638,0.0000000,0.0000000,0.0000000,1.2707963,-0.0000000,0.0000000,0.0000000,0.0000000,1.2707963,-0.0000000,1.0000000,1.0000000
0.0000000,0.0000000,0.9444660,0.0000000,0.0000000,0.0000000,1.0000000,-0.0001453,0.0007311,-0.1962360,0.6032380,-0.4070021,-0.0007454,0.0001495,-0.0007491,-0.1970417,0.6032401,-0.4061985,0.0007638,0.0000000,0.0000000,0.0000000,1.2707963,-0.0000000,0.0000000,0.0000000,0.0000000,1.2707963,-0.0000000,1.0000000,1.0000000
0.0000000,0.0000000,0.9444174,0.0000000,0.0000000,0.0000000,1.0000000,-0.0001454,0.0007311,-0.1963694,0.6036333,-0.4072639,-0.0007454,0.0001496,-0.0007491,-0.1971751,0.6036354,-0.4064603,0.0007639,0.0000000,0.0000000,0.0000000,1.2707963,-0.0000000,0.0000000,0.0000000,0.0000000,1.2707963,-0.0000000,1.0000000,1.0000000
0.0000000,0.0000000,0.9443755,0.0000000,0.0000000,0.0000000,1.0000000,-0.0001455,0.0007311,-0.1964843,0.6039737,-0.4074894,-0.0007455,0.0001497,-0.0007491,-0.1972901,0.6039758,-0.4066858,0.0007639,0.0000000,0.0000000,0.0000000,1.2707963,-0.0000000,0.0000000,0.0000000,0.0000000,1.2707963,-0.0000000,1.0000000,1.0000000
0.0000000,0.0000000,0.9443399,0.0000000,0.0000000,0.0000000,1.0000000,-0.0001456,0.0007311,-0.1965817,0.6042623,-0.4076806,-0.0007455,0.0001498,-0.0007491,-0.1973875,0.6042644,-0.4068770,0.0007639,0.0000000,0.0000000,0.0000000,1.2707963,-0.0000000,0.0000000,0.0000000,0.0000000,1.2707963,-0.0000000,1.0000000,1.0000000
0.0000000,0.0000000,0.9443103,0.0000000,0.0000000,0.0000000,1.0000000,-0.0001457,0.0007311,-0.1966629,0.6045027,-0.4078399,-0.0007455,0.0001499,-0.0007491,-0.1974687,0.6045048,-0.4070362,0.0007640,0.0000000,0.0000000,0.0000000,1.2707963,-0.0000000,0.0000000,0.0000000,0.0000000,1.2707963,-0.0000000,1.0000000,1.0000000
0.0000000,0.0000000,0.9442862,0.0000000,0.0000000,0.0000000,1.0000000,-0.0001457,0.0007311,-0.1967289,0.6046984,-0.4079695,-0.0007455,0.0001499,-0.0007491,-0.1975348,0.6047005,-0.4071658,0.0007640,0.0000000,0.0000000,0.0000000,1.2707963,-0.0000000,0.0000000,0.0000000,0.0000000,1.2707963,-0.0000000,1.0000000,1.0000000
0.0000000,0.0000000,0.9442671,0.0000000,0.0000000,0.0000000,1.0000000,-0.0001458,0.0007312,-0.1967813,0.6048534,-0.4080722,-0.0007455,0.0001500,-0.0007491,-0.1975871,0.6048556,-0.4072685,0.0007640,0.0000000,0.0000000,0.0000000,1.2707963,-0.0000000,0.0000000,0.0000000,0.0000000,1.2707963,-0.0000000,1.0000000,1.0000000
0.0000000,0.0000000,0.9442525,0.0000000,0.0000000,0.0000000,1.0000000,-0.0001458,0.0007312,-0.1968212,0.6049719,-0.4081507,-0.0007456,0.0001500,-0.0007491,-0.1976271,0.6049740,-0.4073470,0.0007640,0.0000000,0.0000000,0.0000000,1.2707963,-0.0000000,0.0000000,0.0000000,0.0000000,1.2707963,-0.0000000,1.0000000,1.0000000
0.0000000,0.0000000,0.9442418,0.0000000,0.0000000,0.0000000,1.0000000,-0.0001458,0.0007312,-0.1968504,0.6050582,-0.4082079,-0.0007456,0.0001500,-0.0007492,-0.1976562,0.6050603,-0.4074041,0.0007640,0.0000000,0.0000000,0.0000000,1.2707963,-0.0000000,0.0000000,0.0000000,0.0000000,1.2707963,-0.0000000,1.0000000,1.0000000
0.0000000,0.0000000,0.9442346,0.0000000,0.0000000,0.0000000,1.0000000,-0.0001458,0.0007312,-0.1968702,0.6051170,-0.4082469,-0.0007456,0.0001500,-0.0007492,-0.1976761,0.6051191,-0.4074431,0.0007640,0.0000000,0.0000000,0.0000000,1.2707963,-0.0000000,0.0000000,0.0000000,0.0000000,1.2707963,-0.0000000,1.0000000,1.0000000
0.0000000,0.0000000,0.9442301,0.0000000,0.0000000,0.0000000,1.0000000,-0.0001458,0.0007312,-0.1968824,0.6051533,-0.4082709,-0.0007456,0.0001501,-0.0007492,-0.1976883,0.6051554,-0.4074671,0.0007640,0.0000000,0.0000000,0.0000000,1.2707963,-0.0000000,0.0000000,0.0000000,0.0000000,1.2707963,-0.0000000,1.0000000,1.0000000
0.0000000,0.0000000,0.9442278,0.0000000,0.0000000,0.0000000,1.0000000,-0.0001458,0.0007312,-0.1968888,0.6051722,-0.4082834,-0.0007456,0.0001501,-0.0007492,-0.1976947,0.6051743,-0.4074796,0.0007640,0.0000000,0.0000000,0.0000000,1.2707963,-0.0000000,0.0000000,0.0000000,0.0000000,1.2707963,-0.0000000,1.0000000,1.0000000
0.0000000,0.0000000,0.9442269,0.0000000,0.0000000,0.0000000,1.0000000,-0.0001459,0.0007312,-0.1968912,0.6051793,-0.4082881,-0.0007456,0.0001501,-0.0007492,-0.1976971,0.6051814,-0.4074843,0.0007640,0.0000000,0.0000000,0.0000000,1.2707963,-0.0000000,0.0000000,0.0000000,0.0000000,1.2707963,-0.0000000,1.0000000,1.0000000
0.0000000,0.0000000,0.9442268,0.0000000,0.0000000,0.0000000,1.0000000,-0.0001459,0.0007312,-0.1968916,0.6051803,-0.4082888,-0.0007456,0.0001501,-0.0007492,-0.1976975,0.6051824,-0.4074850,0.0007640,0.0000000,0.0000000,0.0000000,1.2707963,-0.0000000,0.0000000,0.0000000,0.0000000,1.2707963,-0.0000000,1.0000000,1.0000000
0.0000000,0.0000000,0.9442268,0.0000000,0.0000000,0.0000000,1.0000000,-0.0001459,0.0007312,-0.1968916,0.6051803,-0.4082888,-0.0007456,0.0001501,-0.0007492,-0.1976975,0.6051824,-0.4074850,0.0007640,0.0000000,0.0000000,0.0000000,1.2707963,-0.0000000,0.0000000,0.0000000,0.0000000,1.2707963,-0.0000000,1.0000000,1.0000000
0.0000000,0.0000000,0.9442268,0.0000000,0.0000000,0.0000000,1.0000000,-0.0001459,0.0007312,-0.1968916,0.6051803,-0.4082888,-0.0007456,0.0001501,-0.0007492,-0.1976975,0.6051824,-0.4074850,0.0007640,0.0000000,0.0000000,0.0000000,1.2707963,-0.0000000,0.0000000,0.0000000,0.0000000,1.2707963,-0.0000000,1.0000000,1.0000000
0.0000000,0.0000000,0.9442268,0.0000000,0.0000000,0.0000000,1.0000000,-0.0001459,0.0007312,-0.1968916,0.6051803,-0.4082888,-0.0007456,0.0001501,-0.0007492,-0.1976975,0.6051824,-0.4074850,0.0007640,0.0000000,0.0000000,0.0000000,1.2707963,-0.0000000,0.0000000,0.0000000,0.0000000,1.2707963,-0.0000000,1.0000000,1.0000000
0.0000000,0.0000000,0.9442268,0.0000000,0.0000000,0.0000000,1.0000000,-0.0001459,0.0007312,-0.1968916,0.6051803,-0.4082888,-0.0007456,0.0001501,-0.0007492,-0.1976975,0.6051824,-0.4074850,0.0007640,0.0000000,0.0000000,0.0000000,1.2707963,-0.0000000,0.0000000,0.0000000,0.0000000,1.2707963,-0.0000000,1.0000000,1.0000000
0.0000000,0.0000000,0.9442268,0.0000000,0.0000000,0.0000000,1.0000000,-0.0001459,0.0007312,-0.1968916,0.6051803,-0.4082888,-0.0007456,0.0001501,-0.0007492,-0.1976975,0.6051824,-0.4074850,0.0007640,0.0000000,0.0000000,0.0000000,1.2707963,-0.0000000,0.0000000,0.0000000,0.0000000,1.2707963,-0.0000000,1.0000000,1.0000000
0.0000000,0.0000000,0.9442268,0.0000000,0.0000000,0.0000000,1.0000000,-0.0001459,0.0007312,-0.1968916,0.6051803,-0.4082888,-0.0007456,0.0001501,-0.0007492,-0.1976975,0.6051824,-0.4074850,0.0007640,0.0000000,0.0000000,0.0000000,1.2707963,-0.0000000,0.0000000,0.0000000,0.0000000,1.2707963,-0.0000000,1.0000000,1.0000000
0.0000000,0.0000000,0.9442268,0.0000000,0.0000000,0.0000000,1.0000000,-0.0001459,0.0007312,-0.1968916,0.6051803,-0.4082888,-0.0007456,0.0001501,-0.0007492,-0.1976975,0.6051824,-0.4074850,0.0007640,0.0000000,0.0000000,0.0000000,1.2707963,-0.0000000,0.0000000,0.0000000,0.0000000,1.2707963,-0.0000000,1.0000000,1.0000000
0.0000000,0.0000000,0.9442268,0.0000000,0.0000000,0.0000000,1.0000000,-0.0001459,0.0007312,-0.1968916,0.6051803,-0.4082888,-0.0007456,0.0001501,-0.0007492,-0.1976975,0.6051824,-0.4074850,0.0007640,0.0000000,0.0000000,0.0000000,1.2707963,-0.0000000,0.0000000,0.0000000,0.0000000,1.2707963,-0.0000000,1.0000000,1.0000000
0.0000000,0.0000000,0.9442268,0.0000000,0.0000000,0.0000000,1.0000000,-0.0001459,0.0007312,-0.1968916,0.6051803,-0.4082888,-0.0007456,0.0001501,-0.0007492,-0.1976975,0.6051824,-0.4074850,0.0007640,0.0000000,0.0000000,0.0000000,1.2707963,-0.0000000,0.0000000,0.0000000,0.0000000,1.2707963,-0.0000000,1.0000000,1.0000000
0.0000000,0.0000000,0.9442268,0.0000000,0.0000000,0.0000000,1.0000000,-0.0001459,0.0007312,-0.1968916,0.6051803,-0.4082888,-0.0007456,0.0001501,-0.0007492,-0.1976975,0.6051824,-0.4074850,0.0007640,0.0000000,0.0000000,0.0000000,1.2707963,-0.0000000,0.0000000,0.0000000,0.0000000,1.2707963,-0.0000000,1.0000000,1.0000000
0.0000000,0.0000000,0.9442268,0.0000000,0.0000000,0.0000000,1.0000000,-0.0001459,0.0007312,-0.1968916,0.6051803,-0.4082888,-0.0007456,0.0001501,-0.0007492,-0.1976975,0.6051824,-0.4074850,0.0007640,0.0000000,0.0000000,0.0000000,1.2707963,-0.0000000,0.0000000,0.0000000,0.0000000,1.2707963,-0.0000000,1.0000000,1.0000000
0.0000000,0.0000000,0.9442268,0.0000000,0.0000000,0.0000000,1.0000000,-0.0001459,0.0007312,-0.1968916,0.6051803,-0.4082888,-0.0007456,0.0001501,-0.0007492,-0.1976975,0.6051824,-0.4074850,0.0007640,0.0000000,0.0000000,0.0000000,1.2707963,-0.0000000,0.0000000,0.0000000,0.0000000,1.2707963,-0.0000000,1.0000000,1.0000000
0.0000000,0.0000000,0.9442268,0.0000000,0.0000000,0.0000000,1.0000000,-0.0001459,0.0007312,-0.1968916,0.6051803,-0.4082888,-0.0007456,0.0001501,-0.0007492,-0.1976975,0.6051824,-0.4074850,0.0007640,0.0000000,0.0000000,0.0000000,1.2707963,-0.0000000,0.0000000,0.0000000,0.0000000,1.2707963,-0.0000000,1.0000000,1.0000000
0.0000000,0.0000000,0.9442268,0.0000000,0.0000000,0.0000000,1.0000000,-0.0001459,0.0007312,-0.1968916,0.6051803,-0.4082888,-0.0007456,0.0001501,-0.0007492,-0.1976975,0.6051824,-0.4074850,0.0007640,0.0000000,0.0000000,0.0000000,1.2707963,-0.0000000,0.0000000,0.0000000,0.0000000,1.2707963,-0.0000000,1.0000000,1.0000000
0.0000000,0.0000000,0.9442268,0.0000000,0.0000000,0.0000000,1.0000000,-0.0001459,0.0007312,-0.1968916,0.6051803,-0.4082888,-0.0007456,0.0001501,-0.0007492,-0.1976975,0.6051824,-0.4074850,0.0007640,0.0000000,0.0000000,0.0000000,1.2707963,-0.0000000,0.0000000,0.0000000,0.0000000,1.2707963,-0.0000000,1.0000000,1.0000000
0.0000000,0.0000000,0.9442268,0.0000000,0.0000000,0.0000000,1.0000000,-0.0001459,0.0007312,-0.1968916,0.6051803,-0.4082888,-0.0007456,0.0001501,-0.0007492,-0.1976975,0.6051824,-0.4074850,0.0007640,0.0000000,0.0000000,0.0000000,1.2707963,-0.0000000,0.0000000,0.0000000,0.0000000,1.2707963,-0.0000000,1.0000000,1.0000000
0.0000000,0.0000000,0.9442268,0.0000000,0.0000000,0.0000000,1.0000000,-0.0001459,0.0007312,-0.1968916,0.6051803,-0.4082888,-0.0007456,0.0001501,-0.0007492,-0.1976975,0.6051824,-0.4074850,0.0007640,0.0000000,0.0000000,0.0000000,1.2707963,-0.0000000,0.0000000,0.0000000,0.0000000,1.2707963,-0.0000000,1.0000000,1.0000000
0.0000000,0.0000000,0.9442268,0.0000000,0.0000000,0.0000000,1.0000000,-0.0001459,0.0007312,-0.1968916,0.6051803,-0.4082888,-0.0007456,0.0001501,-0.0007492,-0.1976975,0.6051824,-0.4074850,0.0007640,0.0000000,0.0000000,0.0000000,1.2707963,-0.0000000,0.0000000,0.0000000,0.0000000,1.2707963,-0.0000000,1.0000000,1.0000000
0.0000000,0.0000000,0.9442268,0.0000000,0.0000000,0.0000000,1.0000000,-0.0001459,0.0007312,-0.1968916,0.6051803,-0.4082888,-0.0007456,0.0001501,-0.0007492,-0.1976975,0.6051824,-0.4074850,0.0007640,0.0000000,0.0000000,0.0000000,1.2707963,-0.0000000,0.0000000,0.0000000,0.0000000,1.2707963,-0.0000000,1.0000000,1.0000000
0.0000000,0.0000000,0.9442268,0.0000000,0.0000000,0.0000000,1.0000000,-0.0001459,0.0007312,-0.1968916,0.6051803,-0.4082888,-0.0007456,0.0001501,-0.0007492,-0.1976975,0.6051824,-0.4074850,0.0007640,0.0000000,0.0000000,0.0000000,1.2707963,-0.0000000,0.0000000,0.0000000,0.0000000,1.2707963,-0.0000000,1.0000000,1.0000000
0.0000000,0.0000000,0.9442268,0.0000000,0.0000000,0.0000000,1.0000000,-0.0001459,0.0007312,-0.1968916,0.6051803,-0.4082888,-0.0007456,0.0001501,-0.0007492,-0.1976975,0.6051824,-0.4074850,0.0007640,0.0000000,0.0000000,0.0000000,1.2707963,-0.0000000,0.0000000,0.0000000,0.0000000,1.2707963,-0.0000000,1.0000000,1.0000000
0.0000000,0.0000000,0.9442268,0.0000000,0.0000000,0.0000000,1.0000000,-0.0001459,0.0007312,-0.1968916,0.6051803,-0.4082888,-0.0007456,0.0001501,-0.0007492,-0.1976975,0.6051824,-0.4074850,0.0007640,0.0000000,0.0000000,0.0000000,1.2707963,-0.0000000,0.0000000,0.0000000,0.0000000,1.2707963,-0.0000000,1.0000000,1.0000000
0.0000000,0.0000000,0.9442268,0.0000000,0.0000000,0.0000000,1.0000000,-0.0001459,0.0007312,-0.1968916,0.6051803,-0.4082888,-0.0007456,0.0001501,-0.0007492,-0.1976975,0.6051824,-0.4074850,0.0007640,0.0000000,0.0000000,0.0000000,1.2707963,-0.0000000,0.0000000,0.0000000,0.0000000,1.2707963,-0.0000000,1.0000000,1.0000000
0.0000000,0.0000000,0.9442268,0.0000000,0.0000000,0.0000000,1.0000000,-0.0001459,0.0007312,-0.1968916,0.6051803,-0.4082888,-0.0007456,0.0001501,-0.0007492,-0.1976975,0.6051824,-0.4074850,0.0007640,0.0000000,0.0000000,0.0000000,1.2707963,-0.0000000,0.0000000,0.0000000,0.0000000,1.2707963,-0.0000000,1.0000000,1.0000000
0.0000000,0.0000000,0.9442268,0.0000000,0.0000000,0.0000000,1.0000000,-0.0001459,0.0007312,-0.1968916,0.6051803,-0.4082888,-0.0007456,0.0001501,-0.0007492,-0.1976975,0.6051824,-0.4074850,0.0007640,0.0000000,0.0000000,0.0000000,1.2707963,-0.0000000,0.0000000,0.0000000,0.0000000,1.2707963,-0.0000000,1.0000000,1.0000000
0.0000000,0.0000000,0.9442268,0.0000000,0.0000000,0.0000000,1.0000000,-0.0001459,0.0007312,-0.1968916,0.6051803,-0.4082888,-0.0007456,0.0001501,-0.0007492,-0.1976975,0.6051824,-0.4074850,0.0007640,0.0000000,0.0000000,0.0000000,1.2707963,-0.0000000,0.0000000,0.0000000,0.0000000,1.2707963,-0.0000000,1.0000000,1.0000000
0.0000000,0.0000000,0.9442268,0.0000000,0.0000000,0.0000000,1.0000000,-0.0001459,0.0007312,-0.1968916,0.6051803,-0.4082888,-0.0007456,0.0001501,-0.0007492,-0.1976975,0.6051824,-0.4074850,0.0007640,0.0000000,0.0000000,0.0000000,1.2707963,-0.0000000,0.0000000,0.0000000,0.0000000,1.2707963,-0.0000000,1.0000000,1.0000000
0.0000000,0.0000000,0.9442268,0.0000000,0.0000000,0.0000000,1.0000000,-0.0001459,0.0007312,-0.1968916,0.6051803,-0.4082888,-0.0007456,0.0001501,-0.0007492,-0.1976975,0.6051824,-0.4074850,0.0007640,0.0000000,0.0000000,0.0000000,1.2707963,-0.0000000,0.0000000,0.0000000,0.0000000,1.2707963,-0.0000000,1.0000000,1.0000000
0.0000000,0.0000000,0.9442268,0.0000000,0.0000000,0.0000000,1.0000000,-0.0001459,0.0007312,-0.1968916,0.6051803,-0.4082888,-0.0007456,0.0001501,-0.0007492,-0.1976975,0.6051824,-0.4074850,0.0007640,0.0000000,0.0000000,0.0000000,1.2707963,-0.0000000,0.0000000,0.0000000,0.0000000,1.2707963,-0.0000000,1.0000000,1.0000000
0.0000000,0.0000000,0.9442268,0.0000000,0.0000000,0.0000000,1.0000000,-0.0001459,0.0007312,-0.1968916,0.6051803,-0.4082888,-0.0007456,0.0001501,-0.0007492,-0.1976975,0.6051824,-0.4074850,0.0007640,0.0000000,0.0000000,0.0000000,1.2707963,-0.0000000,0.0000000,0.0000000,0.0000000,1.2707963,-0.0000000,1.0000000,1.0000000
0.0000000,0.0000000,0.9442268,0.0000000,0.0000000,0.0000000,1.0000000,-0.0001459,0.0007312,-0.1968916,0.6051803,-0.4082888,-0.0007456,0.0001501,-0.0007492,-0.1976975,0.6051824,-0.4074850,0.0007640,0.0000000,0.0000000,0.0000000,1.2707963,-0.0000000,0.0000000,0.0000000,0.0000000,1.2707963,-0.0000000,1.0000000,1.0000000
0.0000000,0.0000000,0.9442268,0.0000000,0.0000000,0.0000000,1.0000000,-0.0001459,0.0007312,-0.1968916,0.6051803,-0.4082888,-0.0007456,0.0001501,-0.0007492,-0.1976975,0.6051824,-0.4074850,0.0007640,0.0000000,0.0000000,0.0000000,1.2707963,-0.0000000,0.0000000,0.0000000,0.0000000,1.2707963,-0.0000000,1.0000000,1.0000000
0.0000000,0.0000000,0.9442268,0.0000000,0.0000000,0.0000000,1.0000000,-0.0001459,0.0007312,-0.1968916,0.6051803,-0.4082888,-0.0007456,0.0001501,-0.0007492,-0.1976975,0.6051824,-0.4074850,0.0007640,0.0000000,0.0000000,0.0000000,1.2707963,-0.0000000,0.0000000,0.0000000,0.0000000,1.2707963,-0.0000000,1.0000000,1.0000000
0.0000000,0.0000000,0.9442268,0.0000000,0.0000000,0.0000000,1.0000000,-0.0001459,0.0007312,-0.1968916,0.6051803,-0.4082888,-0.0007456,0.0001501,-0.0007492,-0.1976975,0.6051824,-0.4074850,0.0007640,0.0000000,0.0000000,0.0000000,1.2707963,-0.0000000,0.0000000,0.0000000,0.0000000,1.2707963,-0.0000000,1.0000000,1.0000000
0.0000000,0.0000000,0.9442268,0.0000000,0.0000000,0.0000000,1.0000000,-0.0001459,0.0007312,-0.1968916,0.6051803,-0.4082888,-0.0007456,0.0001501,-0.0007492,-0.1976975,0.6051824,-0.4074850,0.0007640,0.0000000,0.0000000,0.0000000,1.2707963,-0.0000000,0.0000000,0.0000000,0.0000000,1.2707963,-0.0000000,1.0000000,1.0000000
0.0000000,0.0000000,0.9442268,0.0000000,0.0000000,0.0000000,1.0000000,-0.0001459,0.0007312,-0.1968916,0.6051803,-0.4082888,-0.0007456,0.0001501,-0.0007492,-0.1976975,0.6051824,-0.4074850,0.0007640,0.0000000,0.0000000,0.0000000,1.2707963,-0.0000000,0.0000000,0.0000000,0.0000000,1.2707963,-0.0000000,1.0000000,1.0000000
0.0000000,0.0000000,0.9442268,0.0000000,0.0000000,0.0000000,1.0000000,-0.0001459,0.0007312,-0.1968916,0.6051803,-0.4082888,-0.0007456,0.0001501,-0.0007492,-0.1976975,0.6051824,-0.4074850,0.0007640,0.0000000,0.0000000,0.0000000,1.2707963,-0.0000000,0.0000000,0.0000000,0.0000000,1.2707963,-0.0000000,1.0000000,1.0000000
0.0000000,0.0000000,0.9442268,0.0000000,0.0000000,0.0000000,1.0000000,-0.0001459,0.0007312,-0.1968916,0.6051803,-0.4082888,-0.0007456,0.0001501,-0.0007492,-0.1976975,0.6051824,-0.4074850,0.0007640,0.0000000,0.0000000,0.0000000,1.2707963,-0.0000000,0.0000000,0.0000000,0.0000000,1.2707963,-0.0000000,1.0000000,1.0000000
0.0000000,0.0000000,0.9442268,0.0000000,0.0000000,0.0000000,1.0000000,-0.0001459,0.0007312,-0.1968916,0.6051803,-0.4082888,-0.0007456,0.0001501,-0.0007492,-0.1976975,0.6051824,-0.4074850,0.0007640,0.0000000,0.0000000,0.0000000,1.2707963,-0.0000000,0.0000000,0.0000000,0.0000000,1.2707963,-0.0000000,1.0000000,1.0000000
0.0000000,0.0000000,0.9442268,0.0000000,0.0000000,0.0000000,1.0000000,-0.0001459,0.0007312,-0.1968916,0.6051803,-0.4082888,-0.0007456,0.0001501,-0.0007492,-0.1976975,0.6051824,-0.4074850,0.0007640,0.0000000,0.0000000,0.0000000,1.2707963,-0.0000000,0.0000000,0.0000000,0.0000000,1.2707963,-0.0000000,1.0000000,1.0000000
0.0000000,0.0000000,0.9442268,0.0000000,0.0000000,0.0000000,1.0000000,-0.0001459,0.0007312,-0.1968916,0.6051803,-0.4082888,-0.0007456,0.0001501,-0.0007492,-0.1976975,0.6051824,-0.4074850,0.0007640,0.0000000,0.0000000,0.0000000,1.2707963,-0.0000000,0.0000000,0.0000000,0.0000000,1.2707963,-0.0000000,1.0000000,1.0000000
0.0000000,0.0000000,0.9442268,0.0000000,0.0000000,0.0000000,1.0000000,-0.0001459,0.0007312,-0.1968916,0.6051803,-0.4082888,-0.0007456,0.0001501,-0.0007492,-0.1976975,0.6051824,-0.4074850,0.0007640,0.0000000,0.0000000,0.0000000,1.2707963,-0.0000000,0.0000000,0.0000000,0.0000000,1.2707963,-0.0000000,1.0000000,1.0000000
0.0000000,0.0000000,0.9442268,0.0000000,0.0000000,0.0000000,1.0000000,-0.0001459,0.0007312,-0.1968916,0.6051803,-0.4082888,-0.0007456,0.0001501,-0.0007492,-0.1976975,0.6051824,-0.4074850,0.0007640,0.0000000,0.0000000,0.0000000,1.2707963,-0.0000000,0.0000000,0.0000000,0.0000000,1.2707963,-0.0000000,1.0000000,1.0000000
0.0000000,0.0000000,0.9442268,0.0000000,0.0000000,0.0000000,1.0000000,-0.0001459,0.0007312,-0.1968916,0.6051803,-0.4082888,-0.0007456,0.0001501,-0.0007492,-0.1976975,0.6051824,-0.4074850,0.0007640,0.0000000,0.0000000,0.0000000,1.2707963,-0.0000000,0.0000000,0.0000000,0.0000000,1.2707963,-0.0000000,1.0000000,1.0000000
0.0000000,0.0000000,0.9442268,0.0000000,0.0000000,0.0000000,1.0000000,-0.0001459,0.0007312,-0.1968916,0.6051803,-0.4082888,-0.0007456,0.0001501,-0.0007492,-0.1976975,0.6051824,-0.4074850,0.0007640,0.0000000,0.0000000,0.0000000,1.2707963,-0.0000000,0.0000000,0.0000000,0.0000000,1.2707963,-0.0000000,1.0000000,1.0000000
0.0000000,0.0000000,0.9442268,0.0000000,0.0000000,0.0000000,1.0000000,-0.0001459,0.0007312,-0.1968916,0.6051803,-0.4082888,-0.0007456,0.0001501,-0.0007492,-0.1976975,0.6051824,-0.4074850,0.0007640,0.0000000,0.0000000,0.0000000,1.2707963,-0.0000000,0.0000000,0.0000000,0.0000000,1.2707963,-0.0000000,1.0000000,1.0000000
0.0000000,0.0000000,0.9442268,0.0000000,0.0000000,0.0000000,1.0000000,-0.0001459,0.0007312,-0.1968916,0.6051803,-0.4082888,-0.0007456,0.0001501,-0.0007492,-0.1976975,0.6051824,-0.4074850,0.0007640,0.0000000,0.0000000,0.0000000,1.2707963,-0.0000000,0.0000000,0.0000000,0.0000000,1.2707963,-0.0000000,1.0000000,1.0000000
0.0000000,0.0000000,0.9442268,0.0000000,0.0000000,0.0000000,1.0000000,-0.0001459,0.0007312,-0.1968916,0.6051803,-0.4082888,-0.0007456,0.0001501,-0.0007492,-0.1976975,0.6051824,-0.4074850,0.0007640,0.0000000,0.0000000,0.0000000,1.2707963,-0.0000000,0.0000000,0.0000000,0.0000000,1.2707963,-0.0000000,1.0000000,1.0000000
0.0000000,0.0000000,0.9442268,0.0000000,0.0000000,0.0000000,1.0000000,-0.0001459,0.0007312,-0.1968916,0.6051803,-0.4082888,-0.0007456,0.0001501,-0.0007492,-0.1976975,0.6051824,-0.4074850,0.0007640,0.0000000,0.0000000,0.0000000,1.2707963,-0.0000000,0.0000000,0.0000000,0.0000000,1.2707963,-0.0000000,1.0000000,1.0000000
0.0000000,0.0000000,0.9442268,0.0000000,0.0000000,0.0000000,1.0000000,-0.0001459,0.0007312,-0.1968916,0.6051803,-0.4082888,-0.0007456,0.0001501,-0.0007492,-0.1976975,0.6051824,-0.4074850,0.0007640,0.0000000,0.0000000,0.0000000,1.2707963,-0.0000000,0.0000000,0.0000000,0.0000000,1.2707963,-0.0000000,1.0000000,1.0000000
0.0000000,0.0000000,0.9442269,0.0000000,0.0000000,0.0000000,1.0000000,-0.0001459,0.0007312,-0.1968912,0.6051793,-0.4082881,-0.0007456,0.0001501,-0.0007492,-0.1976971,0.6051814,-0.4074843,0.0007640,0.0000000,0.0000000,0.0000000,1.2707963,-0.0000000,0.0000000,0.0000000,0.0000000,1.2707963,-0.0000000,1.0000000,1.0000000
0.0000000,0.0000000,0.9442278,0.0000000,0.0000000,0.0000000,1.0000000,-0.0001458,0.0007312,-0.1968888,0.6051722,-0.4082834,-0.0007456,0.0001501,-0.0007492,-0.1976947,0.6051743,-0.4074796,0.0007640,0.0000000,0.0000000,0.0000000,1.2707963,-0.0000000,0.0000000,0.0000000,0.0000000,1.2707963,-0.0000000,1.0000000,1.0000000
0.0000000,0.0000000,0.9442301,0.0000000,0.0000000,0.0000000,1.0000000,-0.0001458,0.0007312,-0.1968824,0.6051533,-0.4082709,-0.0007456,0.0001501,-0.0007492,-0.1976883,0.6051554,-0.4074671,0.0007640,0.0000000,0.0000000,0.0000000,1.2707963,-0.0000000,0.0000000,0.0000000,0.0000000,1.2707963,-0.0000000,1.0000000,1.0000000
0.0000000,0.0000000,0.9442346,0.0000000,0.0000000,0.0000000,1.0000000,-0.0001458,0.0007312,-0.1968702,0.6051170,-0.4082469,-0.0007456,0.0001500,-0.0007492,-0.1976761,0.6051191,-0.4074431,0.0007640,0.0000000,0.0000000,0.0000000,1.2707963,-0.0000000,0.0000000,0.0000000,0.0000000,1.2707963,-0.0000000,1.0000000,1.0000000
0.0000000,0.0000000,0.9442418,0.0000000,0.0000000,0.0000000,1.0000000,-0.0001458,0.0007312,-0.1968504,0.6050582,-0.4082079,-0.0007456,0.0001500,-0.0007492,-0.1976562,0.6050603,-0.4074041,0.0007640,0.0000000,0.0000000,0.0000000,1.2707963,-0.0000000,0.0000000,0.0000000,0.0000000,1.2707963,-0.0000000,1.0000000,1.0000000
0.0000000,0.0000000,0.9442525,0.0000000,0.0000000,0.0000000,1.0000000,-0.0001458,0.0007312,-0.1968212,0.6049719,-0.4081507,-0.0007456,0.0001500,-0.0007491,-0.1976271,0.6049740,-0.4073470,0.0007640,0.0000000,0.0000000,0.0000000,1.2707963,-0.0000000,0.0000000,0.0000000,0.0000000,1.2707963,-0.0000000,1.0000000,1.0000000
0.0000000,0.0000000,0.9442671,0.0000000,0.0000000,0.0000000,1.0000000,-0.0001458,0.0007312,-0.1967813,0.6048534,-0.4080722,-0.0007455,0.0001500,-0.0007491,-0.1975871,0.6048556,-0.4072685,0.0007640,0.0000000,0.0000000,0.0000000,1.2707963,-0.0000000,0.0000000,0.0000000,0.0000000,1.2707963,-0.0000000,1.0000000,1.0000000
0.0000000,0.0000000,0.9442862,0.0000000,0.0000000,0.0000000,1.0000000,-0.0001457,0.0007311,-0.1967289,0.6046984,-0.4079695,-0.0007455,0.0001499,-0.0007491,-0.1975348,0.6047005,-0.4071658,0.0007640,0.0000000,0.0000000,0.0000000,1.2707963,-0.0000000,0.0000000,0.0000000,0.0000000,1.2707963,-0.0000000,1.0000000,1.0000000
0.0000000,0.0000000,0.9443103,0.0000000,0.0000000,0.0000000,1.0000000,-0.0001457,0.0007311,-0.1966629,0.6045027,-0.4078399,-0.0007455,0.0001499,-0.0007491,-0.1974687,0.6045048,-0.4070362,0.0007640,0.0000000,0.0000000,0.0000000,1.2707963,-0.0000000,0.0000000,0.0000000,0.0000000,1.2707963,-0.0000000,1.0000000,1.0000000
0.0000000,0.0000000,0.9443399,0.0000000,0.0000000,0.0000000,1.0000000,-0.0001456,0.0007311,-0.1965817,0.6042623,-0.4076806,-0.0007455,0.0001498,-0.0007491,-0.1973875,0.6042644,-0.4068770,0.0007639,0.0000000,0.0000000,0.0000000,1.2707963,-0.0000000,0.0000000,0.0000000,0.0000000,1.2707963,-0.0000000,1.0000000,1.0000000
0.0000000,0.0000000,0.9443755,0.0000000,0.0000000,0.0000000,1.0000000,-0.0001455,0.0007311,-0.1964843,0.6039737,-0.4074894,-0.0007455,0.0001497,-0.0007491,-0.1972901,0.6039758,-0.4066858,0.0007639,0.0000000,0.0000000,0.0000000,1.2707963,-0.0000000,0.0000000,0.0000000,0.0000000,1.2707963,-0.0000000,1.0000000,1.0000000
0.0000000,0.0000000,0.9444174,0.0000000,0.0000000,0.0000000,1.0000000,-0.0001454,0.0007311,-0.1963694,0.6036333,-0.4072639,-0.0007454,0.0001496,-0.0007491,-0.1971751,0.6036354,-0.4064603,0.0007639,0.0000000,0.0000000,0.0000000,1.2707963,-0.0000000,0.0000000,0.0000000,0.0000000,1.2707963,-0.0000000,1.0000000,1.0000000
0.0000000,0.0000000,0.9444660,0.0000000,0.0000000,0.0000000,1.0000000,-0.0001453,0.0007311,-0.1962360,0.6032380,-0.4070021,-0.0007454,0.0001495,-0.0007491,-0.1970417,0.6032401,-0.4061985,0.0007638,0.0000000,0.0000000,0.0000000,1.2707963,-0.0000000,0.0000000,0.0000000,0.0000000,1.2707963,-0.0000000,1.0000000,1.0000000
0.0000000,0.0000000,0.9445217,0.0000000,0.0000000,0.0000000,1.0000000,-0.0001452,0.0007310,-0.1960830,0.6027849,-0.4067019,-0.0007453,0.0001494,-0.0007490,-0.1968886,0.6027870,-0.4058984,0.0007638,0.0000000,0.0000000,0.0000000,1.2707963,-0.0000000,0.0000000,0.0000000,0.0000000,1.2707963,-0.0000000,1.0000000,1.0000000
0.0000000,0.0000000,0.9445848,0.0000000,0.0000000,0.0000000,1.0000000,-0.0001451,0.0007310,-0.1959095,0.6022710,-0.4063616,-0.0007453,0.0001493,-0.0007490,-0.1967151,0.6022731,-0.4055581,0.0007637,0.0000000,0.0000000,0.0000000,1.2707963,-0.0000000,0.0000000,0.0000000,0.0000000,1.2707963,-0.0000000,1.0000000,1.0000000
0.0000000,0.0000000,0.9446556,0.0000000,0.0000000,0.0000000,1.0000000,-0.0001449,0.0007310,-0.1957147,0.6016940,-0.4059793,-0.0007452,0.0001491,-0.0007490,-0.1965202,0.6016961,-0.4051760,0.0007637,0.0000000,0.0000000,0.0000000,1.2707963,-0.0000000,0.0000000,0.0000000,0.0000000,1.2707963,-0.0000000,1.0000000,1.0000000
0.0000000,0.0000000,0.9447343,0.0000000,0.0000000,0.0000000,1.0000000,-0.0001447,0.0007310,-0.1954977,0.6010514,-0.4055537,-0.0007451,0.0001489,-0.0007489,-0.1963031,0.6010535,-0.4047504,0.0007636,0.0000000,0.0000000,0.0000000,1.2707963,-0.0000000,0.0000000,0.0000000,0.0000000,1.2707963,-0.0000000,1.0000000,1.0000000
0.0000000,0.0000000,0.9448213,0.0000000,0.0000000,0.0000000,1.0000000,-0.0001446,0.0007309,-0.1952578,0.6003410,-0.4050832,-0.0007451,0.0001487,-0.0007489,-0.1960632,0.6003431,-0.4042800,0.0007635,0.0000000,0.0000000,0.0000000,1.2707963,-0.0000000,0.0000000,0.0000000,0.0000000,1.2707963,-0.0000000,1.0000000,1.0000000
0.0000000,0.0000000,0.9449167,0.0000000,0.0000000,0.0000000,1.0000000,-0.0001443,0.0007309,-0.1949944,0.5995610,-0.4045666,-0.0007450,0.0001485,-0.0007489,-0.1957996,0.5995630,-0.4037635,0.0007634,0.0000000,0.0000000,0.0000000,1.2707963,-0.0000000,0.0000000,0.0000000,0.0000000,1.2707963,-0.0000000,1.0000000,1.0000000
0.0000000,0.0000000,0.9450208,0.0000000,0.0000000,0.0000000,1.0000000,-0.0001441,0.0007308,-0.1947067,0.5987094,-0.4040027,-0.0007449,0.0001483,-0.0007488,-0.1955119,0.5987114,-0.4031996,0.0007633,0.0000000,0.0000000,0.0000000,1.2707963,-0.0000000,0.0000000,0.0000000,0.0000000,1.2707963,-0.0000000,1.0000000,1.0000000
0.0000000,0.0000000,0.9451336,0.0000000,0.0000000,0.0000000,1.0000000,-0.0001439,0.0007308,-0.1943943,0.5977847,-0.4033904,-0.0007448,0.0001480,-0.0007488,-0.1951994,0.5977867,-0.4025874,0.0007632,0.0000000,0.0000000,0.0000000,1.2707963,-0.0000000,0.0000000,0.0000000,0.0000000,1.2707963,-0.0000000,1.0000000,1.0000000
0.0000000,0.0000000,0.9452553,0.0000000,0.0000000,0.0000000,1.0000000,-0.0001436,0.0007307,-0.1940567,0.5967854,-0.4027287,-0.0007447,0.0001478,-0.0007487,-0.1948616,0.5967874,-0.4019258,0.0007631,0.0000000,0.0000000,0.0000000,1.2707963,-0.0000000,0.0000000,0.0000000,0.0000000,1.2707963,-0.0000000,1.0000000,1.0000000
0.0000000,0.0000000,0.9453860,0.0000000,0.0000000,0.0000000,1.0000000,-0.0001433,0.0007307,-0.1936934,0.5957102,-0.4020169,-0.0007446,0.0001475,-0.0007486,-0.1944982,0.5957123,-0.4012141,0.0007630,0.0000000,0.0000000,0.0000000,1.2707963,-0.0000000,0.0000000,0.0000000,0.0000000,1.2707963,-0.0000000,1.0000000,1.0000000
0.0000000,0.0000000,0.9455258,0.0000000,0.0000000,0.0000000,1.0000000,-0.0001430,0.0007306,-0.1933040,0.5945581,-0.4012541,-0.0007445,0.0001472,-0.0007486,-0.1941087,0.5945601,-0.4004515,0.0007629,0.0000000,0.0000000,0.0000000,1.2707963,-0.0000000,0.0000000,0.0000000,0.0000000,1.2707963,-0.0000000,1.0000000,1.0000000
0.0000000,0.0000000,0.9456748,0.0000000,0.0000000,0.0000000,1.0000000,-0.0001427,0.0007305,-0.1928882,0.5933280,-0.4004398,-0.0007443,0.0001468,-0.0007485,-0.1936928,0.5933301,-0.3996374,0.0007628,0.0000000,0.0000000,0.0000000,1.2707963,-0.0000000,0.0000000,0.0000000,0.0000000,1.2707963,-0.0000000,1.0000000,1.0000000
0.0000000,0.0000000,0.9458330,0.0000000,0.0000000,0.0000000,1.0000000,-0.0001423,0.0007305,-0.1924457,0.5920192,-0.3995735,-0.0007442,0.0001465,-0.0007484,-0.1932501,0.5920212,-0.3987712,0.0007626,0.0000000,0.0000000,0.0000000,1.2707963,-0.0000000,0.0000000,0.0000000,0.0000000,1.2707963,-0.0000000,1.0000000,1.0000000
0.0000000,0.0000000,0.9460005,0.0000000,0.0000000,0.0000000,1.0000000,-0.0001420,0.0007304,-0.1919763,0.5906309,-0.3986547,-0.0007441,0.0001461,-0.0007484,-0.1927805,0.5906330,-0.3978525,0.0007625,0.0000000,0.0000000,0.0000000,1.2707963,-0.0000000,0.0000000,0.0000000,0.0000000,1.2707963,-0.0000000,1.0000000,1.0000000
0.0000000,0.0000000,0.9461771,0.0000000,0.0000000,0.0000000,1.0000000,-0.0001416,0.0007303,-0.1914797,0.5891627,-0.3976831,-0.0007439,0.0001457,-0.0007483,-0.1922838,0.5891647,-0.3968810,0.0007623,0.0000000,0.0000000,0.0000000,1.2707963,-0.0000000,0.0000000,0.0000000,0.0000000,1.2707963,-0.0000000,1.0000000,1.0000000
0.0000000,0.0000000,0.9463630,0.0000000,0.0000000,0.0000000,1.0000000,-0.0001412,0.0007302,-0.1909558,0.5876142,-0.3966584,-0.0007438,0.0001453,-0.0007482,-0.1917597,0.5876162,-0.3958565,0.0007622,0.0000000,0.0000000,0.0000000,1.2707963,-0.0000000,0.0000000,0.0000000,0.0000000,1.2707963,-0.0000000,1.0000000,1.0000000
0.0000000,0.0000000,0.9465581,0.0000000,0.0000000,0.0000000,1.0000000,-0.0001407,0.0007302,-0.1904046,0.5859850,-0.3955805,-0.0007436,0.0001448,-0.0007481,-0.1912083,0.5859870,-0.3947788,0.0007620,0.0000000,0.0000000,0.0000000,1.2707963,-0.0000000,0.0000000,0.0000000,0.0000000,1.2707963,-0.0000000,1.0000000,1.0000000
0.0000000,0.0000000,0.9467622,0.0000000,0.0000000,0.0000000,1.0000000,-0.0001403,0.0007301,-0.1898259,0.5842751,-0.3944493,-0.0007434,0.0001443,-0.0007480,-0.1906294,0.5842771,-0.3936478,0.0007618,0.0000000,0.0000000,0.0000000,1.2707963,-0.0000000,0.0000000,0.0000000,0.0000000,1.2707963,-0.0000000,1.0000000,1.0000000
0.0000000,0.0000000,0.9469754,0.0000000,0.0000000,0.0000000,1.0000000,-0.0001398,0.0007300,-0.1892197,0.5824845,-0.3932649,-0.0007432,0.0001439,-0.0007479,-0.1900230,0.5824865,-0.3924635,0.0007616,0.0000000,0.0000000,0.0000000,1.2707963,-0.0000000,0.0000000,0.0000000,0.0000000,1.2707963,-0.0000000,1.0000000,1.0000000
0.0000000,0.0000000,0.9471975,0.0000000,0.0000000,0.0000000,1.0000000,-0.0001393,0.0007299,-0.1885861,0.5806133,-0.3920273,-0.0007430,0.0001433,-0.0007478,-0.1893892,0.5806153,-0.3912261,0.0007614,0.0000000,0.0000000,0.0000000,1.2707963,-0.0000000,0.0000000,0.0000000,0.0000000,1.2707963,-0.0000000,1.0000000,1.0000000
0.0000000,0.0000000,0.9474284,0.0000000,0.0000000,0.0000000,1.0000000,-0.0001388,0.0007298,-0.1879251,0.5786618,-0.3907367,-0.0007429,0.0001428,-0.0007477,-0.1887280,0.5786637,-0.3899358,0.0007612,0.0000000,0.0000000,0.0000000,1.2707963,-0.0000000,0.0000000,0.0000000,0.0000000,1.2707963,-0.0000000,1.0000000,1.0000000
0.0000000,0.0000000,0.9476680,0.0000000,0.0000000,0.0000000,1.0000000,-0.0001382,0.0007297,-0.1872368,0.5766303,-0.3893935,-0.0007426,0.0001423,-0.0007476,-0.1880395,0.5766322,-0.3885928,0.0007610,0.0000000,0.0000000,0.0000000,1.2707963,-0.0000000,0.0000000,0.0000000,0.0000000,1.2707963,-0.0000000,1.0000000,1.0000000
0.0000000,0.0000000,0.9479161,0.0000000,0.0000000,0.0000000,1.0000000,-0.0001377,0.0007296,-0.1865214,0.5745193,-0.3879979,-0.0007424,0.0001417,-0.0007475,-0.1873239,0.5745212,-0.3871974,0.0007608,0.0000000,0.0000000,0.0000000,1.2707963,-0.0000000,0.0000000,0.0000000,0.0000000,1.2707963,-0.0000000,1.0000000,1.0000000
0.0000000,0.0000000,0.9481725,0.0000000,0.0000000,0.0000000,1.0000000,-0.0001371,0.0007295,-0.1857791,0.5723294,-0.3865503,-0.0007422,0.0001411,-0.0007474,-0.1865813,0.5723313,-0.3857500,0.0007606,0.0000000,0.0000000,0.0000000,1.2707963,-0.0000000,0.0000000,0.0000000,0.0000000,1.2707963,-0.0000000,1.0000000,1.0000000
0.0000000,0.0000000,0.9484371,0.0000000,0.0000000,0.0000000,1.0000000,-0.0001365,0.0007293,-0.1850100,0.5700613,-0.3850513,-0.0007420,0.0001405,-0.0007473,-0.1858119,0.5700631,-0.3842513,0.0007604,0.0000000,0.0000000,0.0000000,1.2707963,-0.0000000,0.0000000,0.0000000,0.0000000,1.2707963,-0.0000000,1.0000000,1.0000000
0.0000000,0.0000000,0.9487097,0.0000000,0.0000000,0.0000000,1.0000000,-0.0001359,0.0007292,-0.1842144,0.5677158,-0.3835014,-0.0007418,0.0001398,-0.0007472,-0.1850161,0.5677176,-0.3827016,0.0007601,0.0000000,0.0000000,0.0000000,1.2707963,-0.0000000,0.0000000,0.0000000,0.0000000,1.2707963,-0.0000000,1.0000000,1.0000000
0.0000000,0.0000000,0.9489900,0.0000000,0.0000000,0.0000000,1.0000000,-0.0001352,0.0007291,-0.1833926,0.5652938,-0.3819013,-0.0007415,0.0001392,-0.0007470,-0.1841940,0.5652956,-0.3811017,0.0007599,0.0000000,0.0000000,0.0000000,1.2707963,-0.0000000,0.0000000,0.0000000,0.0000000,1.2707963,-0.0000000,1.0000000,1.0000000
0.0000000,0.0000000,0.9492778,0.0000000,0.0000000,0.0000000,1.0000000,-0.0001346,0.0007290,-0.1825449,0.5627964,-0.3802515,-0.0007413,0.0001385,-0.0007469,-0.1833461,0.5627982,-0.3794522,0.0007596,0.0000000,0.0000000,0.0000000,1.2707963,-0.0000000,0.0000000,0.0000000,0.0000000,1.2707963,-0.0000000,1.0000000,1.0000000
0.0000000,0.0000000,0.9495729,0.0000000,0.0000000,0.0000000,1.0000000,-0.0001339,0.0007288,-0.1816717,0.5602247,-0.3785530,-0.0007410,0.0001378,-0.0007468,-0.1824726,0.5602265,-0.3777539,0.0007594,0.0000000,0.0000000,0.0000000,1.2707963,-0.0000000,0.0000000,0.0000000,0.0000000,1.2707963,-0.0000000,1.0000000,1.0000000
0.0000000,0.0000000,0.9498750,0.0000000,0.0000000,0.0000000,1.0000000,-0.0001332,0.0007287,-0.1807734,0.5575799,-0.3768065,-0.0007408,0.0001371,-0.0007466,-0.1815740,0.5575817,-0.3760077,0.0007591,0.0000000,0.0000000,0.0000000,1.2707963,-0.0000000,0.0000000,0.0000000,0.0000000,1.2707963,-0.0000000,1.0000000,1.0000000
0.0000000,0.0000000,0.9501839,0.0000000,0.0000000,0.0000000,1.0000000,-0.0001325,0.0007286,-0.1798504,0.5548633,-0.3750130,-0.0007405,0.0001363,-0.0007465,-0.1806507,0.5548651,-0.3742144,0.0007589,0.0000000,0.0000000,0.0000000,1.2707963,-0.0000000,0.0000000,0.0000000,0.0000000,1.2707963,-0.0000000,1.0000000,1.0000000
0.0000000,0.0000000,0.9504992,0.0000000,0.0000000,0.0000000,1.0000000,-0.0001317,0.0007284,-0.1789032,0.5520765,-0.3731733,-0.0007403,0.0001356,-0.0007464,-0.1797032,0.5520782,-0.3723751,0.0007586,0.0000000,0.0000000,0.0000000,1.2707963,-0.0000000,0.0000000,0.0000000,0.0000000,1.2707963,-0.0000000,1.0000000,1.0000000
0.0000000,0.0000000,0.9508208,0.0000000,0.0000000,0.0000000,1.0000000,-0.0001310,0.0007283,-0.1779322,0.5492208,-0.3712886,-0.0007400,0.0001348,-0.0007462,-0.1787319,0.5492225,-0.3704906,0.0007583,0.0000000,0.0000000,0.0000000,1.2707963,-0.0000000,0.0000000,0.0000000,0.0000000,1.2707963,-0.0000000,1.0000000,1.0000000
0.0000000,0.0000000,0.9511482,0.0000000,0.0000000,0.0000000,1.0000000,-0.0001302,0.0007282,-0.1769380,0.5462979,-0.3693600,-0.0007397,0.0001340,-0.0007461,-0.1777374,0.5462996,-0.3685623,0.0007580,0.0000000,0.0000000,0.0000000,1.2707963,-0.0000000,0.0000000,0.0000000,0.0000000,1.2707963,-0.0000000,1.0000000,1.0000000
0.0000000,0.0000000,0.9514813,0.0000000,0.0000000,0.0000000,1.0000000,-0.0001294,0.0007280,-0.1759211,0.5433096,-0.3673885,-0.0007394,0.0001332,-0.0007459,-0.1767202,0.5433113,-0.3665911,0.0007577,0.0000000,0.0000000,0.0000000,1.2707963,-0.0000000,0.0000000,0.0000000,0.0000000,1.2707963,-0.0000000,1.0000000,1.0000000
0.0000000,0.0000000,0.9518196,0.0000000,0.0000000,0.0000000,1.0000000,-0.0001286,0.0007279,-0.1748822,0.5402576,-0.3653754,-0.0007391,0.0001324,-0.0007458,-0.1756810,0.5402593,-0.3645783,0.0007575,0.0000000,0.0000000,0.0000000,1.2707963,-0.0000000,0.0000000,0.0000000,0.0000000,1.2707963,-0.0000000,1.0000000,1.0000000
0.0000000,0.0000000,0.9521628,0.0000000,0.0000000,0.0000000,1.0000000,-0.0001278,0.0007277,-0.1738219,0.5371439,-0.3633221,-0.0007389,0.0001315,-0.0007456,-0.1746204,0.5371455,-0.3625252,0.0007572,0.0000000,0.0000000,0.0000000,1.2707963,-0.0000000,0.0000000,0.0000000,0.0000000,1.2707963,-0.0000000,1.0000000,1.0000000
0.0000000,0.0000000,0.9525106,0.0000000,0.0000000,0.0000000,1.0000000,-0.0001269,0.0007276,-0.1727408,0.5339704,-0.3612297,-0.0007386,0.0001307,-0.0007455,-0.1735389,0.5339720,-0.3604332,0.0007569,0.0000000,0.0000000,0.0000000,1.2707963,-0.0000000,0.0000000,0.0000000,0.0000000,1.2707963,-0.0000000,1.0000000,1.0000000
0.0000000,0.0000000,0.9528628,0.0000000,0.0000000,0.0000000,1.0000000,-0.0001261,0.0007274,-0.1716396,0.5307393,-0.3590998,-0.0007383,0.0001298,-0.0007453,-0.1724374,0.5307409,-0.3583035,0.0007566,0.0000000,0.0000000,0.0000000,1.2707963,-0.0000000,0.0000000,0.0000000,0.0000000,1.2707963,-0.0000000,1.0000000,1.0000000
0.0000000,0.0000000,0.9532188,0.0000000,0.0000000,0.0000000,1.0000000,-0.0001252,0.0007273,-0.1705190,0.5274528,-0.3569338,-0.0007380,0.0001289,-0.0007452,-0.1713165,0.5274543,-0.3561378,0.0007562,0.0000000,0.0000000,0.0000000,1.2707963,-0.0000000,0.0000000,0.0000000,0.0000000,1.2707963,-0.0000000,1.0000000,1.0000000
0.0000000,0.0000000,0.9535784,0.0000000,0.0000000,0.0000000,1.0000000,-0.0001244,0.0007271,-0.1693799,0.5241130,-0.3547332,-0.0007377,0.0001280,-0.0007450,-0.1701770,0.5241145,-0.3539375,0.0007559,0.0000000,0.0000000,0.0000000,1.2707963,-0.0000000,0.0000000,0.0000000,0.0000000,1.2707963,-0.0000000,1.0000000,1.0000000
0.0000000,0.0000000,0.9539412,0.0000000,0.0000000,0.0000000,1.0000000,-0.0001235,0.0007270,-0.1682229,0.5207224,-0.3524996,-0.0007374,0.0001271,-0.0007449,-0.1690197,0.5207239,-0.3517042,0.0007556,0.0000000,0.0000000,0.0000000,1.2707963,-0.0000000,0.0000000,0.0000000,0.0000000,1.2707963,-0.0000000,1.0000000,1.0000000
0.0000000,0.0000000,0.9543068,0.0000000,0.0000000,0.0000000,1.0000000,-0.0001226,0.0007268,-0.1670490,0.5172835,-0.3502346,-0.0007371,0.0001262,-0.0007447,-0.1678455,0.5172850,-0.3494396,0.0007553,0.0000000,0.0000000,0.0000000,1.2707963,-0.0000000,0.0000000,0.0000000,0.0000000,1.2707963,-0.0000000,1.0000000,1.0000000
0.0000000,0.0000000,0.9546749,0.0000000,0.0000000,0.0000000,1.0000000,-0.0001216,0.0007266,-0.1658589,0.5137988,-0.3479399,-0.0007368,0.0001252,-0.0007445,-0.1666551,0.5138002,-0.3471452,0.0007550,0.0000000,0.0000000,0.0000000,1.2707963,-0.0000000,0.0000000,0.0000000,0.0000000,1.2707963,-0.0000000,1.0000000,1.0000000
0.0000000,0.0000000,0.9550451,0.0000000,0.0000000,0.0000000,1.0000000,-0.0001207,0.0007265,-0.1646536,0.5102709,-0.3456174,-0.0007364,0.0001243,-0.0007444,-0.1654494,0.5102724,-0.3448230,0.0007547,0.0000000,0.0000000,0.0000000,1.2707963,-0.0000000,0.0000000,0.0000000,0.0000000,1.2707963,-0.0000000,1.0000000,1.0000000
0.0000000,0.0000000,0.9554170,0.0000000,0.0000000,0.0000000,1.0000000,-0.0001198,0.0007263,-0.1634340,0.5067027,-0.3432687,-0.0007361,0.0001233,-0.0007442,-0.1642294,0.5067040,-0.3424747,0.0007544,0.0000000,0.0000000,0.0000000,1.2707963,-0.0000000,0.0000000,0.0000000,0.0000000,1.2707963,-0.0000000,1.0000000,1.0000000
0.0000000,0.0000000,0.9557903,0.0000000,0.0000000,0.0000000,1.0000000,-0.0001188,0.0007262,-0.1622010,0.5030968,-0.3408959,-0.0007358,0.0001224,-0.0007441,-0.1629961,0.5030981,-0.3401021,0.0007540,0.0000000,0.0000000,0.0000000,1.2707963,-0.0000000,0.0000000,0.0000000,0.0000000,1.2707963,-0.0000000,1.0000000,1.0000000
0.0000000,0.0000000,0.9561645,0.0000000,0.0000000,0.0000000,1.0000000,-0.0001179,0.0007260,-0.1609556,0.4994562,-0.3385007,-0.0007355,0.0001214,-0.0007439,-0.1617503,0.4994576,-0.3377073,0.0007537,0.0000000,0.0000000,0.0000000,1.2707963,-0.0000000,0.0000000,0.0000000,0.0000000,1.2707963,-0.0000000,1.0000000,1.0000000
0.0000000,0.0000000,0.9565393,0.0000000,0.0000000,0.0000000,1.0000000,-0.0001169,0.0007259,-0.1596988,0.4957840,-0.3360852,-0.0007352,0.0001204,-0.0007437,-0.1604932,0.4957853,-0.3352921,0.0007534,0.0000000,0.0000000,0.0000000,1.2707963,-0.0000000,0.0000000,0.0000000,0.0000000,1.2707963,-0.0000000,1.0000000,1.0000000
0.0000000,0.0000000,0.9569143,0.0000000,0.0000000,0.0000000,1.0000000,-0.0001159,0.0007257,-0.1584318,0.4920832,-0.3336515,-0.0007349,0.0001194,-0.0007436,-0.1592258,0.4920845,-0.3328587,0.0007531,0.0000000,0.0000000,0.0000000,1.2707963,-0.0000000,0.0000000,0.0000000,0.0000000,1.2707963,-0.0000000,1.0000000,1.0000000
0.0000000,0.0000000,0.9572891,0.0000000,0.0000000,0.0000000,1.0000000,-0.0001150,0.0007255,-0.1571555,0.4883570,-0.3312016,-0.0007346,0.0001184,-0.0007434,-0.1579492,0.4883583,-0.3304091,0.0007528,0.0000000,0.0000000,0.0000000,1.2707963,-0.0000000,0.0000000,0.0000000,0.0000000,1.2707963,-0.0000000,1.0000000,1.0000000
0.0000000,0.0000000,0.9576633,0.0000000,0.0000000,0.0000000,1.0000000,-0.0001140,0.0007254,-0.1558710,0.4846087,-0.3287377,-0.0007343,0.0001174,-0.0007432,-0.1566644,0.4846099,-0.3279455,0.0007525,0.0000000,0.0000000,0.0000000,1.2707963,-0.0000000,0.0000000,0.0000000,0.0000000,1.2707963,-0.0000000,1.0000000,1.0000000
0.0000000,0.0000000,0.9580366,0.0000000,0.0000000,0.0000000,1.0000000,-0.0001130,0.0007252,-0.1545796,0.4808416,-0.3262620,-0.0007340,0.0001164,-0.0007431,-0.1553727,0.4808428,-0.3254702,0.0007521,0.0000000,0.0000000,0.0000000,1.2707963,-0.0000000,0.0000000,0.0000000,0.0000000,1.2707963,-0.0000000,1.0000000,1.0000000
0.0000000,0.0000000,0.9584085,0.0000000,0.0000000,0.0000000,1.0000000,-0.0001120,0.0007251,-0.1532824,0.4770592,-0.3237768,-0.0007337,0.0001154,-0.0007429,-0.1540751,0.4770603,-0.3229852,0.0007518,0.0000000,0.0000000,0.0000000,1.2707963,-0.0000000,0.0000000,0.0000000,0.0000000,1.2707963,-0.0000000,1.0000000,1.0000000
0.0000000,0.0000000,0.9587787,0.0000000,0.0000000,0.0000000,1.0000000,-0.0001110,0.0007249,-0.1519806,0.4732650,-0.3212844,-0.0007333,0.0001144,-0.0007428,-0.1527730,0.4732661,-0.3204931,0.0007515,0.0000000,0.0000000,0.0000000,1.2707963,-0.0000000,0.0000000,0.0000000,0.0000000,1.2707963,-0.0000000,1.0000000,1.0000000
0.0000000,0.0000000,0.9591468,0.0000000,0.0000000,0.0000000,1.0000000,-0.0001100,0.0007247,-0.1506755,0.4694625,-0.3187871,-0.0007330,0.0001133,-0.0007426,-0.1514675,0.4694636,-0.3179961,0.0007512,0.0000000,0.0000000,0.0000000,1.2707963,-0.0000000,0.0000000,0.0000000,0.0000000,1.2707963,-0.0000000,1.0000000,1.0000000
0.0000000,0.0000000,0.9595124,0.0000000,0.0000000,0.0000000,1.0000000,-0.0001090,0.0007246,-0.1493683,0.4656556,-0.3162874,-0.0007327,0.0001123,-0.0007424,-0.1501600,0.4656567,-0.3154968,0.0007509,0.0000000,0.0000000,0.0000000,1.2707963,-0.0000000,0.0000000,0.0000000,0.0000000,1.2707963,-0.0000000,1.0000000,1.0000000
0.0000000,0.0000000,0.9598752,0.0000000,0.0000000,0.0000000,1.0000000,-0.0001081,0.0007244,-0.1480603,0.4618480,-0.3137877,-0.0007324,0.0001113,-0.0007423,-0.1488516,0.4618490,-0.3129974,0.0007506,0.0000000,0.0000000,0.0000000,1.2707963,-0.0000000,0.0000000,0.0000000,0.0000000,1.2707963,-0.0000000,1.0000000,1.0000000
0.0000000,0.0000000,0.9602348,0.0000000,0.0000000,0.0000000,1.0000000,-0.0001071,0.0007243,-0.1467528,0.4580434,-0.3112906,-0.0007321,0.0001103,-0.0007421,-0.1475438,0.4580444,-0.3105006,0.0007503,0.0000000,0.0000000,0.0000000,1.2707963,-0.0000000,0.0000000,0.0000000,0.0000000,1.2707963,-0.0000000,1.0000000,1.0000000
0.0000000,0.0000000,0.9605908,0.0000000,0.0000000,0.0000000,1.0000000,-0.0001061,0.0007241,-0.1454472,0.4542459,-0.3087987,-0.0007319,0.0001093,-0.0007420,-0.1462379,0.4542468,-0.3080090,0.0007500,0.0000000,0.0000000,0.0000000,1.2707963,-0.0000000,0.0000000,0.0000000,0.0000000,1.2707963,-0.0000000,1.0000000,1.0000000
0.0000000,0.0000000,0.9609429,0.0000000,0.0000000,0.0000000,1.0000000,-0.0001051,0.0007240,-0.1441449,0.4504593,-0.3063145,-0.0007316,0.0001083,-0.0007418,-0.1449352,0.4504602,-0.3055250,0.0007497,0.0000000,0.0000000,0.0000000,1.2707963,-0.0000000,0.0000000,0.0000000,0.0000000,1.2707963,-0.0000000,1.0000000,1.0000000
0.0000000,0.0000000,0.9612908,0.0000000,0.0000000,0.0000000,1.0000000,-0.0001041,0.0007238,-0.1428472,0.4466878,-0.3038406,-0.0007313,0.0001073,-0.0007417,-0.1436373,0.4466887,-0.3030515,0.0007494,0.0000000,0.0000000,0.0000000,1.2707963,-0.0000000,0.0000000,0.0000000,0.0000000,1.2707963,-0.0000000,1.0000000,1.0000000
0.0000000,0.0000000,0.9616340,0.0000000,0.0000000,0.0000000,1.0000000,-0.0001031,0.0007237,-0.1415557,0.4429355,-0.3013798,-0.0007310,0.0001063,-0.0007415,-0.1423454,0.4429363,-0.3005910,0.0007491,0.0000000,0.0000000,0.0000000,1.2707963,-0.0000000,0.0000000,0.0000000,0.0000000,1.2707963,-0.0000000,1.0000000,1.0000000
0.0000000,0.0000000,0.9619723,0.0000000,0.0000000,0.0000000,1.0000000,-0.0001022,0.0007235,-0.1402717,0.4392064,-0.2989348,-0.0007307,0.0001053,-0.0007414,-0.1410611,0.4392073,-0.2981462,0.0007488,0.0000000,0.0000000,0.0000000,1.2707963,-0.0000000,0.0000000,0.0000000,0.0000000,1.2707963,-0.0000000,1.0000000,1.0000000
0.0000000,0.0000000,0.9623054,0.0000000,0.0000000,0.0000000,1.0000000,-0.0001012,0.0007234,-0.1389966,0.4355049,-0.2965083,-0.0007304,0.0001043,-0.0007412,-0.1397857,0.4355057,-0.2957200,0.0007485,0.0000000,0.0000000,0.0000000,1.2707963,-0.0000000,0.0000000,0.0000000,0.0000000,1.2707963,-0.0000000,1.0000000,1.0000000
0.0000000,0.0000000,0.9626328,0.0000000,0.0000000,0.0000000,1.0000000,-0.0001003,0.0007233,-0.1377321,0.4318352,-0.2941031,-0.0007302,0.0001033,-0.0007411,-0.1385209,0.4318360,-0.2933151,0.0007483,0.0000000,0.0000000,0.0000000,1.2707963,-0.0000000,0.0000000,0.0000000,0.0000000,1.2707963,-0.0000000,1.0000000,1.0000000
0.0000000,0.0000000,0.9629544,0.0000000,0.0000000,0.0000000,1.0000000,-0.0000993,0.0007231,-0.1364795,0.4282015,-0.2917220,-0.0007299,0.0001024,-0.0007410,-0.1372680,0.4282023,-0.2909343,0.0007480,0.0000000,0.0000000,0.0000000,1.2707963,-0.0000000,0.0000000,0.0000000,0.0000000,1.2707963,-0.0000000,1.0000000,1.0000000
0.0000000,0.0000000,0.9632697,0.0000000,0.0000000,0.0000000,1.0000000,-0.0000984,0.0007230,-0.1352405,0.4246082,-0.2893678,-0.0007297,0.0001014,-0.0007408,-0.1360287,0.4246089,-0.2885803,0.0007477,0.0000000,0.0000000,0.0000000,1.2707963,-0.0000000,0.0000000,0.0000000,0.0000000,1.2707963,-0.0000000,1.0000000,1.0000000
0.0000000,0.0000000,0.9635786,0.0000000,0.0000000,0.0000000,1.0000000,-0.0000975,0.0007229,-0.1340164,0.4210596,-0.2870433,-0.0007294,0.0001005,-0.0007407,-0.1348043,0.4210603,-0.2862560,0.0007475,0.0000000,0.0000000,0.0000000,1.2707963,-0.0000000,0.0000000,0.0000000,0.0000000,1.2707963,-0.0000000,1.0000000,1.0000000
0.0000000,0.0000000,0.9638807,0.0000000,0.0000000,0.0000000,1.0000000,-0.0000966,0.0007227,-0.1328088,0.4175600,-0.2847513,-0.0007292,0.0000995,-0.0007406,-0.1335964,0.4175607,-0.2839643,0.0007472,0.0000000,0.0000000,0.0000000,1.2707963,-0.0000000,0.0000000,0.0000000,0.0000000,1.2707963,-0.0000000,1.0000000,1.0000000
0.0000000,0.0000000,0.9641758,0.0000000,0.0000000,0.0000000,1.0000000,-0.0000957,0.0007226,-0.1316192,0.4141138,-0.2824947,-0.0007289,0.0000986,-0.0007404,-0.1324066,0.4141144,-0.2817079,0.0007470,0.0000000,0.0000000,0.0000000,1.2707963,-0.0000000,0.0000000,0.0000000,0.0000000,1.2707963,-0.0000000,1.0000000,1.0000000
0.0000000,0.0000000,0.9644636,0.0000000,0.0000000,0.0000000,1.0000000,-0.0000948,0.0007225,-0.1304491,0.4107252,-0.2802761,-0.0007287,0.0000977,-0.0007403,-0.1312362,0.4107258,-0.2794896,0.0007467,0.0000000,0.0000000,0.0000000,1.2707963,-0.0000000,0.0000000,0.0000000,0.0000000,1.2707963,-0.0000000,1.0000000,1.0000000
0.0000000,0.0000000,0.9647439,0.0000000,0.0000000,0.0000000,1.0000000,-0.0000939,0.0007224,-0.1293001,0.4073986,-0.2780985,-0.0007285,0.0000968,-0.0007402,-0.1300869,0.4073991,-0.2773122,0.0007465,0.0000000,0.0000000,0.0000000,1.2707963,-0.0000000,0.0000000,0.0000000,0.0000000,1.2707963,-0.0000000,1.0000000,1.0000000
0.0000000,0.0000000,0.9650165,0.0000000,0.0000000,0.0000000,1.0000000,-0.0000931,0.0007223,-0.1281735,0.4041381,-0.2759646,-0.0007282,0.0000960,-0.0007401,-0.1289602,0.4041386,-0.2751785,0.0007463,0.0000000,0.0000000,0.0000000,1.2707963,-0.0000000,0.0000000,0.0000000,0.0000000,1.2707963,-0.0000000,1.0000000,1.0000000
0.0000000,0.0000000,0.9652811,0.0000000,0.0000000,0.0000000,1.0000000,-0.0000923,0.0007221,-0.1270710,0.4009479,-0.2738769,-0.0007280,0.0000951,-0.0007400,-0.1278573,0.4009484,-0.2730911,0.0007460,0.0000000,0.0000000,0.0000000,1.2707963,-0.0000000,0.0000000,0.0000000,0.0000000,1.2707963,-0.0000000,1.0000000,1.0000000
0.0000000,0.0000000,0.9655375,0.0000000,0.0000000,0.0000000,1.0000000,-0.0000915,0.0007220,-0.1259938,0.3978321,-0.2718383,-0.0007278,0.0000943,-0.0007398,-0.1267800,0.3978326,-0.2710526,0.0007458,0.0000000,0.0000000,0.0000000,1.2707963,-0.0000000,0.0000000,0.0000000,0.0000000,1.2707963,-0.0000000,1.0000000,1.0000000
0.0000000,0.0000000,0.9657856,0.0000000,0.0000000,0.0000000,1.0000000,-0.0000907,0.0007219,-0.1249435,0.3947947,-0.2698513,-0.0007276,0.0000935,-0.0007397,-0.1257294,0.3947952,-0.2690658,0.0007456,0.0000000,0.0000000,0.0000000,1.2707963,-0.0000000,0.0000000,0.0000000,0.0000000,1.2707963,-0.0000000,1.0000000,1.0000000
0.0000000,0.0000000,0.9660252,0.0000000,0.0000000,0.0000000,1.0000000,-0.0000899,0.0007218,-0.1239213,0.3918396,-0.2679184,-0.0007274,0.0000927,-0.0007396,-0.1247070,0.3918400,-0.2671331,0.0007454,0.0000000,0.0000000,0.0000000,1.2707963,-0.0000000,0.0000000,0.0000000,0.0000000,1.2707963,-0.0000000,1.0000000,1.0000000
0.0000000,0.0000000,0.9662561,0.0000000,0.0000000,0.0000000,1.0000000,-0.0000892,0.0007217,-0.1229286,0.3889705,-0.2660419,-0.0007272,0.0000920,-0.0007395,-0.1237141,0.3889709,-0.2652568,0.0007452,0.0000000,0.0000000,0.0000000,1.2707963,-0.0000000,0.0000000,0.0000000,0.0000000,1.2707963,-0.0000000,1.0000000,1.0000000
0.0000000,0.0000000,0.9664782,0.0000000,0.0000000,0.0000000,1.0000000,-0.0000885,0.0007216,-0.1219667,0.3861910,-0.2642243,-0.0007270,0.0000912,-0.0007394,-0.1227519,0.3861913,-0.2634394,0.0007450,0.0000000,0.0000000,0.0000000,1.2707963,-0.0000000,0.0000000,0.0000000,0.0000000,1.2707963,-0.0000000,1.0000000,1.0000000
0.0000000,0.0000000,0.9666914,0.0000000,0.0000000,0.0000000,1.0000000,-0.0000878,0.0007215,-0.1210367,0.3835045,-0.2624678,-0.0007269,0.0000905,-0.0007393,-0.1218218,0.3835048,-0.2616831,0.0007449,0.0000000,0.0000000,0.0000000,1.2707963,-0.0000000,0.0000000,0.0000000,0.0000000,1.2707963,-0.0000000,1.0000000,1.0000000
0.0000000,0.0000000,0.9668955,0.0000000,0.0000000,0.0000000,1.0000000,-0.0000871,0.0007215,-0.1201398,0.3809142,-0.2607744,-0.0007267,0.0000898,-0.0007393,-0.1209247,0.3809145,-0.2599898,0.0007447,0.0000000,0.0000000,0.0000000,1.2707963,-0.0000000,0.0000000,0.0000000,0.0000000,1.2707963,-0.0000000,1.0000000,1.0000000
0.0000000,0.0000000,0.9670906,0.0000000,0.0000000,0.0000000,1.0000000,-0.0000865,0.0007214,-0.1192771,0.3784231,-0.2591460,-0.0007265,0.0000892,-0.0007392,-0.1200618,0.3784234,-0.2583616,0.0007445,0.0000000,0.0000000,0.0000000,1.2707963,-0.0000000,0.0000000,0.0000000,0.0000000,1.2707963,-0.0000000,1.0000000,1.0000000
0.0000000,0.0000000,0.9672765,0.0000000,0.0000000,0.0000000,1.0000000,-0.0000858,0.0007213,-0.1184496,0.3760339,-0.2575844,-0.0007264,0.0000885,-0.0007391,-0.1192341,0.3760342,-0.2568001,0.0007444,0.0000000,0.0000000,0.0000000,1.2707963,-0.0000000,0.0000000,0.0000000,0.0000000,1.2707963,-0.0000000,1.0000000,1.0000000
0.0000000,0.0000000,0.9674531,0.0000000,0.0000000,0.0000000,1.0000000,-0.0000853,0.0007212,-0.1176580,0.3737492,-0.2560913,-0.0007262,0.0000879,-0.0007390,-0.1184424,0.3737495,-0.2553071,0.0007442,0.0000000,0.0000000,0.0000000,1.2707963,-0.0000000,0.0000000,0.0000000,0.0000000,1.2707963,-0.0000000,1.0000000,1.0000000
0.0000000,0.0000000,0.9676206,0.0000000,0.0000000,0.0000000,1.0000000,-0.0000847,0.0007212,-0.1169032,0.3715711,-0.2546679,-0.0007261,0.0000874,-0.0007389,-0.1176875,0.3715713,-0.2538839,0.0007441,0.0000000,0.0000000,0.0000000,1.2707963,-0.0000000,0.0000000,0.0000000,0.0000000,1.2707963,-0.0000000,1.0000000,1.0000000
0.0000000,0.0000000,0.9677788,0.0000000,0.0000000,0.0000000,1.0000000,-0.0000842,0.0007211,-0.1161859,0.3695015,-0.2533156,-0.0007260,0.0000868,-0.0007389,-0.1169700,0.3695017,-0.2525317,0.0007440,0.0000000,0.0000000,0.0000000,1.2707963,-0.0000000,0.0000000,0.0000000,0.0000000,1.2707963,-0.0000000,1.0000000,1.0000000
0.0000000,0.0000000,0.9679278,0.0000000,0.0000000,0.0000000,1.0000000,-0.0000837,0.0007210,-0.1155066,0.3675419,-0.2520353,-0.0007259,0.0000863,-0.0007388,-0.1162906,0.3675421,-0.2512515,0.0007438,0.0000000,0.0000000,0.0000000,1.2707963,-0.0000000,0.0000000,0.0000000,0.0000000,1.2707963,-0.0000000,1.0000000,1.0000000
0.0000000,0.0000000,0.9680676,0.0000000,0.0000000,0.0000000,1.0000000,-0.0000832,0.0007210,-0.1148658,0.3656936,-0.2508278,-0.0007258,0.0000858,-0.0007388,-0.1156496,0.3656937,-0.2500441,0.0007437,0.0000000,0.0000000,0.0000000,1.2707963,-0.0000000,0.0000000,0.0000000,0.0000000,1.2707963,-0.0000000,1.0000000,1.0000000
0.0000000,0.0000000,0.9681983,0.0000000,0.0000000,0.0000000,1.0000000,-0.0000827,0.0007209,-0.1142637,0.3639572,-0.2496935,-0.0007256,0.0000854,-0.0007387,-0.1150474,0.3639574,-0.2489100,0.0007436,0.0000000,0.0000000,0.0000000,1.2707963,-0.0000000,0.0000000,0.0000000,0.0000000,1.2707963,-0.0000000,1.0000000,1.0000000
0.0000000,0.0000000,0.9683200,0.0000000,0.0000000,0.0000000,1.0000000,-0.0000823,0.0007209,-0.1137006,0.3623333,-0.2486328,-0.0007255,0.0000849,-0.0007386,-0.1144841,0.3623334,-0.2478493,0.0007435,0.0000000,0.0000000,0.0000000,1.2707963,-0.0000000,0.0000000,0.0000000,0.0000000,1.2707963,-0.0000000,1.0000000,1.0000000
0.0000000,0.0000000,0.9684328,0.0000000,0.0000000,0.0000000,1.0000000,-0.0000819,0.0007208,-0.1131763,0.3608218,-0.2476455,-0.0007255,0.0000845,-0.0007386,-0.1139598,0.3608219,-0.2468622,0.0007434,0.0000000,0.0000000,0.0000000,1.2707963,-0.0000000,0.0000000,0.0000000,0.0000000,1.2707963,-0.0000000,1.0000000,1.0000000
0.0000000,0.0000000,0.9685368,0.0000000,0.0000000,0.0000000,1.0000000,-0.0000816,0.0007208,-0.1126909,0.3594223,-0.2467315,-0.0007254,0.0000842,-0.0007386,-0.1134742,0.3594224,-0.2459482,0.0007433,0.0000000,0.0000000,0.0000000,1.2707963,-0.0000000,0.0000000,0.0000000,0.0000000,1.2707963,-0.0000000,1.0000000,1.0000000
0.0000000,0.0000000,0.9686323,0.0000000,0.0000000,0.0000000,1.0000000,-0.0000812,0.0007207,-0.1122439,0.3581340,-0.2458901,-0.0007253,0.0000838,-0.0007385,-0.1130272,0.3581340,-0.2451069,0.0007433,0.0000000,0.0000000,0.0000000,1.2707963,-0.0000000,0.0000000,0.0000000,0.0000000,1.2707963,-0.0000000,1.0000000,1.0000000
0.0000000,0.0000000,0.9687192,0.0000000,0.0000000,0.0000000,1.0000000,-0.0000809,0.0007207,-0.1118349,0.3569553,-0.2451204,-0.0007252,0.0000835,-0.0007385,-0.1126182,0.3569554,-0.2443373,0.0007432,0.0000000,0.0000000,0.0000000,1.2707963,-0.0000000,0.0000000,0.0000000,0.0000000,1.2707963,-0.0000000,1.0000000,1.0000000
0.0000000,0.0000000,0.9687980,0.0000000,0.0000000,0.0000000,1.0000000,-0.0000807,0.0007207,-0.1114634,0.3558846,-0.2444212,-0.0007252,0.0000832,-0.0007384,-0.1122465,0.3558847,-0.2436381,0.0007431,0.0000000,0.0000000,0.0000000,1.2707963,-0.0000000,0.0000000,0.0000000,0.0000000,1.2707963,-0.0000000,1.0000000,1.0000000
0.0000000,0.0000000,0.9688688,0.0000000,0.0000000,0.0000000,1.0000000,-0.0000804,0.0007206,-0.1111285,0.3549195,-0.2437910,-0.0007251,0.0000830,-0.0007384,-0.1119116,0.3549195,-0.2430080,0.0007431,0.0000000,0.0000000,0.0000000,1.2707963,-0.0000000,0.0000000,0.0000000,0.0000000,1.2707963,-0.0000000,1.0000000,1.0000000
0.0000000,0.0000000,0.9689319,0.0000000,0.0000000,0.0000000,1.0000000,-0.0000802,0.0007206,-0.1108292,0.3540572,-0.2432280,-0.0007251,0.0000828,-0.0007384,-0.1116122,0.3540572,-0.2424450,0.0007430,0.0000000,0.0000000,0.0000000,1.2707963,-0.0000000,0.0000000,0.0000000,0.0000000,1.2707963,-0.0000000,1.0000000,1.0000000
0.0000000,0.0000000,0.9689876,0.0000000,0.0000000,0.0000000,1.0000000,-0.0000800,0.0007206,-0.1105645,0.3532943,-0.2427299,-0.0007250,0.0000826,-0.0007384,-0.1113474,0.3532944,-0.2419470,0.0007430,0.0000000,0.0000000,0.0000000,1.2707963,-0.0000000,0.0000000,0.0000000,0.0000000,1.2707963,-0.0000000,1.0000000,1.0000000
0.0000000,0.0000000,0.9690362,0.0000000,0.0000000,0.0000000,1.0000000,-0.0000798,0.0007206,-0.1103329,0.3526272,-0.2422943,-0.0007250,0.0000824,-0.0007383,-0.1111158,0.3526272,-0.2415114,0.0007429,0.0000000,0.0000000,0.0000000,1.2707963,-0.0000000,0.0000000,0.0000000,0.0000000,1.2707963,-0.0000000,1.0000000,1.0000000
0.0000000,0.0000000,0.9690781,0.0000000,0.0000000,0.0000000,1.0000000,-0.0000797,0.0007205,-0.1101330,0.3520514,-0.2419184,-0.0007249,0.0000822,-0.0007383,-0.1109159,0.3520514,-0.2411355,0.0007429,0.0000000,0.0000000,0.0000000,1.2707963,-0.0000000,0.0000000,0.0000000,0.0000000,1.2707963,-0.0000000,1.0000000,1.0000000
0.0000000,0.0000000,0.9691137,0.0000000,0.0000000,0.0000000,1.0000000,-0.0000796,0.0007205,-0.1099632,0.3515621,-0.2415989,-0.0007249,0.0000821,-0.0007383,-0.1107460,0.3515621,-0.2408161,0.0007429,0.0000000,0.0000000,0.0000000,1.2707963,-0.0000000,0.0000000,0.0000000,0.0000000,1.2707963,-0.0000000,1.0000000,1.0000000
0.0000000,0.0000000,0.9691433,0.0000000,0.0000000,0.0000000,1.0000000,-0.0000794,0.0007205,-0.1098215,0.3511539,-0.2413324,-0.0007249,0.0000820,-0.0007383,-0.1106043,0.3511539,-0.2405496,0.0007428,0.0000000,0.0000000,0.0000000,1.2707963,-0.0000000,0.0000000,0.0000000,0.0000000,1.2707963,-0.0000000,1.0000000,1.0000000
0.0000000,0.0000000,0.9691674,0.0000000,0.0000000,0.0000000,1.0000000,-0.0000794,0.0007205,-0.1097060,0.3508211,-0.2411151,-0.0007249,0.0000819,-0.0007383,-0.1104888,0.3508211,-0.2403324,0.0007428,0.0000000,0.0000000,0.0000000,1.2707963,-0.0000000,0.0000000,0.0000000,0.0000000,1.2707963,-0.0000000,1.0000000,1.0000000
0.0000000,0.0000000,0.9691865,0.0000000,0.0000000,0.0000000,1.0000000,-0.0000793,0.0007205,-0.1096144,0.3505572,-0.2409429,-0.0007248,0.0000818,-0.0007383,-0.1103972,0.3505572,-0.2401601,0.0007428,0.0000000,0.0000000,0.0000000,1.2707963,-0.0000000,0.0000000,0.0000000,0.0000000,1.2707963,-0.0000000,1.0000000,1.0000000
0.0000000,0.0000000,0.9692011,0.0000000,0.0000000,0.0000000,1.0000000,-0.0000792,0.0007205,-0.1095443,0.3503554,-0.2408111,-0.0007248,0.0000818,-0.0007383,-0.1103271,0.3503554,-0.2400284,0.0007428,0.0000000,0.0000000,0.0000000,1.2707963,-0.0000000,0.0000000,0.0000000,0.0000000,1.2707963,-0.0000000,1.0000000,1.0000000
0.0000000,0.0000000,0.9692117,0.0000000,0.0000000,0.0000000,1.0000000,-0.0000792,0.0007205,-0.1094932,0.3502083,-0.2407151,-0.0007248,0.0000817,-0.0007383,-0.1102760,0.3502083,-0.2399323,0.0007428,0.0000000,0.0000000,0.0000000,1.2707963,-0.0000000,0.0000000,0.0000000,0.0000000,1.2707963,-0.0000000,1.0000000,1.0000000
0.0000000,0.0000000,0.9692190,0.0000000,0.0000000,0.0000000,1.0000000,-0.0000792,0.0007205,-0.1094584,0.3501080,-0.2406496,-0.0007248,0.0000817,-0.0007383,-0.1102412,0.3501080,-0.2398668,0.0007428,0.0000000,0.0000000,0.0000000,1.2707963,-0.0000000,0.0000000,0.0000000,0.0000000,1.2707963,-0.0000000,1.0000000,1.0000000
0.0000000,0.0000000,0.9692235,0.0000000,0.0000000,0.0000000,1.0000000,-0.0000792,0.0007205,-0.1094369,0.3500461,-0.2406092,-0.0007248,0.0000817,-0.0007383,-0.1102197,0.3500461,-0.2398265,0.0007428,0.0000000,0.0000000,0.0000000,1.2707963,-0.0000000,0.0000000,0.0000000,0.0000000,1.2707963,-0.0000000,1.0000000,1.0000000
0.0000000,0.0000000,0.9692258,0.0000000,0.0000000,0.0000000,1.0000000,-0.0000792,0.0007205,-0.1094257,0.3500138,-0.2405881,-0.0007248,0.0000817,-0.0007383,-0.1102085,0.3500138,-0.2398054,0.0007428,0.0000000,0.0000000,0.0000000,1.2707963,-0.0000000,0.0000000,0.0000000,0.0000000,1.2707963,-0.0000000,1.0000000,1.0000000
0.0000000,0.0000000,0.9692267,0.0000000,0.0000000,0.0000000,1.0000000,-0.0000792,0.0007205,-0.1094215,0.3500018,-0.2405802,-0.0007248,0.0000817,-0.0007383,-0.1102043,0.3500018,-0.2397975,0.0007428,0.0000000,0.0000000,0.0000000,1.2707963,-0.0000000,0.0000000,0.0000000,0.0000000,1.2707963,-0.0000000,1.0000000,1.0000000
0.0000000,0.0000000,0.9692268,0.0000000,0.0000000,0.0000000,1.0000000,-0.0000792,0.0007205,-0.1094209,0.3500000,-0.2405791,-0.0007248,0.0000817,-0.0007383,-0.1102037,0.3500000,-0.2397964,0.0007428,0.0000000,0.0000000,0.0000000,1.2707963,-0.0000000,0.0000000,0.0000000,0.0000000,1.2707963,-0.0000000,1.0000000,1.0000000
0.0000000,0.0000000,0.9692268,0.0000000,0.0000000,0.0000000,1.0000000,-0.0000792,0.0007205,-0.1094209,0.3500000,-0.2405791,-0.0007248,0.0000817,-0.0007383,-0.1102037,0.3500000,-0.2397964,0.0007428,0.0000000,0.0000000,0.0000000,1.2707963,-0.0000000,0.0000000,0.0000000,0.0000000,1.2707963,-0.0000000,1.0000000,1.0000000
0.0000000,0.0000000,0.9692268,0.0000000,0.0000000,0.0000000,1.0000000,-0.0000792,0.0007205,-0.1094209,0.3500000,-0.2405791,-0.0007248,0.0000817,-0.0007383,-0.1102037,0.3500000,-0.2397964,0.0007428,0.0000000,0.0000000,0.0000000,1.2707963,-0.0000000,0.0000000,0.0000000,0.0000000,1.2707963,-0.0000000,1.0000000,1.0000000
0.0000000,0.0000000,0.9692268,0.0000000,0.0000000,0.0000000,1.0000000,-0.0000792,0.0007205,-0.1094209,0.3500000,-0.2405791,-0.0007248,0.0000817,-0.0007383,-0.1102037,0.3500000,-0.2397964,0.0007428,0.0000000,0.0000000,0.0000000,1.2707963,-0.0000000,0.0000000,0.0000000,0.0000000,1.2707963,-0.0000000,1.0000000,1.0000000
0.0000000,0.0000000,0.9692268,0.0000000,0.0000000,0.0000000,1.0000000,-0.0000792,0.0007205,-0.1094209,0.3500000,-0.2405791,-0.0007248,0.0000817,-0.0007383,-0.1102037,0.3500000,-0.2397964,0.0007428,0.0000000,0.0000000,0.0000000,1.2707963,-0.0000000,0.0000000,0.0000000,0.0000000,1.2707963,-0.0000000,1.0000000,1.0000000
0.0000000,0.0000000,0.9692268,0.0000000,0.0000000,0.0000000,1.0000000,-0.0000792,0.0007205,-0.1094209,0.3500000,-0.2405791,-0.0007248,0.0000817,-0.0007383,-0.1102037,0.3500000,-0.2397964,0.0007428,0.0000000,0.0000000,0.0000000,1.2707963,-0.0000000,0.0000000,0.0000000,0.0000000,1.2707963,-0.0000000,1.0000000,1.0000000
0.0000000,0.0000000,0.9692268,0.0000000,0.0000000,0.0000000,1.0000000,-0.0000792,0.0007205,-0.1094209,0.3500000,-0.2405791,-0.0007248,0.0000817,-0.0007383,-0.1102037,0.3500000,-0.2397964,0.0007428,0.0000000,0.0000000,0.0000000,1.2707963,-0.0000000,0.0000000,0.0000000,0.0000000,1.2707963,-0.0000000,1.0000000,1.0000000
0.0000000,0.0000000,0.9692268,0.0000000,0.0000000,0.0000000,1.0000000,-0.0000792,0.0007205,-0.1094209,0.3500000,-0.2405791,-0.0007248,0.0000817,-0.0007383,-0.1102037,0.3500000,-0.2397964,0.0007428,0.0000000,0.0000000,0.0000000,1.2707963,-0.0000000,0.0000000,0.0000000,0.0000000,1.2707963,-0.0000000,1.0000000,1.0000000
0.0000000,0.0000000,0.9692268,0.0000000,0.0000000,0.0000000,1.0000000,-0.0000792,0.0007205,-0.1094209,0.3500000,-0.2405791,-0.0007248,0.0000817,-0.0007383,-0.1102037,0.3500000,-0.2397964,0.0007428,0.0000000,0.0000000,0.0000000,1.2707963,-0.0000000,0.0000000,0.0000000,0.0000000,1.2707963,-0.0000000,1.0000000,1.0000000
0.0000000,0.0000000,0.9692268,0.0000000,0.0000000,0.0000000,1.0000000,-0.0000792,0.0007205,-0.1094209,0.3500000,-0.2405791,-0.0007248,0.0000817,-0.0007383,-0.1102037,0.3500000,-0.2397964,0.0007428,0.0000000,0.0000000,0.0000000,1.2707963,-0.0000000,0.0000000,0.0000000,0.0000000,1.2707963,-0.0000000,1.0000000,1.0000000
0.0000000,0.0000000,0.9692268,0.0000000,0.0000000,0.0000000,1.0000000,-0.0000792,0.0007205,-0.1094209,0.3500000,-0.2405791,-0.0007248,0.0000817,-0.0007383,-0.1102037,0.3500000,-0.2397964,0.0007428,0.0000000,0.0000000,0.0000000,1.2707963,-0.0000000,0.0000000,0.0000000,0.0000000,1.2707963,-0.0000000,1.0000000,1.0000000
0.0000000,0.0000000,0.9692268,0.0000000,0.0000000,0.0000000,1.0000000,-0.0000792,0.0007205,-0.1094209,0.3500000,-0.2405791,-0.0007248,0.0000817,-0.0007383,-0.1102037,0.3500000,-0.2397964,0.0007428,0.0000000,0.0000000,0.0000000,1.2707963,-0.0000000,0.0000000,0.0000000,0.0000000,1.2707963,-0.0000000,1.0000000,1.0000000
0.0000000,0.0000000,0.9692268,0.0000000,0.0000000,0.0000000,1.0000000,-0.0000792,0.0007205,-0.1094209,0.3500000,-0.2405791,-0.0007248,0.0000817,-0.0007383,-0.1102037,0.3500000,-0.2397964,0.0007428,0.0000000,0.0000000,0.0000000,1.2707963,-0.0000000,0.0000000,0.0000000,0.0000000,1.2707963,-0.0000000,1.0000000,1.0000000
0.0000000,0.0000000,0.9692268,0.0000000,0.0000000,0.0000000,1.0000000,-0.0000792,0.0007205,-0.1094209,0.3500000,-0.2405791,-0.0007248,0.0000817,-0.0007383,-0.1102037,0.3500000,-0.2397964,0.0007428,0.0000000,0.0000000,0.0000000,1.2707963,-0.0000000,0.0000000,0.0000000,0.0000000,1.2707963,-0.0000000,1.0000000,1.0000000
0.0000000,0.0000000,0.9692268,0.0000000,0.0000000,0.0000000,1.0000000,-0.0000792,0.0007205,-0.1094209,0.3500000,-0.2405791,-0.0007248,0.0000817,-0.0007383,-0.1102037,0.3500000,-0.2397964,0.0007428,0.0000000,0.0000000,0.0000000,1.2707963,-0.0000000,0.0000000,0.0000000,0.0000000,1.2707963,-0.0000000,1.0000000,1.0000000
0.0000000,0.0000000,0.9692268,0.0000000,0.0000000,0.0000000,1.0000000,-0.0000792,0.0007205,-0.1094209,0.3500000,-0.2405791,-0.0007248,0.0000817,-0.0007383,-0.1102037,0.3500000,-0.2397964,0.0007428,0.0000000,0.0000000,0.0000000,1.2707963,-0.0000000,0.0000000,0.0000000,0.0000000,1.2707963,-0.0000000,1.0000000,1.0000000
0.0000000,0.0000000,0.9692268,0.0000000,0.0000000,0.0000000,1.0000000,-0.0000792,0.0007205,-0.1094209,0.3500000,-0.2405791,-0.0007248,0.0000817,-0.0007383,-0.1102037,0.3500000,-0.2397964,0.0007428,0.0000000,0.0000000,0.0000000,1.2707963,-0.0000000,0.0000000,0.0000000,0.0000000,1.2707963,-0.0000000,1.0000000,1.0000000
0.0000000,0.0000000,0.9692268,0.0000000,0.0000000,0.0000000,1.0000000,-0.0000792,0.0007205,-0.1094209,0.3500000,-0.2405791,-0.0007248,0.0000817,-0.0007383,-0.1102037,0.3500000,-0.2397964,0.0007428,0.0000000,0.0000000,0.0000000,1.2707963,-0.0000000,0.0000000,0.0000000,0.0000000,1.2707963,-0.0000000,1.0000000,1.0000000
0.0000000,0.0000000,0.9692268,0.0000000,0.0000000,0.0000000,1.0000000,-0.0000792,0.0007205,-0.1094209,0.3500000,-0.2405791,-0.0007248,0.0000817,-0.0007383,-0.1102037,0.3500000,-0.2397964,0.0007428,0.0000000,0.0000000,0.0000000,1.2707963,-0.0000000,0.0000000,0.0000000,0.0000000,1.2707963,-0.0000000,1.0000000,1.0000000
0.0000000,0.0000000,0.9692268,0.0000000,0.0000000,0.0000000,1.0000000,-0.0000792,0.0007205,-0.1094209,0.3500000,-0.2405791,-0.0007248,0.0000817,-0.0007383,-0.1102037,0.3500000,-0.2397964,0.0007428,0.0000000,0.0000000,0.0000000,1.2707963,-0.0000000,0.0000000,0.0000000,0.0000000,1.2707963,-0.0000000,1.0000000,1.0000000
0.0000000,0.0000000,0.9692268,0.0000000,0.0000000,0.0000000,1.0000000,-0.0000792,0.0007205,-0.1094209,0.3500000,-0.2405791,-0.0007248,0.0000817,-0.0007383,-0.1102037,0.3500000,-0.2397964,0.0007428,0.0000000,0.0000000,0.0000000,1.2707963,-0.0000000,0.0000000,0.0000000,0.0000000,1.2707963,-0.0000000,1.0000000,1.0000000
0.0000000,0.0000000,0.9692268,0.0000000,0.0000000,0.0000000,1.0000000,-0.0000792,0.0007205,-0.1094209,0.3500000,-0.2405791,-0.0007248,0.0000817,-0.0007383,-0.1102037,0.3500000,-0.2397964,0.0007428,0.0000000,0.0000000,0.0000000,1.2707963,-0.0000000,0.0000000,0.0000000,0.0000000,1.2707963,-0.0000000,1.0000000,1.0000000
0.0000000,0.0000000,0.9692268,0.0000000,0.0000000,0.0000000,1.0000000,-0.0000792,0.0007205,-0.1094209,0.3500000,-0.2405791,-0.0007248,0.0000817,-0.0007383,-0.1102037,0.3500000,-0.2397964,0.0007428,0.0000000,0.0000000,0.0000000,1.2707963,-0.0000000,0.0000000,0.0000000,0.0000000,1.2707963,-0.0000000,1.0000000,1.0000000
0.0000000,0.0000000,0.9692268,0.0000000,0.0000000,0.0000000,1.0000000,-0.0000792,0.0007205,-0.1094209,0.3500000,-0.2405791,-0.0007248,0.0000817,-0.0007383,-0.1102037,0.3500000,-0.2397964,0.0007428,0.0000000,0.0000000,0.0000000,1.2707963,-0.0000000,0.0000000,0.0000000,0.0000000,1.2707963,-0.0000000,1.0000000,1.0000000
0.0000000,0.0000000,0.9692268,0.0000000,0.0000000,0.0000000,1.0000000,-0.0000792,0.0007205,-0.1094209,0.3500000,-0.2405791,-0.0007248,0.0000817,-0.0007383,-0.1102037,0.3500000,-0.2397964,0.0007428,0.0000000,0.0000000,0.0000000,1.2707963,-0.0000000,0.0000000,0.0000000,0.0000000,1.2707963,-0.0000000,1.0000000,1.0000000
0.0000000,0.0000000,0.9692268,0.0000000,0.0000000,0.0000000,1.0000000,-0.0000792,0.0007205,-0.1094209,0.3500000,-0.2405791,-0.0007248,0.0000817,-0.0007383,-0.1102037,0.3500000,-0.2397964,0.0007428,0.0000000,0.0000000,0.0000000,1.2707963,-0.0000000,0.0000000,0.0000000,0.0000000,1.2707963,-0.0000000,1.0000000,1.0000000
0.0000000,0.0000000,0.9692268,0.0000000,0.0000000,0.0000000,1.0000000,-0.0000792,0.0007205,-0.1094209,0.3500000,-0.2405791,-0.0007248,0.0000817,-0.0007383,-0.1102037,0.3500000,-0.2397964,0.0007428,0.0000000,0.0000000,0.0000000,1.2707963,-0.0000000,0.0000000,0.0000000,0.0000000,1.2707963,-0.0000000,1.0000000,1.0000000
0.0000000,0.0000000,0.9692268,0.0000000,0.0000000,0.0000000,1.0000000,-0.0000792,0.0007205,-0.1094209,0.3500000,-0.2405791,-0.0007248,0.0000817,-0.0007383,-0.1102037,0.3500000,-0.2397964,0.0007428,0.0000000,0.0000000,0.0000000,1.2707963,-0.0000000,0.0000000,0.0000000,0.0000000,1.2707963,-0.0000000,1.0000000,1.0000000
0.0000000,0.0000000,0.9692268,0.0000000,0.0000000,0.0000000,1.0000000,-0.0000792,0.0007205,-0.1094209,0.3500000,-0.2405791,-0.0007248,0.0000817,-0.0007383,-0.1102037,0.3500000,-0.2397964,0.0007428,0.0000000,0.0000000,0.0000000,1.2707963,-0.0000000,0.0000000,0.0000000,0.0000000,1.2707963,-0.0000000,1.0000000,1.0000000
0.0000000,0.0000000,0.9692268,0.0000000,0.0000000,0.0000000,1.0000000,-0.0000792,0.0007205,-0.1094209,0.3500000,-0.2405791,-0.0007248,0.0000817,-0.0007383,-0.1102037,0.3500000,-0.2397964,0.0007428,0.0000000,0.0000000,0.0000000,1.2707963,-0.0000000,0.0000000,0.0000000,0.0000000,1.2707963,-0.0000000,1.0000000,1.0000000
0.0000000,0.0000000,0.9692268,0.0000000,0.0000000,0.0000000,1.0000000,-0.0000792,0.0007205,-0.1094209,0.3500000,-0.2405791,-0.0007248,0.0000817,-0.0007383,-0.1102037,0.3500000,-0.2397964,0.0007428,0.0000000,0.0000000,0.0000000,1.2707963,-0.0000000,0.0000000,0.0000000,0.0000000,1.2707963,-0.0000000,1.0000000,1.0000000
0.0000000,0.0000000,0.9692268,0.0000000,0.0000000,0.0000000,1.0000000,-0.0000792,0.0007205,-0.1094209,0.3500000,-0.2405791,-0.0007248,0.0000817,-0.0007383,-0.1102037,0.3500000,-0.2397964,0.0007428,0.0000000,0.0000000,0.0000000,1.2707963,-0.0000000,0.0000000,0.0000000,0.0000000,1.2707963,-0.0000000,1.0000000,1.0000000
0.0000000,0.0000000,0.9692268,0.0000000,0.0000000,0.0000000,1.0000000,-0.0000792,0.0007205,-0.1094209,0.3500000,-0.2405791,-0.0007248,0.0000817,-0.0007383,-0.1102037,0.3500000,-0.2397964,0.0007428,0.0000000,0.0000000,0.0000000,1.2707963,-0.0000000,0.0000000,0.0000000,0.0000000,1.2707963,-0.0000000,1.0000000,1.0000000
0.0000000,0.0000000,0.9692268,0.0000000,0.0000000,0.0000000,1.0000000,-0.0000792,0.0007205,-0.1094209,0.3500000,-0.2405791,-0.0007248,0.0000817,-0.0007383,-0.1102037,0.3500000,-0.2397964,0.0007428,0.0000000,0.0000000,0.0000000,1.2707963,-0.0000000,0.0000000,0.0000000,0.0000000,1.2707963,-0.0000000,1.0000000,1.0000000
0.0000000,0.0000000,0.9692268,0.0000000,0.0000000,0.0000000,1.0000000,-0.0000792,0.0007205,-0.1094209,0.3500000,-0.2405791,-0.0007248,0.0000817,-0.0007383,-0.1102037,0.3500000,-0.2397964,0.0007428,0.0000000,0.0000000,0.0000000,1.2707963,-0.0000000,0.0000000,0.0000000,0.0000000,1.2707963,-0.0000000,1.0000000,1.0000000
0.0000000,0.0000000,0.9692268,0.0000000,0.0000000,0.0000000,1.0000000,-0.0000792,0.0007205,-0.1094209,0.3500000,-0.2405791,-0.0007248,0.0000817,-0.0007383,-0.1102037,0.3500000,-0.2397964,0.0007428,0.0000000,0.0000000,0.0000000,1.2707963,-0.0000000,0.0000000,0.0000000,0.0000000,1.2707963,-0.0000000,1.0000000,1.0000000
0.0000000,0.0000000,0.9692268,0.0000000,0.0000000,0.0000000,1.0000000,-0.0000792,0.0007205,-0.1094209,0.3500000,-0.2405791,-0.0007248,0.0000817,-0.0007383,-0.1102037,0.3500000,-0.2397964,0.0007428,0.0000000,0.0000000,0.0000000,1.2707963,-0.0000000,0.0000000,0.0000000,0.0000000,1.2707963,-0.0000000,1.0000000,1.0000000
0.0000000,0.0000000,0.9692268,0.0000000,0.0000000,0.0000000,1.0000000,-0.0000792,0.0007205,-0.1094209,0.3500000,-0.2405791,-0.0007248,0.0000817,-0.0007383,-0.1102037,0.3500000,-0.2397964,0.0007428,0.0000000,0.0000000,0.0000000,1.2707963,-0.0000000,0.0000000,0.0000000,0.0000000,1.2707963,-0.0000000,1.0000000,1.0000000
0.0000000,0.0000000,0.9692268,0.0000000,0.0000000,0.0000000,1.0000000,-0.0000792,0.0007205,-0.1094209,0.3500000,-0.2405791,-0.0007248,0.0000817,-0.0007383,-0.1102037,0.3500000,-0.2397964,0.0007428,0.0000000,0.0000000,0.0000000,1.2707963,-0.0000000,0.0000000,0.0000000,0.0000000,1.2707963,-0.0000000,1.0000000,1.0000000
0.0000000,0.0000000,0.9692268,0.0000000,0.0000000,0.0000000,1.0000000,-0.0000792,0.0007205,-0.1094209,0.3500000,-0.2405791,-0.0007248,0.0000817,-0.0007383,-0.1102037,0.3500000,-0.2397964,0.0007428,0.0000000,0.0000000,0.0000000,1.2707963,-0.0000000,0.0000000,0.0000000,0.0000000,1.2707963,-0.0000000,1.0000000,1.0000000
0.0000000,0.0000000,0.9692268,0.0000000,0.0000000,0.0000000,1.0000000,-0.0000792,0.0007205,-0.1094209,0.3500000,-0.2405791,-0.0007248,0.0000817,-0.0007383,-0.1102037,0.3500000,-0.2397964,0.0007428,0.0000000,0.0000000,0.0000000,1.2707963,-0.0000000,0.0000000,0.0000000,0.0000000,1.2707963,-0.0000000,1.0000000,1.0000000
0.0000000,0.0000000,0.9692268,0.0000000,0.0000000,0.0000000,1.0000000,-0.0000792,0.0007205,-0.1094209,0.3500000,-0.2405791,-0.0007248,0.0000817,-0.0007383,-0.1102037,0.3500000,-0.2397964,0.0007428,0.0000000,0.0000000,0.0000000,1.2707963,-0.0000000,0.0000000,0.0000000,0.0000000,1.2707963,-0.0000000,1.0000000,1.0000000
0.0000000,0.0000000,0.9692268,0.0000000,0.0000000,0.0000000,1.0000000,-0.0000792,0.0007205,-0.1094209,0.3500000,-0.2405791,-0.0007248,0.0000817,-0.0007383,-0.1102037,0.3500000,-0.2397964,0.0007428,0.0000000,0.0000000,0.0000000,1.2707963,-0.0000000,0.0000000,0.0000000,0.0000000,1.2707963,-0.0000000,1.0000000,1.0000000
0.0000000,0.0000000,0.9692268,0.0000000,0.0000000,0.0000000,1.0000000,-0.0000792,0.0007205,-0.1094209,0.3500000,-0.2405791,-0.0007248,0.0000817,-0.0007383,-0.1102037,0.3500000,-0.2397964,0.0007428,0.0000000,0.0000000,0.0000000,1.2707963,-0.0000000,0.0000000,0.0000000,0.0000000,1.2707963,-0.0000000,1.0000000,1.0000000
0.0000000,0.0000000,0.9692268,0.0000000,0.0000000,0.0000000,1.0000000,-0.0000792,0.0007205,-0.1094209,0.3500000,-0.2405791,-0.0007248,0.0000817,-0.0007383,-0.1102037,0.3500000,-0.2397964,0.0007428,0.0000000,0.0000000,0.0000000,1.2707963,-0.0000000,0.0000000,0.0000000,0.0000000,1.2707963,-0.0000000,1.0000000,1.0000000
0.0000000,0.0000000,0.9692268,0.0000000,0.0000000,0.0000000,1.0000000,-0.0000792,0.0007205,-0.1094209,0.3500000,-0.2405791,-0.0007248,0.0000817,-0.0007383,-0.1102037,0.3500000,-0.2397964,0.0007428,0.0000000,0.0000000,0.0000000,1.2707963,-0.0000000,0.0000000,0.0000000,0.0000000,1.2707963,-0.0000000,1.0000000,1.0000000
0.0000000,0.0000000,0.9692268,0.0000000,0.0000000,0.0000000,1.0000000,-0.0000792,0.0007205,-0.1094209,0.3500000,-0.2405791,-0.0007248,0.0000817,-0.0007383,-0.1102037,0.3500000,-0.2397964,0.0007428,0.0000000,0.0000000,0.0000000,1.2707963,-0.0000000,0.0000000,0.0000000,0.0000000,1.2707963,-0.0000000,1.0000000,1.0000000
0.0000000,0.0000000,0.9692268,0.0000000,0.0000000,0.0000000,1.0000000,-0.0000792,0.0007205,-0.1094209,0.3500000,-0.2405791,-0.0007248,0.0000817,-0.0007383,-0.1102037,0.3500000,-0.2397964,0.0007428,0.0000000,0.0000000,0.0000000,1.2707963,-0.0000000,0.0000000,0.0000000,0.0000000,1.2707963,-0.0000000,1.0000000,1.0000000
0.0000000,0.0000000,0.9692268,0.0000000,0.0000000,0.0000000,1.0000000,-0.0000792,0.0007205,-0.1094209,0.3500000,-0.2405791,-0.0007248,0.0000817,-0.0007383,-0.1102037,0.3500000,-0.2397964,0.0007428,0.0000000,0.0000000,0.0000000,1.2707963,-0.0000000,0.0000000,0.0000000,0.0000000,1.2707963,-0.0000000,1.0000000,1.0000000
0.0000000,0.0000000,0.9692268,0.0000000,0.0000000,0.0000000,1.0000000,-0.0000792,0.0007205,-0.1094209,0.3500000,-0.2405791,-0.0007248,0.0000817,-0.0007383,-0.1102037,0.3500000,-0.2397964,0.0007428,0.0000000,0.0000000,0.0000000,1.2707963,-0.0000000,0.0000000,0.0000000,0.0000000,1.2707963,-0.0000000,1.0000000,1.0000000
0.0000000,0.0000000,0.9692268,0.0000000,0.0000000,0.0000000,1.0000000,-0.0000792,0.0007205,-0.1094209,0.3500000,-0.2405791,-0.0007248,0.0000817,-0.0007383,-0.1102037,0.3500000,-0.2397964,0.0007428,0.0000000,0.0000000,0.0000000,1.2707963,-0.0000000,0.0000000,0.0000000,0.0000000,1.2707963,-0.0000000,1.0000000,1.0000000
0.0000000,0.0000000,0.9692268,0.0000000,0.0000000,0.0000000,1.0000000,-0.0000792,0.0007205,-0.1094209,0.3500000,-0.2405791,-0.0007248,0.0000817,-0.0007383,-0.1102037,0.3500000,-0.2397964,0.0007428,0.0000000,0.0000000,0.0000000,1.2707963,-0.0000000,0.0000000,0.0000000,0.0000000,1.2707963,-0.0000000,1.0000000,1.0000000
0.0000000,0.0000000,0.9692268,0.0000000,0.0000000,0.0000000,1.0000000,-0.0000792,0.0007205,-0.1094209,0.3500000,-0.2405791,-0.0007248,0.0000817,-0.0007383,-0.1102037,0.3500000,-0.2397964,0.0007428,0.0000000,0.0000000,0.0000000,1.2707963,-0.0000000,0.0000000,0.0000000,0.0000000,1.2707963,-0.0000000,1.0000000,1.0000000
0.0000000,0.0000000,0.9692268,0.0000000,0.0000000,0.0000000,1.0000000,-0.0000792,0.0007205,-0.1094209,0.3500000,-0.2405791,-0.0007248,0.0000817,-0.0007383,-0.1102037,0.3500000,-0.2397964,0.0007428,0.0000000,0.0000000,0.0000000,1.2707963,-0.0000000,0.0000000,0.0000000,0.0000000,1.2707963,-0.0000000,1.0000000,1.0000000
0.0000000,0.0000000,0.9692268,0.0000000,0.0000000,0.0000000,1.0000000,-0.0000792,0.0007205,-0.1094209,0.3500000,-0.2405791,-0.0007248,0.0000817,-0.0007383,-0.1102037,0.3500000,-0.2397964,0.0007428,0.0000000,0.0000000,0.0000000,1.2707963,-0.0000000,0.0000000,0.0000000,0.0000000,1.2707963,-0.0000000,1.0000000,1.0000000
0.0000000,0.0000000,0.9692268,0.0000000,0.0000000,0.0000000,1.0000000,-0.0000792,0.0007205,-0.1094209,0.3500000,-0.2405791,-0.0007248,0.0000817,-0.0007383,-0.1102037,0.3500000,-0.2397964,0.0007428,0.0000000,0.0000000,0.0000000,1.2707963,-0.0000000,0.0000000,0.0000000,0.0000000,1.2707963,-0.0000000,1.0000000,1.0000000
0.0000000,0.0000000,0.9692268,0.0000000,0.0000000,0.0000000,1.0000000,-0.0000792,0.0007205,-0.1094209,0.3500000,-0.2405791,-0.0007248,0.0000817,-0.0007383,-0.1102037,0.3500000,-0.2397964,0.0007428,0.0000000,0.0000000,0.0000000,1.2707963,-0.0000000,0.0000000,0.0000000,0.0000000,1.2707963,-0.0000000,1.0000000,1.0000000
0.0000000,0.0000000,0.9692268,0.0000000,0.0000000,0.0000000,1.0000000,-0.0000792,0.0007205,-0.1094209,0.3500000,-0.2405791,-0.0007248,0.0000817,-0.0007383,-0.1102037,0.3500000,-0.2397964,0.0007428,0.0000000,0.0000000,0.0000000,1.2707963,-0.0000000,0.0000000,0.0000000,0.0000000,1.2707963,-0.0000000,1.0000000,1.0000000
0.0000000,0.0000000,0.9692268,0.0000000,0.0000000,0.0000000,1.0000000,-0.0000792,0.0007205,-0.1094209,0.3500000,-0.2405791,-0.0007248,0.0000817,-0.0007383,-0.1102037,0.3500000,-0.2397964,0.0007428,0.0000000,0.0000000,0.0000000,1.2707963,-0.0000000,0.0000000,0.0000000,0.0000000,1.2707963,-0.0000000,1.0000000,1.0000000
0.0000000,0.0000000,0.9692268,0.0000000,0.0000000,0.0000000,1.0000000,-0.0000792,0.0007205,-0.1094209,0.3500000,-0.2405791,-0.0007248,0.0000817,-0.0007383,-0.1102037,0.3500000,-0.2397964,0.0007428,0.0000000,0.0000000,0.0000000,1.2707963,-0.0000000,0.0000000,0.0000000,0.0000000,1.2707963,-0.0000000,1.0000000,1.0000000
0.0000000,0.0000000,0.9692268,0.0000000,0.0000000,0.0000000,1.0000000,-0.0000792,0.0007205,-0.1094209,0.3500000,-0.2405791,-0.0007248,0.0000817,-0.0007383,-0.1102037,0.3500000,-0.2397964,0.0007428,0.0000000,0.0000000,0.0000000,1.2707963,-0.0000000,0.0000000,0.0000000,0.0000000,1.2707963,-0.0000000,1.0000000,1.0000000
0.0000000,0.0000000,0.9692268,0.0000000,0.0000000,0.0000000,1.0000000,-0.0000792,0.0007205,-0.1094209,0.3500000,-0.2405791,-0.0007248,0.0000817,-0.0007383,-0.1102037,0.3500000,-0.2397964,0.0007428,0.0000000,0.0000000,0.0000000,1.2707963,-0.0000000,0.0000000,0.0000000,0.0000000,1.2707963,-0.0000000,1.0000000,1.0000000
0.0000000,0.0000000,0.9692268,0.0000000,0.0000000,0.0000000,1.0000000,-0.0000792,0.0007205,-0.1094209,0.3500000,-0.2405791,-0.0007248,0.0000817,-0.0007383,-0.1102037,0.3500000,-0.2397964,0.0007428,0.0000000,0.0000000,0.0000000,1.2707963,-0.0000000,0.0000000,0.0000000,0.0000000,1.2707963,-0.0000000,1.0000000,1.0000000
0.0000000,0.0000000,0.9692268,0.0000000,0.0000000,0.0000000,1.0000000,-0.0000792,0.0007205,-0.1094209,0.3500000,-0.2405791,-0.0007248,0.0000817,-0.0007383,-0.1102037,0.3500000,-0.2397964,0.0007428,0.0000000,0.0000000,0.0000000,1.2707963,-0.0000000,0.0000000,0.0000000,0.0000000,1.2707963,-0.0000000,1.0000000,1.0000000
0.0000000,0.0000000,0.9692268,0.0000000,0.0000000,0.0000000,1.0000000,-0.0000792,0.0007205,-0.1094209,0.3500000,-0.2405791,-0.0007248,0.0000817,-0.0007383,-0.1102037,0.3500000,-0.2397964,0.0007428,0.0000000,0.0000000,0.0000000,1.2707963,-0.0000000,0.0000000,0.0000000,0.0000000,1.2707963,-0.0000000,1.0000000,1.0000000
0.0000000,0.0000000,0.9692268,0.0000000,0.0000000,0.0000000,1.0000000,-0.0000792,0.0007205,-0.1094209,0.3500000,-0.2405791,-0.0007248,0.0000817,-0.0007383,-0.1102037,0.3500000,-0.2397964,0.0007428,0.0000000,0.0000000,0.0000000,1.2707963,-0.0000000,0.0000000,0.0000000,0.0000000,1.2707963,-0.0000000,1.0000000,1.0000000
0.0000000,0.0000000,0.9692268,0.0000000,0.0000000,0.0000000,1.0000000,-0.0000792,0.0007205,-0.1094209,0.3500000,-0.2405791,-0.0007248,0.0000817,-0.0007383,-0.1102037,0.3500000,-0.2397964,0.0007428,0.0000000,0.0000000,0.0000000,1.2707963,-0.0000000,0.0000000,0.0000000,0.0000000,1.2707963,-0.0000000,1.0000000,1.0000000
0.0000000,0.0000000,0.9692268,0.0000000,0.0000000,0.0000000,1.0000000,-0.0000792,0.0007205,-0.1094209,0.3500000,-0.2405791,-0.0007248,0.0000817,-0.0007383,-0.1102037,0.3500000,-0.2397964,0.0007428,0.0000000,0.0000000,0.0000000,1.2707963,-0.0000000,0.0000000,0.0000000,0.0000000,1.2707963,-0.0000000,1.0000000,1.0000000
0.0000000,0.0000000,0.9692268,0.0000000,0.0000000,0.0000000,1.0000000,-0.0000792,0.0007205,-0.1094209,0.3500000,-0.2405791,-0.0007248,0.0000817,-0.0007383,-0.1102037,0.3500000,-0.2397964,0.0007428,0.0000000,0.0000000,0.0000000,1.2707963,-0.0000000,0.0000000,0.0000000,0.0000000,1.2707963,-0.0000000,1.0000000,1.0000000
0.0000000,0.0000000,0.9692268,0.0000000,0.0000000,0.0000000,1.0000000,-0.0000792,0.0007205,-0.1094209,0.3500000,-0.2405791,-0.0007248,0.0000817,-0.0007383,-0.1102037,0.3500000,-0.2397964,0.0007428,0.0000000,0.0000000,0.0000000,1.2707963,-0.0000000,0.0000000,0.0000000,0.0000000,1.2707963,-0.0000000,1.0000000,1.0000000
0.0000000,0.0000000,0.9692268,0.0000000,0.0000000,0.0000000,1.0000000,-0.0000792,0.0007205,-0.1094209,0.3500000,-0.2405791,-0.0007248,0.0000817,-0.0007383,-0.1102037,0.3500000,-0.2397964,0.0007428,0.0000000,0.0000000,0.0000000,1.2707963,-0.0000000,0.0000000,0.0000000,0.0000000,1.2707963,-0.0000000,1.0000000,1.0000000
0.0000000,0.0000000,0.9692268,0.0000000,0.0000000,0.0000000,1.0000000,-0.0000792,0.0007205,-0.1094209,0.3500000,-0.2405791,-0.0007248,0.0000817,-0.0007383,-0.1102037,0.3500000,-0.2397964,0.0007428,0.0000000,0.0000000,0.0000000,1.2707963,-0.0000000,0.0000000,0.0000000,0.0000000,1.2707963,-0.0000000,1.0000000,1.0000000
0.0000000,0.0000000,0.9692268,0.0000000,0.0000000,0.0000000,1.0000000,-0.0000792,0.0007205,-0.1094209,0.3500000,-0.2405791,-0.0007248,0.0000817,-0.0007383,-0.1102037,0.3500000,-0.2397964,0.0007428,0.0000000,0.0000000,0.0000000,1.2707963,-0.0000000,0.0000000,0.0000000,0.0000000,1.2707963,-0.0000000,1.0000000,1.0000000
0.0000000,0.0000000,0.9692268,0.0000000,0.0000000,0.0000000,1.0000000,-0.0000792,0.0007205,-0.1094209,0.3500000,-0.2405791,-0.0007248,0.0000817,-0.0007383,-0.1102037,0.3500000,-0.2397964,0.0007428,0.0000000,0.0000000,0.0000000,1.2707963,-0.0000000,0.0000000,0.0000000,0.0000000,1.2707963,-0.0000000,1.0000000,1.0000000
0.0000000,0.0000000,0.9692268,0.0000000,0.0000000,0.0000000,1.0000000,-0.0000792,0.0007205,-0.1094209,0.3500000,-0.2405791,-0.0007248,0.0000817,-0.0007383,-0.1102037,0.3500000,-0.2397964,0.0007428,0.0000000,0.0000000,0.0000000,1.2707963,-0.0000000,0.0000000,0.0000000,0.0000000,1.2707963,-0.0000000,1.0000000,1.0000000
0.0000000,0.0000000,0.9692268,0.0000000,0.0000000,0.0000000,1.0000000,-0.0000792,0.0007205,-0.1094209,0.3500000,-0.2405791,-0.0007248,0.0000817,-0.0007383,-0.1102037,0.3500000,-0.2397964,0.0007428,0.0000000,0.0000000,0.0000000,1.2707963,-0.0000000,0.0000000,0.0000000,0.0000000,1.2707963,-0.0000000,1.0000000,1.0000000
0.0000000,0.0000000,0.9692268,0.0000000,0.0000000,0.0000000,1.0000000,-0.0000792,0.0007205,-0.1094209,0.3500000,-0.2405791,-0.0007248,0.0000817,-0.0007383,-0.1102037,0.3500000,-0.2397964,0.0007428,0.0000000,0.0000000,0.0000000,1.2707963,-0.0000000,0.0000000,0.0000000,0.0000000,1.2707963,-0.0000000,1.0000000,1.0000000
0.0000000,0.0000000,0.9692268,0.0000000,0.0000000,0.0000000,1.0000000,-0.0000792,0.0007205,-0.1094209,0.3500000,-0.2405791,-0.0007248,0.0000817,-0.0007383,-0.1102037,0.3500000,-0.2397964,0.0007428,0.0000000,0.0000000,0.0000000,1.2707963,-0.0000000,0.0000000,0.0000000,0.0000000,1.2707963,-0.0000000,1.0000000,1.0000000
0.0000000,0.0000000,0.9692268,0.0000000,0.0000000,0.0000000,1.0000000,-0.0000792,0.0007205,-0.1094209,0.3500000,-0.2405791,-0.0007248,0.0000817,-0.0007383,-0.1102037,0.3500000,-0.2397964,0.0007428,0.0000000,0.0000000,0.0000000,1.2707963,-0.0000000,0.0000000,0.0000000,0.0000000,1.2707963,-0.0000000,1.0000000,1.0000000
0.0000000,0.0000000,0.9692268,0.0000000,0.0000000,0.0000000,1.0000000,-0.0000792,0.0007205,-0.1094209,0.3500000,-0.2405791,-0.0007248,0.0000817,-0.0007383,-0.1102037,0.3500000,-0.2397964,0.0007428,0.0000000,0.0000000,0.0000000,1.2707963,-0.0000000,0.0000000,0.0000000,0.0000000,1.2707963,-0.0000000,1.0000000,1.0000000
0.0000000,0.0000000,0.9692268,0.0000000,0.0000000,0.0000000,1.0000000,-0.0000792,0.0007205,-0.1094209,0.3500000,-0.2405791,-0.0007248,0.0000817,-0.0007383,-0.1102037,0.3500000,-0.2397964,0.0007428,0.0000000,0.0000000,0.0000000,1.2707963,-0.0000000,0.0000000,0.0000000,0.0000000,1.2707963,-0.0000000,1.0000000,1.0000000
0.0000000,0.0000000,0.9692268,0.0000000,0.0000000,0.0000000,1.0000000,-0.0000792,0.0007205,-0.1094209,0.3500000,-0.2405791,-0.0007248,0.0000817,-0.0007383,-0.1102037,0.3500000,-0.2397964,0.0007428,0.0000000,0.0000000,0.0000000,1.2707963,-0.0000000,0.0000000,0.0000000,0.0000000,1.2707963,-0.0000000,1.0000000,1.0000000
0.0000000,0.0000000,0.9692268,0.0000000,0.0000000,0.0000000,1.0000000,-0.0000792,0.0007205,-0.1094209,0.3500000,-0.2405791,-0.0007248,0.0000817,-0.0007383,-0.1102037,0.3500000,-0.2397964,0.0007428,0.0000000,0.0000000,0.0000000,1.2707963,-0.0000000,0.0000000,0.0000000,0.0000000,1.2707963,-0.0000000,1.0000000,1.0000000
0.0000000,0.0000000,0.9692268,0.0000000,0.0000000,0.0000000,1.0000000,-0.0000792,0.0007205,-0.1094209,0.3500000,-0.2405791,-0.0007248,0.0000817,-0.0007383,-0.1102037,0.3500000,-0.2397964,0.0007428,0.0000000,0.0000000,0.0000000,1.2707963,-0.0000000,0.0000000,0.0000000,0.0000000,1.2707963,-0.0000000,1.0000000,1.0000000
0.0000000,0.0000000,0.9692268,0.0000000,0.0000000,0.0000000,1.0000000,-0.0000792,0.0007205,-0.1094209,0.3500000,-0.2405791,-0.0007248,0.0000817,-0.0007383,-0.1102037,0.3500000,-0.2397964,0.0007428,0.0000000,0.0000000,0.0000000,1.2707963,-0.0000000,0.0000000,0.0000000,0.0000000,1.2707963,-0.0000000,1.0000000,1.0000000
0.0000000,0.0000000,0.9692268,0.0000000,0.0000000,0.0000000,1.0000000,-0.0000792,0.0007205,-0.1094209,0.3500000,-0.2405791,-0.0007248,0.0000817,-0.0007383,-0.1102037,0.3500000,-0.2397964,0.0007428,0.0000000,0.0000000,0.0000000,1.2707963,-0.0000000,0.0000000,0.0000000,0.0000000,1.2707963,-0.0000000,1.0000000,1.0000000
0.0000000,0.0000000,0.9692268,0.0000000,0.0000000,0.0000000,1.0000000,-0.0000792,0.0007205,-0.1094209,0.3500000,-0.2405791,-0.0007248,0.0000817,-0.0007383,-0.1102037,0.3500000,-0.2397964,0.0007428,0.0000000,0.0000000,0.0000000,1.2707963,-0.0000000,0.0000000,0.0000000,0.0000000,1.2707963,-0.0000000,1.0000000,1.0000000
0.0000000,0.0000000,0.9692268,0.0000000,0.0000000,0.0000000,1.0000000,-0.0000792,0.0007205,-0.1094209,0.3500000,-0.2405791,-0.0007248,0.0000817,-0.0007383,-0.1102037,0.3500000,-0.2397964,0.0007428,0.0000000,0.0000000,0.0000000,1.2707963,-0.0000000,0.0000000,0.0000000,0.0000000,1.2707963,-0.0000000,1.0000000,1.0000000
0.0000000,0.0000000,0.9692268,0.0000000,0.0000000,0.0000000,1.0000000,-0.0000792,0.0007205,-0.1094209,0.3500000,-0.2405791,-0.0007248,0.0000817,-0.0007383,-0.1102037,0.3500000,-0.2397964,0.0007428,0.0000000,0.0000000,0.0000000,1.2707963,-0.0000000,0.0000000,0.0000000,0.0000000,1.2707963,-0.0000000,1.0000000,1.0000000
0.0000000,0.0000000,0.9692268,0.0000000,0.0000000,0.0000000,1.0000000,-0.0000792,0.0007205,-0.1094209,0.3500000,-0.2405791,-0.0007248,0.0000817,-0.0007383,-0.1102037,0.3500000,-0.2397964,0.0007428,0.0000000,0.0000000,0.0000000,1.2707963,-0.0000000,0.0000000,0.0000000,0.0000000,1.2707963,-0.0000000,1.0000000,1.0000000
0.0000000,0.0000000,0.9692268,0.0000000,0.0000000,0.0000000,1.0000000,-0.0000792,0.0007205,-0.1094209,0.3500000,-0.2405791,-0.0007248,0.0000817,-0.0007383,-0.1102037,0.3500000,-0.2397964,0.0007428,0.0000000,0.0000000,0.0000000,1.2707963,-0.0000000,0.0000000,0.0000000,0.0000000,1.2707963,-0.0000000,1.0000000,1.0000000
0.0000000,0.0000000,0.9692268,0.0000000,0.0000000,0.0000000,1.0000000,-0.0000792,0.0007205,-0.1094209,0.3500000,-0.2405791,-0.0007248,0.0000817,-0.0007383,-0.1102037,0.3500000,-0.2397964,0.0007428,0.0000000,0.0000000,0.0000000,1.2707963,-0.0000000,0.0000000,0.0000000,0.0000000,1.2707963,-0.0000000,1.0000000,1.0000000
0.0000000,0.0000000,0.9692268,0.0000000,0.0000000,0.0000000,1.0000000,-0.0000792,0.0007205,-0.1094209,0.3500000,-0.2405791,-0.0007248,0.0000817,-0.0007383,-0.1102037,0.3500000,-0.2397964,0.0007428,0.0000000,0.0000000,0.0000000,1.2707963,-0.0000000,0.0000000,0.0000000,0.0000000,1.2707963,-0.0000000,1.0000000,1.0000000
0.0000000,0.0000000,0.9692268,0.0000000,0.0000000,0.0000000,1.0000000,-0.0000792,0.0007205,-0.1094209,0.3500000,-0.2405791,-0.0007248,0.0000817,-0.0007383,-0.1102037,0.3500000,-0.2397964,0.0007428,0.0000000,0.0000000,0.0000000,1.2707963,-0.0000000,0.0000000,0.0000000,0.0000000,1.2707963,-0.0000000,1.0000000,1.0000000
0.0000000,0.0000000,0.9692268,0.0000000,0.0000000,0.0000000,1.0000000,-0.0000792,0.0007205,-0.1094209,0.3500000,-0.2405791,-0.0007248,0.0000817,-0.0007383,-0.1102037,0.3500000,-0.2397964,0.0007428,0.0000000,0.0000000,0.0000000,1.2707963,-0.0000000,0.0000000,0.0000000,0.0000000,1.2707963,-0.0000000,1.0000000,1.0000000
0.0000000,0.0000000,0.9692268,0.0000000,0.0000000,0.0000000,1.0000000,-0.0000792,0.0007205,-0.1094209,0.3500000,-0.2405791,-0.0007248,0.0000817,-0.0007383,-0.1102037,0.3500000,-0.2397964,0.0007428,0.0000000,0.0000000,0.0000000,1.2707963,-0.0000000,0.0000000,0.0000000,0.0000000,1.2707963,-0.0000000,1.0000000,1.0000000
0.0000000,0.0000000,0.9692268,0.0000000,0.0000000,0.0000000,1.0000000,-0.0000792,0.0007205,-0.1094209,0.3500000,-0.2405791,-0.0007248,0.0000817,-0.0007383,-0.1102037,0.3500000,-0.2397964,0.0007428,0.0000000,0.0000000,0.0000000,1.2707963,-0.0000000,0.0000000,0.0000000,0.0000000,1.2707963,-0.0000000,1.0000000,1.0000000
0.0000000,0.0000000,0.9692268,0.0000000,0.0000000,0.0000000,1.0000000,-0.0000792,0.0007205,-0.1094209,0.3500000,-0.2405791,-0.0007248,0.0000817,-0.0007383,-0.1102037,0.3500000,-0.2397964,0.0007428,0.0000000,0.0000000,0.0000000,1.2707963,-0.0000000,0.0000000,0.0000000,0.0000000,1.2707963,-0.0000000,1.0000000,1.0000000
0.0000000,0.0000000,0.9692268,0.0000000,0.0000000,0.0000000,1.0000000,-0.0000792,0.0007205,-0.1094209,0.3500000,-0.2405791,-0.0007248,0.0000817,-0.0007383,-0.1102037,0.3500000,-0.2397964,0.0007428,0.0000000,0.0000000,0.0000000,1.2707963,-0.0000000,0.0000000,0.0000000,0.0000000,1.2707963,-0.0000000,1.0000000,1.0000000
0.0000000,0.0000000,0.9692268,0.0000000,0.0000000,0.0000000,1.0000000,-0.0000792,0.0007205,-0.1094209,0.3500000,-0.2405791,-0.0007248,0.0000817,-0.0007383,-0.1102037,0.3500000,-0.2397964,0.0007428,0.0000000,0.0000000,0.0000000,1.2707963,-0.0000000,0.0000000,0.0000000,0.0000000,1.2707963,-0.0000000,1.0000000,1.0000000
0.0000000,0.0000000,0.9692268,0.0000000,0.0000000,0.0000000,1.0000000,-0.0000792,0.0007205,-0.1094209,0.3500000,-0.2405791,-0.0007248,0.0000817,-0.0007383,-0.1102037,0.3500000,-0.2397964,0.0007428,0.0000000,0.0000000,0.0000000,1.2707963,-0.0000000,0.0000000,0.0000000,0.0000000,1.2707963,-0.0000000,1.0000000,1.0000000
