pelvis_x,pelvis_y,pelvis_z,pelvis_qx,pelvis_qy,pelvis_qz,pelvis_qw,left_hip_yaw,left_hip_roll,left_hip_pitch,left_knee,left_ankle_pitch,left_ankle_roll,right_hip_yaw,right_hip_roll,right_hip_pitch,right_knee,right_ankle_pitch,right_ankle_roll,left_shoulder_pitch,left_shoulder_roll,left_shoulder_yaw,left_elbow,left_wrist_roll,right_shoulder_pitch,right_shoulder_roll,right_shoulder_yaw,right_elbow,right_wrist_roll,contact_left,contact_right
0.0000000,0.0000000,0.9692268,0.0000000,0.0000000,0.0000000,1.0000000,0.0191925,0.0031003,-0.1093982,0.3500000,-0.2351718,0.0096271,-0.0193364,-0.0031361,-0.1101806,0.3500000,-0.2343888,-0.0096051,0.0000000,0.0000000,0.0000000,1.2707963,-0.0000000,0.0000000,0.0000000,0.0000000,1.2707963,-0.0000000,1.0000000,1.0000000
0.0000000,0.0000000,0.9692268,0.0000000,0.0000000,0.0000000,1.0000000,0.0191925,0.0031003,-0.1093982,0.3500000,-0.2351718,0.0096271,-0.0193364,-0.0031361,-0.1101806,0.3500000,-0.2343888,-0.0096051,0.0000000,0.0000000,0.0000000,1.2707963,-0.0000000,0.0000000,0.0000000,0.0000000,1.2707963,-0.0000000,1.0000000,1.0000000
0.0000000,0.0000000,0.9692268,0.0000000,0.0000000,0.0000000,1.0000000,0.0191925,0.0031003,-0.1093982,0.3500000,-0.2351718,0.0096271,-0.0193364,-0.0031361,-0.1101806,0.3500000,-0.2343888,-0.0096051,0.0000000,0.0000000,0.0000000,1.2707963,-0.0000000,0.0000000,0.0000000,0.0000000,1.2707963,-0.0000000,1.0000000,1.0000000
0.0000000,0.0000000,0.9692268,0.0000000,0.0000000,0.0000000,1.0000000,0.0191925,0.0031003,-0.1093982,0.3500000,-0.2351718,0.0096271,-0.0193364,-0.0031361,-0.1101806,0.3500000,-0.2343888,-0.0096051,0.0000000,0.0000000,0.0000000,1.2707963,-0.0000000,0.0000000,0.0000000,0.0000000,1.2707963,-0.0000000,1.0000000,1.0000000
0.0000000,0.0000000,0.9692268,0.0000000,0.0000000,0.0000000,1.0000000,0.0191925,0.0031003,-0.1093982,0.3500000,-0.2351718,0.0096271,-0.0193364,-0.0031361,-0.1101806,0.3500000,-0.2343888,-0.0096051,0.0000000,0.0000000,0.0000000,1.2707963,-0.0000000,0.0000000,0.0000000,0.0000000,1.2707963,-0.0000000,1.0000000,1.0000000
0.0000000,0.0000000,0.9692268,0.0000000,0.0000000,0.0000000,1.0000000,0.0191925,0.0031003,-0.1093982,0.3500000,-0.2351718,0.0096271,-0.0193364,-0.0031361,-0.1101806,0.3500000,-0.2343888,-0.0096051,0.0000000,0.0000000,0.0000000,1.2707963,-0.0000000,0.0000000,0.0000000,0.0000000,1.2707963,-0.0000000,1.0000000,1.0000000
0.0000000,0.0000000,0.9692268,0.0000000,0.0000000,0.0000000,1.0000000,0.0191925,0.0031003,-0.1093982,0.3500000,-0.2351718,0.0096271,-0.0193364,-0.0031361,-0.1101806,0.3500000,-0.2343888,-0.0096051,0.0000000,0.0000000,0.0000000,1.2707963,-0.0000000,0.0000000,0.0000000,0.0000000,1.2707963,-0.0000000,1.0000000,1.0000000
0.0000000,0.0000000,0.9692268,0.0000000,0.0000000,0.0000000,1.0000000,0.0191925,0.0031003,-0.1093982,0.3500000,-0.2351718,0.0096271,-0.0193364,-0.0031361,-0.1101806,0.3500000,-0.2343888,-0.0096051,0.0000000,0.0000000,0.0000000,1.2707963,-0.0000000,0.0000000,0.0000000,0.0000000,1.2707963,-0.0000000,1.0000000,1.0000000
0.0000000,0.0000000,0.9692268,0.0000000,0.0000000,0.0000000,1.0000000,0.0191925,0.0031003,-0.1093982,0.3500000,-0.2351718,0.0096271,-0.0193364,-0.0031361,-0.1101806,0.3500000,-0.2343888,-0.0096051,0.0000000,0.0000000,0.0000000,1.2707963,-0.0000000,0.0000000,0.0000000,0.0000000,1.2707963,-0.0000000,1.0000000,1.0000000
0.0000000,0.0000000,0.9692268,0.0000000,0.0000000,0.0000000,1.0000000,0.0191925,0.0031003,-0.1093982,0.3500000,-0.2351718,0.0096271,-0.0193364,-0.0031361,-0.1101806,0.3500000,-0.2343888,-0.0096051,0.0000000,0.0000000,0.0000000,1.2707963,-0.0000000,0.0000000,0.0000000,0.0000000,1.2707963,-0.0000000,1.0000000,1.0000000
0.0000000,0.0000000,0.9692268,0.0000000,0.0000000,0.0000000,1.0000000,0.0191925,0.0031003,-0.1093982,0.3500000,-0.2351718,0.0096271,-0.0193364,-0.0031361,-0.1101806,0.3500000,-0.2343888,-0.0096051,0.0000000,0.0000000,0.0000000,1.2707963,-0.0000000,0.0000000,0.0000000,0.0000000,1.2707963,-0.0000000,1.0000000,1.0000000
0.0000000,0.0000000,0.9692268,0.0000000,0.0000000,0.0000000,1.0000000,0.0191925,0.0031003,-0.1093982,0.3500000,-0.2351718,0.0096271,-0.0193364,-0.0031361,-0.1101806,0.3500000,-0.2343888,-0.0096051,0.0000000,0.0000000,0.0000000,1.2707963,-0.0000000,0.0000000,0.0000000,0.0000000,1.2707963,-0.0000000,1.0000000,1.0000000
0.0000000,0.0000000,0.9692268,0.0000000,0.0000000,0.0000000,1.0000000,0.0191925,0.0031003,-0.1093982,0.3500000,-0.2351718,0.0096271,-0.0193364,-0.0031361,-0.1101806,0.3500000,-0.2343888,-0.0096051,0.0000000,0.0000000,0.0000000,1.2707963,-0.0000000,0.0000000,0.0000000,0.0000000,1.2707963,-0.0000000,1.0000000,1.0000000
0.0000000,0.0000000,0.9692268,0.0000000,0.0000000,0.0000000,1.0000000,0.0191925,0.0031003,-0.1093982,0.3500000,-0.2351718,0.0096271,-0.0193364,-0.0031361,-0.1101806,0.3500000,-0.2343888,-0.0096051,0.0000000,0.0000000,0.0000000,1.2707963,-0.0000000,0.0000000,0.0000000,0.0000000,1.2707963,-0.0000000,1.0000000,1.0000000
0.0000000,0.0000000,0.9692268,0.0000000,0.0000000,0.0000000,1.0000000,0.0191925,0.0031003,-0.1093982,0.3500000,-0.2351718,0.0096271,-0.0193364,-0.0031361,-0.1101806,0.3500000,-0.2343888,-0.0096051,0.0000000,0.0000000,0.0000000,1.2707963,-0.0000000,0.0000000,0.0000000,0.0000000,1.2707963,-0.0000000,1.0000000,1.0000000
0.0000000,0.0000000,0.9692268,0.0000000,0.0000000,0.0000000,1.0000000,0.0191925,0.0031003,-0.1093982,0.3500000,-0.2351718,0.0096271,-0.0193364,-0.0031361,-0.1101806,0.3500000,-0.2343888,-0.0096051,0.0000000,0.0000000,0.0000000,1.2707963,-0.0000000,0.0000000,0.0000000,0.0000000,1.2707963,-0.0000000,1.0000000,1.0000000
0.0000000,0.0000000,0.9692268,0.0000000,0.0000000,0.0000000,1.0000000,0.0191925,0.0031003,-0.1093982,0.3500000,-0.2351718,0.0096271,-0.0193364,-0.0031361,-0.1101806,0.3500000,-0.2343888,-0.0096051,0.0000000,0.0000000,0.0000000,1.2707963,-0.0000000,0.0000000,0.0000000,0.0000000,1.2707963,-0.0000000,1.0000000,1.0000000
0.0000000,0.0000000,0.9692268,0.0000000,0.0000000,0.0000000,1.0000000,0.0191925,0.0031003,-0.1093982,0.3500000,-0.2351718,0.0096271,-0.0193364,-0.0031361,-0.1101806,0.3500000,-0.2343888,-0.0096051,0.0000000,0.0000000,0.0000000,1.2707963,-0.0000000,0.0000000,0.0000000,0.0000000,1.2707963,-0.0000000,1.0000000,1.0000000
0.0000000,0.0000000,0.9692268,0.0000000,0.0000000,0.0000000,1.0000000,0.0191925,0.0031003,-0.1093982,0.3500000,-0.2351718,0.0096271,-0.0193364,-0.0031361,-0.1101806,0.3500000,-0.2343888,-0.0096051,0.0000000,0.0000000,0.0000000,1.2707963,-0.0000000,0.0000000,0.0000000,0.0000000,1.2707963,-0.0000000,1.0000000,1.0000000
0.0000000,0.0000000,0.9692268,0.0000000,0.0000000,0.0000000,1.0000000,0.0191925,0.0031003,-0.1093982,0.3500000,-0.2351718,0.0096271,-0.0193364,-0.0031361,-0.1101806,0.3500000,-0.2343888,-0.0096051,0.0000000,0.0000000,0.0000000,1.2707963,-0.0000000,0.0000000,0.0000000,0.0000000,1.2707963,-0.0000000,1.0000000,1.0000000
0.0000000,0.0000000,0.9692268,0.0000000,0.0000000,0.0000000,1.0000000,0.0191925,0.0031003,-0.1093982,0.3500000,-0.2351718,0.0096271,-0.0193364,-0.0031361,-0.1101806,0.3500000,-0.2343888,-0.0096051,0.0000000,0.0000000,0.0000000,1.2707963,-0.0000000,0.0000000,0.0000000,0.0000000,1.2707963,-0.0000000,1.0000000,1.0000000
0.0000000,0.0000000,0.9692268,0.0000000,0.0000000,0.0000000,1.0000000,0.0191925,0.0031003,-0.1093982,0.3500000,-0.2351718,0.0096271,-0.0193364,-0.0031361,-0.1101806,0.3500000,-0.2343888,-0.0096051,0.0000000,0.0000000,0.0000000,1.2707963,-0.0000000,0.0000000,0.0000000,0.0000000,1.2707963,-0.0000000,1.0000000,1.0000000
0.0000000,0.0000000,0.9692268,0.0000000,0.0000000,0.0000000,1.0000000,0.0191925,0.0031003,-0.1093982,0.3500000,-0.2351718,0.0096271,-0.0193364,-0.0031361,-0.1101806,0.3500000,-0.2343888,-0.0096051,0.0000000,0.0000000,0.0000000,1.2707963,-0.0000000,0.0000000,0.0000000,0.0000000,1.2707963,-0.0000000,1.0000000,1.0000000
0.0000000,0.0000000,0.9692268,0.0000000,0.0000000,0.0000000,1.0000000,0.0191925,0.0031003,-0.1093982,0.3500000,-0.2351718,0.0096271,-0.0193364,-0.0031361,-0.1101806,0.3500000,-0.2343888,-0.0096051,0.0000000,0.0000000,0.0000000,1.2707963,-0.0000000,0.0000000,0.0000000,0.0000000,1.2707963,-0.0000000,1.0000000,1.0000000
0.0000000,0.0000000,0.9692268,0.0000000,0.0000000,0.0000000,1.0000000,0.0191925,0.0031003,-0.1093982,0.3500000,-0.2351718,0.0096271,-0.0193364,-0.0031361,-0.1101806,0.3500000,-0.2343888,-0.0096051,0.0000000,0.0000000,0.0000000,1.2707963,-0.0000000,0.0000000,0.0000000,0.0000000,1.2707963,-0.0000000,1.0000000,1.0000000
0.0000000,0.0000000,0.9692268,0.0000000,0.0000000,0.0000000,1.0000000,0.0191925,0.0031003,-0.1093982,0.3500000,-0.2351718,0.0096271,-0.0193364,-0.0031361,-0.1101806,0.3500000,-0.2343888,-0.0096051,0.0000000,0.0000000,0.0000000,1.2707963,-0.0000000,0.0000000,0.0000000,0.0000000,1.2707963,-0.0000000,1.0000000,1.0000000
0.0000000,0.0000000,0.9692268,0.0000000,0.0000000,0.0000000,1.0000000,0.0191925,0.0031003,-0.1093982,0.3500000,-0.2351718,0.0096271,-0.0193364,-0.0031361,-0.1101806,0.3500000,-0.2343888,-0.0096051,0.0000000,0.0000000,0.0000000,1.2707963,-0.0000000,0.0000000,0.0000000,0.0000000,1.2707963,-0.0000000,1.0000000,1.0000000
0.0000000,0.0000000,0.9692268,0.0000000,0.0000000,0.0000000,1.0000000,0.0191925,0.0031003,-0.1093982,0.3500000,-0.2351718,0.0096271,-0.0193364,-0.0031361,-0.1101806,0.3500000,-0.2343888,-0.0096051,0.0000000,0.0000000,0.0000000,1.2707963,-0.0000000,0.0000000,0.0000000,0.0000000,1.2707963,-0.0000000,1.0000000,1.0000000
0.0000000,0.0000000,0.9692268,0.0000000,0.0000000,0.0000000,1.0000000,0.0191925,0.0031003,-0.1093982,0.3500000,-0.2351718,0.0096271,-0.0193364,-0.0031361,-0.1101806,0.3500000,-0.2343888,-0.0096051,0.0000000,0.0000000,0.0000000,1.2707963,-0.0000000,0.0000000,0.0000000,0.0000000,1.2707963,-0.0000000,1.0000000,1.0000000
0.0000000,0.0000000,0.9692268,0.0000000,0.0000000,0.0000000,1.0000000,0.0191925,0.0031003,-0.1093982,0.3500000,-0.2351718,0.0096271,-0.0193364,-0.0031361,-0.1101806,0.3500000,-0.2343888,-0.0096051,0.0000000,0.0000000,0.0000000,1.2707963,-0.0000000,0.0000000,0.0000000,0.0000000,1.2707963,-0.0000000,1.0000000,1.0000000
0.0000000,0.0000000,0.9692268,0.0000000,0.0000000,0.0000000,1.0000000,0.0191925,0.0031003,-0.1093982,0.3500000,-0.2351718,0.0096271,-0.0193364,-0.0031361,-0.1101806,0.3500000,-0.2343888,-0.0096051,0.0000000,0.0000000,0.0000000,1.2707963,-0.0000000,0.0000000,0.0000000,0.0000000,1.2707963,-0.0000000,1.0000000,1.0000000
0.0000000,0.0000000,0.9692268,0.0000000,0.0000000,0.0000000,1.0000000,0.0191925,0.0031003,-0.1093982,0.3500000,-0.2351718,0.0096271,-0.0193364,-0.0031361,-0.1101806,0.3500000,-0.2343888,-0.0096051,0.0000000,0.0000000,0.0000000,1.2707963,-0.0000000,0.0000000,0.0000000,0.0000000,1.2707963,-0.0000000,1.0000000,1.0000000
0.0000000,0.0000000,0.9692268,0.0000000,0.0000000,0.0000000,1.0000000,0.0191925,0.0031003,-0.1093982,0.3500000,-0.2351718,0.0096271,-0.0193364,-0.0031361,-0.1101806,0.3500000,-0.2343888,-0.0096051,0.0000000,0.0000000,0.0000000,1.2707963,-0.0000000,0.0000000,0.0000000,0.0000000,1.2707963,-0.0000000,1.0000000,1.0000000
0.0000000,0.0000000,0.9692268,0.0000000,0.0000000,0.0000000,1.0000000,0.0191925,0.0031003,-0.1093982,0.3500000,-0.2351718,0.0096271,-0.0193364,-0.0031361,-0.1101806,0.3500000,-0.2343888,-0.0096051,0.0000000,0.0000000,0.0000000,1.2707963,-0.0000000,0.0000000,0.0000000,0.0000000,1.2707963,-0.0000000,1.0000000,1.0000000
0.0000000,0.0000000,0.9692268,0.0000000,0.0000000,0.0000000,1.0000000,0.0191925,0.0031003,-0.1093982,0.3500000,-0.2351718,0.0096271,-0.0193364,-0.0031361,-0.1101806,0.3500000,-0.2343888,-0.0096051,0.0000000,0.0000000,0.0000000,1.2707963,-0.0000000,0.0000000,0.0000000,0.0000000,1.2707963,-0.0000000,1.0000000,1.0000000
0.0000000,0.0000000,0.9692268,0.0000000,0.0000000,0.0000000,1.0000000,0.0191925,0.0031003,-0.1093982,0.3500000,-0.2351718,0.0096271,-0.0193364,-0.0031361,-0.1101806,0.3500000,-0.2343888,-0.0096051,0.0000000,0.0000000,0.0000000,1.2707963,-0.0000000,0.0000000,0.0000000,0.0000000,1.2707963,-0.0000000,1.0000000,1.0000000
0.0000000,0.0000000,0.9692268,0.0000000,0.0000000,0.0000000,1.0000000,0.0191925,0.0031003,-0.1093982,0.3500000,-0.2351718,0.0096271,-0.0193364,-0.0031361,-0.1101806,0.3500000,-0.2343888,-0.0096051,0.0000000,0.0000000,0.0000000,1.2707963,-0.0000000,0.0000000,0.0000000,0.0000000,1.2707963,-0.0000000,1.0000000,1.0000000
0.0000000,0.0000000,0.9692268,0.0000000,0.0000000,0.0000000,1.0000000,0.0191925,0.0031003,-0.1093982,0.3500000,-0.2351718,0.0096271,-0.0193364,-0.0031361,-0.1101806,0.3500000,-0.2343888,-0.0096051,0.0000000,0.0000000,0.0000000,1.2707963,-0.0000000,0.0000000,0.0000000,0.0000000,1.2707963,-0.0000000,1.0000000,1.0000000
0.0000000,0.0000000,0.9692268,0.0000000,0.0000000,0.0000000,1.0000000,0.0191925,0.0031003,-0.1093982,0.3500000,-0.2351718,0.0096271,-0.0193364,-0.0031361,-0.1101806,0.3500000,-0.2343888,-0.0096051,0.0000000,0.0000000,0.0000000,1.2707963,-0.0000000,0.0000000,0.0000000,0.0000000,1.2707963,-0.0000000,1.0000000,1.0000000
0.0000000,0.0000000,0.9692268,0.0000000,0.0000000,0.0000000,1.0000000,0.0191925,0.0031003,-0.1093982,0.3500000,-0.2351718,0.0096271,-0.0193364,-0.0031361,-0.1101806,0.3500000,-0.2343888,-0.0096051,0.0000000,0.0000000,0.0000000,1.2707963,-0.0000000,0.0000000,0.0000000,0.0000000,1.2707963,-0.0000000,1.0000000,1.0000000
0.0000000,0.0000000,0.9692268,0.0000000,0.0000000,0.0000000,1.0000000,0.0191925,0.0031003,-0.1093982,0.3500000,-0.2351718,0.0096271,-0.0193364,-0.0031361,-0.1101806,0.3500000,-0.2343888,-0.0096051,0.0000000,0.0000000,0.0000000,1.2707963,-0.0000000,0.0000000,0.0000000,0.0000000,1.2707963,-0.0000000,1.0000000,1.0000000
0.0000000,0.0000000,0.9692268,0.0000000,0.0000000,0.0000000,1.0000000,0.0191925,0.0031003,-0.1093982,0.3500000,-0.2351718,0.0096271,-0.0193364,-0.0031361,-0.1101806,0.3500000,-0.2343888,-0.0096051,0.0000000,0.0000000,0.0000000,1.2707963,-0.0000000,0.0000000,0.0000000,0.0000000,1.2707963,-0.0000000,1.0000000,1.0000000
0.0000000,0.0000000,0.9692268,0.0000000,0.0000000,0.0000000,1.0000000,0.0191925,0.0031003,-0.1093982,0.3500000,-0.2351718,0.0096271,-0.0193364,-0.0031361,-0.1101806,0.3500000,-0.2343888,-0.0096051,0.0000000,0.0000000,0.0000000,1.2707963,-0.0000000,0.0000000,0.0000000,0.0000000,1.2707963,-0.0000000,1.0000000,1.0000000
0.0000000,0.0000000,0.9692268,0.0000000,0.0000000,0.0000000,1.0000000,0.0191925,0.0031003,-0.1093982,0.3500000,-0.2351718,0.0096271,-0.0193364,-0.0031361,-0.1101806,0.3500000,-0.2343888,-0.0096051,0.0000000,0.0000000,0.0000000,1.2707963,-0.0000000,0.0000000,0.0000000,0.0000000,1.2707963,-0.0000000,1.0000000,1.0000000
0.0000000,0.0000000,0.9692268,0.0000000,0.0000000,0.0000000,1.0000000,0.0191925,0.0031003,-0.1093982,0.3500000,-0.2351718,0.0096271,-0.0193364,-0.0031361,-0.1101806,0.3500000,-0.2343888,-0.0096051,0.0000000,0.0000000,0.0000000,1.2707963,-0.0000000,0.0000000,0.0000000,0.0000000,1.2707963,-0.0000000,1.0000000,1.0000000
0.0000000,0.0000000,0.9692268,0.0000000,0.0000000,0.0000000,1.0000000,0.0191925,0.0031003,-0.1093982,0.3500000,-0.2351718,0.0096271,-0.0193364,-0.0031361,-0.1101806,0.3500000,-0.2343888,-0.0096051,0.0000000,0.0000000,0.0000000,1.2707963,-0.0000000,0.0000000,0.0000000,0.0000000,1.2707963,-0.0000000,1.0000000,1.0000000
0.0000000,0.0000000,0.9692268,0.0000000,0.0000000,0.0000000,1.0000000,0.0191925,0.0031003,-0.1093982,0.3500000,-0.2351718,0.0096271,-0.0193364,-0.0031361,-0.1101806,0.3500000,-0.2343888,-0.0096051,0.0000000,0.0000000,0.0000000,1.2707963,-0.0000000,0.0000000,0.0000000,0.0000000,1.2707963,-0.0000000,1.0000000,1.0000000
0.0000000,0.0000000,0.9692268,0.0000000,0.0000000,0.0000000,1.0000000,0.0191925,0.0031003,-0.1093982,0.3500000,-0.2351718,0.0096271,-0.0193364,-0.0031361,-0.1101806,0.3500000,-0.2343888,-0.0096051,0.0000000,0.0000000,0.0000000,1.2707963,-0.0000000,0.0000000,0.0000000,0.0000000,1.2707963,-0.0000000,1.0000000,1.0000000
0.0000000,0.0000000,0.9692268,0.0000000,0.0000000,0.0000000,1.0000000,0.0191925,0.0031003,-0.1093982,0.3500000,-0.2351718,0.0096271,-0.0193364,-0.0031361,-0.1101806,0.3500000,-0.2343888,-0.0096051,0.0000000,0.0000000,0.0000000,1.2707963,-0.0000000,0.0000000,0.0000000,0.0000000,1.2707963,-0.0000000,1.0000000,1.0000000
0.0000000,0.0000000,0.9692268,0.0000000,0.0000000,0.0000000,1.0000000,0.0191925,0.0031003,-0.1093982,0.3500000,-0.2351718,0.0096271,-0.0193364,-0.0031361,-0.1101806,0.3500000,-0.2343888,-0.0096051,0.0000000,0.0000000,0.0000000,1.2707963,-0.0000000,0.0000000,0.0000000,0.0000000,1.2707963,-0.0000000,1.0000000,1.0000000
0.0000000,0.0000000,0.9692268,0.0000000,0.0000000,0.0000000,1.0000000,0.0191925,0.0031003,-0.1093982,0.3500000,-0.2351718,0.0096271,-0.0193364,-0.0031361,-0.1101806,0.3500000,-0.2343888,-0.0096051,0.0000000,0.0000000,0.0000000,1.2707963,-0.0000000,0.0000000,0.0000000,0.0000000,1.2707963,-0.0000000,1.0000000,1.0000000
0.0000000,0.0000000,0.9692268,0.0000000,0.0000000,0.0000000,1.0000000,0.0191925,0.0031003,-0.1093982,0.3500000,-0.2351718,0.0096271,-0.0193364,-0.0031361,-0.1101806,0.3500000,-0.2343888,-0.0096051,0.0000000,0.0000000,0.0000000,1.2707963,-0.0000000,0.0000000,-0.0000302,0.0000000,1.2707754,-0.0000000,1.0000000,1.0000000
0.0000000,0.0000000,0.9692268,0.0000000,0.0000000,0.0000000,1.0000000,0.0191925,0.0031003,-0.1093982,0.3500000,-0.2351718,0.0096271,-0.0193364,-0.0031361,-0.1101806,0.3500000,-0.2343888,-0.0096051,0.0000000,0.0000000,0.0000000,1.2707963,-0.0000000,0.0000000,-0.0002368,0.0000000,1.2706324,-0.0000000,1.0000000,1.0000000
0.0000000,0.0000000,0.9692268,0.0000000,0.0000000,0.0000000,1.0000000,0.0191925,0.0031003,-0.1093982,0.3500000,-0.2351718,0.0096271,-0.0193364,-0.0031361,-0.1101806,0.3500000,-0.2343888,-0.0096051,0.0000000,0.0000000,0.0000000,1.2707963,-0.0000000,0.0000000,-0.0007829,0.0000000,1.2702543,-0.0000000,1.0000000,1.0000000
0.0000000,0.0000000,0.9692268,0.0000000,0.0000000,0.0000000,1.0000000,0.0191925,0.0031003,-0.1093982,0.3500000,-0.2351718,0.0096271,-0.0193364,-0.0031361,-0.1101806,0.3500000,-0.2343888,-0.0096051,0.0000000,0.0000000,0.0000000,1.2707963,-0.0000000,0.0000000,-0.0018177,0.0000000,1.2695379,-0.0000000,1.0000000,1.0000000
0.0000000,0.0000000,0.9692268,0.0000000,0.0000000,0.0000000,1.0000000,0.0191925,0.0031003,-0.1093982,0.3500000,-0.2351718,0.0096271,-0.0193364,-0.0031361,-0.1101806,0.3500000,-0.2343888,-0.0096051,0.0000000,0.0000000,0.0000000,1.2707963,-0.0000000,0.0000000,-0.0034769,0.0000000,1.2683892,-0.0000000,1.0000000,1.0000000
0.0000000,0.0000000,0.9692268,0.0000000,0.0000000,0.0000000,1.0000000,0.0191925,0.0031003,-0.1093982,0.3500000,-0.2351718,0.0096271,-0.0193364,-0.0031361,-0.1101806,0.3500000,-0.2343888,-0.0096051,0.0000000,0.0000000,0.0000000,1.2707963,-0.0000000,0.0000000,-0.0058828,0.0000000,1.2667236,-0.0000000,1.0000000,1.0000000
0.0000000,0.0000000,0.9692268,0.0000000,0.0000000,0.0000000,1.0000000,0.0191925,0.0031003,-0.1093982,0.3500000,-0.2351718,0.0096271,-0.0193364,-0.0031361,-0.1101806,0.3500000,-0.2343888,-0.0096051,0.0000000,0.0000000,0.0000000,1.2707963,-0.0000000,0.0000000,-0.0091450,0.0000000,1.2644652,-0.0000000,1.0000000,1.0000000
0.0000000,0.0000000,0.9692268,0.0000000,0.0000000,0.0000000,1.0000000,0.0191925,0.0031003,-0.1093982,0.3500000,-0.2351718,0.0096271,-0.0193364,-0.0031361,-0.1101806,0.3500000,-0.2343888,-0.0096051,0.0000000,0.0000000,0.0000000,1.2707963,-0.0000000,0.0000000,-0.0133605,0.0000000,1.2615467,-0.0000000,1.0000000,1.0000000
0.0000000,0.0000000,0.9692268,0.0000000,0.0000000,0.0000000,1.0000000,0.0191925,0.0031003,-0.1093982,0.3500000,-0.2351718,0.0096271,-0.0193364,-0.0031361,-0.1101806,0.3500000,-0.2343888,-0.0096051,0.0000000,0.0000000,0.0000000,1.2707963,-0.0000000,0.0000000,-0.0186146,0.0000000,1.2579093,-0.0000000,1.0000000,1.0000000
0.0000000,0.0000000,0.9692268,0.0000000,0.0000000,0.0000000,1.0000000,0.0191925,0.0031003,-0.1093982,0.3500000,-0.2351718,0.0096271,-0.0193364,-0.0031361,-0.1101806,0.3500000,-0.2343888,-0.0096051,0.0000000,0.0000000,0.0000000,1.2707963,-0.0000000,0.0000000,-0.0249805,0.0000000,1.2535021,-0.0000000,1.0000000,1.0000000
0.0000000,0.0000000,0.9692268,0.0000000,0.0000000,0.0000000,1.0000000,0.0191925,0.0031003,-0.1093982,0.3500000,-0.2351718,0.0096271,-0.0193364,-0.0031361,-0.1101806,0.3500000,-0.2343888,-0.0096051,0.0000000,0.0000000,0.0000000,1.2707963,-0.0000000,0.0000000,-0.0325207,0.0000000,1.2482820,-0.0000000,1.0000000,1.0000000
0.0000000,0.0000000,0.9692268,0.0000000,0.0000000,0.0000000,1.0000000,0.0191925,0.0031003,-0.1093982,0.3500000,-0.2351718,0.0096271,-0.0193364,-0.0031361,-0.1101806,0.3500000,-0.2343888,-0.0096051,0.0000000,0.0000000,0.0000000,1.2707963,-0.0000000,0.0000000,-0.0412864,0.0000000,1.2422135,-0.0000000,1.0000000,1.0000000
0.0000000,0.0000000,0.9692268,0.0000000,0.0000000,0.0000000,1.0000000,0.0191925,0.0031003,-0.1093982,0.3500000,-0.2351718,0.0096271,-0.0193364,-0.0031361,-0.1101806,0.3500000,-0.2343888,-0.0096051,0.0000000,0.0000000,0.0000000,1.2707963,-0.0000000,0.0000000,-0.0513185,0.0000000,1.2352681,-0.0000000,1.0000000,1.0000000
0.0000000,0.0000000,0.9692268,0.0000000,0.0000000,0.0000000,1.0000000,0.0191925,0.0031003,-0.1093982,0.3500000,-0.2351718,0.0096271,-0.0193364,-0.0031361,-0.1101806,0.3500000,-0.2343888,-0.0096051,0.0000000,0.0000000,0.0000000,1.2707963,-0.0000000,0.0000000,-0.0626480,0.0000000,1.2274246,-0.0000000,1.0000000,1.0000000
0.0000000,0.0000000,0.9692268,0.0000000,0.0000000,0.0000000,1.0000000,0.0191925,0.0031003,-0.1093982,0.3500000,-0.2351718,0.0096271,-0.0193364,-0.0031361,-0.1101806,0.3500000,-0.2343888,-0.0096051,0.0000000,0.0000000,0.0000000,1.2707963,-0.0000000,0.0000000,-0.0752960,0.0000000,1.2186683,-0.0000000,1.0000000,1.0000000
0.0000000,0.0000000,0.9692268,0.0000000,0.0000000,0.0000000,1.0000000,0.0191925,0.0031003,-0.1093982,0.3500000,-0.2351718,0.0096271,-0.0193364,-0.0031361,-0.1101806,0.3500000,-0.2343888,-0.0096051,0.0000000,0.0000000,0.0000000,1.2707963,-0.0000000,0.0000000,-0.0892745,0.0000000,1.2089909,-0.0000000,1.0000000,1.0000000
0.0000000,0.0000000,0.9692268,0.0000000,0.0000000,0.0000000,1.0000000,0.0191925,0.0031003,-0.1093982,0.3500000,-0.2351718,0.0096271,-0.0193364,-0.0031361,-0.1101806,0.3500000,-0.2343888,-0.0096051,0.0000000,0.0000000,0.0000000,1.2707963,-0.0000000,0.0000000,-0.1045864,0.0000000,1.1983903,-0.0000000,1.0000000,1.0000000
0.0000000,0.0000000,0.9692268,0.0000000,0.0000000,0.0000000,1.0000000,0.0191925,0.0031003,-0.1093982,0.3500000,-0.2351718,0.0096271,-0.0193364,-0.0031361,-0.1101806,0.3500000,-0.2343888,-0.0096051,0.0000000,0.0000000,0.0000000,1.2707963,-0.0000000,0.0000000,-0.1212265,0.0000000,1.1868703,-0.0000000,1.0000000,1.0000000
0.0000000,0.0000000,0.9692268,0.0000000,0.0000000,0.0000000,1.0000000,0.0191925,0.0031003,-0.1093982,0.3500000,-0.2351718,0.0096271,-0.0193364,-0.0031361,-0.1101806,0.3500000,-0.2343888,-0.0096051,0.0000000,0.0000000,0.0000000,1.2707963,-0.0000000,0.0000000,-0.1391812,0.0000000,1.1744401,-0.0000000,1.0000000,1.0000000
0.0000000,0.0000000,0.9692268,0.0000000,0.0000000,0.0000000,1.0000000,0.0191925,0.0031003,-0.1093982,0.3500000,-0.2351718,0.0096271,-0.0193364,-0.0031361,-0.1101806,0.3500000,-0.2343888,-0.0096051,0.0000000,0.0000000,0.0000000,1.2707963,-0.0000000,0.0000000,-0.1584292,0.0000000,1.1611145,-0.0000000,1.0000000,1.0000000
0.0000000,0.0000000,0.9692268,0.0000000,0.0000000,0.0000000,1.0000000,0.0191925,0.0031003,-0.1093982,0.3500000,-0.2351718,0.0096271,-0.0193364,-0.0031361,-0.1101806,0.3500000,-0.2343888,-0.0096051,0.0000000,0.0000000,0.0000000,1.2707963,-0.0000000,0.0000000,-0.1789422,0.0000000,1.1469133,-0.0000000,1.0000000,1.0000000
0.0000000,0.0000000,0.9692268,0.0000000,0.0000000,0.0000000,1.0000000,0.0191925,0.0031003,-0.1093982,0.3500000,-0.2351718,0.0096271,-0.0193364,-0.0031361,-0.1101806,0.3500000,-0.2343888,-0.0096051,0.0000000,0.0000000,0.0000000,1.2707963,-0.0000000,0.0000000,-0.2006846,0.0000000,1.1318608,-0.0000000,1.0000000,1.0000000
0.0000000,0.0000000,0.9692268,0.0000000,0.0000000,0.0000000,1.0000000,0.0191925,0.0031003,-0.1093982,0.3500000,-0.2351718,0.0096271,-0.0193364,-0.0031361,-0.1101806,0.3500000,-0.2343888,-0.0096051,0.0000000,0.0000000,0.0000000,1.2707963,-0.0000000,0.0000000,-0.2236146,0.0000000,1.1159862,-0.0000000,1.0000000,1.0000000
0.0000000,0.0000000,0.9692268,0.0000000,0.0000000,0.0000000,1.0000000,0.0191925,0.0031003,-0.1093982,0.3500000,-0.2351718,0.0096271,-0.0193364,-0.0031361,-0.1101806,0.3500000,-0.2343888,-0.0096051,0.0000000,0.0000000,0.0000000,1.2707963,-0.0000000,0.0000000,-0.2476841,0.0000000,1.0993227,-0.0000000,1.0000000,1.0000000
0.0000000,0.0000000,0.9692268,0.0000000,0.0000000,0.0000000,1.0000000,0.0191925,0.0031003,-0.1093982,0.3500000,-0.2351718,0.0096271,-0.0193364,-0.0031361,-0.1101806,0.3500000,-0.2343888,-0.0096051,0.0000000,0.0000000,0.0000000,1.2707963,-0.0000000,0.0000000,-0.2728395,0.0000000,1.0819074,-0.0000000,1.0000000,1.0000000
0.0000000,0.0000000,0.9692268,0.0000000,0.0000000,0.0000000,1.0000000,0.0191925,0.0031003,-0.1093982,0.3500000,-0.2351718,0.0096271,-0.0193364,-0.0031361,-0.1101806,0.3500000,-0.2343888,-0.0096051,0.0000000,0.0000000,0.0000000,1.2707963,-0.0000000,0.0000000,-0.2990216,0.0000000,1.0637814,-0.0000000,1.0000000,1.0000000
0.0000000,0.0000000,0.9692268,0.0000000,0.0000000,0.0000000,1.0000000,0.0191925,0.0031003,-0.1093982,0.3500000,-0.2351718,0.0096271,-0.0193364,-0.0031361,-0.1101806,0.3500000,-0.2343888,-0.0096051,0.0000000,0.0000000,0.0000000,1.2707963,-0.0000000,0.0000000,-0.3261665,0.0000000,1.0449888,-0.0000000,1.0000000,1.0000000
0.0000000,0.0000000,0.9692268,0.0000000,0.0000000,0.0000000,1.0000000,0.0191925,0.0031003,-0.1093982,0.3500000,-0.2351718,0.0096271,-0.0193364,-0.0031361,-0.1101806,0.3500000,-0.2343888,-0.0096051,0.0000000,0.0000000,0.0000000,1.2707963,-0.0000000,0.0000000,-0.3542056,0.0000000,1.0255771,-0.0000000,1.0000000,1.0000000
0.0000000,0.0000000,0.9692268,0.0000000,0.0000000,0.0000000,1.0000000,0.0191925,0.0031003,-0.1093982,0.3500000,-0.2351718,0.0096271,-0.0193364,-0.0031361,-0.1101806,0.3500000,-0.2343888,-0.0096051,0.0000000,0.0000000,0.0000000,1.2707963,-0.0000000,0.0000000,-0.3830662,0.0000000,1.0055966,-0.0000000,1.0000000,1.0000000
0.0000000,0.0000000,0.9692268,0.0000000,0.0000000,0.0000000,1.0000000,0.0191925,0.0031003,-0.1093982,0.3500000,-0.2351718,0.0096271,-0.0193364,-0.0031361,-0.1101806,0.3500000,-0.2343888,-0.0096051,0.0000000,0.0000000,0.0000000,1.2707963,-0.0000000,0.0000000,-0.4126720,0.0000000,0.9851003,-0.0000000,1.0000000,1.0000000
0.0000000,0.0000000,0.9692268,0.0000000,0.0000000,0.0000000,1.0000000,0.0191925,0.0031003,-0.1093982,0.3500000,-0.2351718,0.0096271,-0.0193364,-0.0031361,-0.1101806,0.3500000,-0.2343888,-0.0096051,0.0000000,0.0000000,0.0000000,1.2707963,-0.0000000,0.0000000,-0.4429431,0.0000000,0.9641434,-0.0000000,1.0000000,1.0000000
0.0000000,0.0000000,0.9692268,0.0000000,0.0000000,0.0000000,1.0000000,0.0191925,0.0031003,-0.1093982,0.3500000,-0.2351718,0.0096271,-0.0193364,-0.0031361,-0.1101806,0.3500000,-0.2343888,-0.0096051,0.0000000,0.0000000,0.0000000,1.2707963,-0.0000000,0.0000000,-0.4737969,0.0000000,0.9427831,-0.0000000,1.0000000,1.0000000
0.0000000,0.0000000,0.9692268,0.0000000,0.0000000,0.0000000,1.0000000,0.0191925,0.0031003,-0.1093982,0.3500000,-0.2351718,0.0096271,-0.0193364,-0.0031361,-0.1101806,0.3500000,-0.2343888,-0.0096051,0.0000000,0.0000000,0.0000000,1.2707963,-0.0000000,0.0000000,-0.5051479,0.0000000,0.9210785,-0.0000000,1.0000000,1.0000000
0.0000000,0.0000000,0.9692268,0.0000000,0.0000000,0.0000000,1.0000000,0.0191925,0.0031003,-0.1093982,0.3500000,-0.2351718,0.0096271,-0.0193364,-0.0031361,-0.1101806,0.3500000,-0.2343888,-0.0096051,0.0000000,0.0000000,0.0000000,1.2707963,-0.0000000,0.0000000,-0.5369089,0.0000000,0.8990902,-0.0000000,1.0000000,1.0000000
0.0000000,0.0000000,0.9692268,0.0000000,0.0000000,0.0000000,1.0000000,0.0191925,0.0031003,-0.1093982,0.3500000,-0.2351718,0.0096271,-0.0193364,-0.0031361,-0.1101806,0.3500000,-0.2343888,-0.0096051,0.0000000,0.0000000,0.0000000,1.2707963,-0.0000000,0.0000000,-0.5689904,0.0000000,0.8768799,-0.0000000,1.0000000,1.0000000
0.0000000,0.0000000,0.9692268,0.0000000,0.0000000,0.0000000,1.0000000,0.0191925,0.0031003,-0.1093982,0.3500000,-0.2351718,0.0096271,-0.0193364,-0.0031361,-0.1101806,0.3500000,-0.2343888,-0.0096051,0.0000000,0.0000000,0.0000000,1.2707963,-0.0000000,0.0000000,-0.6013020,0.0000000,0.8545103,-0.0000000,1.0000000,1.0000000
0.0000000,0.0000000,0.9692268,0.0000000,0.0000000,0.0000000,1.0000000,0.0191925,0.0031003,-0.1093982,0.3500000,-0.2351718,0.0096271,-0.0193364,-0.0031361,-0.1101806,0.3500000,-0.2343888,-0.0096051,0.0000000,0.0000000,0.0000000,1.2707963,-0.0000000,0.0000000,-0.6337519,0.0000000,0.8320450,-0.0000000,1.0000000,1.0000000
0.0000000,0.0000000,0.9692268,0.0000000,0.0000000,0.0000000,1.0000000,0.0191925,0.0031003,-0.1093982,0.3500000,-0.2351718,0.0096271,-0.0193364,-0.0031361,-0.1101806,0.3500000,-0.2343888,-0.0096051,0.0000000,0.0000000,0.0000000,1.2707963,-0.0000000,0.0000000,-0.6662481,0.0000000,0.8095477,-0.0000000,1.0000000,1.0000000
0.0000000,0.0000000,0.9692268,0.0000000,0.0000000,0.0000000,1.0000000,0.0191925,0.0031003,-0.1093982,0.3500000,-0.2351718,0.0096271,-0.0193364,-0.0031361,-0.1101806,0.3500000,-0.2343888,-0.0096051,0.0000000,0.0000000,0.0000000,1.2707963,-0.0000000,0.0000000,-0.6986980,0.0000000,0.7870823,-0.0000000,1.0000000,1.0000000
0.0000000,0.0000000,0.9692268,0.0000000,0.0000000,0.0000000,1.0000000,0.0191925,0.0031003,-0.1093982,0.3500000,-0.2351718,0.0096271,-0.0193364,-0.0031361,-0.1101806,0.3500000,-0.2343888,-0.0096051,0.0000000,0.0000000,0.0000000,1.2707963,-0.0000000,0.0000000,-0.7310096,0.0000000,0.7647128,-0.0000000,1.0000000,1.0000000
0.0000000,0.0000000,0.9692268,0.0000000,0.0000000,0.0000000,1.0000000,0.0191925,0.0031003,-0.1093982,0.3500000,-0.2351718,0.0096271,-0.0193364,-0.0031361,-0.1101806,0.3500000,-0.2343888,-0.0096051,0.0000000,0.0000000,0.0000000,1.2707963,-0.0000000,0.0000000,-0.7630911,0.0000000,0.7425025,-0.0000000,1.0000000,1.0000000
0.0000000,0.0000000,0.9692268,0.0000000,0.0000000,0.0000000,1.0000000,0.0191925,0.0031003,-0.1093982,0.3500000,-0.2351718,0.0096271,-0.0193364,-0.0031361,-0.1101806,0.3500000,-0.2343888,-0.0096051,0.0000000,0.0000000,0.0000000,1.2707963,-0.0000000,0.0000000,-0.7948521,0.0000000,0.7205141,-0.0000000,1.0000000,1.0000000
0.0000000,0.0000000,0.9692268,0.0000000,0.0000000,0.0000000,1.0000000,0.0191925,0.0031003,-0.1093982,0.3500000,-0.2351718,0.0096271,-0.0193364,-0.0031361,-0.1101806,0.3500000,-0.2343888,-0.0096051,0.0000000,0.0000000,0.0000000,1.2707963,-0.0000000,0.0000000,-0.8262031,0.0000000,0.6988095,-0.0000000,1.0000000,1.0000000
0.0000000,0.0000000,0.9692268,0.0000000,0.0000000,0.0000000,1.0000000,0.0191925,0.0031003,-0.1093982,0.3500000,-0.2351718,0.0096271,-0.0193364,-0.0031361,-0.1101806,0.3500000,-0.2343888,-0.0096051,0.0000000,0.0000000,0.0000000,1.2707963,-0.0000000,0.0000000,-0.8570569,0.0000000,0.6774493,-0.0000000,1.0000000,1.0000000
0.0000000,0.0000000,0.9692268,0.0000000,0.0000000,0.0000000,1.0000000,0.0191925,0.0031003,-0.1093982,0.3500000,-0.2351718,0.0096271,-0.0193364,-0.0031361,-0.1101806,0.3500000,-0.2343888,-0.0096051,0.0000000,0.0000000,0.0000000,1.2707963,-0.0000000,0.0000000,-0.8873280,0.0000000,0.6564923,-0.0000000,1.0000000,1.0000000
0.0000000,0.0000000,0.9692268,0.0000000,0.0000000,0.0000000,1.0000000,0.0191925,0.0031003,-0.1093982,0.3500000,-0.2351718,0.0096271,-0.0193364,-0.0031361,-0.1101806,0.3500000,-0.2343888,-0.0096051,0.0000000,0.0000000,0.0000000,1.2707963,-0.0000000,0.0000000,-0.9169338,0.0000000,0.6359960,-0.0000000,1.0000000,1.0000000
0.0000000,0.0000000,0.9692268,0.0000000,0.0000000,0.0000000,1.0000000,0.0191925,0.0031003,-0.1093982,0.3500000,-0.2351718,0.0096271,-0.0193364,-0.0031361,-0.1101806,0.3500000,-0.2343888,-0.0096051,0.0000000,0.0000000,0.0000000,1.2707963,-0.0000000,0.0000000,-0.9457944,0.0000000,0.6160156,-0.0000000,1.0000000,1.0000000
0.0000000,0.0000000,0.9692268,0.0000000,0.0000000,0.0000000,1.0000000,0.0191925,0.0031003,-0.1093982,0.3500000,-0.2351718,0.0096271,-0.0193364,-0.0031361,-0.1101806,0.3500000,-0.2343888,-0.0096051,0.0000000,0.0000000,0.0000000,1.2707963,-0.0000000,0.0000000,-0.9738335,0.0000000,0.5966039,-0.0000000,1.0000000,1.0000000
0.0000000,0.0000000,0.9692268,0.0000000,0.0000000,0.0000000,1.0000000,0.0191925,0.0031003,-0.1093982,0.3500000,-0.2351718,0.0096271,-0.0193364,-0.0031361,-0.1101806,0.3500000,-0.2343888,-0.0096051,0.0000000,0.0000000,0.0000000,1.2707963,-0.0000000,0.0000000,-1.0009784,0.0000000,0.5778113,-0.0000000,1.0000000,1.0000000
0.0000000,0.0000000,0.9692268,0.0000000,0.0000000,0.0000000,1.0000000,0.0191925,0.0031003,-0.1093982,0.3500000,-0.2351718,0.0096271,-0.0193364,-0.0031361,-0.1101806,0.3500000,-0.2343888,-0.0096051,0.0000000,0.0000000,0.0000000,1.2707963,-0.0000000,0.0000000,-1.0271605,0.0000000,0.5596852,-0.0000000,1.0000000,1.0000000
0.0000000,0.0000000,0.9692268,0.0000000,0.0000000,0.0000000,1.0000000,0.0191925,0.0031003,-0.1093982,0.3500000,-0.2351718,0.0096271,-0.0193364,-0.0031361,-0.1101806,0.3500000,-0.2343888,-0.0096051,0.0000000,0.0000000,0.0000000,1.2707963,-0.0000000,0.0000000,-1.0523159,0.0000000,0.5422700,-0.0000000,1.0000000,1.0000000
0.0000000,0.0000000,0.9692268,0.0000000,0.0000000,0.0000000,1.0000000,0.0191925,0.0031003,-0.1093982,0.3500000,-0.2351718,0.0096271,-0.0193364,-0.0031361,-0.1101806,0.3500000,-0.2343888,-0.0096051,0.0000000,0.0000000,0.0000000,1.2707963,-0.0000000,0.0000000,-1.0763854,0.0000000,0.5256064,-0.0000000,1.0000000,1.0000000
0.0000000,0.0000000,0.9692268,0.0000000,0.0000000,0.0000000,1.0000000,0.0191925,0.0031003,-0.1093982,0.3500000,-0.2351718,0.0096271,-0.0193364,-0.0031361,-0.1101806,0.3500000,-0.2343888,-0.0096051,0.0000000,0.0000000,0.0000000,1.2707963,-0.0000000,0.0000000,-1.0993154,0.0000000,0.5097318,-0.0000000,1.0000000,1.0000000
0.0000000,0.0000000,0.9692268,0.0000000,0.0000000,0.0000000,1.0000000,0.0191925,0.0031003,-0.1093982,0.3500000,-0.2351718,0.0096271,-0.0193364,-0.0031361,-0.1101806,0.3500000,-0.2343888,-0.0096051,0.0000000,0.0000000,0.0000000,1.2707963,-0.0000000,0.0000000,-1.1210578,0.0000000,0.4946794,-0.0000000,1.0000000,1.0000000
0.0000000,0.0000000,0.9692268,0.0000000,0.0000000,0.0000000,1.0000000,0.0191925,0.0031003,-0.1093982,0.3500000,-0.2351718,0.0096271,-0.0193364,-0.0031361,-0.1101806,0.3500000,-0.2343888,-0.0096051,0.0000000,0.0000000,0.0000000,1.2707963,-0.0000000,0.0000000,-1.1415708,0.0000000,0.4804781,-0.0000000,1.0000000,1.0000000
0.0000000,0.0000000,0.9692268,0.0000000,0.0000000,0.0000000,1.0000000,0.0191925,0.0031003,-0.1093982,0.3500000,-0.2351718,0.0096271,-0.0193364,-0.0031361,-0.1101806,0.3500000,-0.2343888,-0.0096051,0.0000000,0.0000000,0.0000000,1.2707963,-0.0000000,0.0000000,-1.1608188,0.0000000,0.4671525,-0.0000000,1.0000000,1.0000000
0.0000000,0.0000000,0.9692268,0.0000000,0.0000000,0.0000000,1.0000000,0.0191925,0.0031003,-0.1093982,0.3500000,-0.2351718,0.0096271,-0.0193364,-0.0031361,-0.1101806,0.3500000,-0.2343888,-0.0096051,0.0000000,0.0000000,0.0000000,1.2707963,-0.0000000,0.0000000,-1.1787735,0.0000000,0.4547224,-0.0000000,1.0000000,1.0000000
0.0000000,0.0000000,0.9692268,0.0000000,0.0000000,0.0000000,1.0000000,0.0191925,0.0031003,-0.1093982,0.3500000,-0.2351718,0.0096271,-0.0193364,-0.0031361,-0.1101806,0.3500000,-0.2343888,-0.0096051,0.0000000,0.0000000,0.0000000,1.2707963,-0.0000000,0.0000000,-1.1954136,0.0000000,0.4432023,-0.0000000,1.0000000,1.0000000
0.0000000,0.0000000,0.9692268,0.0000000,0.0000000,0.0000000,1.0000000,0.0191925,0.0031003,-0.1093982,0.3500000,-0.2351718,0.0096271,-0.0193364,-0.0031361,-0.1101806,0.3500000,-0.2343888,-0.0096051,0.0000000,0.0000000,0.0000000,1.2707963,-0.0000000,0.0000000,-1.2107255,0.0000000,0.4326017,-0.0000000,1.0000000,1.0000000
0.0000000,0.0000000,0.9692268,0.0000000,0.0000000,0.0000000,1.0000000,0.0191925,0.0031003,-0.1093982,0.3500000,-0.2351718,0.0096271,-0.0193364,-0.0031361,-0.1101806,0.3500000,-0.2343888,-0.0096051,0.0000000,0.0000000,0.0000000,1.2707963,-0.0000000,0.0000000,-1.2247040,0.0000000,0.4229243,-0.0000000,1.0000000,1.0000000
0.0000000,0.0000000,0.9692268,0.0000000,0.0000000,0.0000000,1.0000000,0.0191925,0.0031003,-0.1093982,0.3500000,-0.2351718,0.0096271,-0.0193364,-0.0031361,-0.1101806,0.3500000,-0.2343888,-0.0096051,0.0000000,0.0000000,0.0000000,1.2707963,-0.0000000,0.0000000,-1.2373520,0.0000000,0.4141680,-0.0000000,1.0000000,1.0000000
0.0000000,0.0000000,0.9692268,0.0000000,0.0000000,0.0000000,1.0000000,0.0191925,0.0031003,-0.1093982,0.3500000,-0.2351718,0.0096271,-0.0193364,-0.0031361,-0.1101806,0.3500000,-0.2343888,-0.0096051,0.0000000,0.0000000,0.0000000,1.2707963,-0.0000000,0.0000000,-1.2486815,0.0000000,0.4063245,-0.0000000,1.0000000,1.0000000
0.0000000,0.0000000,0.9692268,0.0000000,0.0000000,0.0000000,1.0000000,0.0191925,0.0031003,-0.1093982,0.3500000,-0.2351718,0.0096271,-0.0193364,-0.0031361,-0.1101806,0.3500000,-0.2343888,-0.0096051,0.0000000,0.0000000,0.0000000,1.2707963,-0.0000000,0.0000000,-1.2587136,0.0000000,0.3993792,-0.0000000,1.0000000,1.0000000
0.0000000,0.0000000,0.9692268,0.0000000,0.0000000,0.0000000,1.0000000,0.0191925,0.0031003,-0.1093982,0.3500000,-0.2351718,0.0096271,-0.0193364,-0.0031361,-0.1101806,0.3500000,-0.2343888,-0.0096051,0.0000000,0.0000000,0.0000000,1.2707963,-0.0000000,0.0000000,-1.2674793,0.0000000,0.3933106,-0.0000000,1.0000000,1.0000000
0.0000000,0.0000000,0.9692268,0.0000000,0.0000000,0.0000000,1.0000000,0.0191925,0.0031003,-0.1093982,0.3500000,-0.2351718,0.0096271,-0.0193364,-0.0031361,-0.1101806,0.3500000,-0.2343888,-0.0096051,0.0000000,0.0000000,0.0000000,1.2707963,-0.0000000,0.0000000,-1.2750195,0.0000000,0.3880905,-0.0000000,1.0000000,1.0000000
0.0000000,0.0000000,0.9692268,0.0000000,0.0000000,0.0000000,1.0000000,0.0191925,0.0031003,-0.1093982,0.3500000,-0.2351718,0.0096271,-0.0193364,-0.0031361,-0.1101806,0.3500000,-0.2343888,-0.0096051,0.0000000,0.0000000,0.0000000,1.2707963,-0.0000000,0.0000000,-1.2813854,0.0000000,0.3836833,-0.0000000,1.0000000,1.0000000
0.0000000,0.0000000,0.9692268,0.0000000,0.0000000,0.0000000,1.0000000,0.0191925,0.0031003,-0.1093982,0.3500000,-0.2351718,0.0096271,-0.0193364,-0.0031361,-0.1101806,0.3500000,-0.2343888,-0.0096051,0.0000000,0.0000000,0.0000000,1.2707963,-0.0000000,0.0000000,-1.2866395,0.0000000,0.3800459,-0.0000000,1.0000000,1.0000000
0.0000000,0.0000000,0.9692268,0.0000000,0.0000000,0.0000000,1.0000000,0.0191925,0.0031003,-0.1093982,0.3500000,-0.2351718,0.0096271,-0.0193364,-0.0031361,-0.1101806,0.3500000,-0.2343888,-0.0096051,0.0000000,0.0000000,0.0000000,1.2707963,-0.0000000,0.0000000,-1.2908550,0.0000000,0.3771275,-0.0000000,1.0000000,1.0000000
0.0000000,0.0000000,0.9692268,0.0000000,0.0000000,0.0000000,1.0000000,0.0191925,0.0031003,-0.1093982,0.3500000,-0.2351718,0.0096271,-0.0193364,-0.0031361,-0.1101806,0.3500000,-0.2343888,-0.0096051,0.0000000,0.0000000,0.0000000,1.2707963,-0.0000000,0.0000000,-1.2941172,0.0000000,0.3748691,-0.0000000,1.0000000,1.0000000
0.0000000,0.0000000,0.9692268,0.0000000,0.0000000,0.0000000,1.0000000,0.0191925,0.0031003,-0.1093982,0.3500000,-0.2351718,0.0096271,-0.0193364,-0.0031361,-0.1101806,0.3500000,-0.2343888,-0.0096051,0.0000000,0.0000000,0.0000000,1.2707963,-0.0000000,0.0000000,-1.2965231,0.0000000,0.3732034,-0.0000000,1.0000000,1.0000000
0.0000000,0.0000000,0.9692268,0.0000000,0.0000000,0.0000000,1.0000000,0.0191925,0.0031003,-0.1093982,0.3500000,-0.2351718,0.0096271,-0.0193364,-0.0031361,-0.1101806,0.3500000,-0.2343888,-0.0096051,0.0000000,0.0000000,0.0000000,1.2707963,-0.0000000,0.0000000,-1.2981823,0.0000000,0.3720548,-0.0000000,1.0000000,1.0000000
0.0000000,0.0000000,0.9692268,0.0000000,0.0000000,0.0000000,1.0000000,0.0191925,0.0031003,-0.1093982,0.3500000,-0.2351718,0.0096271,-0.0193364,-0.0031361,-0.1101806,0.3500000,-0.2343888,-0.0096051,0.0000000,0.0000000,0.0000000,1.2707963,-0.0000000,0.0000000,-1.2992171,0.0000000,0.3713383,-0.0000000,1.0000000,1.0000000
0.0000000,0.0000000,0.9692268,0.0000000,0.0000000,0.0000000,1.0000000,0.0191925,0.0031003,-0.1093982,0.3500000,-0.2351718,0.0096271,-0.0193364,-0.0031361,-0.1101806,0.3500000,-0.2343888,-0.0096051,0.0000000,0.0000000,0.0000000,1.2707963,-0.0000000,0.0000000,-1.2997632,0.0000000,0.3709602,-0.0000000,1.0000000,1.0000000
0.0000000,0.0000000,0.9692268,0.0000000,0.0000000,0.0000000,1.0000000,0.0191925,0.0031003,-0.1093982,0.3500000,-0.2351718,0.0096271,-0.0193364,-0.0031361,-0.1101806,0.3500000,-0.2343888,-0.0096051,0.0000000,0.0000000,0.0000000,1.2707963,-0.0000000,0.0000000,-1.2999698,0.0000000,0.3708172,-0.0000000,1.0000000,1.0000000
0.0000000,0.0000000,0.9692268,0.0000000,0.0000000,0.0000000,1.0000000,0.0191925,0.0031003,-0.1093982,0.3500000,-0.2351718,0.0096271,-0.0193364,-0.0031361,-0.1101806,0.3500000,-0.2343888,-0.0096051,0.0000000,0.0000000,0.0000000,1.2707963,-0.0000000,0.0000000,-1.3000000,0.0000000,0.3707963,-0.0000000,1.0000000,1.0000000
0.0000000,0.0000000,0.9692268,0.0000000,0.0000000,0.0000000,1.0000000,0.0191925,0.0031003,-0.1093982,0.3500000,-0.2351718,0.0096271,-0.0193364,-0.0031361,-0.1101806,0.3500000,-0.2343888,-0.0096051,0.0000000,0.0000000,0.0000000,1.2707963,-0.0000000,0.0000000,-1.3000000,0.0000317,0.3707963,-0.0000000,1.0000000,1.0000000
0.0000000,0.0000000,0.9692268,0.0000000,0.0000000,0.0000000,1.0000000,0.0191925,0.0031003,-0.1093982,0.3500000,-0.2351718,0.0096271,-0.0193364,-0.0031361,-0.1101806,0.3500000,-0.2343888,-0.0096051,0.0000000,0.0000000,0.0000000,1.2707963,-0.0000000,0.0000000,-1.3000000,0.0004705,0.3707963,-0.0000000,1.0000000,1.0000000
0.0000000,0.0000000,0.9692268,0.0000000,0.0000000,0.0000000,1.0000000,0.0191925,0.0031003,-0.1093982,0.3500000,-0.2351718,0.0096271,-0.0193364,-0.0031361,-0.1101806,0.3500000,-0.2343888,-0.0096051,0.0000000,0.0000000,0.0000000,1.2707963,-0.0000000,0.0000000,-1.3000000,0.0021907,0.3707963,-0.0000000,1.0000000,1.0000000
0.0000000,0.0000000,0.9692268,0.0000000,0.0000000,0.0000000,1.0000000,0.0191925,0.0031003,-0.1093982,0.3500000,-0.2351718,0.0096271,-0.0193364,-0.0031361,-0.1101806,0.3500000,-0.2343888,-0.0096051,0.0000000,0.0000000,0.0000000,1.2707963,-0.0000000,0.0000000,-1.3000000,0.0063055,0.3707963,-0.0000000,1.0000000,1.0000000
0.0000000,0.0000000,0.9692268,0.0000000,0.0000000,0.0000000,1.0000000,0.0191925,0.0031003,-0.1093982,0.3500000,-0.2351718,0.0096271,-0.0193364,-0.0031361,-0.1101806,0.3500000,-0.2343888,-0.0096051,0.0000000,0.0000000,0.0000000,1.2707963,-0.0000000,0.0000000,-1.3000000,0.0138771,0.3707963,-0.0000000,1.0000000,1.0000000
0.0000000,0.0000000,0.9692268,0.0000000,0.0000000,0.0000000,1.0000000,0.0191925,0.0031003,-0.1093982,0.3500000,-0.2351718,0.0096271,-0.0193364,-0.0031361,-0.1101806,0.3500000,-0.2343888,-0.0096051,0.0000000,0.0000000,0.0000000,1.2707963,-0.0000000,0.0000000,-1.3000000,0.0256628,0.3707963,-0.0000000,1.0000000,1.0000000
0.0000000,0.0000000,0.9692268,0.0000000,0.0000000,0.0000000,1.0000000,0.0191925,0.0031003,-0.1093982,0.3500000,-0.2351718,0.0096271,-0.0193364,-0.0031361,-0.1101806,0.3500000,-0.2343888,-0.0096051,0.0000000,0.0000000,0.0000000,1.2707963,-0.0000000,0.0000000,-1.3000000,0.0419226,0.3707963,-0.0000000,1.0000000,1.0000000
0.0000000,0.0000000,0.9692268,0.0000000,0.0000000,0.0000000,1.0000000,0.0191925,0.0031003,-0.1093982,0.3500000,-0.2351718,0.0096271,-0.0193364,-0.0031361,-0.1101806,0.3500000,-0.2343888,-0.0096051,0.0000000,0.0000000,0.0000000,1.2707963,-0.0000000,0.0000000,-1.3000000,0.0623050,0.3707963,-0.0000000,1.0000000,1.0000000
0.0000000,0.0000000,0.9692268,0.0000000,0.0000000,0.0000000,1.0000000,0.0191925,0.0031003,-0.1093982,0.3500000,-0.2351718,0.0096271,-0.0193364,-0.0031361,-0.1101806,0.3500000,-0.2343888,-0.0096051,0.0000000,0.0000000,0.0000000,1.2707963,-0.0000000,0.0000000,-1.3000000,0.0858179,0.3707963,-0.0000000,1.0000000,1.0000000
0.0000000,0.0000000,0.9692268,0.0000000,0.0000000,0.0000000,1.0000000,0.0191925,0.0031003,-0.1093982,0.3500000,-0.2351718,0.0096271,-0.0193364,-0.0031361,-0.1101806,0.3500000,-0.2343888,-0.0096051,0.0000000,0.0000000,0.0000000,1.2707963,-0.0000000,0.0000000,-1.3000000,0.1108848,0.3707963,-0.0000000,1.0000000,1.0000000
0.0000000,0.0000000,0.9692268,0.0000000,0.0000000,0.0000000,1.0000000,0.0191925,0.0031003,-0.1093982,0.3500000,-0.2351718,0.0096271,-0.0193364,-0.0031361,-0.1101806,0.3500000,-0.2343888,-0.0096051,0.0000000,0.0000000,0.0000000,1.2707963,-0.0000000,0.0000000,-1.3000000,0.1354755,0.3707963,-0.0000000,1.0000000,1.0000000
0.0000000,0.0000000,0.9692268,0.0000000,0.0000000,0.0000000,1.0000000,0.0191925,0.0031003,-0.1093982,0.3500000,-0.2351718,0.0096271,-0.0193364,-0.0031361,-0.1101806,0.3500000,-0.2343888,-0.0096051,0.0000000,0.0000000,0.0000000,1.2707963,-0.0000000,0.0000000,-1.3000000,0.1572965,0.3707963,-0.0000000,1.0000000,1.0000000
0.0000000,0.0000000,0.9692268,0.0000000,0.0000000,0.0000000,1.0000000,0.0191925,0.0031003,-0.1093982,0.3500000,-0.2351718,0.0096271,-0.0193364,-0.0031361,-0.1101806,0.3500000,-0.2343888,-0.0096051,0.0000000,0.0000000,0.0000000,1.2707963,-0.0000000,0.0000000,-1.3000000,0.1740172,0.3707963,-0.0000000,1.0000000,1.0000000
0.0000000,0.0000000,0.9692268,0.0000000,0.0000000,0.0000000,1.0000000,0.0191925,0.0031003,-0.1093982,0.3500000,-0.2351718,0.0096271,-0.0193364,-0.0031361,-0.1101806,0.3500000,-0.2343888,-0.0096051,0.0000000,0.0000000,0.0000000,1.2707963,-0.0000000,0.0000000,-1.3000000,0.1835095,0.3707963,-0.0000000,1.0000000,1.0000000
0.0000000,0.0000000,0.9692268,0.0000000,0.0000000,0.0000000,1.0000000,0.0191925,0.0031003,-0.1093982,0.3500000,-0.2351718,0.0096271,-0.0193364,-0.0031361,-0.1101806,0.3500000,-0.2343888,-0.0096051,0.0000000,0.0000000,0.0000000,1.2707963,-0.0000000,0.0000000,-1.3000000,0.1840725,0.3707963,-0.0000000,1.0000000,1.0000000
0.0000000,0.0000000,0.9692268,0.0000000,0.0000000,0.0000000,1.0000000,0.0191925,0.0031003,-0.1093982,0.3500000,-0.2351718,0.0096271,-0.0193364,-0.0031361,-0.1101806,0.3500000,-0.2343888,-0.0096051,0.0000000,0.0000000,0.0000000,1.2707963,-0.0000000,0.0000000,-1.3000000,0.1746189,0.3707963,-0.0000000,1.0000000,1.0000000
0.0000000,0.0000000,0.9692268,0.0000000,0.0000000,0.0000000,1.0000000,0.0191925,0.0031003,-0.1093982,0.3500000,-0.2351718,0.0096271,-0.0193364,-0.0031361,-0.1101806,0.3500000,-0.2343888,-0.0096051,0.0000000,0.0000000,0.0000000,1.2707963,-0.0000000,0.0000000,-1.3000000,0.1548022,0.3707963,-0.0000000,1.0000000,1.0000000
0.0000000,0.0000000,0.9692268,0.0000000,0.0000000,0.0000000,1.0000000,0.0191925,0.0031003,-0.1093982,0.3500000,-0.2351718,0.0096271,-0.0193364,-0.0031361,-0.1101806,0.3500000,-0.2343888,-0.0096051,0.0000000,0.0000000,0.0000000,1.2707963,-0.0000000,0.0000000,-1.3000000,0.1250682,0.3707963,-0.0000000,1.0000000,1.0000000
0.0000000,0.0000000,0.9692268,0.0000000,0.0000000,0.0000000,1.0000000,0.0191925,0.0031003,-0.1093982,0.3500000,-0.2351718,0.0096271,-0.0193364,-0.0031361,-0.1101806,0.3500000,-0.2343888,-0.0096051,0.0000000,0.0000000,0.0000000,1.2707963,-0.0000000,0.0000000,-1.3000000,0.0866246,0.3707963,-0.0000000,1.0000000,1.0000000
0.0000000,0.0000000,0.9692268,0.0000000,0.0000000,0.0000000,1.0000000,0.0191925,0.0031003,-0.1093982,0.3500000,-0.2351718,0.0096271,-0.0193364,-0.0031361,-0.1101806,0.3500000,-0.2343888,-0.0096051,0.0000000,0.0000000,0.0000000,1.2707963,-0.0000000,0.0000000,-1.3000000,0.0413259,0.3707963,-0.0000000,1.0000000,1.0000000
0.0000000,0.0000000,0.9692268,0.0000000,0.0000000,0.0000000,1.0000000,0.0191925,0.0031003,-0.1093982,0.3500000,-0.2351718,0.0096271,-0.0193364,-0.0031361,-0.1101806,0.3500000,-0.2343888,-0.0096051,0.0000000,0.0000000,0.0000000,1.2707963,-0.0000000,0.0000000,-1.3000000,-0.0085162,0.3707963,-0.0000000,1.0000000,1.0000000
0.0000000,0.0000000,0.9692268,0.0000000,0.0000000,0.0000000,1.0000000,0.0191925,0.0031003,-0.1093982,0.3500000,-0.2351718,0.0096271,-0.0193364,-0.0031361,-0.1101806,0.3500000,-0.2343888,-0.0096051,0.0000000,0.0000000,0.0000000,1.2707963,-0.0000000,0.0000000,-1.3000000,-0.0603809,0.3707963,-0.0000000,1.0000000,1.0000000
0.0000000,0.0000000,0.9692268,0.0000000,0.0000000,0.0000000,1.0000000,0.0191925,0.0031003,-0.1093982,0.3500000,-0.2351718,0.0096271,-0.0193364,-0.0031361,-0.1101806,0.3500000,-0.2343888,-0.0096051,0.0000000,0.0000000,0.0000000,1.2707963,-0.0000000,0.0000000,-1.3000000,-0.1118219,0.3707963,-0.0000000,1.0000000,1.0000000
0.0000000,0.0000000,0.9692268,0.0000000,0.0000000,0.0000000,1.0000000,0.0191925,0.0031003,-0.1093982,0.3500000,-0.2351718,0.0096271,-0.0193364,-0.0031361,-0.1101806,0.3500000,-0.2343888,-0.0096051,0.0000000,0.0000000,0.0000000,1.2707963,-0.0000000,0.0000000,-1.3000000,-0.1607561,0.3707963,-0.0000000,1.0000000,1.0000000
0.0000000,0.0000000,0.9692268,0.0000000,0.0000000,0.0000000,1.0000000,0.0191925,0.0031003,-0.1093982,0.3500000,-0.2351718,0.0096271,-0.0193364,-0.0031361,-0.1101806,0.3500000,-0.2343888,-0.0096051,0.0000000,0.0000000,0.0000000,1.2707963,-0.0000000,0.0000000,-1.3000000,-0.2057248,0.3707963,-0.0000000,1.0000000,1.0000000
0.0000000,0.0000000,0.9692268,0.0000000,0.0000000,0.0000000,1.0000000,0.0191925,0.0031003,-0.1093982,0.3500000,-0.2351718,0.0096271,-0.0193364,-0.0031361,-0.1101806,0.3500000,-0.2343888,-0.0096051,0.0000000,0.0000000,0.0000000,1.2707963,-0.0000000,0.0000000,-1.3000000,-0.2459275,0.3707963,-0.0000000,1.0000000,1.0000000
0.0000000,0.0000000,0.9692268,0.0000000,0.0000000,0.0000000,1.0000000,0.0191925,0.0031003,-0.1093982,0.3500000,-0.2351718,0.0096271,-0.0193364,-0.0031361,-0.1101806,0.3500000,-0.2343888,-0.0096051,0.0000000,0.0000000,0.0000000,1.2707963,-0.0000000,0.0000000,-1.3000000,-0.2805484,0.3707963,-0.0000000,1.0000000,1.0000000
0.0000000,0.0000000,0.9692268,0.0000000,0.0000000,0.0000000,1.0000000,0.0191925,0.0031003,-0.1093982,0.3500000,-0.2351718,0.0096271,-0.0193364,-0.0031361,-0.1101806,0.3500000,-0.2343888,-0.0096051,0.0000000,0.0000000,0.0000000,1.2707963,-0.0000000,0.0000000,-1.3000000,-0.3088019,0.3707963,-0.0000000,1.0000000,1.0000000
0.0000000,0.0000000,0.9692268,0.0000000,0.0000000,0.0000000,1.0000000,0.0191925,0.0031003,-0.1093982,0.3500000,-0.2351718,0.0096271,-0.0193364,-0.0031361,-0.1101806,0.3500000,-0.2343888,-0.0096051,0.0000000,0.0000000,0.0000000,1.2707963,-0.0000000,0.0000000,-1.3000000,-0.3300467,0.3707963,-0.0000000,1.0000000,1.0000000
0.0000000,0.0000000,0.9692268,0.0000000,0.0000000,0.0000000,1.0000000,0.0191925,0.0031003,-0.1093982,0.3500000,-0.2351718,0.0096271,-0.0193364,-0.0031361,-0.1101806,0.3500000,-0.2343888,-0.0096051,0.0000000,0.0000000,0.0000000,1.2707963,-0.0000000,0.0000000,-1.3000000,-0.3438005,0.3707963,-0.0000000,1.0000000,1.0000000
0.0000000,0.0000000,0.9692268,0.0000000,0.0000000,0.0000000,1.0000000,0.0191925,0.0031003,-0.1093982,0.3500000,-0.2351718,0.0096271,-0.0193364,-0.0031361,-0.1101806,0.3500000,-0.2343888,-0.0096051,0.0000000,0.0000000,0.0000000,1.2707963,-0.0000000,0.0000000,-1.3000000,-0.3497513,0.3707963,-0.0000000,1.0000000,1.0000000
0.0000000,0.0000000,0.9692268,0.0000000,0.0000000,0.0000000,1.0000000,0.0191925,0.0031003,-0.1093982,0.3500000,-0.2351718,0.0096271,-0.0193364,-0.0031361,-0.1101806,0.3500000,-0.2343888,-0.0096051,0.0000000,0.0000000,0.0000000,1.2707963,-0.0000000,0.0000000,-1.3000000,-0.3477640,0.3707963,-0.0000000,1.0000000,1.0000000
0.0000000,0.0000000,0.9692268,0.0000000,0.0000000,0.0000000,1.0000000,0.0191925,0.0031003,-0.1093982,0.3500000,-0.2351718,0.0096271,-0.0193364,-0.0031361,-0.1101806,0.3500000,-0.2343888,-0.0096051,0.0000000,0.0000000,0.0000000,1.2707963,-0.0000000,0.0000000,-1.3000000,-0.3378836,0.3707963,-0.0000000,1.0000000,1.0000000
0.0000000,0.0000000,0.9692268,0.0000000,0.0000000,0.0000000,1.0000000,0.0191925,0.0031003,-0.1093982,0.3500000,-0.2351718,0.0096271,-0.0193364,-0.0031361,-0.1101806,0.3500000,-0.2343888,-0.0096051,0.0000000,0.0000000,0.0000000,1.2707963,-0.0000000,0.0000000,-1.3000000,-0.3203344,0.3707963,-0.0000000,1.0000000,1.0000000
0.0000000,0.0000000,0.9692268,0.0000000,0.0000000,0.0000000,1.0000000,0.0191925,0.0031003,-0.1093982,0.3500000,-0.2351718,0.0096271,-0.0193364,-0.0031361,-0.1101806,0.3500000,-0.2343888,-0.0096051,0.0000000,0.0000000,0.0000000,1.2707963,-0.0000000,0.0000000,-1.3000000,-0.2955148,0.3707963,-0.0000000,1.0000000,1.0000000
0.0000000,0.0000000,0.9692268,0.0000000,0.0000000,0.0000000,1.0000000,0.0191925,0.0031003,-0.1093982,0.3500000,-0.2351718,0.0096271,-0.0193364,-0.0031361,-0.1101806,0.3500000,-0.2343888,-0.0096051,0.0000000,0.0000000,0.0000000,1.2707963,-0.0000000,0.0000000,-1.3000000,-0.2639880,0.3707963,-0.0000000,1.0000000,1.0000000
0.0000000,0.0000000,0.9692268,0.0000000,0.0000000,0.0000000,1.0000000,0.0191925,0.0031003,-0.1093982,0.3500000,-0.2351718,0.0096271,-0.0193364,-0.0031361,-0.1101806,0.3500000,-0.2343888,-0.0096051,0.0000000,0.0000000,0.0000000,1.2707963,-0.0000000,0.0000000,-1.3000000,-0.2264696,0.3707963,-0.0000000,1.0000000,1.0000000
0.0000000,0.0000000,0.9692268,0.0000000,0.0000000,0.0000000,1.0000000,0.0191925,0.0031003,-0.1093982,0.3500000,-0.2351718,0.0096271,-0.0193364,-0.0031361,-0.1101806,0.3500000,-0.2343888,-0.0096051,0.0000000,0.0000000,0.0000000,1.2707963,-0.0000000,0.0000000,-1.3000000,-0.1838111,0.3707963,-0.0000000,1.0000000,1.0000000
0.0000000,0.0000000,0.9692268,0.0000000,0.0000000,0.0000000,1.0000000,0.0191925,0.0031003,-0.1093982,0.3500000,-0.2351718,0.0096271,-0.0193364,-0.0031361,-0.1101806,0.3500000,-0.2343888,-0.0096051,0.0000000,0.0000000,0.0000000,1.2707963,-0.0000000,0.0000000,-1.3000000,-0.1369808,0.3707963,-0.0000000,1.0000000,1.0000000
0.0000000,0.0000000,0.9692268,0.0000000,0.0000000,0.0000000,1.0000000,0.0191925,0.0031003,-0.1093982,0.3500000,-0.2351718,0.0096271,-0.0193364,-0.0031361,-0.1101806,0.3500000,-0.2343888,-0.0096051,0.0000000,0.0000000,0.0000000,1.2707963,-0.0000000,0.0000000,-1.3000000,-0.0870415,0.3707963,-0.0000000,1.0000000,1.0000000
0.0000000,0.0000000,0.9692268,0.0000000,0.0000000,0.0000000,1.0000000,0.0191925,0.0031003,-0.1093982,0.3500000,-0.2351718,0.0096271,-0.0193364,-0.0031361,-0.1101806,0.3500000,-0.2343888,-0.0096051,0.0000000,0.0000000,0.0000000,1.2707963,-0.0000000,0.0000000,-1.3000000,-0.0351266,0.3707963,-0.0000000,1.0000000,1.0000000
0.0000000,0.0000000,0.9692268,0.0000000,0.0000000,0.0000000,1.0000000,0.0191925,0.0031003,-0.1093982,0.3500000,-0.2351718,0.0096271,-0.0193364,-0.0031361,-0.1101806,0.3500000,-0.2343888,-0.0096051,0.0000000,0.0000000,0.0000000,1.2707963,-0.0000000,0.0000000,-1.3000000,0.0175855,0.3707963,-0.0000000,1.0000000,1.0000000
0.0000000,0.0000000,0.9692268,0.0000000,0.0000000,0.0000000,1.0000000,0.0191925,0.0031003,-0.1093982,0.3500000,-0.2351718,0.0096271,-0.0193364,-0.0031361,-0.1101806,0.3500000,-0.2343888,-0.0096051,0.0000000,0.0000000,0.0000000,1.2707963,-0.0000000,0.0000000,-1.3000000,0.0698985,0.3707963,-0.0000000,1.0000000,1.0000000
0.0000000,0.0000000,0.9692268,0.0000000,0.0000000,0.0000000,1.0000000,0.0191925,0.0031003,-0.1093982,0.3500000,-0.2351718,0.0096271,-0.0193364,-0.0031361,-0.1101806,0.3500000,-0.2343888,-0.0096051,0.0000000,0.0000000,0.0000000,1.2707963,-0.0000000,0.0000000,-1.3000000,0.1206250,0.3707963,-0.0000000,1.0000000,1.0000000
0.0000000,0.0000000,0.9692268,0.0000000,0.0000000,0.0000000,1.0000000,0.0191925,0.0031003,-0.1093982,0.3500000,-0.2351718,0.0096271,-0.0193364,-0.0031361,-0.1101806,0.3500000,-0.2343888,-0.0096051,0.0000000,0.0000000,0.0000000,1.2707963,-0.0000000,0.0000000,-1.3000000,0.1686138,0.3707963,-0.0000000,1.0000000,1.0000000
0.0000000,0.0000000,0.9692268,0.0000000,0.0000000,0.0000000,1.0000000,0.0191925,0.0031003,-0.1093982,0.3500000,-0.2351718,0.0096271,-0.0193364,-0.0031361,-0.1101806,0.3500000,-0.2343888,-0.0096051,0.0000000,0.0000000,0.0000000,1.2707963,-0.0000000,0.0000000,-1.3000000,0.2127756,0.3707963,-0.0000000,1.0000000,1.0000000
0.0000000,0.0000000,0.9692268,0.0000000,0.0000000,0.0000000,1.0000000,0.0191925,0.0031003,-0.1093982,0.3500000,-0.2351718,0.0096271,-0.0193364,-0.0031361,-0.1101806,0.3500000,-0.2343888,-0.0096051,0.0000000,0.0000000,0.0000000,1.2707963,-0.0000000,0.0000000,-1.3000000,0.2521082,0.3707963,-0.0000000,1.0000000,1.0000000
0.0000000,0.0000000,0.9692268,0.0000000,0.0000000,0.0000000,1.0000000,0.0191925,0.0031003,-0.1093982,0.3500000,-0.2351718,0.0096271,-0.0193364,-0.0031361,-0.1101806,0.3500000,-0.2343888,-0.0096051,0.0000000,0.0000000,0.0000000,1.2707963,-0.0000000,0.0000000,-1.3000000,0.2857187,0.3707963,-0.0000000,1.0000000,1.0000000
0.0000000,0.0000000,0.9692268,0.0000000,0.0000000,0.0000000,1.0000000,0.0191925,0.0031003,-0.1093982,0.3500000,-0.2351718,0.0096271,-0.0193364,-0.0031361,-0.1101806,0.3500000,-0.2343888,-0.0096051,0.0000000,0.0000000,0.0000000,1.2707963,-0.0000000,0.0000000,-1.3000000,0.3128445,0.3707963,-0.0000000,1.0000000,1.0000000
0.0000000,0.0000000,0.9692268,0.0000000,0.0000000,0.0000000,1.0000000,0.0191925,0.0031003,-0.1093982,0.3500000,-0.2351718,0.0096271,-0.0193364,-0.0031361,-0.1101806,0.3500000,-0.2343888,-0.0096051,0.0000000,0.0000000,0.0000000,1.2707963,-0.0000000,0.0000000,-1.3000000,0.3328698,0.3707963,-0.0000000,1.0000000,1.0000000
0.0000000,0.0000000,0.9692268,0.0000000,0.0000000,0.0000000,1.0000000,0.0191925,0.0031003,-0.1093982,0.3500000,-0.2351718,0.0096271,-0.0193364,-0.0031361,-0.1101806,0.3500000,-0.2343888,-0.0096051,0.0000000,0.0000000,0.0000000,1.2707963,-0.0000000,0.0000000,-1.3000000,0.3453401,0.3707963,-0.0000000,1.0000000,1.0000000
0.0000000,0.0000000,0.9692268,0.0000000,0.0000000,0.0000000,1.0000000,0.0191925,0.0031003,-0.1093982,0.3500000,-0.2351718,0.0096271,-0.0193364,-0.0031361,-0.1101806,0.3500000,-0.2343888,-0.0096051,0.0000000,0.0000000,0.0000000,1.2707963,-0.0000000,0.0000000,-1.3000000,0.3499724,0.3707963,-0.0000000,1.0000000,1.0000000
0.0000000,0.0000000,0.9692268,0.0000000,0.0000000,0.0000000,1.0000000,0.0191925,0.0031003,-0.1093982,0.3500000,-0.2351718,0.0096271,-0.0193364,-0.0031361,-0.1101806,0.3500000,-0.2343888,-0.0096051,0.0000000,0.0000000,0.0000000,1.2707963,-0.0000000,0.0000000,-1.3000000,0.3466615,0.3707963,-0.0000000,1.0000000,1.0000000
0.0000000,0.0000000,0.9692268,0.0000000,0.0000000,0.0000000,1.0000000,0.0191925,0.0031003,-0.1093982,0.3500000,-0.2351718,0.0096271,-0.0193364,-0.0031361,-0.1101806,0.3500000,-0.2343888,-0.0096051,0.0000000,0.0000000,0.0000000,1.2707963,-0.0000000,0.0000000,-1.3000000,0.3354826,0.3707963,-0.0000000,1.0000000,1.0000000
0.0000000,0.0000000,0.9692268,0.0000000,0.0000000,0.0000000,1.0000000,0.0191925,0.0031003,-0.1093982,0.3500000,-0.2351718,0.0096271,-0.0193364,-0.0031361,-0.1101806,0.3500000,-0.2343888,-0.0096051,0.0000000,0.0000000,0.0000000,1.2707963,-0.0000000,0.0000000,-1.3000000,0.3166895,0.3707963,-0.0000000,1.0000000,1.0000000
0.0000000,0.0000000,0.9692268,0.0000000,0.0000000,0.0000000,1.0000000,0.0191925,0.0031003,-0.1093982,0.3500000,-0.2351718,0.0096271,-0.0193364,-0.0031361,-0.1101806,0.3500000,-0.2343888,-0.0096051,0.0000000,0.0000000,0.0000000,1.2707963,-0.0000000,0.0000000,-1.3000000,0.2907086,0.3707963,-0.0000000,1.0000000,1.0000000
0.0000000,0.0000000,0.9692268,0.0000000,0.0000000,0.0000000,1.0000000,0.0191925,0.0031003,-0.1093982,0.3500000,-0.2351718,0.0096271,-0.0193364,-0.0031361,-0.1101806,0.3500000,-0.2343888,-0.0096051,0.0000000,0.0000000,0.0000000,1.2707963,-0.0000000,0.0000000,-1.3000000,0.2581296,0.3707963,-0.0000000,1.0000000,1.0000000
0.0000000,0.0000000,0.9692268,0.0000000,0.0000000,0.0000000,1.0000000,0.0191925,0.0031003,-0.1093982,0.3500000,-0.2351718,0.0096271,-0.0193364,-0.0031361,-0.1101806,0.3500000,-0.2343888,-0.0096051,0.0000000,0.0000000,0.0000000,1.2707963,-0.0000000,0.0000000,-1.3000000,0.2196920,0.3707963,-0.0000000,1.0000000,1.0000000
0.0000000,0.0000000,0.9692268,0.0000000,0.0000000,0.0000000,1.0000000,0.0191925,0.0031003,-0.1093982,0.3500000,-0.2351718,0.0096271,-0.0193364,-0.0031361,-0.1101806,0.3500000,-0.2343888,-0.0096051,0.0000000,0.0000000,0.0000000,1.2707963,-0.0000000,0.0000000,-1.3000000,0.1762681,0.3707963,-0.0000000,1.0000000,1.0000000
0.0000000,0.0000000,0.9692268,0.0000000,0.0000000,0.0000000,1.0000000,0.0191925,0.0031003,-0.1093982,0.3500000,-0.2351718,0.0096271,-0.0193364,-0.0031361,-0.1101806,0.3500000,-0.2343888,-0.0096051,0.0000000,0.0000000,0.0000000,1.2707963,-0.0000000,0.0000000,-1.3000000,0.1288436,0.3707963,-0.0000000,1.0000000,1.0000000
0.0000000,0.0000000,0.9692268,0.0000000,0.0000000,0.0000000,1.0000000,0.0191925,0.0031003,-0.1093982,0.3500000,-0.2351718,0.0096271,-0.0193364,-0.0031361,-0.1101806,0.3500000,-0.2343888,-0.0096051,0.0000000,0.0000000,0.0000000,1.2707963,-0.0000000,0.0000000,-1.3000000,0.0784948,0.3707963,-0.0000000,1.0000000,1.0000000
0.0000000,0.0000000,0.9692268,0.0000000,0.0000000,0.0000000,1.0000000,0.0191925,0.0031003,-0.1093982,0.3500000,-0.2351718,0.0096271,-0.0193364,-0.0031361,-0.1101806,0.3500000,-0.2343888,-0.0096051,0.0000000,0.0000000,0.0000000,1.2707963,-0.0000000,0.0000000,-1.3000000,0.0263644,0.3707963,-0.0000000,1.0000000,1.0000000
0.0000000,0.0000000,0.9692268,0.0000000,0.0000000,0.0000000,1.0000000,0.0191925,0.0031003,-0.1093982,0.3500000,-0.2351718,0.0096271,-0.0193364,-0.0031361,-0.1101806,0.3500000,-0.2343888,-0.0096051,0.0000000,0.0000000,0.0000000,1.2707963,-0.0000000,0.0000000,-1.3000000,-0.0263644,0.3707963,-0.0000000,1.0000000,1.0000000
0.0000000,0.0000000,0.9692268,0.0000000,0.0000000,0.0000000,1.0000000,0.0191925,0.0031003,-0.1093982,0.3500000,-0.2351718,0.0096271,-0.0193364,-0.0031361,-0.1101806,0.3500000,-0.2343888,-0.0096051,0.0000000,0.0000000,0.0000000,1.2707963,-0.0000000,0.0000000,-1.3000000,-0.0784948,0.3707963,-0.0000000,1.0000000,1.0000000
0.0000000,0.0000000,0.9692268,0.0000000,0.0000000,0.0000000,1.0000000,0.0191925,0.0031003,-0.1093982,0.3500000,-0.2351718,0.0096271,-0.0193364,-0.0031361,-0.1101806,0.3500000,-0.2343888,-0.0096051,0.0000000,0.0000000,0.0000000,1.2707963,-0.0000000,0.0000000,-1.3000000,-0.1288436,0.3707963,-0.0000000,1.0000000,1.0000000
0.0000000,0.0000000,0.9692268,0.0000000,0.0000000,0.0000000,1.0000000,0.0191925,0.0031003,-0.1093982,0.3500000,-0.2351718,0.0096271,-0.0193364,-0.0031361,-0.1101806,0.3500000,-0.2343888,-0.0096051,0.0000000,0.0000000,0.0000000,1.2707963,-0.0000000,0.0000000,-1.3000000,-0.1762681,0.3707963,-0.0000000,1.0000000,1.0000000
0.0000000,0.0000000,0.9692268,0.0000000,0.0000000,0.0000000,1.0000000,0.0191925,0.0031003,-0.1093982,0.3500000,-0.2351718,0.0096271,-0.0193364,-0.0031361,-0.1101806,0.3500000,-0.2343888,-0.0096051,0.0000000,0.0000000,0.0000000,1.2707963,-0.0000000,0.0000000,-1.3000000,-0.2196920,0.3707963,-0.0000000,1.0000000,1.0000000
0.0000000,0.0000000,0.9692268,0.0000000,0.0000000,0.0000000,1.0000000,0.0191925,0.0031003,-0.1093982,0.3500000,-0.2351718,0.0096271,-0.0193364,-0.0031361,-0.1101806,0.3500000,-0.2343888,-0.0096051,0.0000000,0.0000000,0.0000000,1.2707963,-0.0000000,0.0000000,-1.3000000,-0.2581296,0.3707963,-0.0000000,1.0000000,1.0000000
0.0000000,0.0000000,0.9692268,0.0000000,0.0000000,0.0000000,1.0000000,0.0191925,0.0031003,-0.1093982,0.3500000,-0.2351718,0.0096271,-0.0193364,-0.0031361,-0.1101806,0.3500000,-0.2343888,-0.0096051,0.0000000,0.0000000,0.0000000,1.2707963,-0.0000000,0.0000000,-1.3000000,-0.2907086,0.3707963,-0.0000000,1.0000000,1.0000000
0.0000000,0.0000000,0.9692268,0.0000000,0.0000000,0.0000000,1.0000000,0.0191925,0.0031003,-0.1093982,0.3500000,-0.2351718,0.0096271,-0.0193364,-0.0031361,-0.1101806,0.3500000,-0.2343888,-0.0096051,0.0000000,0.0000000,0.0000000,1.2707963,-0.0000000,0.0000000,-1.3000000,-0.3166895,0.3707963,-0.0000000,1.0000000,1.0000000
0.0000000,0.0000000,0.9692268,0.0000000,0.0000000,0.0000000,1.0000000,0.0191925,0.0031003,-0.1093982,0.3500000,-0.2351718,0.0096271,-0.0193364,-0.0031361,-0.1101806,0.3500000,-0.2343888,-0.0096051,0.0000000,0.0000000,0.0000000,1.2707963,-0.0000000,0.0000000,-1.3000000,-0.3354826,0.3707963,-0.0000000,1.0000000,1.0000000
0.0000000,0.0000000,0.9692268,0.0000000,0.0000000,0.0000000,1.0000000,0.0191925,0.0031003,-0.1093982,0.3500000,-0.2351718,0.0096271,-0.0193364,-0.0031361,-0.1101806,0.3500000,-0.2343888,-0.0096051,0.0000000,0.0000000,0.0000000,1.2707963,-0.0000000,0.0000000,-1.3000000,-0.3466615,0.3707963,-0.0000000,1.0000000,1.0000000
0.0000000,0.0000000,0.9692268,0.0000000,0.0000000,0.0000000,1.0000000,0.0191925,0.0031003,-0.1093982,0.3500000,-0.2351718,0.0096271,-0.0193364,-0.0031361,-0.1101806,0.3500000,-0.2343888,-0.0096051,0.0000000,0.0000000,0.0000000,1.2707963,-0.0000000,0.0000000,-1.3000000,-0.3499724,0.3707963,-0.0000000,1.0000000,1.0000000
0.0000000,0.0000000,0.9692268,0.0000000,0.0000000,0.0000000,1.0000000,0.0191925,0.0031003,-0.1093982,0.3500000,-0.2351718,0.0096271,-0.0193364,-0.0031361,-0.1101806,0.3500000,-0.2343888,-0.0096051,0.0000000,0.0000000,0.0000000,1.2707963,-0.0000000,0.0000000,-1.3000000,-0.3453401,0.3707963,-0.0000000,1.0000000,1.0000000
0.0000000,0.0000000,0.9692268,0.0000000,0.0000000,0.0000000,1.0000000,0.0191925,0.0031003,-0.1093982,0.3500000,-0.2351718,0.0096271,-0.0193364,-0.0031361,-0.1101806,0.3500000,-0.2343888,-0.0096051,0.0000000,0.0000000,0.0000000,1.2707963,-0.0000000,0.0000000,-1.3000000,-0.3328698,0.3707963,-0.0000000,1.0000000,1.0000000
0.0000000,0.0000000,0.9692268,0.0000000,0.0000000,0.0000000,1.0000000,0.0191925,0.0031003,-0.1093982,0.3500000,-0.2351718,0.0096271,-0.0193364,-0.0031361,-0.1101806,0.3500000,-0.2343888,-0.0096051,0.0000000,0.0000000,0.0000000,1.2707963,-0.0000000,0.0000000,-1.3000000,-0.3128445,0.3707963,-0.0000000,1.0000000,1.0000000
0.0000000,0.0000000,0.9692268,0.0000000,0.0000000,0.0000000,1.0000000,0.0191925,0.0031003,-0.1093982,0.3500000,-0.2351718,0.0096271,-0.0193364,-0.0031361,-0.1101806,0.3500000,-0.2343888,-0.0096051,0.0000000,0.0000000,0.0000000,1.2707963,-0.0000000,0.0000000,-1.3000000,-0.2857187,0.3707963,-0.0000000,1.0000000,1.0000000
0.0000000,0.0000000,0.9692268,0.0000000,0.0000000,0.0000000,1.0000000,0.0191925,0.0031003,-0.1093982,0.3500000,-0.2351718,0.0096271,-0.0193364,-0.0031361,-0.1101806,0.3500000,-0.2343888,-0.0096051,0.0000000,0.0000000,0.0000000,1.2707963,-0.0000000,0.0000000,-1.3000000,-0.2521082,0.3707963,-0.0000000,1.0000000,1.0000000
0.0000000,0.0000000,0.9692268,0.0000000,0.0000000,0.0000000,1.0000000,0.0191925,0.0031003,-0.1093982,0.3500000,-0.2351718,0.0096271,-0.0193364,-0.0031361,-0.1101806,0.3500000,-0.2343888,-0.0096051,0.0000000,0.0000000,0.0000000,1.2707963,-0.0000000,0.0000000,-1.3000000,-0.2127756,0.3707963,-0.0000000,1.0000000,1.0000000
0.0000000,0.0000000,0.9692268,0.0000000,0.0000000,0.0000000,1.0000000,0.0191925,0.0031003,-0.1093982,0.3500000,-0.2351718,0.0096271,-0.0193364,-0.0031361,-0.1101806,0.3500000,-0.2343888,-0.0096051,0.0000000,0.0000000,0.0000000,1.2707963,-0.0000000,0.0000000,-1.3000000,-0.1686138,0.3707963,-0.0000000,1.0000000,1.0000000
0.0000000,0.0000000,0.9692268,0.0000000,0.0000000,0.0000000,1.0000000,0.0191925,0.0031003,-0.1093982,0.3500000,-0.2351718,0.0096271,-0.0193364,-0.0031361,-0.1101806,0.3500000,-0.2343888,-0.0096051,0.0000000,0.0000000,0.0000000,1.2707963,-0.0000000,0.0000000,-1.3000000,-0.1206250,0.3707963,-0.0000000,1.0000000,1.0000000
0.0000000,0.0000000,0.9692268,0.0000000,0.0000000,0.0000000,1.0000000,0.0191925,0.0031003,-0.1093982,0.3500000,-0.2351718,0.0096271,-0.0193364,-0.0031361,-0.1101806,0.3500000,-0.2343888,-0.0096051,0.0000000,0.0000000,0.0000000,1.2707963,-0.0000000,0.0000000,-1.3000000,-0.0698985,0.3707963,-0.0000000,1.0000000,1.0000000
0.0000000,0.0000000,0.9692268,0.0000000,0.0000000,0.0000000,1.0000000,0.0191925,0.0031003,-0.1093982,0.3500000,-0.2351718,0.0096271,-0.0193364,-0.0031361,-0.1101806,0.3500000,-0.2343888,-0.0096051,0.0000000,0.0000000,0.0000000,1.2707963,-0.0000000,0.0000000,-1.3000000,-0.0175855,0.3707963,-0.0000000,1.0000000,1.0000000
0.0000000,0.0000000,0.9692268,0.0000000,0.0000000,0.0000000,1.0000000,0.0191925,0.0031003,-0.1093982,0.3500000,-0.2351718,0.0096271,-0.0193364,-0.0031361,-0.1101806,0.3500000,-0.2343888,-0.0096051,0.0000000,0.0000000,0.0000000,1.2707963,-0.0000000,0.0000000,-1.3000000,0.0351266,0.3707963,-0.0000000,1.0000000,1.0000000
0.0000000,0.0000000,0.9692268,0.0000000,0.0000000,0.0000000,1.0000000,0.0191925,0.0031003,-0.1093982,0.3500000,-0.2351718,0.0096271,-0.0193364,-0.0031361,-0.1101806,0.3500000,-0.2343888,-0.0096051,0.0000000,0.0000000,0.0000000,1.2707963,-0.0000000,0.0000000,-1.3000000,0.0870415,0.3707963,-0.0000000,1.0000000,1.0000000
0.0000000,0.0000000,0.9692268,0.0000000,0.0000000,0.0000000,1.0000000,0.0191925,0.0031003,-0.1093982,0.3500000,-0.2351718,0.0096271,-0.0193364,-0.0031361,-0.1101806,0.3500000,-0.2343888,-0.0096051,0.0000000,0.0000000,0.0000000,1.2707963,-0.0000000,0.0000000,-1.3000000,0.1369808,0.3707963,-0.0000000,1.0000000,1.0000000
0.0000000,0.0000000,0.9692268,0.0000000,0.0000000,0.0000000,1.0000000,0.0191925,0.0031003,-0.1093982,0.3500000,-0.2351718,0.0096271,-0.0193364,-0.0031361,-0.1101806,0.3500000,-0.2343888,-0.0096051,0.0000000,0.0000000,0.0000000,1.2707963,-0.0000000,0.0000000,-1.3000000,0.1838111,0.3707963,-0.0000000,1.0000000,1.0000000
0.0000000,0.0000000,0.9692268,0.0000000,0.0000000,0.0000000,1.0000000,0.0191925,0.0031003,-0.1093982,0.3500000,-0.2351718,0.0096271,-0.0193364,-0.0031361,-0.1101806,0.3500000,-0.2343888,-0.0096051,0.0000000,0.0000000,0.0000000,1.2707963,-0.0000000,0.0000000,-1.3000000,0.2264696,0.3707963,-0.0000000,1.0000000,1.0000000
0.0000000,0.0000000,0.9692268,0.0000000,0.0000000,0.0000000,1.0000000,0.0191925,0.0031003,-0.1093982,0.3500000,-0.2351718,0.0096271,-0.0193364,-0.0031361,-0.1101806,0.3500000,-0.2343888,-0.0096051,0.0000000,0.0000000,0.0000000,1.2707963,-0.0000000,0.0000000,-1.3000000,0.2639880,0.3707963,-0.0000000,1.0000000,1.0000000
0.0000000,0.0000000,0.9692268,0.0000000,0.0000000,0.0000000,1.0000000,0.0191925,0.0031003,-0.1093982,0.3500000,-0.2351718,0.0096271,-0.0193364,-0.0031361,-0.1101806,0.3500000,-0.2343888,-0.0096051,0.0000000,0.0000000,0.0000000,1.2707963,-0.0000000,0.0000000,-1.3000000,0.2955148,0.3707963,-0.0000000,1.0000000,1.0000000
0.0000000,0.0000000,0.9692268,0.0000000,0.0000000,0.0000000,1.0000000,0.0191925,0.0031003,-0.1093982,0.3500000,-0.2351718,0.0096271,-0.0193364,-0.0031361,-0.1101806,0.3500000,-0.2343888,-0.0096051,0.0000000,0.0000000,0.0000000,1.2707963,-0.0000000,0.0000000,-1.3000000,0.3203344,0.3707963,-0.0000000,1.0000000,1.0000000
0.0000000,0.0000000,0.9692268,0.0000000,0.0000000,0.0000000,1.0000000,0.0191925,0.0031003,-0.1093982,0.3500000,-0.2351718,0.0096271,-0.0193364,-0.0031361,-0.1101806,0.3500000,-0.2343888,-0.0096051,0.0000000,0.0000000,0.0000000,1.2707963,-0.0000000,0.0000000,-1.3000000,0.3378836,0.3707963,-0.0000000,1.0000000,1.0000000
0.0000000,0.0000000,0.9692268,0.0000000,0.0000000,0.0000000,1.0000000,0.0191925,0.0031003,-0.1093982,0.3500000,-0.2351718,0.0096271,-0.0193364,-0.0031361,-0.1101806,0.3500000,-0.2343888,-0.0096051,0.0000000,0.0000000,0.0000000,1.2707963,-0.0000000,0.0000000,-1.3000000,0.3477640,0.3707963,-0.0000000,1.0000000,1.0000000
0.0000000,0.0000000,0.9692268,0.0000000,0.0000000,0.0000000,1.0000000,0.0191925,0.0031003,-0.1093982,0.3500000,-0.2351718,0.0096271,-0.0193364,-0.0031361,-0.1101806,0.3500000,-0.2343888,-0.0096051,0.0000000,0.0000000,0.0000000,1.2707963,-0.0000000,0.0000000,-1.3000000,0.3497513,0.3707963,-0.0000000,1.0000000,1.0000000
0.0000000,0.0000000,0.9692268,0.0000000,0.0000000,0.0000000,1.0000000,0.0191925,0.0031003,-0.1093982,0.3500000,-0.2351718,0.0096271,-0.0193364,-0.0031361,-0.1101806,0.3500000,-0.2343888,-0.0096051,0.0000000,0.0000000,0.0000000,1.2707963,-0.0000000,0.0000000,-1.3000000,0.3438005,0.3707963,-0.0000000,1.0000000,1.0000000
0.0000000,0.0000000,0.9692268,0.0000000,0.0000000,0.0000000,1.0000000,0.0191925,0.0031003,-0.1093982,0.3500000,-0.2351718,0.0096271,-0.0193364,-0.0031361,-0.1101806,0.3500000,-0.2343888,-0.0096051,0.0000000,0.0000000,0.0000000,1.2707963,-0.0000000,0.0000000,-1.3000000,0.3300467,0.3707963,-0.0000000,1.0000000,1.0000000
0.0000000,0.0000000,0.9692268,0.0000000,0.0000000,0.0000000,1.0000000,0.0191925,0.0031003,-0.1093982,0.3500000,-0.2351718,0.0096271,-0.0193364,-0.0031361,-0.1101806,0.3500000,-0.2343888,-0.0096051,0.0000000,0.0000000,0.0000000,1.2707963,-0.0000000,0.0000000,-1.3000000,0.3088019,0.3707963,-0.0000000,1.0000000,1.0000000
0.0000000,0.0000000,0.9692268,0.0000000,0.0000000,0.0000000,1.0000000,0.0191925,0.0031003,-0.1093982,0.3500000,-0.2351718,0.0096271,-0.0193364,-0.0031361,-0.1101806,0.3500000,-0.2343888,-0.0096051,0.0000000,0.0000000,0.0000000,1.2707963,-0.0000000,0.0000000,-1.3000000,0.2805484,0.3707963,-0.0000000,1.0000000,1.0000000
0.0000000,0.0000000,0.9692268,0.0000000,0.0000000,0.0000000,1.0000000,0.0191925,0.0031003,-0.1093982,0.3500000,-0.2351718,0.0096271,-0.0193364,-0.0031361,-0.1101806,0.3500000,-0.2343888,-0.0096051,0.0000000,0.0000000,0.0000000,1.2707963,-0.0000000,0.0000000,-1.3000000,0.2459275,0.3707963,-0.0000000,1.0000000,1.0000000
0.0000000,0.0000000,0.9692268,0.0000000,0.0000000,0.0000000,1.0000000,0.0191925,0.0031003,-0.1093982,0.3500000,-0.2351718,0.0096271,-0.0193364,-0.0031361,-0.1101806,0.3500000,-0.2343888,-0.0096051,0.0000000,0.0000000,0.0000000,1.2707963,-0.0000000,0.0000000,-1.3000000,0.2057248,0.3707963,-0.0000000,1.0000000,1.0000000
0.0000000,0.0000000,0.9692268,0.0000000,0.0000000,0.0000000,1.0000000,0.0191925,0.0031003,-0.1093982,0.3500000,-0.2351718,0.0096271,-0.0193364,-0.0031361,-0.1101806,0.3500000,-0.2343888,-0.0096051,0.0000000,0.0000000,0.0000000,1.2707963,-0.0000000,0.0000000,-1.3000000,0.1608530,0.3707963,-0.0000000,1.0000000,1.0000000
0.0000000,0.0000000,0.9692268,0.0000000,0.0000000,0.0000000,1.0000000,0.0191925,0.0031003,-0.1093982,0.3500000,-0.2351718,0.0096271,-0.0193364,-0.0031361,-0.1101806,0.3500000,-0.2343888,-0.0096051,0.0000000,0.0000000,0.0000000,1.2707963,-0.0000000,0.0000000,-1.3000000,0.1123303,0.3707963,-0.0000000,1.0000000,1.0000000
0.0000000,0.0000000,0.9692268,0.0000000,0.0000000,0.0000000,1.0000000,0.0191925,0.0031003,-0.1093982,0.3500000,-0.2351718,0.0096271,-0.0193364,-0.0031361,-0.1101806,0.3500000,-0.2343888,-0.0096051,0.0000000,0.0000000,0.0000000,1.2707963,-0.0000000,0.0000000,-1.3000000,0.0612581,0.3707963,-0.0000000,1.0000000,1.0000000
0.0000000,0.0000000,0.9692268,0.0000000,0.0000000,0.0000000,1.0000000,0.0191925,0.0031003,-0.1093982,0.3500000,-0.2351718,0.0096271,-0.0193364,-0.0031361,-0.1101806,0.3500000,-0.2343888,-0.0096051,0.0000000,0.0000000,0.0000000,1.2707963,-0.0000000,0.0000000,-1.3000000,0.0087955,0.3707963,-0.0000000,1.0000000,1.0000000
0.0000000,0.0000000,0.9692268,0.0000000,0.0000000,0.0000000,1.0000000,0.0191925,0.0031003,-0.1093982,0.3500000,-0.2351718,0.0096271,-0.0193364,-0.0031361,-0.1101806,0.3500000,-0.2343888,-0.0096051,0.0000000,0.0000000,0.0000000,1.2707963,-0.0000000,0.0000000,-1.3000000,-0.0438666,0.3707963,-0.0000000,1.0000000,1.0000000
0.0000000,0.0000000,0.9692268,0.0000000,0.0000000,0.0000000,1.0000000,0.0191925,0.0031003,-0.1093982,0.3500000,-0.2351718,0.0096271,-0.0193364,-0.0031361,-0.1101806,0.3500000,-0.2343888,-0.0096051,0.0000000,0.0000000,0.0000000,1.2707963,-0.0000000,0.0000000,-1.3000000,-0.0955332,0.3707963,-0.0000000,1.0000000,1.0000000
0.0000000,0.0000000,0.9692268,0.0000000,0.0000000,0.0000000,1.0000000,0.0191925,0.0031003,-0.1093982,0.3500000,-0.2351718,0.0096271,-0.0193364,-0.0031361,-0.1101806,0.3500000,-0.2343888,-0.0096051,0.0000000,0.0000000,0.0000000,1.2707963,-0.0000000,0.0000000,-1.3000000,-0.1450315,0.3707963,-0.0000000,1.0000000,1.0000000
0.0000000,0.0000000,0.9692268,0.0000000,0.0000000,0.0000000,1.0000000,0.0191925,0.0031003,-0.1093982,0.3500000,-0.2351718,0.0096271,-0.0193364,-0.0031361,-0.1101806,0.3500000,-0.2343888,-0.0096051,0.0000000,0.0000000,0.0000000,1.2707963,-0.0000000,0.0000000,-1.3000000,-0.1912380,0.3707963,-0.0000000,1.0000000,1.0000000
0.0000000,0.0000000,0.9692268,0.0000000,0.0000000,0.0000000,1.0000000,0.0191925,0.0031003,-0.1093982,0.3500000,-0.2351718,0.0096271,-0.0193364,-0.0031361,-0.1101806,0.3500000,-0.2343888,-0.0096051,0.0000000,0.0000000,0.0000000,1.2707963,-0.0000000,0.0000000,-1.3000000,-0.2331042,0.3707963,-0.0000000,1.0000000,1.0000000
0.0000000,0.0000000,0.9692268,0.0000000,0.0000000,0.0000000,1.0000000,0.0191925,0.0031003,-0.1093982,0.3500000,-0.2351718,0.0096271,-0.0193364,-0.0031361,-0.1101806,0.3500000,-0.2343888,-0.0096051,0.0000000,0.0000000,0.0000000,1.2707963,-0.0000000,0.0000000,-1.3000000,-0.2696796,0.3707963,-0.0000000,1.0000000,1.0000000
0.0000000,0.0000000,0.9692268,0.0000000,0.0000000,0.0000000,1.0000000,0.0191925,0.0031003,-0.1093982,0.3500000,-0.2351718,0.0096271,-0.0193364,-0.0031361,-0.1101806,0.3500000,-0.2343888,-0.0096051,0.0000000,0.0000000,0.0000000,1.2707963,-0.0000000,0.0000000,-1.3000000,-0.3001343,0.3707963,-0.0000000,1.0000000,1.0000000
0.0000000,0.0000000,0.9692268,0.0000000,0.0000000,0.0000000,1.0000000,0.0191925,0.0031003,-0.1093982,0.3500000,-0.2351718,0.0096271,-0.0193364,-0.0031361,-0.1101806,0.3500000,-0.2343888,-0.0096051,0.0000000,0.0000000,0.0000000,1.2707963,-0.0000000,0.0000000,-1.3000000,-0.3237770,0.3707963,-0.0000000,1.0000000,1.0000000
0.0000000,0.0000000,0.9692268,0.0000000,0.0000000,0.0000000,1.0000000,0.0191925,0.0031003,-0.1093982,0.3500000,-0.2351718,0.0096271,-0.0193364,-0.0031361,-0.1101806,0.3500000,-0.2343888,-0.0096051,0.0000000,0.0000000,0.0000000,1.2707963,-0.0000000,0.0000000,-1.3000000,-0.3400711,0.3707963,-0.0000000,1.0000000,1.0000000
0.0000000,0.0000000,0.9692268,0.0000000,0.0000000,0.0000000,1.0000000,0.0191925,0.0031003,-0.1093982,0.3500000,-0.2351718,0.0096271,-0.0193364,-0.0031361,-0.1101806,0.3500000,-0.2343888,-0.0096051,0.0000000,0.0000000,0.0000000,1.2707963,-0.0000000,0.0000000,-1.3000000,-0.3486468,0.3707963,-0.0000000,1.0000000,1.0000000
0.0000000,0.0000000,0.9692268,0.0000000,0.0000000,0.0000000,1.0000000,0.0191925,0.0031003,-0.1093982,0.3500000,-0.2351718,0.0096271,-0.0193364,-0.0031361,-0.1101806,0.3500000,-0.2343888,-0.0096051,0.0000000,0.0000000,0.0000000,1.2707963,-0.0000000,0.0000000,-1.3000000,-0.3493094,0.3707963,-0.0000000,1.0000000,1.0000000
0.0000000,0.0000000,0.9692268,0.0000000,0.0000000,0.0000000,1.0000000,0.0191925,0.0031003,-0.1093982,0.3500000,-0.2351718,0.0096271,-0.0193364,-0.0031361,-0.1101806,0.3500000,-0.2343888,-0.0096051,0.0000000,0.0000000,0.0000000,1.2707963,-0.0000000,0.0000000,-1.3000000,-0.3420438,0.3707963,-0.0000000,1.0000000,1.0000000
0.0000000,0.0000000,0.9692268,0.0000000,0.0000000,0.0000000,1.0000000,0.0191925,0.0031003,-0.1093982,0.3500000,-0.2351718,0.0096271,-0.0193364,-0.0031361,-0.1101806,0.3500000,-0.2343888,-0.0096051,0.0000000,0.0000000,0.0000000,1.2707963,-0.0000000,0.0000000,-1.3000000,-0.3270151,0.3707963,-0.0000000,1.0000000,1.0000000
0.0000000,0.0000000,0.9692268,0.0000000,0.0000000,0.0000000,1.0000000,0.0191925,0.0031003,-0.1093982,0.3500000,-0.2351718,0.0096271,-0.0193364,-0.0031361,-0.1101806,0.3500000,-0.2343888,-0.0096051,0.0000000,0.0000000,0.0000000,1.2707963,-0.0000000,0.0000000,-1.3000000,-0.3045643,0.3707963,-0.0000000,1.0000000,1.0000000
0.0000000,0.0000000,0.9692268,0.0000000,0.0000000,0.0000000,1.0000000,0.0191925,0.0031003,-0.1093982,0.3500000,-0.2351718,0.0096271,-0.0193364,-0.0031361,-0.1101806,0.3500000,-0.2343888,-0.0096051,0.0000000,0.0000000,0.0000000,1.2707963,-0.0000000,0.0000000,-1.3000000,-0.2752010,0.3707963,-0.0000000,1.0000000,1.0000000
0.0000000,0.0000000,0.9692268,0.0000000,0.0000000,0.0000000,1.0000000,0.0191925,0.0031003,-0.1093982,0.3500000,-0.2351718,0.0096271,-0.0193364,-0.0031361,-0.1101806,0.3500000,-0.2343888,-0.0096051,0.0000000,0.0000000,0.0000000,1.2707963,-0.0000000,0.0000000,-1.3000000,-0.2395915,0.3707963,-0.0000000,1.0000000,1.0000000
0.0000000,0.0000000,0.9692268,0.0000000,0.0000000,0.0000000,1.0000000,0.0191925,0.0031003,-0.1093982,0.3500000,-0.2351718,0.0096271,-0.0193364,-0.0031361,-0.1101806,0.3500000,-0.2343888,-0.0096051,0.0000000,0.0000000,0.0000000,1.2707963,-0.0000000,0.0000000,-1.3000000,-0.1985441,0.3707963,-0.0000000,1.0000000,1.0000000
0.0000000,0.0000000,0.9692268,0.0000000,0.0000000,0.0000000,1.0000000,0.0191925,0.0031003,-0.1093982,0.3500000,-0.2351718,0.0096271,-0.0193364,-0.0031361,-0.1101806,0.3500000,-0.2343888,-0.0096051,0.0000000,0.0000000,0.0000000,1.2707963,-0.0000000,0.0000000,-1.3000000,-0.1529905,0.3707963,-0.0000000,1.0000000,1.0000000
0.0000000,0.0000000,0.9692268,0.0000000,0.0000000,0.0000000,1.0000000,0.0191925,0.0031003,-0.1093982,0.3500000,-0.2351718,0.0096271,-0.0193364,-0.0031361,-0.1101806,0.3500000,-0.2343888,-0.0096051,0.0000000,0.0000000,0.0000000,1.2707963,-0.0000000,0.0000000,-1.3000000,-0.1039646,0.3707963,-0.0000000,1.0000000,1.0000000
0.0000000,0.0000000,0.9692268,0.0000000,0.0000000,0.0000000,1.0000000,0.0191925,0.0031003,-0.1093982,0.3500000,-0.2351718,0.0096271,-0.0193364,-0.0031361,-0.1101806,0.3500000,-0.2343888,-0.0096051,0.0000000,0.0000000,0.0000000,1.2707963,-0.0000000,0.0000000,-1.3000000,-0.0525790,0.3707963,-0.0000000,1.0000000,1.0000000
0.0000000,0.0000000,0.9692268,0.0000000,0.0000000,0.0000000,1.0000000,0.0191925,0.0031003,-0.1093982,0.3500000,-0.2351718,0.0096271,-0.0193364,-0.0031361,-0.1101806,0.3500000,-0.2343888,-0.0096051,0.0000000,0.0000000,0.0000000,1.2707963,-0.0000000,0.0000000,-1.3000000,-0.0000000,0.3707963,-0.0000000,1.0000000,1.0000000
0.0000000,0.0000000,0.9692268,0.0000000,0.0000000,0.0000000,1.0000000,0.0191925,0.0031003,-0.1093982,0.3500000,-0.2351718,0.0096271,-0.0193364,-0.0031361,-0.1101806,0.3500000,-0.2343888,-0.0096051,0.0000000,0.0000000,0.0000000,1.2707963,-0.0000000,0.0000000,-1.3000000,0.0525790,0.3707963,-0.0000000,1.0000000,1.0000000
0.0000000,0.0000000,0.9692268,0.0000000,0.0000000,0.0000000,1.0000000,0.0191925,0.0031003,-0.1093982,0.3500000,-0.2351718,0.0096271,-0.0193364,-0.0031361,-0.1101806,0.3500000,-0.2343888,-0.0096051,0.0000000,0.0000000,0.0000000,1.2707963,-0.0000000,0.0000000,-1.3000000,0.1039646,0.3707963,-0.0000000,1.0000000,1.0000000
0.0000000,0.0000000,0.9692268,0.0000000,0.0000000,0.0000000,1.0000000,0.0191925,0.0031003,-0.1093982,0.3500000,-0.2351718,0.0096271,-0.0193364,-0.0031361,-0.1101806,0.3500000,-0.2343888,-0.0096051,0.0000000,0.0000000,0.0000000,1.2707963,-0.0000000,0.0000000,-1.3000000,0.1529905,0.3707963,-0.0000000,1.0000000,1.0000000
0.0000000,0.0000000,0.9692268,0.0000000,0.0000000,0.0000000,1.0000000,0.0191925,0.0031003,-0.1093982,0.3500000,-0.2351718,0.0096271,-0.0193364,-0.0031361,-0.1101806,0.3500000,-0.2343888,-0.0096051,0.0000000,0.0000000,0.0000000,1.2707963,-0.0000000,0.0000000,-1.3000000,0.1985441,0.3707963,-0.0000000,1.0000000,1.0000000
0.0000000,0.0000000,0.9692268,0.0000000,0.0000000,0.0000000,1.0000000,0.0191925,0.0031003,-0.1093982,0.3500000,-0.2351718,0.0096271,-0.0193364,-0.0031361,-0.1101806,0.3500000,-0.2343888,-0.0096051,0.0000000,0.0000000,0.0000000,1.2707963,-0.0000000,0.0000000,-1.3000000,0.2395915,0.3707963,-0.0000000,1.0000000,1.0000000
0.0000000,0.0000000,0.9692268,0.0000000,0.0000000,0.0000000,1.0000000,0.0191925,0.0031003,-0.1093982,0.3500000,-0.2351718,0.0096271,-0.0193364,-0.0031361,-0.1101806,0.3500000,-0.2343888,-0.0096051,0.0000000,0.0000000,0.0000000,1.2707963,-0.0000000,0.0000000,-1.3000000,0.2752010,0.3707963,-0.0000000,1.0000000,1.0000000
0.0000000,0.0000000,0.9692268,0.0000000,0.0000000,0.0000000,1.0000000,0.0191925,0.0031003,-0.1093982,0.3500000,-0.2351718,0.0096271,-0.0193364,-0.0031361,-0.1101806,0.3500000,-0.2343888,-0.0096051,0.0000000,0.0000000,0.0000000,1.2707963,-0.0000000,0.0000000,-1.3000000,0.3045643,0.3707963,-0.0000000,1.0000000,1.0000000
0.0000000,0.0000000,0.9692268,0.0000000,0.0000000,0.0000000,1.0000000,0.0191925,0.0031003,-0.1093982,0.3500000,-0.2351718,0.0096271,-0.0193364,-0.0031361,-0.1101806,0.3500000,-0.2343888,-0.0096051,0.0000000,0.0000000,0.0000000,1.2707963,-0.0000000,0.0000000,-1.3000000,0.3270151,0.3707963,-0.0000000,1.0000000,1.0000000
0.0000000,0.0000000,0.9692268,0.0000000,0.0000000,0.0000000,1.0000000,0.0191925,0.0031003,-0.1093982,0.3500000,-0.2351718,0.0096271,-0.0193364,-0.0031361,-0.1101806,0.3500000,-0.2343888,-0.0096051,0.0000000,0.0000000,0.0000000,1.2707963,-0.0000000,0.0000000,-1.3000000,0.3420438,0.3707963,-0.0000000,1.0000000,1.0000000
0.0000000,0.0000000,0.9692268,0.0000000,0.0000000,0.0000000,1.0000000,0.0191925,0.0031003,-0.1093982,0.3500000,-0.2351718,0.0096271,-0.0193364,-0.0031361,-0.1101806,0.3500000,-0.2343888,-0.0096051,0.0000000,0.0000000,0.0000000,1.2707963,-0.0000000,0.0000000,-1.3000000,0.3493094,0.3707963,-0.0000000,1.0000000,1.0000000
0.0000000,0.0000000,0.9692268,0.0000000,0.0000000,0.0000000,1.0000000,0.0191925,0.0031003,-0.1093982,0.3500000,-0.2351718,0.0096271,-0.0193364,-0.0031361,-0.1101806,0.3500000,-0.2343888,-0.0096051,0.0000000,0.0000000,0.0000000,1.2707963,-0.0000000,0.0000000,-1.3000000,0.3486468,0.3707963,-0.0000000,1.0000000,1.0000000
0.0000000,0.0000000,0.9692268,0.0000000,0.0000000,0.0000000,1.0000000,0.0191925,0.0031003,-0.1093982,0.3500000,-0.2351718,0.0096271,-0.0193364,-0.0031361,-0.1101806,0.3500000,-0.2343888,-0.0096051,0.0000000,0.0000000,0.0000000,1.2707963,-0.0000000,0.0000000,-1.3000000,0.3400711,0.3707963,-0.0000000,1.0000000,1.0000000
0.0000000,0.0000000,0.9692268,0.0000000,0.0000000,0.0000000,1.0000000,0.0191925,0.0031003,-0.1093982,0.3500000,-0.2351718,0.0096271,-0.0193364,-0.0031361,-0.1101806,0.3500000,-0.2343888,-0.0096051,0.0000000,0.0000000,0.0000000,1.2707963,-0.0000000,0.0000000,-1.3000000,0.3237770,0.3707963,-0.0000000,1.0000000,1.0000000
0.0000000,0.0000000,0.9692268,0.0000000,0.0000000,0.0000000,1.0000000,0.0191925,0.0031003,-0.1093982,0.3500000,-0.2351718,0.0096271,-0.0193364,-0.0031361,-0.1101806,0.3500000,-0.2343888,-0.0096051,0.0000000,0.0000000,0.0000000,1.2707963,-0.0000000,0.0000000,-1.3000000,0.3001343,0.3707963,-0.0000000,1.0000000,1.0000000
0.0000000,0.0000000,0.9692268,0.0000000,0.0000000,0.0000000,1.0000000,0.0191925,0.0031003,-0.1093982,0.3500000,-0.2351718,0.0096271,-0.0193364,-0.0031361,-0.1101806,0.3500000,-0.2343888,-0.0096051,0.0000000,0.0000000,0.0000000,1.2707963,-0.0000000,0.0000000,-1.3000000,0.2696796,0.3707963,-0.0000000,1.0000000,1.0000000
0.0000000,0.0000000,0.9692268,0.0000000,0.0000000,0.0000000,1.0000000,0.0191925,0.0031003,-0.1093982,0.3500000,-0.2351718,0.0096271,-0.0193364,-0.0031361,-0.1101806,0.3500000,-0.2343888,-0.0096051,0.0000000,0.0000000,0.0000000,1.2707963,-0.0000000,0.0000000,-1.3000000,0.2331042,0.3707963,-0.0000000,1.0000000,1.0000000
0.0000000,0.0000000,0.9692268,0.0000000,0.0000000,0.0000000,1.0000000,0.0191925,0.0031003,-0.1093982,0.3500000,-0.2351718,0.0096271,-0.0193364,-0.0031361,-0.1101806,0.3500000,-0.2343888,-0.0096051,0.0000000,0.0000000,0.0000000,1.2707963,-0.0000000,0.0000000,-1.3000000,0.1912380,0.3707963,-0.0000000,1.0000000,1.0000000
0.0000000,0.0000000,0.9692268,0.0000000,0.0000000,0.0000000,1.0000000,0.0191925,0.0031003,-0.1093982,0.3500000,-0.2351718,0.0096271,-0.0193364,-0.0031361,-0.1101806,0.3500000,-0.2343888,-0.0096051,0.0000000,0.0000000,0.0000000,1.2707963,-0.0000000,0.0000000,-1.3000000,0.1450315,0.3707963,-0.0000000,1.0000000,1.0000000
0.0000000,0.0000000,0.9692268,0.0000000,0.0000000,0.0000000,1.0000000,0.0191925,0.0031003,-0.1093982,0.3500000,-0.2351718,0.0096271,-0.0193364,-0.0031361,-0.1101806,0.3500000,-0.2343888,-0.0096051,0.0000000,0.0000000,0.0000000,1.2707963,-0.0000000,0.0000000,-1.3000000,0.0955332,0.3707963,-0.0000000,1.0000000,1.0000000
0.0000000,0.0000000,0.9692268,0.0000000,0.0000000,0.0000000,1.0000000,0.0191925,0.0031003,-0.1093982,0.3500000,-0.2351718,0.0096271,-0.0193364,-0.0031361,-0.1101806,0.3500000,-0.2343888,-0.0096051,0.0000000,0.0000000,0.0000000,1.2707963,-0.0000000,0.0000000,-1.3000000,0.0438666,0.3707963,-0.0000000,1.0000000,1.0000000
0.0000000,0.0000000,0.9692268,0.0000000,0.0000000,0.0000000,1.0000000,0.0191925,0.0031003,-0.1093982,0.3500000,-0.2351718,0.0096271,-0.0193364,-0.0031361,-0.1101806,0.3500000,-0.2343888,-0.0096051,0.0000000,0.0000000,0.0000000,1.2707963,-0.0000000,0.0000000,-1.3000000,-0.0087955,0.3707963,-0.0000000,1.0000000,1.0000000
0.0000000,0.0000000,0.9692268,0.0000000,0.0000000,0.0000000,1.0000000,0.0191925,0.0031003,-0.1093982,0.3500000,-0.2351718,0.0096271,-0.0193364,-0.0031361,-0.1101806,0.3500000,-0.2343888,-0.0096051,0.0000000,0.0000000,0.0000000,1.2707963,-0.0000000,0.0000000,-1.3000000,-0.0612581,0.3707963,-0.0000000,1.0000000,1.0000000
0.0000000,0.0000000,0.9692268,0.0000000,0.0000000,0.0000000,1.0000000,0.0191925,0.0031003,-0.1093982,0.3500000,-0.2351718,0.0096271,-0.0193364,-0.0031361,-0.1101806,0.3500000,-0.2343888,-0.0096051,0.0000000,0.0000000,0.0000000,1.2707963,-0.0000000,0.0000000,-1.3000000,-0.1123303,0.3707963,-0.0000000,1.0000000,1.0000000
0.0000000,0.0000000,0.9692268,0.0000000,0.0000000,0.0000000,1.0000000,0.0191925,0.0031003,-0.1093982,0.3500000,-0.2351718,0.0096271,-0.0193364,-0.0031361,-0.1101806,0.3500000,-0.2343888,-0.0096051,0.0000000,0.0000000,0.0000000,1.2707963,-0.0000000,0.0000000,-1.3000000,-0.1608530,0.3707963,-0.0000000,1.0000000,1.0000000
0.0000000,0.0000000,0.9692268,0.0000000,0.0000000,0.0000000,1.0000000,0.0191925,0.0031003,-0.1093982,0.3500000,-0.2351718,0.0096271,-0.0193364,-0.0031361,-0.1101806,0.3500000,-0.2343888,-0.0096051,0.0000000,0.0000000,0.0000000,1.2707963,-0.0000000,0.0000000,-1.3000000,-0.2057248,0.3707963,-0.0000000,1.0000000,1.0000000
0.0000000,0.0000000,0.9692268,0.0000000,0.0000000,0.0000000,1.0000000,0.0191925,0.0031003,-0.1093982,0.3500000,-0.2351718,0.0096271,-0.0193364,-0.0031361,-0.1101806,0.3500000,-0.2343888,-0.0096051,0.0000000,0.0000000,0.0000000,1.2707963,-0.0000000,0.0000000,-1.3000000,-0.2459275,0.3707963,-0.0000000,1.0000000,1.0000000
0.0000000,0.0000000,0.9692268,0.0000000,0.0000000,0.0000000,1.0000000,0.0191925,0.0031003,-0.1093982,0.3500000,-0.2351718,0.0096271,-0.0193364,-0.0031361,-0.1101806,0.3500000,-0.2343888,-0.0096051,0.0000000,0.0000000,0.0000000,1.2707963,-0.0000000,0.0000000,-1.3000000,-0.2805484,0.3707963,-0.0000000,1.0000000,1.0000000
0.0000000,0.0000000,0.9692268,0.0000000,0.0000000,0.0000000,1.0000000,0.0191925,0.0031003,-0.1093982,0.3500000,-0.2351718,0.0096271,-0.0193364,-0.0031361,-0.1101806,0.3500000,-0.2343888,-0.0096051,0.0000000,0.0000000,0.0000000,1.2707963,-0.0000000,0.0000000,-1.3000000,-0.3088019,0.3707963,-0.0000000,1.0000000,1.0000000
0.0000000,0.0000000,0.9692268,0.0000000,0.0000000,0.0000000,1.0000000,0.0191925,0.0031003,-0.1093982,0.3500000,-0.2351718,0.0096271,-0.0193364,-0.0031361,-0.1101806,0.3500000,-0.2343888,-0.0096051,0.0000000,0.0000000,0.0000000,1.2707963,-0.0000000,0.0000000,-1.3000000,-0.3300467,0.3707963,-0.0000000,1.0000000,1.0000000
0.0000000,0.0000000,0.9692268,0.0000000,0.0000000,0.0000000,1.0000000,0.0191925,0.0031003,-0.1093982,0.3500000,-0.2351718,0.0096271,-0.0193364,-0.0031361,-0.1101806,0.3500000,-0.2343888,-0.0096051,0.0000000,0.0000000,0.0000000,1.2707963,-0.0000000,0.0000000,-1.3000000,-0.3438005,0.3707963,-0.0000000,1.0000000,1.0000000
0.0000000,0.0000000,0.9692268,0.0000000,0.0000000,0.0000000,1.0000000,0.0191925,0.0031003,-0.1093982,0.3500000,-0.2351718,0.0096271,-0.0193364,-0.0031361,-0.1101806,0.3500000,-0.2343888,-0.0096051,0.0000000,0.0000000,0.0000000,1.2707963,-0.0000000,0.0000000,-1.3000000,-0.3497513,0.3707963,-0.0000000,1.0000000,1.0000000
0.0000000,0.0000000,0.9692268,0.0000000,0.0000000,0.0000000,1.0000000,0.0191925,0.0031003,-0.1093982,0.3500000,-0.2351718,0.0096271,-0.0193364,-0.0031361,-0.1101806,0.3500000,-0.2343888,-0.0096051,0.0000000,0.0000000,0.0000000,1.2707963,-0.0000000,0.0000000,-1.3000000,-0.3477640,0.3707963,-0.0000000,1.0000000,1.0000000
0.0000000,0.0000000,0.9692268,0.0000000,0.0000000,0.0000000,1.0000000,0.0191925,0.0031003,-0.1093982,0.3500000,-0.2351718,0.0096271,-0.0193364,-0.0031361,-0.1101806,0.3500000,-0.2343888,-0.0096051,0.0000000,0.0000000,0.0000000,1.2707963,-0.0000000,0.0000000,-1.3000000,-0.3378836,0.3707963,-0.0000000,1.0000000,1.0000000
0.0000000,0.0000000,0.9692268,0.0000000,0.0000000,0.0000000,1.0000000,0.0191925,0.0031003,-0.1093982,0.3500000,-0.2351718,0.0096271,-0.0193364,-0.0031361,-0.1101806,0.3500000,-0.2343888,-0.0096051,0.0000000,0.0000000,0.0000000,1.2707963,-0.0000000,0.0000000,-1.3000000,-0.3203344,0.3707963,-0.0000000,1.0000000,1.0000000
0.0000000,0.0000000,0.9692268,0.0000000,0.0000000,0.0000000,1.0000000,0.0191925,0.0031003,-0.1093982,0.3500000,-0.2351718,0.0096271,-0.0193364,-0.0031361,-0.1101806,0.3500000,-0.2343888,-0.0096051,0.0000000,0.0000000,0.0000000,1.2707963,-0.0000000,0.0000000,-1.3000000,-0.2955148,0.3707963,-0.0000000,1.0000000,1.0000000
0.0000000,0.0000000,0.9692268,0.0000000,0.0000000,0.0000000,1.0000000,0.0191925,0.0031003,-0.1093982,0.3500000,-0.2351718,0.0096271,-0.0193364,-0.0031361,-0.1101806,0.3500000,-0.2343888,-0.0096051,0.0000000,0.0000000,0.0000000,1.2707963,-0.0000000,0.0000000,-1.3000000,-0.2639880,0.3707963,-0.0000000,1.0000000,1.0000000
0.0000000,0.0000000,0.9692268,0.0000000,0.0000000,0.0000000,1.0000000,0.0191925,0.0031003,-0.1093982,0.3500000,-0.2351718,0.0096271,-0.0193364,-0.0031361,-0.1101806,0.3500000,-0.2343888,-0.0096051,0.0000000,0.0000000,0.0000000,1.2707963,-0.0000000,0.0000000,-1.3000000,-0.2264696,0.3707963,-0.0000000,1.0000000,1.0000000
0.0000000,0.0000000,0.9692268,0.0000000,0.0000000,0.0000000,1.0000000,0.0191925,0.0031003,-0.1093982,0.3500000,-0.2351718,0.0096271,-0.0193364,-0.0031361,-0.1101806,0.3500000,-0.2343888,-0.0096051,0.0000000,0.0000000,0.0000000,1.2707963,-0.0000000,0.0000000,-1.3000000,-0.1838111,0.3707963,-0.0000000,1.0000000,1.0000000
0.0000000,0.0000000,0.9692268,0.0000000,0.0000000,0.0000000,1.0000000,0.0191925,0.0031003,-0.1093982,0.3500000,-0.2351718,0.0096271,-0.0193364,-0.0031361,-0.1101806,0.3500000,-0.2343888,-0.0096051,0.0000000,0.0000000,0.0000000,1.2707963,-0.0000000,0.0000000,-1.3000000,-0.1369808,0.3707963,-0.0000000,1.0000000,1.0000000
0.0000000,0.0000000,0.9692268,0.0000000,0.0000000,0.0000000,1.0000000,0.0191925,0.0031003,-0.1093982,0.3500000,-0.2351718,0.0096271,-0.0193364,-0.0031361,-0.1101806,0.3500000,-0.2343888,-0.0096051,0.0000000,0.0000000,0.0000000,1.2707963,-0.0000000,0.0000000,-1.3000000,-0.0870415,0.3707963,-0.0000000,1.0000000,1.0000000
0.0000000,0.0000000,0.9692268,0.0000000,0.0000000,0.0000000,1.0000000,0.0191925,0.0031003,-0.1093982,0.3500000,-0.2351718,0.0096271,-0.0193364,-0.0031361,-0.1101806,0.3500000,-0.2343888,-0.0096051,0.0000000,0.0000000,0.0000000,1.2707963,-0.0000000,0.0000000,-1.3000000,-0.0351266,0.3707963,-0.0000000,1.0000000,1.0000000
0.0000000,0.0000000,0.9692268,0.0000000,0.0000000,0.0000000,1.0000000,0.0191925,0.0031003,-0.1093982,0.3500000,-0.2351718,0.0096271,-0.0193364,-0.0031361,-0.1101806,0.3500000,-0.2343888,-0.0096051,0.0000000,0.0000000,0.0000000,1.2707963,-0.0000000,0.0000000,-1.3000000,0.0175855,0.3707963,-0.0000000,1.0000000,1.0000000
0.0000000,0.0000000,0.9692268,0.0000000,0.0000000,0.0000000,1.0000000,0.0191925,0.0031003,-0.1093982,0.3500000,-0.2351718,0.0096271,-0.0193364,-0.0031361,-0.1101806,0.3500000,-0.2343888,-0.0096051,0.0000000,0.0000000,0.0000000,1.2707963,-0.0000000,0.0000000,-1.3000000,0.0698985,0.3707963,-0.0000000,1.0000000,1.0000000
0.0000000,0.0000000,0.9692268,0.0000000,0.0000000,0.0000000,1.0000000,0.0191925,0.0031003,-0.1093982,0.3500000,-0.2351718,0.0096271,-0.0193364,-0.0031361,-0.1101806,0.3500000,-0.2343888,-0.0096051,0.0000000,0.0000000,0.0000000,1.2707963,-0.0000000,0.0000000,-1.3000000,0.1206250,0.3707963,-0.0000000,1.0000000,1.0000000
0.0000000,0.0000000,0.9692268,0.0000000,0.0000000,0.0000000,1.0000000,0.0191925,0.0031003,-0.1093982,0.3500000,-0.2351718,0.0096271,-0.0193364,-0.0031361,-0.1101806,0.3500000,-0.2343888,-0.0096051,0.0000000,0.0000000,0.0000000,1.2707963,-0.0000000,0.0000000,-1.3000000,0.1686138,0.3707963,-0.0000000,1.0000000,1.0000000
0.0000000,0.0000000,0.9692268,0.0000000,0.0000000,0.0000000,1.0000000,0.0191925,0.0031003,-0.1093982,0.3500000,-0.2351718,0.0096271,-0.0193364,-0.0031361,-0.1101806,0.3500000,-0.2343888,-0.0096051,0.0000000,0.0000000,0.0000000,1.2707963,-0.0000000,0.0000000,-1.3000000,0.2127756,0.3707963,-0.0000000,1.0000000,1.0000000
0.0000000,0.0000000,0.9692268,0.0000000,0.0000000,0.0000000,1.0000000,0.0191925,0.0031003,-0.1093982,0.3500000,-0.2351718,0.0096271,-0.0193364,-0.0031361,-0.1101806,0.3500000,-0.2343888,-0.0096051,0.0000000,0.0000000,0.0000000,1.2707963,-0.0000000,0.0000000,-1.3000000,0.2521082,0.3707963,-0.0000000,1.0000000,1.0000000
0.0000000,0.0000000,0.9692268,0.0000000,0.0000000,0.0000000,1.0000000,0.0191925,0.0031003,-0.1093982,0.3500000,-0.2351718,0.0096271,-0.0193364,-0.0031361,-0.1101806,0.3500000,-0.2343888,-0.0096051,0.0000000,0.0000000,0.0000000,1.2707963,-0.0000000,0.0000000,-1.3000000,0.2857187,0.3707963,-0.0000000,1.0000000,1.0000000
0.0000000,0.0000000,0.9692268,0.0000000,0.0000000,0.0000000,1.0000000,0.0191925,0.0031003,-0.1093982,0.3500000,-0.2351718,0.0096271,-0.0193364,-0.0031361,-0.1101806,0.3500000,-0.2343888,-0.0096051,0.0000000,0.0000000,0.0000000,1.2707963,-0.0000000,0.0000000,-1.3000000,0.3128445,0.3707963,-0.0000000,1.0000000,1.0000000
0.0000000,0.0000000,0.9692268,0.0000000,0.0000000,0.0000000,1.0000000,0.0191925,0.0031003,-0.1093982,0.3500000,-0.2351718,0.0096271,-0.0193364,-0.0031361,-0.1101806,0.3500000,-0.2343888,-0.0096051,0.0000000,0.0000000,0.0000000,1.2707963,-0.0000000,0.0000000,-1.3000000,0.3328698,0.3707963,-0.0000000,1.0000000,1.0000000
0.0000000,0.0000000,0.9692268,0.0000000,0.0000000,0.0000000,1.0000000,0.0191925,0.0031003,-0.1093982,0.3500000,-0.2351718,0.0096271,-0.0193364,-0.0031361,-0.1101806,0.3500000,-0.2343888,-0.0096051,0.0000000,0.0000000,0.0000000,1.2707963,-0.0000000,0.0000000,-1.3000000,0.3453401,0.3707963,-0.0000000,1.0000000,1.0000000
0.0000000,0.0000000,0.9692268,0.0000000,0.0000000,0.0000000,1.0000000,0.0191925,0.0031003,-0.1093982,0.3500000,-0.2351718,0.0096271,-0.0193364,-0.0031361,-0.1101806,0.3500000,-0.2343888,-0.0096051,0.0000000,0.0000000,0.0000000,1.2707963,-0.0000000,0.0000000,-1.3000000,0.3499724,0.3707963,-0.0000000,1.0000000,1.0000000
0.0000000,0.0000000,0.9692268,0.0000000,0.0000000,0.0000000,1.0000000,0.0191925,0.0031003,-0.1093982,0.3500000,-0.2351718,0.0096271,-0.0193364,-0.0031361,-0.1101806,0.3500000,-0.2343888,-0.0096051,0.0000000,0.0000000,0.0000000,1.2707963,-0.0000000,0.0000000,-1.3000000,0.3466615,0.3707963,-0.0000000,1.0000000,1.0000000
0.0000000,0.0000000,0.9692268,0.0000000,0.0000000,0.0000000,1.0000000,0.0191925,0.0031003,-0.1093982,0.3500000,-0.2351718,0.0096271,-0.0193364,-0.0031361,-0.1101806,0.3500000,-0.2343888,-0.0096051,0.0000000,0.0000000,0.0000000,1.2707963,-0.0000000,0.0000000,-1.3000000,0.3354826,0.3707963,-0.0000000,1.0000000,1.0000000
0.0000000,0.0000000,0.9692268,0.0000000,0.0000000,0.0000000,1.0000000,0.0191925,0.0031003,-0.1093982,0.3500000,-0.2351718,0.0096271,-0.0193364,-0.0031361,-0.1101806,0.3500000,-0.2343888,-0.0096051,0.0000000,0.0000000,0.0000000,1.2707963,-0.0000000,0.0000000,-1.3000000,0.3166895,0.3707963,-0.0000000,1.0000000,1.0000000
0.0000000,0.0000000,0.9692268,0.0000000,0.0000000,0.0000000,1.0000000,0.0191925,0.0031003,-0.1093982,0.3500000,-0.2351718,0.0096271,-0.0193364,-0.0031361,-0.1101806,0.3500000,-0.2343888,-0.0096051,0.0000000,0.0000000,0.0000000,1.2707963,-0.0000000,0.0000000,-1.3000000,0.2907086,0.3707963,-0.0000000,1.0000000,1.0000000
0.0000000,0.0000000,0.9692268,0.0000000,0.0000000,0.0000000,1.0000000,0.0191925,0.0031003,-0.1093982,0.3500000,-0.2351718,0.0096271,-0.0193364,-0.0031361,-0.1101806,0.3500000,-0.2343888,-0.0096051,0.0000000,0.0000000,0.0000000,1.2707963,-0.0000000,0.0000000,-1.3000000,0.2581296,0.3707963,-0.0000000,1.0000000,1.0000000
0.0000000,0.0000000,0.9692268,0.0000000,0.0000000,0.0000000,1.0000000,0.0191925,0.0031003,-0.1093982,0.3500000,-0.2351718,0.0096271,-0.0193364,-0.0031361,-0.1101806,0.3500000,-0.2343888,-0.0096051,0.0000000,0.0000000,0.0000000,1.2707963,-0.0000000,0.0000000,-1.3000000,0.2196920,0.3707963,-0.0000000,1.0000000,1.0000000
0.0000000,0.0000000,0.9692268,0.0000000,0.0000000,0.0000000,1.0000000,0.0191925,0.0031003,-0.1093982,0.3500000,-0.2351718,0.0096271,-0.0193364,-0.0031361,-0.1101806,0.3500000,-0.2343888,-0.0096051,0.0000000,0.0000000,0.0000000,1.2707963,-0.0000000,0.0000000,-1.3000000,0.1762681,0.3707963,-0.0000000,1.0000000,1.0000000
0.0000000,0.0000000,0.9692268,0.0000000,0.0000000,0.0000000,1.0000000,0.0191925,0.0031003,-0.1093982,0.3500000,-0.2351718,0.0096271,-0.0193364,-0.0031361,-0.1101806,0.3500000,-0.2343888,-0.0096051,0.0000000,0.0000000,0.0000000,1.2707963,-0.0000000,0.0000000,-1.3000000,0.1288436,0.3707963,-0.0000000,1.0000000,1.0000000
0.0000000,0.0000000,0.9692268,0.0000000,0.0000000,0.0000000,1.0000000,0.0191925,0.0031003,-0.1093982,0.3500000,-0.2351718,0.0096271,-0.0193364,-0.0031361,-0.1101806,0.3500000,-0.2343888,-0.0096051,0.0000000,0.0000000,0.0000000,1.2707963,-0.0000000,0.0000000,-1.3000000,0.0784948,0.3707963,-0.0000000,1.0000000,1.0000000
0.0000000,0.0000000,0.9692268,0.0000000,0.0000000,0.0000000,1.0000000,0.0191925,0.0031003,-0.1093982,0.3500000,-0.2351718,0.0096271,-0.0193364,-0.0031361,-0.1101806,0.3500000,-0.2343888,-0.0096051,0.0000000,0.0000000,0.0000000,1.2707963,-0.0000000,0.0000000,-1.3000000,0.0263644,0.3707963,-0.0000000,1.0000000,1.0000000
0.0000000,0.0000000,0.9692268,0.0000000,0.0000000,0.0000000,1.0000000,0.0191925,0.0031003,-0.1093982,0.3500000,-0.2351718,0.0096271,-0.0193364,-0.0031361,-0.1101806,0.3500000,-0.2343888,-0.0096051,0.0000000,0.0000000,0.0000000,1.2707963,-0.0000000,0.0000000,-1.3000000,-0.0263644,0.3707963,-0.0000000,1.0000000,1.0000000
0.0000000,0.0000000,0.9692268,0.0000000,0.0000000,0.0000000,1.0000000,0.0191925,0.0031003,-0.1093982,0.3500000,-0.2351718,0.0096271,-0.0193364,-0.0031361,-0.1101806,0.3500000,-0.2343888,-0.0096051,0.0000000,0.0000000,0.0000000,1.2707963,-0.0000000,0.0000000,-1.3000000,-0.0784948,0.3707963,-0.0000000,1.0000000,1.0000000
0.0000000,0.0000000,0.9692268,0.0000000,0.0000000,0.0000000,1.0000000,0.0191925,0.0031003,-0.1093982,0.3500000,-0.2351718,0.0096271,-0.0193364,-0.0031361,-0.1101806,0.3500000,-0.2343888,-0.0096051,0.0000000,0.0000000,0.0000000,1.2707963,-0.0000000,0.0000000,-1.3000000,-0.1288436,0.3707963,-0.0000000,1.0000000,1.0000000
0.0000000,0.0000000,0.9692268,0.0000000,0.0000000,0.0000000,1.0000000,0.0191925,0.0031003,-0.1093982,0.3500000,-0.2351718,0.0096271,-0.0193364,-0.0031361,-0.1101806,0.3500000,-0.2343888,-0.0096051,0.0000000,0.0000000,0.0000000,1.2707963,-0.0000000,0.0000000,-1.3000000,-0.1762681,0.3707963,-0.0000000,1.0000000,1.0000000
0.0000000,0.0000000,0.9692268,0.0000000,0.0000000,0.0000000,1.0000000,0.0191925,0.0031003,-0.1093982,0.3500000,-0.2351718,0.0096271,-0.0193364,-0.0031361,-0.1101806,0.3500000,-0.2343888,-0.0096051,0.0000000,0.0000000,0.0000000,1.2707963,-0.0000000,0.0000000,-1.3000000,-0.2196920,0.3707963,-0.0000000,1.0000000,1.0000000
0.0000000,0.0000000,0.9692268,0.0000000,0.0000000,0.0000000,1.0000000,0.0191925,0.0031003,-0.1093982,0.3500000,-0.2351718,0.0096271,-0.0193364,-0.0031361,-0.1101806,0.3500000,-0.2343888,-0.0096051,0.0000000,0.0000000,0.0000000,1.2707963,-0.0000000,0.0000000,-1.3000000,-0.2581296,0.3707963,-0.0000000,1.0000000,1.0000000
0.0000000,0.0000000,0.9692268,0.0000000,0.0000000,0.0000000,1.0000000,0.0191925,0.0031003,-0.1093982,0.3500000,-0.2351718,0.0096271,-0.0193364,-0.0031361,-0.1101806,0.3500000,-0.2343888,-0.0096051,0.0000000,0.0000000,0.0000000,1.2707963,-0.0000000,0.0000000,-1.3000000,-0.2907086,0.3707963,-0.0000000,1.0000000,1.0000000
0.0000000,0.0000000,0.9692268,0.0000000,0.0000000,0.0000000,1.0000000,0.0191925,0.0031003,-0.1093982,0.3500000,-0.2351718,0.0096271,-0.0193364,-0.0031361,-0.1101806,0.3500000,-0.2343888,-0.0096051,0.0000000,0.0000000,0.0000000,1.2707963,-0.0000000,0.0000000,-1.3000000,-0.3166895,0.3707963,-0.0000000,1.0000000,1.0000000
0.0000000,0.0000000,0.9692268,0.0000000,0.0000000,0.0000000,1.0000000,0.0191925,0.0031003,-0.1093982,0.3500000,-0.2351718,0.0096271,-0.0193364,-0.0031361,-0.1101806,0.3500000,-0.2343888,-0.0096051,0.0000000,0.0000000,0.0000000,1.2707963,-0.0000000,0.0000000,-1.3000000,-0.3354826,0.3707963,-0.0000000,1.0000000,1.0000000
0.0000000,0.0000000,0.9692268,0.0000000,0.0000000,0.0000000,1.0000000,0.0191925,0.0031003,-0.1093982,0.3500000,-0.2351718,0.0096271,-0.0193364,-0.0031361,-0.1101806,0.3500000,-0.2343888,-0.0096051,0.0000000,0.0000000,0.0000000,1.2707963,-0.0000000,0.0000000,-1.3000000,-0.3466615,0.3707963,-0.0000000,1.0000000,1.0000000
0.0000000,0.0000000,0.9692268,0.0000000,0.0000000,0.0000000,1.0000000,0.0191925,0.0031003,-0.1093982,0.3500000,-0.2351718,0.0096271,-0.0193364,-0.0031361,-0.1101806,0.3500000,-0.2343888,-0.0096051,0.0000000,0.0000000,0.0000000,1.2707963,-0.0000000,0.0000000,-1.3000000,-0.3499724,0.3707963,-0.0000000,1.0000000,1.0000000
0.0000000,0.0000000,0.9692268,0.0000000,0.0000000,0.0000000,1.0000000,0.0191925,0.0031003,-0.1093982,0.3500000,-0.2351718,0.0096271,-0.0193364,-0.0031361,-0.1101806,0.3500000,-0.2343888,-0.0096051,0.0000000,0.0000000,0.0000000,1.2707963,-0.0000000,0.0000000,-1.3000000,-0.3453401,0.3707963,-0.0000000,1.0000000,1.0000000
0.0000000,0.0000000,0.9692268,0.0000000,0.0000000,0.0000000,1.0000000,0.0191925,0.0031003,-0.1093982,0.3500000,-0.2351718,0.0096271,-0.0193364,-0.0031361,-0.1101806,0.3500000,-0.2343888,-0.0096051,0.0000000,0.0000000,0.0000000,1.2707963,-0.0000000,0.0000000,-1.3000000,-0.3328698,0.3707963,-0.0000000,1.0000000,1.0000000
0.0000000,0.0000000,0.9692268,0.0000000,0.0000000,0.0000000,1.0000000,0.0191925,0.0031003,-0.1093982,0.3500000,-0.2351718,0.0096271,-0.0193364,-0.0031361,-0.1101806,0.3500000,-0.2343888,-0.0096051,0.0000000,0.0000000,0.0000000,1.2707963,-0.0000000,0.0000000,-1.3000000,-0.3128445,0.3707963,-0.0000000,1.0000000,1.0000000
0.0000000,0.0000000,0.9692268,0.0000000,0.0000000,0.0000000,1.0000000,0.0191925,0.0031003,-0.1093982,0.3500000,-0.2351718,0.0096271,-0.0193364,-0.0031361,-0.1101806,0.3500000,-0.2343888,-0.0096051,0.0000000,0.0000000,0.0000000,1.2707963,-0.0000000,0.0000000,-1.3000000,-0.2857187,0.3707963,-0.0000000,1.0000000,1.0000000
0.0000000,0.0000000,0.9692268,0.0000000,0.0000000,0.0000000,1.0000000,0.0191925,0.0031003,-0.1093982,0.3500000,-0.2351718,0.0096271,-0.0193364,-0.0031361,-0.1101806,0.3500000,-0.2343888,-0.0096051,0.0000000,0.0000000,0.0000000,1.2707963,-0.0000000,0.0000000,-1.3000000,-0.2521082,0.3707963,-0.0000000,1.0000000,1.0000000
0.0000000,0.0000000,0.9692268,0.0000000,0.0000000,0.0000000,1.0000000,0.0191925,0.0031003,-0.1093982,0.3500000,-0.2351718,0.0096271,-0.0193364,-0.0031361,-0.1101806,0.3500000,-0.2343888,-0.0096051,0.0000000,0.0000000,0.0000000,1.2707963,-0.0000000,0.0000000,-1.3000000,-0.2127756,0.3707963,-0.0000000,1.0000000,1.0000000
0.0000000,0.0000000,0.9692268,0.0000000,0.0000000,0.0000000,1.0000000,0.0191925,0.0031003,-0.1093982,0.3500000,-0.2351718,0.0096271,-0.0193364,-0.0031361,-0.1101806,0.3500000,-0.2343888,-0.0096051,0.0000000,0.0000000,0.0000000,1.2707963,-0.0000000,0.0000000,-1.3000000,-0.1686138,0.3707963,-0.0000000,1.0000000,1.0000000
0.0000000,0.0000000,0.9692268,0.0000000,0.0000000,0.0000000,1.0000000,0.0191925,0.0031003,-0.1093982,0.3500000,-0.2351718,0.0096271,-0.0193364,-0.0031361,-0.1101806,0.3500000,-0.2343888,-0.0096051,0.0000000,0.0000000,0.0000000,1.2707963,-0.0000000,0.0000000,-1.3000000,-0.1206250,0.3707963,-0.0000000,1.0000000,1.0000000
0.0000000,0.0000000,0.9692268,0.0000000,0.0000000,0.0000000,1.0000000,0.0191925,0.0031003,-0.1093982,0.3500000,-0.2351718,0.0096271,-0.0193364,-0.0031361,-0.1101806,0.3500000,-0.2343888,-0.0096051,0.0000000,0.0000000,0.0000000,1.2707963,-0.0000000,0.0000000,-1.3000000,-0.0698985,0.3707963,-0.0000000,1.0000000,1.0000000
0.0000000,0.0000000,0.9692268,0.0000000,0.0000000,0.0000000,1.0000000,0.0191925,0.0031003,-0.1093982,0.3500000,-0.2351718,0.0096271,-0.0193364,-0.0031361,-0.1101806,0.3500000,-0.2343888,-0.0096051,0.0000000,0.0000000,0.0000000,1.2707963,-0.0000000,0.0000000,-1.3000000,-0.0175855,0.3707963,-0.0000000,1.0000000,1.0000000
0.0000000,0.0000000,0.9692268,0.0000000,0.0000000,0.0000000,1.0000000,0.0191925,0.0031003,-0.1093982,0.3500000,-0.2351718,0.0096271,-0.0193364,-0.0031361,-0.1101806,0.3500000,-0.2343888,-0.0096051,0.0000000,0.0000000,0.0000000,1.2707963,-0.0000000,0.0000000,-1.3000000,0.0351266,0.3707963,-0.0000000,1.0000000,1.0000000
0.0000000,0.0000000,0.9692268,0.0000000,0.0000000,0.0000000,1.0000000,0.0191925,0.0031003,-0.1093982,0.3500000,-0.2351718,0.0096271,-0.0193364,-0.0031361,-0.1101806,0.3500000,-0.2343888,-0.0096051,0.0000000,0.0000000,0.0000000,1.2707963,-0.0000000,0.0000000,-1.3000000,0.0870415,0.3707963,-0.0000000,1.0000000,1.0000000
0.0000000,0.0000000,0.9692268,0.0000000,0.0000000,0.0000000,1.0000000,0.0191925,0.0031003,-0.1093982,0.3500000,-0.2351718,0.0096271,-0.0193364,-0.0031361,-0.1101806,0.3500000,-0.2343888,-0.0096051,0.0000000,0.0000000,0.0000000,1.2707963,-0.0000000,0.0000000,-1.3000000,0.1369808,0.3707963,-0.0000000,1.0000000,1.0000000
0.0000000,0.0000000,0.9692268,0.0000000,0.0000000,0.0000000,1.0000000,0.0191925,0.0031003,-0.1093982,0.3500000,-0.2351718,0.0096271,-0.0193364,-0.0031361,-0.1101806,0.3500000,-0.2343888,-0.0096051,0.0000000,0.0000000,0.0000000,1.2707963,-0.0000000,0.0000000,-1.3000000,0.1838111,0.3707963,-0.0000000,1.0000000,1.0000000
0.0000000,0.0000000,0.9692268,0.0000000,0.0000000,0.0000000,1.0000000,0.0191925,0.0031003,-0.1093982,0.3500000,-0.2351718,0.0096271,-0.0193364,-0.0031361,-0.1101806,0.3500000,-0.2343888,-0.0096051,0.0000000,0.0000000,0.0000000,1.2707963,-0.0000000,0.0000000,-1.3000000,0.2264696,0.3707963,-0.0000000,1.0000000,1.0000000
0.0000000,0.0000000,0.9692268,0.0000000,0.0000000,0.0000000,1.0000000,0.0191925,0.0031003,-0.1093982,0.3500000,-0.2351718,0.0096271,-0.0193364,-0.0031361,-0.1101806,0.3500000,-0.2343888,-0.0096051,0.0000000,0.0000000,0.0000000,1.2707963,-0.0000000,0.0000000,-1.3000000,0.2639880,0.3707963,-0.0000000,1.0000000,1.0000000
0.0000000,0.0000000,0.9692268,0.0000000,0.0000000,0.0000000,1.0000000,0.0191925,0.0031003,-0.1093982,0.3500000,-0.2351718,0.0096271,-0.0193364,-0.0031361,-0.1101806,0.3500000,-0.2343888,-0.0096051,0.0000000,0.0000000,0.0000000,1.2707963,-0.0000000,0.0000000,-1.3000000,0.2955148,0.3707963,-0.0000000,1.0000000,1.0000000
0.0000000,0.0000000,0.9692268,0.0000000,0.0000000,0.0000000,1.0000000,0.0191925,0.0031003,-0.1093982,0.3500000,-0.2351718,0.0096271,-0.0193364,-0.0031361,-0.1101806,0.3500000,-0.2343888,-0.0096051,0.0000000,0.0000000,0.0000000,1.2707963,-0.0000000,0.0000000,-1.3000000,0.3203344,0.3707963,-0.0000000,1.0000000,1.0000000
0.0000000,0.0000000,0.9692268,0.0000000,0.0000000,0.0000000,1.0000000,0.0191925,0.0031003,-0.1093982,0.3500000,-0.2351718,0.0096271,-0.0193364,-0.0031361,-0.1101806,0.3500000,-0.2343888,-0.0096051,0.0000000,0.0000000,0.0000000,1.2707963,-0.0000000,0.0000000,-1.3000000,0.3378836,0.3707963,-0.0000000,1.0000000,1.0000000
0.0000000,0.0000000,0.9692268,0.0000000,0.0000000,0.0000000,1.0000000,0.0191925,0.0031003,-0.1093982,0.3500000,-0.2351718,0.0096271,-0.0193364,-0.0031361,-0.1101806,0.3500000,-0.2343888,-0.0096051,0.0000000,0.0000000,0.0000000,1.2707963,-0.0000000,0.0000000,-1.3000000,0.3477640,0.3707963,-0.0000000,1.0000000,1.0000000
0.0000000,0.0000000,0.9692268,0.0000000,0.0000000,0.0000000,1.0000000,0.0191925,0.0031003,-0.1093982,0.3500000,-0.2351718,0.0096271,-0.0193364,-0.0031361,-0.1101806,0.3500000,-0.2343888,-0.0096051,0.0000000,0.0000000,0.0000000,1.2707963,-0.0000000,0.0000000,-1.3000000,0.3497513,0.3707963,-0.0000000,1.0000000,1.0000000
0.0000000,0.0000000,0.9692268,0.0000000,0.0000000,0.0000000,1.0000000,0.0191925,0.0031003,-0.1093982,0.3500000,-0.2351718,0.0096271,-0.0193364,-0.0031361,-0.1101806,0.3500000,-0.2343888,-0.0096051,0.0000000,0.0000000,0.0000000,1.2707963,-0.0000000,0.0000000,-1.3000000,0.3438005,0.3707963,-0.0000000,1.0000000,1.0000000
0.0000000,0.0000000,0.9692268,0.0000000,0.0000000,0.0000000,1.0000000,0.0191925,0.0031003,-0.1093982,0.3500000,-0.2351718,0.0096271,-0.0193364,-0.0031361,-0.1101806,0.3500000,-0.2343888,-0.0096051,0.0000000,0.0000000,0.0000000,1.2707963,-0.0000000,0.0000000,-1.3000000,0.3300467,0.3707963,-0.0000000,1.0000000,1.0000000
0.0000000,0.0000000,0.9692268,0.0000000,0.0000000,0.0000000,1.0000000,0.0191925,0.0031003,-0.1093982,0.3500000,-0.2351718,0.0096271,-0.0193364,-0.0031361,-0.1101806,0.3500000,-0.2343888,-0.0096051,0.0000000,0.0000000,0.0000000,1.2707963,-0.0000000,0.0000000,-1.3000000,0.3088019,0.3707963,-0.0000000,1.0000000,1.0000000
0.0000000,0.0000000,0.9692268,0.0000000,0.0000000,0.0000000,1.0000000,0.0191925,0.0031003,-0.1093982,0.3500000,-0.2351718,0.0096271,-0.0193364,-0.0031361,-0.1101806,0.3500000,-0.2343888,-0.0096051,0.0000000,0.0000000,0.0000000,1.2707963,-0.0000000,0.0000000,-1.3000000,0.2805484,0.3707963,-0.0000000,1.0000000,1.0000000
0.0000000,0.0000000,0.9692268,0.0000000,0.0000000,0.0000000,1.0000000,0.0191925,0.0031003,-0.1093982,0.3500000,-0.2351718,0.0096271,-0.0193364,-0.0031361,-0.1101806,0.3500000,-0.2343888,-0.0096051,0.0000000,0.0000000,0.0000000,1.2707963,-0.0000000,0.0000000,-1.3000000,0.2459275,0.3707963,-0.0000000,1.0000000,1.0000000
0.0000000,0.0000000,0.9692268,0.0000000,0.0000000,0.0000000,1.0000000,0.0191925,0.0031003,-0.1093982,0.3500000,-0.2351718,0.0096271,-0.0193364,-0.0031361,-0.1101806,0.3500000,-0.2343888,-0.0096051,0.0000000,0.0000000,0.0000000,1.2707963,-0.0000000,0.0000000,-1.3000000,0.2057248,0.3707963,-0.0000000,1.0000000,1.0000000
0.0000000,0.0000000,0.9692268,0.0000000,0.0000000,0.0000000,1.0000000,0.0191925,0.0031003,-0.1093982,0.3500000,-0.2351718,0.0096271,-0.0193364,-0.0031361,-0.1101806,0.3500000,-0.2343888,-0.0096051,0.0000000,0.0000000,0.0000000,1.2707963,-0.0000000,0.0000000,-1.3000000,0.1607561,0.3707963,-0.0000000,1.0000000,1.0000000
0.0000000,0.0000000,0.9692268,0.0000000,0.0000000,0.0000000,1.0000000,0.0191925,0.0031003,-0.1093982,0.3500000,-0.2351718,0.0096271,-0.0193364,-0.0031361,-0.1101806,0.3500000,-0.2343888,-0.0096051,0.0000000,0.0000000,0.0000000,1.2707963,-0.0000000,0.0000000,-1.3000000,0.1118219,0.3707963,-0.0000000,1.0000000,1.0000000
0.0000000,0.0000000,0.9692268,0.0000000,0.0000000,0.0000000,1.0000000,0.0191925,0.0031003,-0.1093982,0.3500000,-0.2351718,0.0096271,-0.0193364,-0.0031361,-0.1101806,0.3500000,-0.2343888,-0.0096051,0.0000000,0.0000000,0.0000000,1.2707963,-0.0000000,0.0000000,-1.3000000,0.0603809,0.3707963,-0.0000000,1.0000000,1.0000000
0.0000000,0.0000000,0.9692268,0.0000000,0.0000000,0.0000000,1.0000000,0.0191925,0.0031003,-0.1093982,0.3500000,-0.2351718,0.0096271,-0.0193364,-0.0031361,-0.1101806,0.3500000,-0.2343888,-0.0096051,0.0000000,0.0000000,0.0000000,1.2707963,-0.0000000,0.0000000,-1.3000000,0.0085162,0.3707963,-0.0000000,1.0000000,1.0000000
0.0000000,0.0000000,0.9692268,0.0000000,0.0000000,0.0000000,1.0000000,0.0191925,0.0031003,-0.1093982,0.3500000,-0.2351718,0.0096271,-0.0193364,-0.0031361,-0.1101806,0.3500000,-0.2343888,-0.0096051,0.0000000,0.0000000,0.0000000,1.2707963,-0.0000000,0.0000000,-1.3000000,-0.0413259,0.3707963,-0.0000000,1.0000000,1.0000000
0.0000000,0.0000000,0.9692268,0.0000000,0.0000000,0.0000000,1.0000000,0.0191925,0.0031003,-0.1093982,0.3500000,-0.2351718,0.0096271,-0.0193364,-0.0031361,-0.1101806,0.3500000,-0.2343888,-0.0096051,0.0000000,0.0000000,0.0000000,1.2707963,-0.0000000,0.0000000,-1.3000000,-0.0866246,0.3707963,-0.0000000,1.0000000,1.0000000
0.0000000,0.0000000,0.9692268,0.0000000,0.0000000,0.0000000,1.0000000,0.0191925,0.0031003,-0.1093982,0.3500000,-0.2351718,0.0096271,-0.0193364,-0.0031361,-0.1101806,0.3500000,-0.2343888,-0.0096051,0.0000000,0.0000000,0.0000000,1.2707963,-0.0000000,0.0000000,-1.3000000,-0.1250682,0.3707963,-0.0000000,1.0000000,1.0000000
0.0000000,0.0000000,0.9692268,0.0000000,0.0000000,0.0000000,1.0000000,0.0191925,0.0031003,-0.1093982,0.3500000,-0.2351718,0.0096271,-0.0193364,-0.0031361,-0.1101806,0.3500000,-0.2343888,-0.0096051,0.0000000,0.0000000,0.0000000,1.2707963,-0.0000000,0.0000000,-1.3000000,-0.1548022,0.3707963,-0.0000000,1.0000000,1.0000000
0.0000000,0.0000000,0.9692268,0.0000000,0.0000000,0.0000000,1.0000000,0.0191925,0.0031003,-0.1093982,0.3500000,-0.2351718,0.0096271,-0.0193364,-0.0031361,-0.1101806,0.3500000,-0.2343888,-0.0096051,0.0000000,0.0000000,0.0000000,1.2707963,-0.0000000,0.0000000,-1.3000000,-0.1746189,0.3707963,-0.0000000,1.0000000,1.0000000
0.0000000,0.0000000,0.9692268,0.0000000,0.0000000,0.0000000,1.0000000,0.0191925,0.0031003,-0.1093982,0.3500000,-0.2351718,0.0096271,-0.0193364,-0.0031361,-0.1101806,0.3500000,-0.2343888,-0.0096051,0.0000000,0.0000000,0.0000000,1.2707963,-0.0000000,0.0000000,-1.3000000,-0.1840725,0.3707963,-0.0000000,1.0000000,1.0000000
0.0000000,0.0000000,0.9692268,0.0000000,0.0000000,0.0000000,1.0000000,0.0191925,0.0031003,-0.1093982,0.3500000,-0.2351718,0.0096271,-0.0193364,-0.0031361,-0.1101806,0.3500000,-0.2343888,-0.0096051,0.0000000,0.0000000,0.0000000,1.2707963,-0.0000000,0.0000000,-1.3000000,-0.1835095,0.3707963,-0.0000000,1.0000000,1.0000000
0.0000000,0.0000000,0.9692268,0.0000000,0.0000000,0.0000000,1.0000000,0.0191925,0.0031003,-0.1093982,0.3500000,-0.2351718,0.0096271,-0.0193364,-0.0031361,-0.1101806,0.3500000,-0.2343888,-0.0096051,0.0000000,0.0000000,0.0000000,1.2707963,-0.0000000,0.0000000,-1.3000000,-0.1740172,0.3707963,-0.0000000,1.0000000,1.0000000
0.0000000,0.0000000,0.9692268,0.0000000,0.0000000,0.0000000,1.0000000,0.0191925,0.0031003,-0.1093982,0.3500000,-0.2351718,0.0096271,-0.0193364,-0.0031361,-0.1101806,0.3500000,-0.2343888,-0.0096051,0.0000000,0.0000000,0.0000000,1.2707963,-0.0000000,0.0000000,-1.3000000,-0.1572965,0.3707963,-0.0000000,1.0000000,1.0000000
0.0000000,0.0000000,0.9692268,0.0000000,0.0000000,0.0000000,1.0000000,0.0191925,0.0031003,-0.1093982,0.3500000,-0.2351718,0.0096271,-0.0193364,-0.0031361,-0.1101806,0.3500000,-0.2343888,-0.0096051,0.0000000,0.0000000,0.0000000,1.2707963,-0.0000000,0.0000000,-1.3000000,-0.1354755,0.3707963,-0.0000000,1.0000000,1.0000000
0.0000000,0.0000000,0.9692268,0.0000000,0.0000000,0.0000000,1.0000000,0.0191925,0.0031003,-0.1093982,0.3500000,-0.2351718,0.0096271,-0.0193364,-0.0031361,-0.1101806,0.3500000,-0.2343888,-0.0096051,0.0000000,0.0000000,0.0000000,1.2707963,-0.0000000,0.0000000,-1.3000000,-0.1108848,0.3707963,-0.0000000,1.0000000,1.0000000
0.0000000,0.0000000,0.9692268,0.0000000,0.0000000,0.0000000,1.0000000,0.0191925,0.0031003,-0.1093982,0.3500000,-0.2351718,0.0096271,-0.0193364,-0.0031361,-0.1101806,0.3500000,-0.2343888,-0.0096051,0.0000000,0.0000000,0.0000000,1.2707963,-0.0000000,0.0000000,-1.3000000,-0.0858179,0.3707963,-0.0000000,1.0000000,1.0000000
0.0000000,0.0000000,0.9692268,0.0000000,0.0000000,0.0000000,1.0000000,0.0191925,0.0031003,-0.1093982,0.3500000,-0.2351718,0.0096271,-0.0193364,-0.0031361,-0.1101806,0.3500000,-0.2343888,-0.0096051,0.0000000,0.0000000,0.0000000,1.2707963,-0.0000000,0.0000000,-1.3000000,-0.0623050,0.3707963,-0.0000000,1.0000000,1.0000000
0.0000000,0.0000000,0.9692268,0.0000000,0.0000000,0.0000000,1.0000000,0.0191925,0.0031003,-0.1093982,0.3500000,-0.2351718,0.0096271,-0.0193364,-0.0031361,-0.1101806,0.3500000,-0.2343888,-0.0096051,0.0000000,0.0000000,0.0000000,1.2707963,-0.0000000,0.0000000,-1.3000000,-0.0419226,0.3707963,-0.0000000,1.0000000,1.0000000
0.0000000,0.0000000,0.9692268,0.0000000,0.0000000,0.0000000,1.0000000,0.0191925,0.0031003,-0.1093982,0.3500000,-0.2351718,0.0096271,-0.0193364,-0.0031361,-0.1101806,0.3500000,-0.2343888,-0.0096051,0.0000000,0.0000000,0.0000000,1.2707963,-0.0000000,0.0000000,-1.3000000,-0.0256628,0.3707963,-0.0000000,1.0000000,1.0000000
0.0000000,0.0000000,0.9692268,0.0000000,0.0000000,0.0000000,1.0000000,0.0191925,0.0031003,-0.1093982,0.3500000,-0.2351718,0.0096271,-0.0193364,-0.0031361,-0.1101806,0.3500000,-0.2343888,-0.0096051,0.0000000,0.0000000,0.0000000,1.2707963,-0.0000000,0.0000000,-1.3000000,-0.0138771,0.3707963,-0.0000000,1.0000000,1.0000000
0.0000000,0.0000000,0.9692268,0.0000000,0.0000000,0.0000000,1.0000000,0.0191925,0.0031003,-0.1093982,0.3500000,-0.2351718,0.0096271,-0.0193364,-0.0031361,-0.1101806,0.3500000,-0.2343888,-0.0096051,0.0000000,0.0000000,0.0000000,1.2707963,-0.0000000,0.0000000,-1.3000000,-0.0063055,0.3707963,-0.0000000,1.0000000,1.0000000
0.0000000,0.0000000,0.9692268,0.0000000,0.0000000,0.0000000,1.0000000,0.0191925,0.0031003,-0.1093982,0.3500000,-0.2351718,0.0096271,-0.0193364,-0.0031361,-0.1101806,0.3500000,-0.2343888,-0.0096051,0.0000000,0.0000000,0.0000000,1.2707963,-0.0000000,0.0000000,-1.3000000,-0.0021907,0.3707963,-0.0000000,1.0000000,1.0000000
0.0000000,0.0000000,0.9692268,0.0000000,0.0000000,0.0000000,1.0000000,0.0191925,0.0031003,-0.1093982,0.3500000,-0.2351718,0.0096271,-0.0193364,-0.0031361,-0.1101806,0.3500000,-0.2343888,-0.0096051,0.0000000,0.0000000,0.0000000,1.2707963,-0.0000000,0.0000000,-1.3000000,-0.0004705,0.3707963,-0.0000000,1.0000000,1.0000000
0.0000000,0.0000000,0.9692268,0.0000000,0.0000000,0.0000000,1.0000000,0.0191925,0.0031003,-0.1093982,0.3500000,-0.2351718,0.0096271,-0.0193364,-0.0031361,-0.1101806,0.3500000,-0.2343888,-0.0096051,0.0000000,0.0000000,0.0000000,1.2707963,-0.0000000,0.0000000,-1.3000000,-0.0000317,0.3707963,-0.0000000,1.0000000,1.0000000
0.0000000,0.0000000,0.9692268,0.0000000,0.0000000,0.0000000,1.0000000,0.0191925,0.0031003,-0.1093982,0.3500000,-0.2351718,0.0096271,-0.0193364,-0.0031361,-0.1101806,0.3500000,-0.2343888,-0.0096051,0.0000000,0.0000000,0.0000000,1.2707963,-0.0000000,0.0000000,-1.3000000,0.0000000,0.3707963,-0.0000000,1.0000000,1.0000000
0.0000000,0.0000000,0.9692268,0.0000000,0.0000000,0.0000000,1.0000000,0.0191925,0.0031003,-0.1093982,0.3500000,-0.2351718,0.0096271,-0.0193364,-0.0031361,-0.1101806,0.3500000,-0.2343888,-0.0096051,0.0000000,0.0000000,0.0000000,1.2707963,-0.0000000,0.0000000,-1.2999698,0.0000000,0.3708172,-0.0000000,1.0000000,1.0000000
0.0000000,0.0000000,0.9692268,0.0000000,0.0000000,0.0000000,1.0000000,0.0191925,0.0031003,-0.1093982,0.3500000,-0.2351718,0.0096271,-0.0193364,-0.0031361,-0.1101806,0.3500000,-0.2343888,-0.0096051,0.0000000,0.0000000,0.0000000,1.2707963,-0.0000000,0.0000000,-1.2997632,0.0000000,0.3709602,-0.0000000,1.0000000,1.0000000
0.0000000,0.0000000,0.9692268,0.0000000,0.0000000,0.0000000,1.0000000,0.0191925,0.0031003,-0.1093982,0.3500000,-0.2351718,0.0096271,-0.0193364,-0.0031361,-0.1101806,0.3500000,-0.2343888,-0.0096051,0.0000000,0.0000000,0.0000000,1.2707963,-0.0000000,0.0000000,-1.2992171,0.0000000,0.3713383,-0.0000000,1.0000000,1.0000000
0.0000000,0.0000000,0.9692268,0.0000000,0.0000000,0.0000000,1.0000000,0.0191925,0.0031003,-0.1093982,0.3500000,-0.2351718,0.0096271,-0.0193364,-0.0031361,-0.1101806,0.3500000,-0.2343888,-0.0096051,0.0000000,0.0000000,0.0000000,1.2707963,-0.0000000,0.0000000,-1.2981823,0.0000000,0.3720548,-0.0000000,1.0000000,1.0000000
0.0000000,0.0000000,0.9692268,0.0000000,0.0000000,0.0000000,1.0000000,0.0191925,0.0031003,-0.1093982,0.3500000,-0.2351718,0.0096271,-0.0193364,-0.0031361,-0.1101806,0.3500000,-0.2343888,-0.0096051,0.0000000,0.0000000,0.0000000,1.2707963,-0.0000000,0.0000000,-1.2965231,0.0000000,0.3732034,-0.0000000,1.0000000,1.0000000
0.0000000,0.0000000,0.9692268,0.0000000,0.0000000,0.0000000,1.0000000,0.0191925,0.0031003,-0.1093982,0.3500000,-0.2351718,0.0096271,-0.0193364,-0.0031361,-0.1101806,0.3500000,-0.2343888,-0.0096051,0.0000000,0.0000000,0.0000000,1.2707963,-0.0000000,0.0000000,-1.2941172,0.0000000,0.3748691,-0.0000000,1.0000000,1.0000000
0.0000000,0.0000000,0.9692268,0.0000000,0.0000000,0.0000000,1.0000000,0.0191925,0.0031003,-0.1093982,0.3500000,-0.2351718,0.0096271,-0.0193364,-0.0031361,-0.1101806,0.3500000,-0.2343888,-0.0096051,0.0000000,0.0000000,0.0000000,1.2707963,-0.0000000,0.0000000,-1.2908550,0.0000000,0.3771275,-0.0000000,1.0000000,1.0000000
0.0000000,0.0000000,0.9692268,0.0000000,0.0000000,0.0000000,1.0000000,0.0191925,0.0031003,-0.1093982,0.3500000,-0.2351718,0.0096271,-0.0193364,-0.0031361,-0.1101806,0.3500000,-0.2343888,-0.0096051,0.0000000,0.0000000,0.0000000,1.2707963,-0.0000000,0.0000000,-1.2866395,0.0000000,0.3800459,-0.0000000,1.0000000,1.0000000
0.0000000,0.0000000,0.9692268,0.0000000,0.0000000,0.0000000,1.0000000,0.0191925,0.0031003,-0.1093982,0.3500000,-0.2351718,0.0096271,-0.0193364,-0.0031361,-0.1101806,0.3500000,-0.2343888,-0.0096051,0.0000000,0.0000000,0.0000000,1.2707963,-0.0000000,0.0000000,-1.2813854,0.0000000,0.3836833,-0.0000000,1.0000000,1.0000000
0.0000000,0.0000000,0.9692268,0.0000000,0.0000000,0.0000000,1.0000000,0.0191925,0.0031003,-0.1093982,0.3500000,-0.2351718,0.0096271,-0.0193364,-0.0031361,-0.1101806,0.3500000,-0.2343888,-0.0096051,0.0000000,0.0000000,0.0000000,1.2707963,-0.0000000,0.0000000,-1.2750195,0.0000000,0.3880905,-0.0000000,1.0000000,1.0000000
0.0000000,0.0000000,0.9692268,0.0000000,0.0000000,0.0000000,1.0000000,0.0191925,0.0031003,-0.1093982,0.3500000,-0.2351718,0.0096271,-0.0193364,-0.0031361,-0.1101806,0.3500000,-0.2343888,-0.0096051,0.0000000,0.0000000,0.0000000,1.2707963,-0.0000000,0.0000000,-1.2674793,0.0000000,0.3933106,-0.0000000,1.0000000,1.0000000
0.0000000,0.0000000,0.9692268,0.0000000,0.0000000,0.0000000,1.0000000,0.0191925,0.0031003,-0.1093982,0.3500000,-0.2351718,0.0096271,-0.0193364,-0.0031361,-0.1101806,0.3500000,-0.2343888,-0.0096051,0.0000000,0.0000000,0.0000000,1.2707963,-0.0000000,0.0000000,-1.2587136,0.0000000,0.3993792,-0.0000000,1.0000000,1.0000000
0.0000000,0.0000000,0.9692268,0.0000000,0.0000000,0.0000000,1.0000000,0.0191925,0.0031003,-0.1093982,0.3500000,-0.2351718,0.0096271,-0.0193364,-0.0031361,-0.1101806,0.3500000,-0.2343888,-0.0096051,0.0000000,0.0000000,0.0000000,1.2707963,-0.0000000,0.0000000,-1.2486815,0.0000000,0.4063245,-0.0000000,1.0000000,1.0000000
0.0000000,0.0000000,0.9692268,0.0000000,0.0000000,0.0000000,1.0000000,0.0191925,0.0031003,-0.1093982,0.3500000,-0.2351718,0.0096271,-0.0193364,-0.0031361,-0.1101806,0.3500000,-0.2343888,-0.0096051,0.0000000,0.0000000,0.0000000,1.2707963,-0.0000000,0.0000000,-1.2373520,0.0000000,0.4141680,-0.0000000,1.0000000,1.0000000
0.0000000,0.0000000,0.9692268,0.0000000,0.0000000,0.0000000,1.0000000,0.0191925,0.0031003,-0.1093982,0.3500000,-0.2351718,0.0096271,-0.0193364,-0.0031361,-0.1101806,0.3500000,-0.2343888,-0.0096051,0.0000000,0.0000000,0.0000000,1.2707963,-0.0000000,0.0000000,-1.2247040,0.0000000,0.4229243,-0.0000000,1.0000000,1.0000000
0.0000000,0.0000000,0.9692268,0.0000000,0.0000000,0.0000000,1.0000000,0.0191925,0.0031003,-0.1093982,0.3500000,-0.2351718,0.0096271,-0.0193364,-0.0031361,-0.1101806,0.3500000,-0.2343888,-0.0096051,0.0000000,0.0000000,0.0000000,1.2707963,-0.0000000,0.0000000,-1.2107255,0.0000000,0.4326017,-0.0000000,1.0000000,1.0000000
0.0000000,0.0000000,0.9692268,0.0000000,0.0000000,0.0000000,1.0000000,0.0191925,0.0031003,-0.1093982,0.3500000,-0.2351718,0.0096271,-0.0193364,-0.0031361,-0.1101806,0.3500000,-0.2343888,-0.0096051,0.0000000,0.0000000,0.0000000,1.2707963,-0.0000000,0.0000000,-1.1954136,0.0000000,0.4432023,-0.0000000,1.0000000,1.0000000
0.0000000,0.0000000,0.9692268,0.0000000,0.0000000,0.0000000,1.0000000,0.0191925,0.0031003,-0.1093982,0.3500000,-0.2351718,0.0096271,-0.0193364,-0.0031361,-0.1101806,0.3500000,-0.2343888,-0.0096051,0.0000000,0.0000000,0.0000000,1.2707963,-0.0000000,0.0000000,-1.1787735,0.0000000,0.4547224,-0.0000000,1.0000000,1.0000000
0.0000000,0.0000000,0.9692268,0.0000000,0.0000000,0.0000000,1.0000000,0.0191925,0.0031003,-0.1093982,0.3500000,-0.2351718,0.0096271,-0.0193364,-0.0031361,-0.1101806,0.3500000,-0.2343888,-0.0096051,0.0000000,0.0000000,0.0000000,1.2707963,-0.0000000,0.0000000,-1.1608188,0.0000000,0.4671525,-0.0000000,1.0000000,1.0000000
0.0000000,0.0000000,0.9692268,0.0000000,0.0000000,0.0000000,1.0000000,0.0191925,0.0031003,-0.1093982,0.3500000,-0.2351718,0.0096271,-0.0193364,-0.0031361,-0.1101806,0.3500000,-0.2343888,-0.0096051,0.0000000,0.0000000,0.0000000,1.2707963,-0.0000000,0.0000000,-1.1415708,0.0000000,0.4804781,-0.0000000,1.0000000,1.0000000
0.0000000,0.0000000,0.9692268,0.0000000,0.0000000,0.0000000,1.0000000,0.0191925,0.0031003,-0.1093982,0.3500000,-0.2351718,0.0096271,-0.0193364,-0.0031361,-0.1101806,0.3500000,-0.2343888,-0.0096051,0.0000000,0.0000000,0.0000000,1.2707963,-0.0000000,0.0000000,-1.1210578,0.0000000,0.4946794,-0.0000000,1.0000000,1.0000000
0.0000000,0.0000000,0.9692268,0.0000000,0.0000000,0.0000000,1.0000000,0.0191925,0.0031003,-0.1093982,0.3500000,-0.2351718,0.0096271,-0.0193364,-0.0031361,-0.1101806,0.3500000,-0.2343888,-0.0096051,0.0000000,0.0000000,0.0000000,1.2707963,-0.0000000,0.0000000,-1.0993154,0.0000000,0.5097318,-0.0000000,1.0000000,1.0000000
0.0000000,0.0000000,0.9692268,0.0000000,0.0000000,0.0000000,1.0000000,0.0191925,0.0031003,-0.1093982,0.3500000,-0.2351718,0.0096271,-0.0193364,-0.0031361,-0.1101806,0.3500000,-0.2343888,-0.0096051,0.0000000,0.0000000,0.0000000,1.2707963,-0.0000000,0.0000000,-1.0763854,0.0000000,0.5256064,-0.0000000,1.0000000,1.0000000
0.0000000,0.0000000,0.9692268,0.0000000,0.0000000,0.0000000,1.0000000,0.0191925,0.0031003,-0.1093982,0.3500000,-0.2351718,0.0096271,-0.0193364,-0.0031361,-0.1101806,0.3500000,-0.2343888,-0.0096051,0.0000000,0.0000000,0.0000000,1.2707963,-0.0000000,0.0000000,-1.0523159,0.0000000,0.5422700,-0.0000000,1.0000000,1.0000000
0.0000000,0.0000000,0.9692268,0.0000000,0.0000000,0.0000000,1.0000000,0.0191925,0.0031003,-0.1093982,0.3500000,-0.2351718,0.0096271,-0.0193364,-0.0031361,-0.1101806,0.3500000,-0.2343888,-0.0096051,0.0000000,0.0000000,0.0000000,1.2707963,-0.0000000,0.0000000,-1.0271605,0.0000000,0.5596852,-0.0000000,1.0000000,1.0000000
0.0000000,0.0000000,0.9692268,0.0000000,0.0000000,0.0000000,1.0000000,0.0191925,0.0031003,-0.1093982,0.3500000,-0.2351718,0.0096271,-0.0193364,-0.0031361,-0.1101806,0.3500000,-0.2343888,-0.0096051,0.0000000,0.0000000,0.0000000,1.2707963,-0.0000000,0.0000000,-1.0009784,0.0000000,0.5778113,-0.0000000,1.0000000,1.0000000
0.0000000,0.0000000,0.9692268,0.0000000,0.0000000,0.0000000,1.0000000,0.0191925,0.0031003,-0.1093982,0.3500000,-0.2351718,0.0096271,-0.0193364,-0.0031361,-0.1101806,0.3500000,-0.2343888,-0.0096051,0.0000000,0.0000000,0.0000000,1.2707963,-0.0000000,0.0000000,-0.9738335,0.0000000,0.5966039,-0.0000000,1.0000000,1.0000000
0.0000000,0.0000000,0.9692268,0.0000000,0.0000000,0.0000000,1.0000000,0.0191925,0.0031003,-0.1093982,0.3500000,-0.2351718,0.0096271,-0.0193364,-0.0031361,-0.1101806,0.3500000,-0.2343888,-0.0096051,0.0000000,0.0000000,0.0000000,1.2707963,-0.0000000,0.0000000,-0.9457944,0.0000000,0.6160156,-0.0000000,1.0000000,1.0000000
0.0000000,0.0000000,0.9692268,0.0000000,0.0000000,0.0000000,1.0000000,0.0191925,0.0031003,-0.1093982,0.3500000,-0.2351718,0.0096271,-0.0193364,-0.0031361,-0.1101806,0.3500000,-0.2343888,-0.0096051,0.0000000,0.0000000,0.0000000,1.2707963,-0.0000000,0.0000000,-0.9169338,0.0000000,0.6359960,-0.0000000,1.0000000,1.0000000
0.0000000,0.0000000,0.9692268,0.0000000,0.0000000,0.0000000,1.0000000,0.0191925,0.0031003,-0.1093982,0.3500000,-0.2351718,0.0096271,-0.0193364,-0.0031361,-0.1101806,0.3500000,-0.2343888,-0.0096051,0.0000000,0.0000000,0.0000000,1.2707963,-0.0000000,0.0000000,-0.8873280,0.0000000,0.6564923,-0.0000000,1.0000000,1.0000000
0.0000000,0.0000000,0.9692268,0.0000000,0.0000000,0.0000000,1.0000000,0.0191925,0.0031003,-0.1093982,0.3500000,-0.2351718,0.0096271,-0.0193364,-0.0031361,-0.1101806,0.3500000,-0.2343888,-0.0096051,0.0000000,0.0000000,0.0000000,1.2707963,-0.0000000,0.0000000,-0.8570569,0.0000000,0.6774493,-0.0000000,1.0000000,1.0000000
0.0000000,0.0000000,0.9692268,0.0000000,0.0000000,0.0000000,1.0000000,0.0191925,0.0031003,-0.1093982,0.3500000,-0.2351718,0.0096271,-0.0193364,-0.0031361,-0.1101806,0.3500000,-0.2343888,-0.0096051,0.0000000,0.0000000,0.0000000,1.2707963,-0.0000000,0.0000000,-0.8262031,0.0000000,0.6988095,-0.0000000,1.0000000,1.0000000
0.0000000,0.0000000,0.9692268,0.0000000,0.0000000,0.0000000,1.0000000,0.0191925,0.0031003,-0.1093982,0.3500000,-0.2351718,0.0096271,-0.0193364,-0.0031361,-0.1101806,0.3500000,-0.2343888,-0.0096051,0.0000000,0.0000000,0.0000000,1.2707963,-0.0000000,0.0000000,-0.7948521,0.0000000,0.7205141,-0.0000000,1.0000000,1.0000000
0.0000000,0.0000000,0.9692268,0.0000000,0.0000000,0.0000000,1.0000000,0.0191925,0.0031003,-0.1093982,0.3500000,-0.2351718,0.0096271,-0.0193364,-0.0031361,-0.1101806,0.3500000,-0.2343888,-0.0096051,0.0000000,0.0000000,0.0000000,1.2707963,-0.0000000,0.0000000,-0.7630911,0.0000000,0.7425025,-0.0000000,1.0000000,1.0000000
0.0000000,0.0000000,0.9692268,0.0000000,0.0000000,0.0000000,1.0000000,0.0191925,0.0031003,-0.1093982,0.3500000,-0.2351718,0.0096271,-0.0193364,-0.0031361,-0.1101806,0.3500000,-0.2343888,-0.0096051,0.0000000,0.0000000,0.0000000,1.2707963,-0.0000000,0.0000000,-0.7310096,0.0000000,0.7647128,-0.0000000,1.0000000,1.0000000
0.0000000,0.0000000,0.9692268,0.0000000,0.0000000,0.0000000,1.0000000,0.0191925,0.0031003,-0.1093982,0.3500000,-0.2351718,0.0096271,-0.0193364,-0.0031361,-0.1101806,0.3500000,-0.2343888,-0.0096051,0.0000000,0.0000000,0.0000000,1.2707963,-0.0000000,0.0000000,-0.6986980,0.0000000,0.7870823,-0.0000000,1.0000000,1.0000000
0.0000000,0.0000000,0.9692268,0.0000000,0.0000000,0.0000000,1.0000000,0.0191925,0.0031003,-0.1093982,0.3500000,-0.2351718,0.0096271,-0.0193364,-0.0031361,-0.1101806,0.3500000,-0.2343888,-0.0096051,0.0000000,0.0000000,0.0000000,1.2707963,-0.0000000,0.0000000,-0.6662481,0.0000000,0.8095477,-0.0000000,1.0000000,1.0000000
0.0000000,0.0000000,0.9692268,0.0000000,0.0000000,0.0000000,1.0000000,0.0191925,0.0031003,-0.1093982,0.3500000,-0.2351718,0.0096271,-0.0193364,-0.0031361,-0.1101806,0.3500000,-0.2343888,-0.0096051,0.0000000,0.0000000,0.0000000,1.2707963,-0.0000000,0.0000000,-0.6337519,0.0000000,0.8320450,-0.0000000,1.0000000,1.0000000
0.0000000,0.0000000,0.9692268,0.0000000,0.0000000,0.0000000,1.0000000,0.0191925,0.0031003,-0.1093982,0.3500000,-0.2351718,0.0096271,-0.0193364,-0.0031361,-0.1101806,0.3500000,-0.2343888,-0.0096051,0.0000000,0.0000000,0.0000000,1.2707963,-0.0000000,0.0000000,-0.6013020,0.0000000,0.8545103,-0.0000000,1.0000000,1.0000000
0.0000000,0.0000000,0.9692268,0.0000000,0.0000000,0.0000000,1.0000000,0.0191925,0.0031003,-0.1093982,0.3500000,-0.2351718,0.0096271,-0.0193364,-0.0031361,-0.1101806,0.3500000,-0.2343888,-0.0096051,0.0000000,0.0000000,0.0000000,1.2707963,-0.0000000,0.0000000,-0.5689904,0.0000000,0.8768799,-0.0000000,1.0000000,1.0000000
0.0000000,0.0000000,0.9692268,0.0000000,0.0000000,0.0000000,1.0000000,0.0191925,0.0031003,-0.1093982,0.3500000,-0.2351718,0.0096271,-0.0193364,-0.0031361,-0.1101806,0.3500000,-0.2343888,-0.0096051,0.0000000,0.0000000,0.0000000,1.2707963,-0.0000000,0.0000000,-0.5369089,0.0000000,0.8990902,-0.0000000,1.0000000,1.0000000
0.0000000,0.0000000,0.9692268,0.0000000,0.0000000,0.0000000,1.0000000,0.0191925,0.0031003,-0.1093982,0.3500000,-0.2351718,0.0096271,-0.0193364,-0.0031361,-0.1101806,0.3500000,-0.2343888,-0.0096051,0.0000000,0.0000000,0.0000000,1.2707963,-0.0000000,0.0000000,-0.5051479,0.0000000,0.9210785,-0.0000000,1.0000000,1.0000000
0.0000000,0.0000000,0.9692268,0.0000000,0.0000000,0.0000000,1.0000000,0.0191925,0.0031003,-0.1093982,0.3500000,-0.2351718,0.0096271,-0.0193364,-0.0031361,-0.1101806,0.3500000,-0.2343888,-0.0096051,0.0000000,0.0000000,0.0000000,1.2707963,-0.0000000,0.0000000,-0.4737969,0.0000000,0.9427831,-0.0000000,1.0000000,1.0000000
0.0000000,0.0000000,0.9692268,0.0000000,0.0000000,0.0000000,1.0000000,0.0191925,0.0031003,-0.1093982,0.3500000,-0.2351718,0.0096271,-0.0193364,-0.0031361,-0.1101806,0.3500000,-0.2343888,-0.0096051,0.0000000,0.0000000,0.0000000,1.2707963,-0.0000000,0.0000000,-0.4429431,0.0000000,0.9641434,-0.0000000,1.0000000,1.0000000
0.0000000,0.0000000,0.9692268,0.0000000,0.0000000,0.0000000,1.0000000,0.0191925,0.0031003,-0.1093982,0.3500000,-0.2351718,0.0096271,-0.0193364,-0.0031361,-0.1101806,0.3500000,-0.2343888,-0.0096051,0.0000000,0.0000000,0.0000000,1.2707963,-0.0000000,0.0000000,-0.4126720,0.0000000,0.9851003,-0.0000000,1.0000000,1.0000000
0.0000000,0.0000000,0.9692268,0.0000000,0.0000000,0.0000000,1.0000000,0.0191925,0.0031003,-0.1093982,0.3500000,-0.2351718,0.0096271,-0.0193364,-0.0031361,-0.1101806,0.3500000,-0.2343888,-0.0096051,0.0000000,0.0000000,0.0000000,1.2707963,-0.0000000,0.0000000,-0.3830662,0.0000000,1.0055966,-0.0000000,1.0000000,1.0000000
0.0000000,0.0000000,0.9692268,0.0000000,0.0000000,0.0000000,1.0000000,0.0191925,0.0031003,-0.1093982,0.3500000,-0.2351718,0.0096271,-0.0193364,-0.0031361,-0.1101806,0.3500000,-0.2343888,-0.0096051,0.0000000,0.0000000,0.0000000,1.2707963,-0.0000000,0.0000000,-0.3542056,0.0000000,1.0255771,-0.0000000,1.0000000,1.0000000
0.0000000,0.0000000,0.9692268,0.0000000,0.0000000,0.0000000,1.0000000,0.0191925,0.0031003,-0.1093982,0.3500000,-0.2351718,0.0096271,-0.0193364,-0.0031361,-0.1101806,0.3500000,-0.2343888,-0.0096051,0.0000000,0.0000000,0.0000000,1.2707963,-0.0000000,0.0000000,-0.3261665,0.0000000,1.0449888,-0.0000000,1.0000000,1.0000000
0.0000000,0.0000000,0.9692268,0.0000000,0.0000000,0.0000000,1.0000000,0.0191925,0.0031003,-0.1093982,0.3500000,-0.2351718,0.0096271,-0.0193364,-0.0031361,-0.1101806,0.3500000,-0.2343888,-0.0096051,0.0000000,0.0000000,0.0000000,1.2707963,-0.0000000,0.0000000,-0.2990216,0.0000000,1.0637814,-0.0000000,1.0000000,1.0000000
0.0000000,0.0000000,0.9692268,0.0000000,0.0000000,0.0000000,1.0000000,0.0191925,0.0031003,-0.1093982,0.3500000,-0.2351718,0.0096271,-0.0193364,-0.0031361,-0.1101806,0.3500000,-0.2343888,-0.0096051,0.0000000,0.0000000,0.0000000,1.2707963,-0.0000000,0.0000000,-0.2728395,0.0000000,1.0819074,-0.0000000,1.0000000,1.0000000
0.0000000,0.0000000,0.9692268,0.0000000,0.0000000,0.0000000,1.0000000,0.0191925,0.0031003,-0.1093982,0.3500000,-0.2351718,0.0096271,-0.0193364,-0.0031361,-0.1101806,0.3500000,-0.2343888,-0.0096051,0.0000000,0.0000000,0.0000000,1.2707963,-0.0000000,0.0000000,-0.2476841,0.0000000,1.0993227,-0.0000000,1.0000000,1.0000000
0.0000000,0.0000000,0.9692268,0.0000000,0.0000000,0.0000000,1.0000000,0.0191925,0.0031003,-0.1093982,0.3500000,-0.2351718,0.0096271,-0.0193364,-0.0031361,-0.1101806,0.3500000,-0.2343888,-0.0096051,0.0000000,0.0000000,0.0000000,1.2707963,-0.0000000,0.0000000,-0.2236146,0.0000000,1.1159862,-0.0000000,1.0000000,1.0000000
0.0000000,0.0000000,0.9692268,0.0000000,0.0000000,0.0000000,1.0000000,0.0191925,0.0031003,-0.1093982,0.3500000,-0.2351718,0.0096271,-0.0193364,-0.0031361,-0.1101806,0.3500000,-0.2343888,-0.0096051,0.0000000,0.0000000,0.0000000,1.2707963,-0.0000000,0.0000000,-0.2006846,0.0000000,1.1318608,-0.0000000,1.0000000,1.0000000
0.0000000,0.0000000,0.9692268,0.0000000,0.0000000,0.0000000,1.0000000,0.0191925,0.0031003,-0.1093982,0.3500000,-0.2351718,0.0096271,-0.0193364,-0.0031361,-0.1101806,0.3500000,-0.2343888,-0.0096051,0.0000000,0.0000000,0.0000000,1.2707963,-0.0000000,0.0000000,-0.1789422,0.0000000,1.1469133,-0.0000000,1.0000000,1.0000000
0.0000000,0.0000000,0.9692268,0.0000000,0.0000000,0.0000000,1.0000000,0.0191925,0.0031003,-0.1093982,0.3500000,-0.2351718,0.0096271,-0.0193364,-0.0031361,-0.1101806,0.3500000,-0.2343888,-0.0096051,0.0000000,0.0000000,0.0000000,1.2707963,-0.0000000,0.0000000,-0.1584292,0.0000000,1.1611145,-0.0000000,1.0000000,1.0000000
0.0000000,0.0000000,0.9692268,0.0000000,0.0000000,0.0000000,1.0000000,0.0191925,0.0031003,-0.1093982,0.3500000,-0.2351718,0.0096271,-0.0193364,-0.0031361,-0.1101806,0.3500000,-0.2343888,-0.0096051,0.0000000,0.0000000,0.0000000,1.2707963,-0.0000000,0.0000000,-0.1391812,0.0000000,1.1744401,-0.0000000,1.0000000,1.0000000
0.0000000,0.0000000,0.9692268,0.0000000,0.0000000,0.0000000,1.0000000,0.0191925,0.0031003,-0.1093982,0.3500000,-0.2351718,0.0096271,-0.0193364,-0.0031361,-0.1101806,0.3500000,-0.2343888,-0.0096051,0.0000000,0.0000000,0.0000000,1.2707963,-0.0000000,0.0000000,-0.1212265,0.0000000,1.1868703,-0.0000000,1.0000000,1.0000000
0.0000000,0.0000000,0.9692268,0.0000000,0.0000000,0.0000000,1.0000000,0.0191925,0.0031003,-0.1093982,0.3500000,-0.2351718,0.0096271,-0.0193364,-0.0031361,-0.1101806,0.3500000,-0.2343888,-0.0096051,0.0000000,0.0000000,0.0000000,1.2707963,-0.0000000,0.0000000,-0.1045864,0.0000000,1.1983903,-0.0000000,1.0000000,1.0000000
0.0000000,0.0000000,0.9692268,0.0000000,0.0000000,0.0000000,1.0000000,0.0191925,0.0031003,-0.1093982,0.3500000,-0.2351718,0.0096271,-0.0193364,-0.0031361,-0.1101806,0.3500000,-0.2343888,-0.0096051,0.0000000,0.0000000,0.0000000,1.2707963,-0.0000000,0.0000000,-0.0892745,0.0000000,1.2089909,-0.0000000,1.0000000,1.0000000
0.0000000,0.0000000,0.9692268,0.0000000,0.0000000,0.0000000,1.0000000,0.0191925,0.0031003,-0.1093982,0.3500000,-0.2351718,0.0096271,-0.0193364,-0.0031361,-0.1101806,0.3500000,-0.2343888,-0.0096051,0.0000000,0.0000000,0.0000000,1.2707963,-0.0000000,0.0000000,-0.0752960,0.0000000,1.2186683,-0.0000000,1.0000000,1.0000000
0.0000000,0.0000000,0.9692268,0.0000000,0.0000000,0.0000000,1.0000000,0.0191925,0.0031003,-0.1093982,0.3500000,-0.2351718,0.0096271,-0.0193364,-0.0031361,-0.1101806,0.3500000,-0.2343888,-0.0096051,0.0000000,0.0000000,0.0000000,1.2707963,-0.0000000,0.0000000,-0.0626480,0.0000000,1.2274246,-0.0000000,1.0000000,1.0000000
0.0000000,0.0000000,0.9692268,0.0000000,0.0000000,0.0000000,1.0000000,0.0191925,0.0031003,-0.1093982,0.3500000,-0.2351718,0.0096271,-0.0193364,-0.0031361,-0.1101806,0.3500000,-0.2343888,-0.0096051,0.0000000,0.0000000,0.0000000,1.2707963,-0.0000000,0.0000000,-0.0513185,0.0000000,1.2352681,-0.0000000,1.0000000,1.0000000
0.0000000,0.0000000,0.9692268,0.0000000,0.0000000,0.0000000,1.0000000,0.0191925,0.0031003,-0.1093982,0.3500000,-0.2351718,0.0096271,-0.0193364,-0.0031361,-0.1101806,0.3500000,-0.2343888,-0.0096051,0.0000000,0.0000000,0.0000000,1.2707963,-0.0000000,0.0000000,-0.0412864,0.0000000,1.2422135,-0.0000000,1.0000000,1.0000000
0.0000000,0.0000000,0.9692268,0.0000000,0.0000000,0.0000000,1.0000000,0.0191925,0.0031003,-0.1093982,0.3500000,-0.2351718,0.0096271,-0.0193364,-0.0031361,-0.1101806,0.3500000,-0.2343888,-0.0096051,0.0000000,0.0000000,0.0000000,1.2707963,-0.0000000,0.0000000,-0.0325207,0.0000000,1.2482820,-0.0000000,1.0000000,1.0000000
0.0000000,0.0000000,0.9692268,0.0000000,0.0000000,0.0000000,1.0000000,0.0191925,0.0031003,-0.1093982,0.3500000,-0.2351718,0.0096271,-0.0193364,-0.0031361,-0.1101806,0.3500000,-0.2343888,-0.0096051,0.0000000,0.0000000,0.0000000,1.2707963,-0.0000000,0.0000000,-0.0249805,0.0000000,1.2535021,-0.0000000,1.0000000,1.0000000
0.0000000,0.0000000,0.9692268,0.0000000,0.0000000,0.0000000,1.0000000,0.0191925,0.0031003,-0.1093982,0.3500000,-0.2351718,0.0096271,-0.0193364,-0.0031361,-0.1101806,0.3500000,-0.2343888,-0.0096051,0.0000000,0.0000000,0.0000000,1.2707963,-0.0000000,0.0000000,-0.0186146,0.0000000,1.2579093,-0.0000000,1.0000000,1.0000000
0.0000000,0.0000000,0.9692268,0.0000000,0.0000000,0.0000000,1.0000000,0.0191925,0.0031003,-0.1093982,0.3500000,-0.2351718,0.0096271,-0.0193364,-0.0031361,-0.1101806,0.3500000,-0.2343888,-0.0096051,0.0000000,0.0000000,0.0000000,1.2707963,-0.0000000,0.0000000,-0.0133605,0.0000000,1.2615467,-0.0000000,1.0000000,1.0000000
0.0000000,0.0000000,0.9692268,0.0000000,0.0000000,0.0000000,1.0000000,0.0191925,0.0031003,-0.1093982,0.3500000,-0.2351718,0.0096271,-0.0193364,-0.0031361,-0.1101806,0.3500000,-0.2343888,-0.0096051,0.0000000,0.0000000,0.0000000,1.2707963,-0.0000000,0.0000000,-0.0091450,0.0000000,1.2644652,-0.0000000,1.0000000,1.0000000
0.0000000,0.0000000,0.9692268,0.0000000,0.0000000,0.0000000,1.0000000,0.0191925,0.0031003,-0.1093982,0.3500000,-0.2351718,0.0096271,-0.0193364,-0.0031361,-0.1101806,0.3500000,-0.2343888,-0.0096051,0.0000000,0.0000000,0.0000000,1.2707963,-0.0000000,0.0000000,-0.0058828,0.0000000,1.2667236,-0.0000000,1.0000000,1.0000000
0.0000000,0.0000000,0.9692268,0.0000000,0.0000000,0.0000000,1.0000000,0.0191925,0.0031003,-0.1093982,0.3500000,-0.2351718,0.0096271,-0.0193364,-0.0031361,-0.1101806,0.3500000,-0.2343888,-0.0096051,0.0000000,0.0000000,0.0000000,1.2707963,-0.0000000,0.0000000,-0.0034769,0.0000000,1.2683892,-0.0000000,1.0000000,1.0000000
0.0000000,0.0000000,0.9692268,0.0000000,0.0000000,0.0000000,1.0000000,0.0191925,0.0031003,-0.1093982,0.3500000,-0.2351718,0.0096271,-0.0193364,-0.0031361,-0.1101806,0.3500000,-0.2343888,-0.0096051,0.0000000,0.0000000,0.0000000,1.2707963,-0.0000000,0.0000000,-0.0018177,0.0000000,1.2695379,-0.0000000,1.0000000,1.0000000
0.0000000,0.0000000,0.9692268,0.0000000,0.0000000,0.0000000,1.0000000,0.0191925,0.0031003,-0.1093982,0.3500000,-0.2351718,0.0096271,-0.0193364,-0.0031361,-0.1101806,0.3500000,-0.2343888,-0.0096051,0.0000000,0.0000000,0.0000000,1.2707963,-0.0000000,0.0000000,-0.0007829,0.0000000,1.2702543,-0.0000000,1.0000000,1.0000000
0.0000000,0.0000000,0.9692268,0.0000000,0.0000000,0.0000000,1.0000000,0.0191925,0.0031003,-0.1093982,0.3500000,-0.2351718,0.0096271,-0.0193364,-0.0031361,-0.1101806,0.3500000,-0.2343888,-0.0096051,0.0000000,0.0000000,0.0000000,1.2707963,-0.0000000,0.0000000,-0.0002368,0.0000000,1.2706324,-0.0000000,1.0000000,1.0000000
0.0000000,0.0000000,0.9692268,0.0000000,0.0000000,0.0000000,1.0000000,0.0191925,0.0031003,-0.1093982,0.3500000,-0.2351718,0.0096271,-0.0193364,-0.0031361,-0.1101806,0.3500000,-0.2343888,-0.0096051,0.0000000,0.0000000,0.0000000,1.2707963,-0.0000000,0.0000000,-0.0000302,0.0000000,1.2707754,-0.0000000,1.0000000,1.0000000
0.0000000,0.0000000,0.9692268,0.0000000,0.0000000,0.0000000,1.0000000,0.0191925,0.0031003,-0.1093982,0.3500000,-0.2351718,0.0096271,-0.0193364,-0.0031361,-0.1101806,0.3500000,-0.2343888,-0.0096051,0.0000000,0.0000000,0.0000000,1.2707963,-0.0000000,0.0000000,0.0000000,0.0000000,1.2707963,-0.0000000,1.0000000,1.0000000
0.0000000,0.0000000,0.9692268,0.0000000,0.0000000,0.0000000,1.0000000,0.0191925,0.0031003,-0.1093982,0.3500000,-0.2351718,0.0096271,-0.0193364,-0.0031361,-0.1101806,0.3500000,-0.2343888,-0.0096051,0.0000000,0.0000000,0.0000000,1.2707963,-0.0000000,0.0000000,0.0000000,0.0000000,1.2707963,-0.0000000,1.0000000,1.0000000
0.0000000,0.0000000,0.9692268,0.0000000,0.0000000,0.0000000,1.0000000,0.0191925,0.0031003,-0.1093982,0.3500000,-0.2351718,0.0096271,-0.0193364,-0.0031361,-0.1101806,0.3500000,-0.2343888,-0.0096051,0.0000000,0.0000000,0.0000000,1.2707963,-0.0000000,0.0000000,0.0000000,0.0000000,1.2707963,-0.0000000,1.0000000,1.0000000
0.0000000,0.0000000,0.9692268,0.0000000,0.0000000,0.0000000,1.0000000,0.0191925,0.0031003,-0.1093982,0.3500000,-0.2351718,0.0096271,-0.0193364,-0.0031361,-0.1101806,0.3500000,-0.2343888,-0.0096051,0.0000000,0.0000000,0.0000000,1.2707963,-0.0000000,0.0000000,0.0000000,0.0000000,1.2707963,-0.0000000,1.0000000,1.0000000
0.0000000,0.0000000,0.9692268,0.0000000,0.0000000,0.0000000,1.0000000,0.0191925,0.0031003,-0.1093982,0.3500000,-0.2351718,0.0096271,-0.0193364,-0.0031361,-0.1101806,0.3500000,-0.2343888,-0.0096051,0.0000000,0.0000000,0.0000000,1.2707963,-0.0000000,0.0000000,0.0000000,0.0000000,1.2707963,-0.0000000,1.0000000,1.0000000
0.0000000,0.0000000,0.9692268,0.0000000,0.0000000,0.0000000,1.0000000,0.0191925,0.0031003,-0.1093982,0.3500000,-0.2351718,0.0096271,-0.0193364,-0.0031361,-0.1101806,0.3500000,-0.2343888,-0.0096051,0.0000000,0.0000000,0.0000000,1.2707963,-0.0000000,0.0000000,0.0000000,0.0000000,1.2707963,-0.0000000,1.0000000,1.0000000
0.0000000,0.0000000,0.9692268,0.0000000,0.0000000,0.0000000,1.0000000,0.0191925,0.0031003,-0.1093982,0.3500000,-0.2351718,0.0096271,-0.0193364,-0.0031361,-0.1101806,0.3500000,-0.2343888,-0.0096051,0.0000000,0.0000000,0.0000000,1.2707963,-0.0000000,0.0000000,0.0000000,0.0000000,1.2707963,-0.0000000,1.0000000,1.0000000
0.0000000,0.0000000,0.9692268,0.0000000,0.0000000,0.0000000,1.0000000,0.0191925,0.0031003,-0.1093982,0.3500000,-0.2351718,0.0096271,-0.0193364,-0.0031361,-0.1101806,0.3500000,-0.2343888,-0.0096051,0.0000000,0.0000000,0.0000000,1.2707963,-0.0000000,0.0000000,0.0000000,0.0000000,1.2707963,-0.0000000,1.0000000,1.0000000
0.0000000,0.0000000,0.9692268,0.0000000,0.0000000,0.0000000,1.0000000,0.0191925,0.0031003,-0.1093982,0.3500000,-0.2351718,0.0096271,-0.0193364,-0.0031361,-0.1101806,0.3500000,-0.2343888,-0.0096051,0.0000000,0.0000000,0.0000000,1.2707963,-0.0000000,0.0000000,0.0000000,0.0000000,1.2707963,-0.0000000,1.0000000,1.0000000
0.0000000,0.0000000,0.9692268,0.0000000,0.0000000,0.0000000,1.0000000,0.0191925,0.0031003,-0.1093982,0.3500000,-0.2351718,0.0096271,-0.0193364,-0.0031361,-0.1101806,0.3500000,-0.2343888,-0.0096051,0.0000000,0.0000000,0.0000000,1.2707963,-0.0000000,0.0000000,0.0000000,0.0000000,1.2707963,-0.0000000,1.0000000,1.0000000
0.0000000,0.0000000,0.9692268,0.0000000,0.0000000,0.0000000,1.0000000,0.0191925,0.0031003,-0.1093982,0.3500000,-0.2351718,0.0096271,-0.0193364,-0.0031361,-0.1101806,0.3500000,-0.2343888,-0.0096051,0.0000000,0.0000000,0.0000000,1.2707963,-0.0000000,0.0000000,0.0000000,0.0000000,1.2707963,-0.0000000,1.0000000,1.0000000
0.0000000,0.0000000,0.9692268,0.0000000,0.0000000,0.0000000,1.0000000,0.0191925,0.0031003,-0.1093982,0.3500000,-0.2351718,0.0096271,-0.0193364,-0.0031361,-0.1101806,0.3500000,-0.2343888,-0.0096051,0.0000000,0.0000000,0.0000000,1.2707963,-0.0000000,0.0000000,0.0000000,0.0000000,1.2707963,-0.0000000,1.0000000,1.0000000
0.0000000,0.0000000,0.9692268,0.0000000,0.0000000,0.0000000,1.0000000,0.0191925,0.0031003,-0.1093982,0.3500000,-0.2351718,0.0096271,-0.0193364,-0.0031361,-0.1101806,0.3500000,-0.2343888,-0.0096051,0.0000000,0.0000000,0.0000000,1.2707963,-0.0000000,0.0000000,0.0000000,0.0000000,1.2707963,-0.0000000,1.0000000,1.0000000
0.0000000,0.0000000,0.9692268,0.0000000,0.0000000,0.0000000,1.0000000,0.0191925,0.0031003,-0.1093982,0.3500000,-0.2351718,0.0096271,-0.0193364,-0.0031361,-0.1101806,0.3500000,-0.2343888,-0.0096051,0.0000000,0.0000000,0.0000000,1.2707963,-0.0000000,0.0000000,0.0000000,0.0000000,1.2707963,-0.0000000,1.0000000,1.0000000
0.0000000,0.0000000,0.9692268,0.0000000,0.0000000,0.0000000,1.0000000,0.0191925,0.0031003,-0.1093982,0.3500000,-0.2351718,0.0096271,-0.0193364,-0.0031361,-0.1101806,0.3500000,-0.2343888,-0.0096051,0.0000000,0.0000000,0.0000000,1.2707963,-0.0000000,0.0000000,0.0000000,0.0000000,1.2707963,-0.0000000,1.0000000,1.0000000
0.0000000,0.0000000,0.9692268,0.0000000,0.0000000,0.0000000,1.0000000,0.0191925,0.0031003,-0.1093982,0.3500000,-0.2351718,0.0096271,-0.0193364,-0.0031361,-0.1101806,0.3500000,-0.2343888,-0.0096051,0.0000000,0.0000000,0.0000000,1.2707963,-0.0000000,0.0000000,0.0000000,0.0000000,1.2707963,-0.0000000,1.0000000,1.0000000
0.0000000,0.0000000,0.9692268,0.0000000,0.0000000,0.0000000,1.0000000,0.0191925,0.0031003,-0.1093982,0.3500000,-0.2351718,0.0096271,-0.0193364,-0.0031361,-0.1101806,0.3500000,-0.2343888,-0.0096051,0.0000000,0.0000000,0.0000000,1.2707963,-0.0000000,0.0000000,0.0000000,0.0000000,1.2707963,-0.0000000,1.0000000,1.0000000
0.0000000,0.0000000,0.9692268,0.0000000,0.0000000,0.0000000,1.0000000,0.0191925,0.0031003,-0.1093982,0.3500000,-0.2351718,0.0096271,-0.0193364,-0.0031361,-0.1101806,0.3500000,-0.2343888,-0.0096051,0.0000000,0.0000000,0.0000000,1.2707963,-0.0000000,0.0000000,0.0000000,0.0000000,1.2707963,-0.0000000,1.0000000,1.0000000
0.0000000,0.0000000,0.9692268,0.0000000,0.0000000,0.0000000,1.0000000,0.0191925,0.0031003,-0.1093982,0.3500000,-0.2351718,0.0096271,-0.0193364,-0.0031361,-0.1101806,0.3500000,-0.2343888,-0.0096051,0.0000000,0.0000000,0.0000000,1.2707963,-0.0000000,0.0000000,0.0000000,0.0000000,1.2707963,-0.0000000,1.0000000,1.0000000
0.0000000,0.0000000,0.9692268,0.0000000,0.0000000,0.0000000,1.0000000,0.0191925,0.0031003,-0.1093982,0.3500000,-0.2351718,0.0096271,-0.0193364,-0.0031361,-0.1101806,0.3500000,-0.2343888,-0.0096051,0.0000000,0.0000000,0.0000000,1.2707963,-0.0000000,0.0000000,0.0000000,0.0000000,1.2707963,-0.0000000,1.0000000,1.0000000
0.0000000,0.0000000,0.9692268,0.0000000,0.0000000,0.0000000,1.0000000,0.0191925,0.0031003,-0.1093982,0.3500000,-0.2351718,0.0096271,-0.0193364,-0.0031361,-0.1101806,0.3500000,-0.2343888,-0.0096051,0.0000000,0.0000000,0.0000000,1.2707963,-0.0000000,0.0000000,0.0000000,0.0000000,1.2707963,-0.0000000,1.0000000,1.0000000
0.0000000,0.0000000,0.9692268,0.0000000,0.0000000,0.0000000,1.0000000,0.0191925,0.0031003,-0.1093982,0.3500000,-0.2351718,0.0096271,-0.0193364,-0.0031361,-0.1101806,0.3500000,-0.2343888,-0.0096051,0.0000000,0.0000000,0.0000000,1.2707963,-0.0000000,0.0000000,0.0000000,0.0000000,1.2707963,-0.0000000,1.0000000,1.0000000
0.0000000,0.0000000,0.9692268,0.0000000,0.0000000,0.0000000,1.0000000,0.0191925,0.0031003,-0.1093982,0.3500000,-0.2351718,0.0096271,-0.0193364,-0.0031361,-0.1101806,0.3500000,-0.2343888,-0.0096051,0.0000000,0.0000000,0.0000000,1.2707963,-0.0000000,0.0000000,0.0000000,0.0000000,1.2707963,-0.0000000,1.0000000,1.0000000
0.0000000,0.0000000,0.9692268,0.0000000,0.0000000,0.0000000,1.0000000,0.0191925,0.0031003,-0.1093982,0.3500000,-0.2351718,0.0096271,-0.0193364,-0.0031361,-0.1101806,0.3500000,-0.2343888,-0.0096051,0.0000000,0.0000000,0.0000000,1.2707963,-0.0000000,0.0000000,0.0000000,0.0000000,1.2707963,-0.0000000,1.0000000,1.0000000
0.0000000,0.0000000,0.9692268,0.0000000,0.0000000,0.0000000,1.0000000,0.0191925,0.0031003,-0.1093982,0.3500000,-0.2351718,0.0096271,-0.0193364,-0.0031361,-0.1101806,0.3500000,-0.2343888,-0.0096051,0.0000000,0.0000000,0.0000000,1.2707963,-0.0000000,0.0000000,0.0000000,0.0000000,1.2707963,-0.0000000,1.0000000,1.0000000
0.0000000,0.0000000,0.9692268,0.0000000,0.0000000,0.0000000,1.0000000,0.0191925,0.0031003,-0.1093982,0.3500000,-0.2351718,0.0096271,-0.0193364,-0.0031361,-0.1101806,0.3500000,-0.2343888,-0.0096051,0.0000000,0.0000000,0.0000000,1.2707963,-0.0000000,0.0000000,0.0000000,0.0000000,1.2707963,-0.0000000,1.0000000,1.0000000
0.0000000,0.0000000,0.9692268,0.0000000,0.0000000,0.0000000,1.0000000,0.0191925,0.0031003,-0.1093982,0.3500000,-0.2351718,0.0096271,-0.0193364,-0.0031361,-0.1101806,0.3500000,-0.2343888,-0.0096051,0.0000000,0.0000000,0.0000000,1.2707963,-0.0000000,0.0000000,0.0000000,0.0000000,1.2707963,-0.0000000,1.0000000,1.0000000
0.0000000,0.0000000,0.9692268,0.0000000,0.0000000,0.0000000,1.0000000,0.0191925,0.0031003,-0.1093982,0.3500000,-0.2351718,0.0096271,-0.0193364,-0.0031361,-0.1101806,0.3500000,-0.2343888,-0.0096051,0.0000000,0.0000000,0.0000000,1.2707963,-0.0000000,0.0000000,0.0000000,0.0000000,1.2707963,-0.0000000,1.0000000,1.0000000
0.0000000,0.0000000,0.9692268,0.0000000,0.0000000,0.0000000,1.0000000,0.0191925,0.0031003,-0.1093982,0.3500000,-0.2351718,0.0096271,-0.0193364,-0.0031361,-0.1101806,0.3500000,-0.2343888,-0.0096051,0.0000000,0.0000000,0.0000000,1.2707963,-0.0000000,0.0000000,0.0000000,0.0000000,1.2707963,-0.0000000,1.0000000,1.0000000
0.0000000,0.0000000,0.9692268,0.0000000,0.0000000,0.0000000,1.0000000,0.0191925,0.0031003,-0.1093982,0.3500000,-0.2351718,0.0096271,-0.0193364,-0.0031361,-0.1101806,0.3500000,-0.2343888,-0.0096051,0.0000000,0.0000000,0.0000000,1.2707963,-0.0000000,0.0000000,0.0000000,0.0000000,1.2707963,-0.0000000,1.0000000,1.0000000
0.0000000,0.0000000,0.9692268,0.0000000,0.0000000,0.0000000,1.0000000,0.0191925,0.0031003,-0.1093982,0.3500000,-0.2351718,0.0096271,-0.0193364,-0.0031361,-0.1101806,0.3500000,-0.2343888,-0.0096051,0.0000000,0.0000000,0.0000000,1.2707963,-0.0000000,0.0000000,0.0000000,0.0000000,1.2707963,-0.0000000,1.0000000,1.0000000
0.0000000,0.0000000,0.9692268,0.0000000,0.0000000,0.0000000,1.0000000,0.0191925,0.0031003,-0.1093982,0.3500000,-0.2351718,0.0096271,-0.0193364,-0.0031361,-0.1101806,0.3500000,-0.2343888,-0.0096051,0.0000000,0.0000000,0.0000000,1.2707963,-0.0000000,0.0000000,0.0000000,0.0000000,1.2707963,-0.0000000,1.0000000,1.0000000
0.0000000,0.0000000,0.9692268,0.0000000,0.0000000,0.0000000,1.0000000,0.0191925,0.0031003,-0.1093982,0.3500000,-0.2351718,0.0096271,-0.0193364,-0.0031361,-0.1101806,0.3500000,-0.2343888,-0.0096051,0.0000000,0.0000000,0.0000000,1.2707963,-0.0000000,0.0000000,0.0000000,0.0000000,1.2707963,-0.0000000,1.0000000,1.0000000
0.0000000,0.0000000,0.9692268,0.0000000,0.0000000,0.0000000,1.0000000,0.0191925,0.0031003,-0.1093982,0.3500000,-0.2351718,0.0096271,-0.0193364,-0.0031361,-0.1101806,0.3500000,-0.2343888,-0.0096051,0.0000000,0.0000000,0.0000000,1.2707963,-0.0000000,0.0000000,0.0000000,0.0000000,1.2707963,-0.0000000,1.0000000,1.0000000
0.0000000,0.0000000,0.9692268,0.0000000,0.0000000,0.0000000,1.0000000,0.0191925,0.0031003,-0.1093982,0.3500000,-0.2351718,0.0096271,-0.0193364,-0.0031361,-0.1101806,0.3500000,-0.2343888,-0.0096051,0.0000000,0.0000000,0.0000000,1.2707963,-0.0000000,0.0000000,0.0000000,0.0000000,1.2707963,-0.0000000,1.0000000,1.0000000
0.0000000,0.0000000,0.9692268,0.0000000,0.0000000,0.0000000,1.0000000,0.0191925,0.0031003,-0.1093982,0.3500000,-0.2351718,0.0096271,-0.0193364,-0.0031361,-0.1101806,0.3500000,-0.2343888,-0.0096051,0.0000000,0.0000000,0.0000000,1.2707963,-0.0000000,0.0000000,0.0000000,0.0000000,1.2707963,-0.0000000,1.0000000,1.0000000
0.0000000,0.0000000,0.9692268,0.0000000,0.0000000,0.0000000,1.0000000,0.0191925,0.0031003,-0.1093982,0.3500000,-0.2351718,0.0096271,-0.0193364,-0.0031361,-0.1101806,0.3500000,-0.2343888,-0.0096051,0.0000000,0.0000000,0.0000000,1.2707963,-0.0000000,0.0000000,0.0000000,0.0000000,1.2707963,-0.0000000,1.0000000,1.0000000
0.0000000,0.0000000,0.9692268,0.0000000,0.0000000,0.0000000,1.0000000,0.0191925,0.0031003,-0.1093982,0.3500000,-0.2351718,0.0096271,-0.0193364,-0.0031361,-0.1101806,0.3500000,-0.2343888,-0.0096051,0.0000000,0.0000000,0.0000000,1.2707963,-0.0000000,0.0000000,0.0000000,0.0000000,1.2707963,-0.0000000,1.0000000,1.0000000
0.0000000,0.0000000,0.9692268,0.0000000,0.0000000,0.0000000,1.0000000,0.0191925,0.0031003,-0.1093982,0.3500000,-0.2351718,0.0096271,-0.0193364,-0.0031361,-0.1101806,0.3500000,-0.2343888,-0.0096051,0.0000000,0.0000000,0.0000000,1.2707963,-0.0000000,0.0000000,0.0000000,0.0000000,1.2707963,-0.0000000,1.0000000,1.0000000
0.0000000,0.0000000,0.9692268,0.0000000,0.0000000,0.0000000,1.0000000,0.0191925,0.0031003,-0.1093982,0.3500000,-0.2351718,0.0096271,-0.0193364,-0.0031361,-0.1101806,0.3500000,-0.2343888,-0.0096051,0.0000000,0.0000000,0.0000000,1.2707963,-0.0000000,0.0000000,0.0000000,0.0000000,1.2707963,-0.0000000,1.0000000,1.0000000
0.0000000,0.0000000,0.9692268,0.0000000,0.0000000,0.0000000,1.0000000,0.0191925,0.0031003,-0.1093982,0.3500000,-0.2351718,0.0096271,-0.0193364,-0.0031361,-0.1101806,0.3500000,-0.2343888,-0.0096051,0.0000000,0.0000000,0.0000000,1.2707963,-0.0000000,0.0000000,0.0000000,0.0000000,1.2707963,-0.0000000,1.0000000,1.0000000
0.0000000,0.0000000,0.9692268,0.0000000,0.0000000,0.0000000,1.0000000,0.0191925,0.0031003,-0.1093982,0.3500000,-0.2351718,0.0096271,-0.0193364,-0.0031361,-0.1101806,0.3500000,-0.2343888,-0.0096051,0.0000000,0.0000000,0.0000000,1.2707963,-0.0000000,0.0000000,0.0000000,0.0000000,1.2707963,-0.0000000,1.0000000,1.0000000
0.0000000,0.0000000,0.9692268,0.0000000,0.0000000,0.0000000,1.0000000,0.0191925,0.0031003,-0.1093982,0.3500000,-0.2351718,0.0096271,-0.0193364,-0.0031361,-0.1101806,0.3500000,-0.2343888,-0.0096051,0.0000000,0.0000000,0.0000000,1.2707963,-0.0000000,0.0000000,0.0000000,0.0000000,1.2707963,-0.0000000,1.0000000,1.0000000
0.0000000,0.0000000,0.9692268,0.0000000,0.0000000,0.0000000,1.0000000,0.0191925,0.0031003,-0.1093982,0.3500000,-0.2351718,0.0096271,-0.0193364,-0.0031361,-0.1101806,0.3500000,-0.2343888,-0.0096051,0.0000000,0.0000000,0.0000000,1.2707963,-0.0000000,0.0000000,0.0000000,0.0000000,1.2707963,-0.0000000,1.0000000,1.0000000
0.0000000,0.0000000,0.9692268,0.0000000,0.0000000,0.0000000,1.0000000,0.0191925,0.0031003,-0.1093982,0.3500000,-0.2351718,0.0096271,-0.0193364,-0.0031361,-0.1101806,0.3500000,-0.2343888,-0.0096051,0.0000000,0.0000000,0.0000000,1.2707963,-0.0000000,0.0000000,0.0000000,0.0000000,1.2707963,-0.0000000,1.0000000,1.0000000
0.0000000,0.0000000,0.9692268,0.0000000,0.0000000,0.0000000,1.0000000,0.0191925,0.0031003,-0.1093982,0.3500000,-0.2351718,0.0096271,-0.0193364,-0.0031361,-0.1101806,0.3500000,-0.2343888,-0.0096051,0.0000000,0.0000000,0.0000000,1.2707963,-0.0000000,0.0000000,0.0000000,0.0000000,1.2707963,-0.0000000,1.0000000,1.0000000
0.0000000,0.0000000,0.9692268,0.0000000,0.0000000,0.0000000,1.0000000,0.0191925,0.0031003,-0.1093982,0.3500000,-0.2351718,0.0096271,-0.0193364,-0.0031361,-0.1101806,0.3500000,-0.2343888,-0.0096051,0.0000000,0.0000000,0.0000000,1.2707963,-0.0000000,0.0000000,0.0000000,0.0000000,1.2707963,-0.0000000,1.0000000,1.0000000
0.0000000,0.0000000,0.9692268,0.0000000,0.0000000,0.0000000,1.0000000,0.0191925,0.0031003,-0.1093982,0.3500000,-0.2351718,0.0096271,-0.0193364,-0.0031361,-0.1101806,0.3500000,-0.2343888,-0.0096051,0.0000000,0.0000000,0.0000000,1.2707963,-0.0000000,0.0000000,0.0000000,0.0000000,1.2707963,-0.0000000,1.0000000,1.0000000
0.0000000,0.0000000,0.9692268,0.0000000,0.0000000,0.0000000,1.0000000,0.0191925,0.0031003,-0.1093982,0.3500000,-0.2351718,0.0096271,-0.0193364,-0.0031361,-0.1101806,0.3500000,-0.2343888,-0.0096051,0.0000000,0.0000000,0.0000000,1.2707963,-0.0000000,0.0000000,0.0000000,0.0000000,1.2707963,-0.0000000,1.0000000,1.0000000
0.0000000,0.0000000,0.9692268,0.0000000,0.0000000,0.0000000,1.0000000,0.0191925,0.0031003,-0.1093982,0.3500000,-0.2351718,0.0096271,-0.0193364,-0.0031361,-0.1101806,0.3500000,-0.2343888,-0.0096051,0.0000000,0.0000000,0.0000000,1.2707963,-0.0000000,0.0000000,0.0000000,0.0000000,1.2707963,-0.0000000,1.0000000,1.0000000
0.0000000,0.0000000,0.9692268,0.0000000,0.0000000,0.0000000,1.0000000,0.0191925,0.0031003,-0.1093982,0.3500000,-0.2351718,0.0096271,-0.0193364,-0.0031361,-0.1101806,0.3500000,-0.2343888,-0.0096051,0.0000000,0.0000000,0.0000000,1.2707963,-0.0000000,0.0000000,0.0000000,0.0000000,1.2707963,-0.0000000,1.0000000,1.0000000
