pelvis_x,pelvis_y,pelvis_z,pelvis_qx,pelvis_qy,pelvis_qz,pelvis_qw,left_hip_yaw,left_hip_roll,left_hip_pitch,left_knee,left_ankle_pitch,left_ankle_roll,right_hip_yaw,right_hip_roll,right_hip_pitch,right_knee,right_ankle_pitch,right_ankle_roll,left_shoulder_pitch,left_shoulder_roll,left_shoulder_yaw,left_elbow,left_wrist_roll,right_shoulder_pitch,right_shoulder_roll,right_shoulder_yaw,right_elbow,right_wrist_roll,contact_left,contact_right
0.0000000,0.0000000,0.9692268,0.0000000,0.0000000,0.0000000,1.0000000,0.0191925,0.0031003,-0.1093982,0.3500000,-0.2351718,0.0096271,-0.0193364,-0.0031361,-0.1101806,0.3500000,-0.2343888,-0.0096051,0.0000000,0.0000000,0.0000000,1.2707963,-0.0000000,0.0000000,0.0000000,0.0000000,1.2707963,0.0000000,1.0000000,1.0000000
0.0000000,0.0000000,0.9692268,0.0000000,0.0000000,0.0000000,1.0000000,0.0191925,0.0031003,-0.1093982,0.3500000,-0.2351718,0.0096271,-0.0193364,-0.0031361,-0.1101806,0.3500000,-0.2343888,-0.0096051,0.0000000,0.0000000,0.0000000,1.2707963,-0.0000000,0.0000000,0.0000000,0.0000000,1.2707963,0.0000000,1.0000000,1.0000000
0.0000000,0.0000000,0.9692268,0.0000000,0.0000000,0.0000000,1.0000000,0.0191925,0.0031003,-0.1093982,0.3500000,-0.2351718,0.0096271,-0.0193364,-0.0031361,-0.1101806,0.3500000,-0.2343888,-0.0096051,0.0000000,0.0000000,0.0000000,1.2707963,-0.0000000,0.0000000,0.0000000,0.0000000,1.2707963,0.0000000,1.0000000,1.0000000
0.0000000,0.0000000,0.9692268,0.0000000,0.0000000,0.0000000,1.0000000,0.0191925,0.0031003,-0.1093982,0.3500000,-0.2351718,0.0096271,-0.0193364,-0.0031361,-0.1101806,0.3500000,-0.2343888,-0.0096051,0.0000000,0.0000000,0.0000000,1.2707963,-0.0000000,0.0000000,0.0000000,0.0000000,1.2707963,0.0000000,1.0000000,1.0000000
0.0000000,0.0000000,0.9692268,0.0000000,0.0000000,0.0000000,1.0000000,0.0191925,0.0031003,-0.1093982,0.3500000,-0.2351718,0.0096271,-0.0193364,-0.0031361,-0.1101806,0.3500000,-0.2343888,-0.0096051,0.0000000,0.0000000,0.0000000,1.2707963,-0.0000000,0.0000000,0.0000000,0.0000000,1.2707963,0.0000000,1.0000000,1.0000000
0.0000000,0.0000000,0.9692268,0.0000000,0.0000000,0.0000000,1.0000000,0.0191925,0.0031003,-0.1093982,0.3500000,-0.2351718,0.0096271,-0.0193364,-0.0031361,-0.1101806,0.3500000,-0.2343888,-0.0096051,0.0000000,0.0000000,0.0000000,1.2707963,-0.0000000,0.0000000,0.0000000,0.0000000,1.2707963,0.0000000,1.0000000,1.0000000
0.0000000,0.0000000,0.9692268,0.0000000,0.0000000,0.0000000,1.0000000,0.0191925,0.0031003,-0.1093982,0.3500000,-0.2351718,0.0096271,-0.0193364,-0.0031361,-0.1101806,0.3500000,-0.2343888,-0.0096051,0.0000000,0.0000000,0.0000000,1.2707963,-0.0000000,0.0000000,0.0000000,0.0000000,1.2707963,0.0000000,1.0000000,1.0000000
0.0000000,0.0000000,0.9692268,0.0000000,0.0000000,0.0000000,1.0000000,0.0191925,0.0031003,-0.1093982,0.3500000,-0.2351718,0.0096271,-0.0193364,-0.0031361,-0.1101806,0.3500000,-0.2343888,-0.0096051,0.0000000,0.0000000,0.0000000,1.2707963,-0.0000000,0.0000000,0.0000000,0.0000000,1.2707963,0.0000000,1.0000000,1.0000000
0.0000000,0.0000000,0.9692268,0.0000000,0.0000000,0.0000000,1.0000000,0.0191925,0.0031003,-0.1093982,0.3500000,-0.2351718,0.0096271,-0.0193364,-0.0031361,-0.1101806,0.3500000,-0.2343888,-0.0096051,0.0000000,0.0000000,0.0000000,1.2707963,-0.0000000,0.0000000,0.0000000,0.0000000,1.2707963,0.0000000,1.0000000,1.0000000
0.0000000,0.0000000,0.9692268,0.0000000,0.0000000,0.0000000,1.0000000,0.0191925,0.0031003,-0.1093982,0.3500000,-0.2351718,0.0096271,-0.0193364,-0.0031361,-0.1101806,0.3500000,-0.2343888,-0.0096051,0.0000000,0.0000000,0.0000000,1.2707963,-0.0000000,0.0000000,0.0000000,0.0000000,1.2707963,-0.0000000,1.0000000,1.0000000
0.0000000,0.0000000,0.9692268,0.0000000,0.0000000,0.0000000,1.0000000,0.0191925,0.0031003,-0.1093982,0.3500000,-0.2351718,0.0096271,-0.0193364,-0.0031361,-0.1101806,0.3500000,-0.2343888,-0.0096051,0.0000000,0.0000000,0.0000000,1.2707963,-0.0000000,0.0000000,0.0000000,0.0000000,1.2707963,-0.0000000,1.0000000,1.0000000
0.0000000,0.0000000,0.9692268,0.0000000,0.0000000,0.0000000,1.0000000,0.0191925,0.0031003,-0.1093982,0.3500000,-0.2351718,0.0096271,-0.0193364,-0.0031361,-0.1101806,0.3500000,-0.2343888,-0.0096051,0.0000000,0.0000000,0.0000000,1.2707963,-0.0000000,0.0000000,0.0000000,0.0000000,1.2707963,-0.0000000,1.0000000,1.0000000
0.0000000,0.0000000,0.9692268,0.0000000,0.0000000,0.0000000,1.0000000,0.0191925,0.0031003,-0.1093982,0.3500000,-0.2351718,0.0096271,-0.0193364,-0.0031361,-0.1101806,0.3500000,-0.2343888,-0.0096051,0.0000000,0.0000000,0.0000000,1.2707963,-0.0000000,0.0000000,0.0000000,0.0000000,1.2707963,-0.0000000,1.0000000,1.0000000
0.0000000,0.0000000,0.9692268,0.0000000,0.0000000,0.0000000,1.0000000,0.0191925,0.0031003,-0.1093982,0.3500000,-0.2351718,0.0096271,-0.0193364,-0.0031361,-0.1101806,0.3500000,-0.2343888,-0.0096051,0.0000000,0.0000000,0.0000000,1.2707963,-0.0000000,0.0000000,0.0000000,0.0000000,1.2707963,-0.0000000,1.0000000,1.0000000
0.0000000,0.0000000,0.9692268,0.0000000,0.0000000,0.0000000,1.0000000,0.0191925,0.0031003,-0.1093982,0.3500000,-0.2351718,0.0096271,-0.0193364,-0.0031361,-0.1101806,0.3500000,-0.2343888,-0.0096051,0.0000000,0.0000000,0.0000000,1.2707963,-0.0000000,0.0000000,0.0000000,0.0000000,1.2707963,-0.0000000,1.0000000,1.0000000
0.0000000,0.0000000,0.9692268,0.0000000,0.0000000,0.0000000,1.0000000,0.0191925,0.0031003,-0.1093982,0.3500000,-0.2351718,0.0096271,-0.0193364,-0.0031361,-0.1101806,0.3500000,-0.2343888,-0.0096051,0.0000000,0.0000000,0.0000000,1.2707963,-0.0000000,0.0000000,0.0000000,0.0000000,1.2707963,-0.0000000,1.0000000,1.0000000
0.0000000,0.0000000,0.9692268,0.0000000,0.0000000,0.0000000,1.0000000,0.0191925,0.0031003,-0.1093982,0.3500000,-0.2351718,0.0096271,-0.0193364,-0.0031361,-0.1101806,0.3500000,-0.2343888,-0.0096051,0.0000000,0.0000000,0.0000000,1.2707963,-0.0000000,0.0000000,0.0000000,0.0000000,1.2707963,-0.0000000,1.0000000,1.0000000
0.0000000,0.0000000,0.9692268,0.0000000,0.0000000,0.0000000,1.0000000,0.0191925,0.0031003,-0.1093982,0.3500000,-0.2351718,0.0096271,-0.0193364,-0.0031361,-0.1101806,0.3500000,-0.2343888,-0.0096051,0.0000000,0.0000000,0.0000000,1.2707963,-0.0000000,0.0000000,0.0000000,0.0000000,1.2707963,-0.0000000,1.0000000,1.0000000
0.0000000,0.0000000,0.9692268,0.0000000,0.0000000,0.0000000,1.0000000,0.0191925,0.0031003,-0.1093982,0.3500000,-0.2351718,0.0096271,-0.0193364,-0.0031361,-0.1101806,0.3500000,-0.2343888,-0.0096051,0.0000000,0.0000000,0.0000000,1.2707963,-0.0000000,0.0000000,0.0000000,0.0000000,1.2707963,-0.0000000,1.0000000,1.0000000
0.0000000,0.0000000,0.9692268,0.0000000,0.0000000,0.0000000,1.0000000,0.0191925,0.0031003,-0.1093982,0.3500000,-0.2351718,0.0096271,-0.0193364,-0.0031361,-0.1101806,0.3500000,-0.2343888,-0.0096051,0.0000000,0.0000000,0.0000000,1.2707963,-0.0000000,0.0000000,0.0000000,0.0000000,1.2707963,-0.0000000,1.0000000,1.0000000
0.0000000,0.0000000,0.9692268,0.0000000,0.0000000,0.0000000,1.0000000,0.0191925,0.0031003,-0.1093982,0.3500000,-0.2351718,0.0096271,-0.0193364,-0.0031361,-0.1101806,0.3500000,-0.2343888,-0.0096051,0.0000000,0.0000000,0.0000000,1.2707963,-0.0000000,0.0000000,0.0000000,0.0000000,1.2707963,-0.0000000,1.0000000,1.0000000
0.0000000,0.0000000,0.9692268,0.0000000,0.0000000,0.0000000,1.0000000,0.0191925,0.0031003,-0.1093982,0.3500000,-0.2351718,0.0096271,-0.0193364,-0.0031361,-0.1101806,0.3500000,-0.2343888,-0.0096051,0.0000000,0.0000000,0.0000000,1.2707963,-0.0000000,0.0000000,0.0000000,0.0000000,1.2707963,-0.0000000,1.0000000,1.0000000
0.0000000,0.0000000,0.9692268,0.0000000,0.0000000,0.0000000,1.0000000,0.0191925,0.0031003,-0.1093982,0.3500000,-0.2351718,0.0096271,-0.0193364,-0.0031361,-0.1101806,0.3500000,-0.2343888,-0.0096051,0.0000000,0.0000000,0.0000000,1.2707963,-0.0000000,0.0000000,0.0000000,0.0000000,1.2707963,-0.0000000,1.0000000,1.0000000
0.0000000,0.0000000,0.9692268,0.0000000,0.0000000,0.0000000,1.0000000,0.0191925,0.0031003,-0.1093982,0.3500000,-0.2351718,0.0096271,-0.0193364,-0.0031361,-0.1101806,0.3500000,-0.2343888,-0.0096051,0.0000000,0.0000000,0.0000000,1.2707963,-0.0000000,0.0000000,0.0000000,0.0000000,1.2707963,-0.0000000,1.0000000,1.0000000
0.0000000,0.0000000,0.9692268,0.0000000,0.0000000,0.0000000,1.0000000,0.0191925,0.0031003,-0.1093982,0.3500000,-0.2351718,0.0096271,-0.0193364,-0.0031361,-0.1101806,0.3500000,-0.2343888,-0.0096051,0.0000000,0.0000000,0.0000000,1.2707963,-0.0000000,0.0000000,0.0000000,0.0000000,1.2707963,-0.0000000,1.0000000,1.0000000
0.0000000,0.0000000,0.9692268,0.0000000,0.0000000,0.0000000,1.0000000,0.0191925,0.0031003,-0.1093982,0.3500000,-0.2351718,0.0096271,-0.0193364,-0.0031361,-0.1101806,0.3500000,-0.2343888,-0.0096051,0.0000000,0.0000000,0.0000000,1.2707963,-0.0000000,0.0000000,0.0000000,0.0000000,1.2707963,0.0000000,1.0000000,1.0000000
0.0000000,0.0000000,0.9692268,0.0000000,0.0000000,0.0000000,1.0000000,0.0191925,0.0031003,-0.1093982,0.3500000,-0.2351718,0.0096271,-0.0193364,-0.0031361,-0.1101806,0.3500000,-0.2343888,-0.0096051,0.0000000,0.0000000,0.0000000,1.2707963,-0.0000000,0.0000000,0.0000000,0.0000000,1.2707963,0.0000000,1.0000000,1.0000000
0.0000000,0.0000000,0.9692268,0.0000000,0.0000000,0.0000000,1.0000000,0.0191925,0.0031003,-0.1093982,0.3500000,-0.2351718,0.0096271,-0.0193364,-0.0031361,-0.1101806,0.3500000,-0.2343888,-0.0096051,0.0000000,0.0000000,0.0000000,1.2707963,-0.0000000,0.0000000,0.0000000,0.0000000,1.2707963,0.0000000,1.0000000,1.0000000
0.0000000,0.0000000,0.9692268,0.0000000,0.0000000,0.0000000,1.0000000,0.0191925,0.0031003,-0.1093982,0.3500000,-0.2351718,0.0096271,-0.0193364,-0.0031361,-0.1101806,0.3500000,-0.2343888,-0.0096051,0.0000000,0.0000000,0.0000000,1.2707963,-0.0000000,0.0000000,0.0000000,0.0000000,1.2707963,0.0000000,1.0000000,1.0000000
0.0000000,0.0000000,0.9692268,0.0000000,0.0000000,0.0000000,1.0000000,0.0191925,0.0031003,-0.1093982,0.3500000,-0.2351718,0.0096271,-0.0193364,-0.0031361,-0.1101806,0.3500000,-0.2343888,-0.0096051,0.0000000,0.0000000,0.0000000,1.2707963,-0.0000000,0.0000000,0.0000000,0.0000000,1.2707963,0.0000000,1.0000000,1.0000000
0.0000000,0.0000000,0.9692268,0.0000000,0.0000000,0.0000000,1.0000000,0.0191925,0.0031003,-0.1093982,0.3500000,-0.2351718,0.0096271,-0.0193364,-0.0031361,-0.1101806,0.3500000,-0.2343888,-0.0096051,0.0000000,0.0000000,0.0000000,1.2707963,-0.0000000,0.0000000,0.0000000,0.0000000,1.2707963,0.0000000,1.0000000,1.0000000
0.0000000,0.0000000,0.9692268,0.0000000,0.0000000,0.0000000,1.0000000,0.0191925,0.0031003,-0.1093982,0.3500000,-0.2351718,0.0096271,-0.0193364,-0.0031361,-0.1101806,0.3500000,-0.2343888,-0.0096051,0.0000000,0.0000000,0.0000000,1.2707963,-0.0000000,0.0000000,0.0000000,0.0000000,1.2707963,0.0000000,1.0000000,1.0000000
0.0000000,0.0000000,0.9692268,0.0000000,0.0000000,0.0000000,1.0000000,0.0191925,0.0031003,-0.1093982,0.3500000,-0.2351718,0.0096271,-0.0193364,-0.0031361,-0.1101806,0.3500000,-0.2343888,-0.0096051,0.0000000,0.0000000,0.0000000,1.2707963,-0.0000000,0.0000000,0.0000000,0.0000000,1.2707963,0.0000000,1.0000000,1.0000000
0.0000000,0.0000000,0.9692268,0.0000000,0.0000000,0.0000000,1.0000000,0.0191925,0.0031003,-0.1093982,0.3500000,-0.2351718,0.0096271,-0.0193364,-0.0031361,-0.1101806,0.3500000,-0.2343888,-0.0096051,0.0000000,0.0000000,0.0000000,1.2707963,-0.0000000,0.0000000,0.0000000,0.0000000,1.2707963,0.0000000,1.0000000,1.0000000
0.0000000,0.0000000,0.9692268,0.0000000,0.0000000,0.0000000,1.0000000,0.0191925,0.0031003,-0.1093982,0.3500000,-0.2351718,0.0096271,-0.0193364,-0.0031361,-0.1101806,0.3500000,-0.2343888,-0.0096051,0.0000000,0.0000000,0.0000000,1.2707963,-0.0000000,0.0000000,0.0000000,0.0000000,1.2707963,0.0000000,1.0000000,1.0000000
0.0000000,0.0000000,0.9692268,0.0000000,0.0000000,0.0000000,1.0000000,0.0191925,0.0031003,-0.1093982,0.3500000,-0.2351718,0.0096271,-0.0193364,-0.0031361,-0.1101806,0.3500000,-0.2343888,-0.0096051,0.0000000,0.0000000,0.0000000,1.2707963,-0.0000000,0.0000000,0.0000000,0.0000000,1.2707963,0.0000000,1.0000000,1.0000000
0.0000000,0.0000000,0.9692268,0.0000000,0.0000000,0.0000000,1.0000000,0.0191925,0.0031003,-0.1093982,0.3500000,-0.2351718,0.0096271,-0.0193364,-0.0031361,-0.1101806,0.3500000,-0.2343888,-0.0096051,0.0000000,0.0000000,0.0000000,1.2707963,-0.0000000,0.0000000,0.0000000,0.0000000,1.2707963,0.0000000,1.0000000,1.0000000
0.0000000,0.0000000,0.9692268,0.0000000,0.0000000,0.0000000,1.0000000,0.0191925,0.0031003,-0.1093982,0.3500000,-0.2351718,0.0096271,-0.0193364,-0.0031361,-0.1101806,0.3500000,-0.2343888,-0.0096051,0.0000000,0.0000000,0.0000000,1.2707963,-0.0000000,0.0000000,0.0000000,0.0000000,1.2707963,0.0000000,1.0000000,1.0000000
0.0000000,0.0000000,0.9692268,0.0000000,0.0000000,0.0000000,1.0000000,0.0191925,0.0031003,-0.1093982,0.3500000,-0.2351718,0.0096271,-0.0193364,-0.0031361,-0.1101806,0.3500000,-0.2343888,-0.0096051,0.0000000,0.0000000,0.0000000,1.2707963,-0.0000000,0.0000000,0.0000000,0.0000000,1.2707963,0.0000000,1.0000000,1.0000000
0.0000000,0.0000000,0.9692268,0.0000000,0.0000000,0.0000000,1.0000000,0.0191925,0.0031003,-0.1093982,0.3500000,-0.2351718,0.0096271,-0.0193364,-0.0031361,-0.1101806,0.3500000,-0.2343888,-0.0096051,0.0000000,0.0000000,0.0000000,1.2707963,-0.0000000,0.0000000,0.0000000,0.0000000,1.2707963,0.0000000,1.0000000,1.0000000
0.0000000,0.0000000,0.9692268,0.0000000,0.0000000,0.0000000,1.0000000,0.0191925,0.0031003,-0.1093982,0.3500000,-0.2351718,0.0096271,-0.0193364,-0.0031361,-0.1101806,0.3500000,-0.2343888,-0.0096051,0.0000000,0.0000000,0.0000000,1.2707963,-0.0000000,0.0000000,0.0000000,0.0000000,1.2707963,0.0000000,1.0000000,1.0000000
0.0000000,0.0000000,0.9692268,0.0000000,0.0000000,0.0000000,1.0000000,0.0191925,0.0031003,-0.1093982,0.3500000,-0.2351718,0.0096271,-0.0193364,-0.0031361,-0.1101806,0.3500000,-0.2343888,-0.0096051,0.0000000,0.0000000,0.0000000,1.2707963,-0.0000000,0.0000000,0.0000000,0.0000000,1.2707963,0.0000000,1.0000000,1.0000000
0.0000000,0.0000000,0.9692268,0.0000000,0.0000000,0.0000000,1.0000000,0.0191925,0.0031003,-0.1093982,0.3500000,-0.2351718,0.0096271,-0.0193364,-0.0031361,-0.1101806,0.3500000,-0.2343888,-0.0096051,0.0000000,0.0000000,0.0000000,1.2707963,-0.0000000,0.0000000,0.0000000,0.0000000,1.2707963,-0.0000000,1.0000000,1.0000000
0.0000000,0.0000000,0.9692268,0.0000000,0.0000000,0.0000000,1.0000000,0.0191925,0.0031003,-0.1093982,0.3500000,-0.2351718,0.0096271,-0.0193364,-0.0031361,-0.1101806,0.3500000,-0.2343888,-0.0096051,0.0000000,0.0000000,0.0000000,1.2707963,-0.0000000,0.0000000,0.0000000,0.0000000,1.2707963,-0.0000000,1.0000000,1.0000000
0.0000000,0.0000000,0.9692268,0.0000000,0.0000000,0.0000000,1.0000000,0.0191925,0.0031003,-0.1093982,0.3500000,-0.2351718,0.0096271,-0.0193364,-0.0031361,-0.1101806,0.3500000,-0.2343888,-0.0096051,0.0000000,0.0000000,0.0000000,1.2707963,-0.0000000,0.0000000,0.0000000,0.0000000,1.2707963,-0.0000000,1.0000000,1.0000000
0.0000000,0.0000000,0.9692268,0.0000000,0.0000000,0.0000000,1.0000000,0.0191925,0.0031003,-0.1093982,0.3500000,-0.2351718,0.0096271,-0.0193364,-0.0031361,-0.1101806,0.3500000,-0.2343888,-0.0096051,0.0000000,0.0000000,0.0000000,1.2707963,-0.0000000,0.0000000,0.0000000,0.0000000,1.2707963,-0.0000000,1.0000000,1.0000000
0.0000000,0.0000000,0.9692268,0.0000000,0.0000000,0.0000000,1.0000000,0.0191925,0.0031003,-0.1093982,0.3500000,-0.2351718,0.0096271,-0.0193364,-0.0031361,-0.1101806,0.3500000,-0.2343888,-0.0096051,0.0000000,0.0000000,0.0000000,1.2707963,-0.0000000,0.0000000,0.0000000,0.0000000,1.2707963,-0.0000000,1.0000000,1.0000000
0.0000000,0.0000000,0.9692268,0.0000000,0.0000000,0.0000000,1.0000000,0.0191925,0.0031003,-0.1093982,0.3500000,-0.2351718,0.0096271,-0.0193364,-0.0031361,-0.1101806,0.3500000,-0.2343888,-0.0096051,0.0000000,0.0000000,0.0000000,1.2707963,-0.0000000,0.0000000,0.0000000,0.0000000,1.2707963,-0.0000000,1.0000000,1.0000000
0.0000000,0.0000000,0.9692268,0.0000000,0.0000000,0.0000000,1.0000000,0.0191925,0.0031003,-0.1093982,0.3500000,-0.2351718,0.0096271,-0.0193364,-0.0031361,-0.1101806,0.3500000,-0.2343888,-0.0096051,0.0000000,0.0000000,0.0000000,1.2707963,-0.0000000,0.0000000,0.0000000,0.0000000,1.2707963,-0.0000000,1.0000000,1.0000000
0.0000000,0.0000000,0.9692268,0.0000000,0.0000000,0.0000000,1.0000000,0.0191925,0.0031003,-0.1093982,0.3500000,-0.2351718,0.0096271,-0.0193364,-0.0031361,-0.1101806,0.3500000,-0.2343888,-0.0096051,0.0000000,0.0000000,0.0000000,1.2707963,-0.0000000,0.0000000,0.0000000,0.0000000,1.2707963,-0.0000000,1.0000000,1.0000000
0.0000000,0.0000000,0.9692268,0.0000000,0.0000000,0.0000000,1.0000000,0.0191925,0.0031003,-0.1093982,0.3500000,-0.2351718,0.0096271,-0.0193364,-0.0031361,-0.1101806,0.3500000,-0.2343888,-0.0096051,0.0000000,0.0000000,0.0000000,1.2707963,-0.0000000,0.0000000,0.0000000,0.0000000,1.2707963,-0.0000000,1.0000000,1.0000000
0.0000000,0.0000000,0.9692268,0.0000000,0.0000000,0.0000000,1.0000000,0.0191925,0.0031003,-0.1093982,0.3500000,-0.2351718,0.0096271,-0.0193364,-0.0031361,-0.1101806,0.3500000,-0.2343888,-0.0096051,0.0000000,0.0000000,0.0000000,1.2707963,-0.0000000,-0.0000443,-0.0000156,0.0000050,1.2707729,-0.0000000,1.0000000,1.0000000
0.0000000,0.0000000,0.9692268,0.0000000,0.0000000,0.0000000,1.0000000,0.0191925,0.0031003,-0.1093982,0.3500000,-0.2351718,0.0096271,-0.0193364,-0.0031361,-0.1101806,0.3500000,-0.2343888,-0.0096051,0.0000000,0.0000000,0.0000000,1.2707963,-0.0000000,-0.0003474,-0.0001221,0.0000391,1.2706126,-0.0000000,1.0000000,1.0000000
0.0000000,0.0000000,0.9692268,0.0000000,0.0000000,0.0000000,1.0000000,0.0191925,0.0031003,-0.1093982,0.3500000,-0.2351718,0.0096271,-0.0193364,-0.0031361,-0.1101806,0.3500000,-0.2343888,-0.0096051,0.0000000,0.0000000,0.0000000,1.2707963,-0.0000000,-0.0011488,-0.0004036,0.0001293,1.2701887,-0.0000000,1.0000000,1.0000000
0.0000000,0.0000000,0.9692268,0.0000000,0.0000000,0.0000000,1.0000000,0.0191925,0.0031003,-0.1093982,0.3500000,-0.2351718,0.0096271,-0.0193364,-0.0031361,-0.1101806,0.3500000,-0.2343888,-0.0096051,0.0000000,0.0000000,0.0000000,1.2707963,-0.0000000,-0.0026674,-0.0009371,0.0003002,1.2693855,-0.0000000,1.0000000,1.0000000
0.0000000,0.0000000,0.9692268,0.0000000,0.0000000,0.0000000,1.0000000,0.0191925,0.0031003,-0.1093982,0.3500000,-0.2351718,0.0096271,-0.0193364,-0.0031361,-0.1101806,0.3500000,-0.2343888,-0.0096051,0.0000000,0.0000000,0.0000000,1.2707963,-0.0000000,-0.0051021,-0.0017925,0.0005742,1.2680977,-0.0000000,1.0000000,1.0000000
0.0000000,0.0000000,0.9692268,0.0000000,0.0000000,0.0000000,1.0000000,0.0191925,0.0031003,-0.1093982,0.3500000,-0.2351718,0.0096271,-0.0193364,-0.0031361,-0.1101806,0.3500000,-0.2343888,-0.0096051,0.0000000,0.0000000,0.0000000,1.2707963,-0.0000000,-0.0086326,-0.0030329,0.0009715,1.2662304,-0.0000000,1.0000000,1.0000000
0.0000000,0.0000000,0.9692268,0.0000000,0.0000000,0.0000000,1.0000000,0.0191925,0.0031003,-0.1093982,0.3500000,-0.2351718,0.0096271,-0.0193364,-0.0031361,-0.1101806,0.3500000,-0.2343888,-0.0096051,0.0000000,0.0000000,0.0000000,1.2707963,-0.0000000,-0.0134195,-0.0047146,0.0015102,1.2636984,-0.0000000,1.0000000,1.0000000
0.0000000,0.0000000,0.9692268,0.0000000,0.0000000,0.0000000,1.0000000,0.0191925,0.0031003,-0.1093982,0.3500000,-0.2351718,0.0096271,-0.0193364,-0.0031361,-0.1101806,0.3500000,-0.2343888,-0.0096051,0.0000000,0.0000000,0.0000000,1.2707963,-0.0000000,-0.0196055,-0.0068879,0.0022063,1.2604265,-0.0000000,1.0000000,1.0000000
0.0000000,0.0000000,0.9692268,0.0000000,0.0000000,0.0000000,1.0000000,0.0191925,0.0031003,-0.1093982,0.3500000,-0.2351718,0.0096271,-0.0193364,-0.0031361,-0.1101806,0.3500000,-0.2343888,-0.0096051,0.0000000,0.0000000,0.0000000,1.2707963,-0.0000000,-0.0273154,-0.0095966,0.0030739,1.2563486,0.0000000,1.0000000,1.0000000
0.0000000,0.0000000,0.9692268,0.0000000,0.0000000,0.0000000,1.0000000,0.0191925,0.0031003,-0.1093982,0.3500000,-0.2351718,0.0096271,-0.0193364,-0.0031361,-0.1101806,0.3500000,-0.2343888,-0.0096051,0.0000000,0.0000000,0.0000000,1.2707963,-0.0000000,-0.0366569,-0.0128786,0.0041252,1.2514076,0.0000000,1.0000000,1.0000000
0.0000000,0.0000000,0.9692268,0.0000000,0.0000000,0.0000000,1.0000000,0.0191925,0.0031003,-0.1093982,0.3500000,-0.2351718,0.0096271,-0.0193364,-0.0031361,-0.1101806,0.3500000,-0.2343888,-0.0096051,0.0000000,0.0000000,0.0000000,1.2707963,-0.0000000,-0.0477215,-0.0167658,0.0053703,1.2455553,0.0000000,1.0000000,1.0000000
0.0000000,0.0000000,0.9692268,0.0000000,0.0000000,0.0000000,1.0000000,0.0191925,0.0031003,-0.1093982,0.3500000,-0.2351718,0.0096271,-0.0193364,-0.0031361,-0.1101806,0.3500000,-0.2343888,-0.0096051,0.0000000,0.0000000,0.0000000,1.2707963,-0.0000000,-0.0605844,-0.0212849,0.0068178,1.2387518,0.0000000,1.0000000,1.0000000
0.0000000,0.0000000,0.9692268,0.0000000,0.0000000,0.0000000,1.0000000,0.0191925,0.0031003,-0.1093982,0.3500000,-0.2351718,0.0096271,-0.0193364,-0.0031361,-0.1101806,0.3500000,-0.2343888,-0.0096051,0.0000000,0.0000000,0.0000000,1.2707963,-0.0000000,-0.0753058,-0.0264569,0.0084745,1.2309654,0.0000000,1.0000000,1.0000000
0.0000000,0.0000000,0.9692268,0.0000000,0.0000000,0.0000000,1.0000000,0.0191925,0.0031003,-0.1093982,0.3500000,-0.2351718,0.0096271,-0.0193364,-0.0031361,-0.1101806,0.3500000,-0.2343888,-0.0096051,0.0000000,0.0000000,0.0000000,1.2707963,-0.0000000,-0.0919309,-0.0322978,0.0103454,1.2221720,0.0000000,1.0000000,1.0000000
0.0000000,0.0000000,0.9692268,0.0000000,0.0000000,0.0000000,1.0000000,0.0191925,0.0031003,-0.1093982,0.3500000,-0.2351718,0.0096271,-0.0193364,-0.0031361,-0.1101806,0.3500000,-0.2343888,-0.0096051,0.0000000,0.0000000,0.0000000,1.2707963,-0.0000000,-0.1104908,-0.0388184,0.0124340,1.2123552,0.0000000,1.0000000,1.0000000
0.0000000,0.0000000,0.9692268,0.0000000,0.0000000,0.0000000,1.0000000,0.0191925,0.0031003,-0.1093982,0.3500000,-0.2351718,0.0096271,-0.0193364,-0.0031361,-0.1101806,0.3500000,-0.2343888,-0.0096051,0.0000000,0.0000000,0.0000000,1.2707963,-0.0000000,-0.1310031,-0.0460249,0.0147423,1.2015058,0.0000000,1.0000000,1.0000000
0.0000000,0.0000000,0.9692268,0.0000000,0.0000000,0.0000000,1.0000000,0.0191925,0.0031003,-0.1093982,0.3500000,-0.2351718,0.0096271,-0.0193364,-0.0031361,-0.1101806,0.3500000,-0.2343888,-0.0096051,0.0000000,0.0000000,0.0000000,1.2707963,-0.0000000,-0.1534722,-0.0539189,0.0172709,1.1896214,0.0000000,1.0000000,1.0000000
0.0000000,0.0000000,0.9692268,0.0000000,0.0000000,0.0000000,1.0000000,0.0191925,0.0031003,-0.1093982,0.3500000,-0.2351718,0.0096271,-0.0193364,-0.0031361,-0.1101806,0.3500000,-0.2343888,-0.0096051,0.0000000,0.0000000,0.0000000,1.2707963,-0.0000000,-0.1778901,-0.0624975,0.0200187,1.1767062,0.0000000,1.0000000,1.0000000
0.0000000,0.0000000,0.9692268,0.0000000,0.0000000,0.0000000,1.0000000,0.0191925,0.0031003,-0.1093982,0.3500000,-0.2351718,0.0096271,-0.0193364,-0.0031361,-0.1101806,0.3500000,-0.2343888,-0.0096051,0.0000000,0.0000000,0.0000000,1.2707963,-0.0000000,-0.2042371,-0.0717539,0.0229837,1.1627706,0.0000000,1.0000000,1.0000000
0.0000000,0.0000000,0.9692268,0.0000000,0.0000000,0.0000000,1.0000000,0.0191925,0.0031003,-0.1093982,0.3500000,-0.2351718,0.0096271,-0.0193364,-0.0031361,-0.1101806,0.3500000,-0.2343888,-0.0096051,0.0000000,0.0000000,0.0000000,1.2707963,-0.0000000,-0.2324821,-0.0816771,0.0261622,1.1478312,0.0000000,1.0000000,1.0000000
0.0000000,0.0000000,0.9692268,0.0000000,0.0000000,0.0000000,1.0000000,0.0191925,0.0031003,-0.1093982,0.3500000,-0.2351718,0.0096271,-0.0193364,-0.0031361,-0.1101806,0.3500000,-0.2343888,-0.0096051,0.0000000,0.0000000,0.0000000,1.2707963,-0.0000000,-0.2625832,-0.0922525,0.0295496,1.1319101,0.0000000,1.0000000,1.0000000
0.0000000,0.0000000,0.9692268,0.0000000,0.0000000,0.0000000,1.0000000,0.0191925,0.0031003,-0.1093982,0.3500000,-0.2351718,0.0096271,-0.0193364,-0.0031361,-0.1101806,0.3500000,-0.2343888,-0.0096051,0.0000000,0.0000000,0.0000000,1.2707963,-0.0000000,-0.2944884,-0.1034616,0.0331400,1.1150347,0.0000000,1.0000000,1.0000000
0.0000000,0.0000000,0.9692268,0.0000000,0.0000000,0.0000000,1.0000000,0.0191925,0.0031003,-0.1093982,0.3500000,-0.2351718,0.0096271,-0.0193364,-0.0031361,-0.1101806,0.3500000,-0.2343888,-0.0096051,0.0000000,0.0000000,0.0000000,1.2707963,-0.0000000,-0.3281363,-0.1152830,0.0369266,1.0972375,0.0000000,1.0000000,1.0000000
0.0000000,0.0000000,0.9692268,0.0000000,0.0000000,0.0000000,1.0000000,0.0191925,0.0031003,-0.1093982,0.3500000,-0.2351718,0.0096271,-0.0193364,-0.0031361,-0.1101806,0.3500000,-0.2343888,-0.0096051,0.0000000,0.0000000,0.0000000,1.2707963,-0.0000000,-0.3634564,-0.1276919,0.0409013,1.0785559,0.0000000,1.0000000,1.0000000
0.0000000,0.0000000,0.9692268,0.0000000,0.0000000,0.0000000,1.0000000,0.0191925,0.0031003,-0.1093982,0.3500000,-0.2351718,0.0096271,-0.0193364,-0.0031361,-0.1101806,0.3500000,-0.2343888,-0.0096051,0.0000000,0.0000000,0.0000000,1.2707963,-0.0000000,-0.4003699,-0.1406606,0.0450554,1.0590315,-0.0000000,1.0000000,1.0000000
0.0000000,0.0000000,0.9692268,0.0000000,0.0000000,0.0000000,1.0000000,0.0191925,0.0031003,-0.1093982,0.3500000,-0.2351718,0.0096271,-0.0193364,-0.0031361,-0.1101806,0.3500000,-0.2343888,-0.0096051,0.0000000,0.0000000,0.0000000,1.2707963,-0.0000000,-0.4387901,-0.1541586,0.0493789,1.0387102,-0.0000000,1.0000000,1.0000000
0.0000000,0.0000000,0.9692268,0.0000000,0.0000000,0.0000000,1.0000000,0.0191925,0.0031003,-0.1093982,0.3500000,-0.2351718,0.0096271,-0.0193364,-0.0031361,-0.1101806,0.3500000,-0.2343888,-0.0096051,0.0000000,0.0000000,0.0000000,1.2707963,-0.0000000,-0.4786230,-0.1681530,0.0538615,1.0176417,-0.0000000,1.0000000,1.0000000
0.0000000,0.0000000,0.9692268,0.0000000,0.0000000,0.0000000,1.0000000,0.0191925,0.0031003,-0.1093982,0.3500000,-0.2351718,0.0096271,-0.0193364,-0.0031361,-0.1101806,0.3500000,-0.2343888,-0.0096051,0.0000000,0.0000000,0.0000000,1.2707963,-0.0000000,-0.5197681,-0.1826084,0.0584917,0.9958791,-0.0000000,1.0000000,1.0000000
0.0000000,0.0000000,0.9692268,0.0000000,0.0000000,0.0000000,1.0000000,0.0191925,0.0031003,-0.1093982,0.3500000,-0.2351718,0.0096271,-0.0193364,-0.0031361,-0.1101806,0.3500000,-0.2343888,-0.0096051,0.0000000,0.0000000,0.0000000,1.2707963,-0.0000000,-0.5621187,-0.1974873,0.0632576,0.9734789,-0.0000000,1.0000000,1.0000000
0.0000000,0.0000000,0.9692268,0.0000000,0.0000000,0.0000000,1.0000000,0.0191925,0.0031003,-0.1093982,0.3500000,-0.2351718,0.0096271,-0.0193364,-0.0031361,-0.1101806,0.3500000,-0.2343888,-0.0096051,0.0000000,0.0000000,0.0000000,1.2707963,-0.0000000,-0.6055628,-0.2127503,0.0681466,0.9505003,-0.0000000,1.0000000,1.0000000
0.0000000,0.0000000,0.9692268,0.0000000,0.0000000,0.0000000,1.0000000,0.0191925,0.0031003,-0.1093982,0.3500000,-0.2351718,0.0096271,-0.0193364,-0.0031361,-0.1101806,0.3500000,-0.2343888,-0.0096051,0.0000000,0.0000000,0.0000000,1.2707963,-0.0000000,-0.6499832,-0.2283564,0.0731454,0.9270054,-0.0000000,1.0000000,1.0000000
0.0000000,0.0000000,0.9692268,0.0000000,0.0000000,0.0000000,1.0000000,0.0191925,0.0031003,-0.1093982,0.3500000,-0.2351718,0.0096271,-0.0193364,-0.0031361,-0.1101806,0.3500000,-0.2343888,-0.0096051,0.0000000,0.0000000,0.0000000,1.2707963,-0.0000000,-0.6952586,-0.2442629,0.0782404,0.9030582,-0.0000000,1.0000000,1.0000000
0.0000000,0.0000000,0.9692268,0.0000000,0.0000000,0.0000000,1.0000000,0.0191925,0.0031003,-0.1093982,0.3500000,-0.2351718,0.0096271,-0.0193364,-0.0031361,-0.1101806,0.3500000,-0.2343888,-0.0096051,0.0000000,0.0000000,0.0000000,1.2707963,-0.0000000,-0.7412637,-0.2604257,0.0834176,0.8787250,-0.0000000,1.0000000,1.0000000
0.0000000,0.0000000,0.9692268,0.0000000,0.0000000,0.0000000,1.0000000,0.0191925,0.0031003,-0.1093982,0.3500000,-0.2351718,0.0096271,-0.0193364,-0.0031361,-0.1101806,0.3500000,-0.2343888,-0.0096051,0.0000000,0.0000000,0.0000000,1.2707963,-0.0000000,-0.7878703,-0.2767998,0.0886624,0.8540737,-0.0000000,1.0000000,1.0000000
0.0000000,0.0000000,0.9692268,0.0000000,0.0000000,0.0000000,1.0000000,0.0191925,0.0031003,-0.1093982,0.3500000,-0.2351718,0.0096271,-0.0193364,-0.0031361,-0.1101806,0.3500000,-0.2343888,-0.0096051,0.0000000,0.0000000,0.0000000,1.2707963,-0.0000000,-0.8349474,-0.2933393,0.0939602,0.8291736,-0.0000000,1.0000000,1.0000000
0.0000000,0.0000000,0.9692268,0.0000000,0.0000000,0.0000000,1.0000000,0.0191925,0.0031003,-0.1093982,0.3500000,-0.2351718,0.0096271,-0.0193364,-0.0031361,-0.1101806,0.3500000,-0.2343888,-0.0096051,0.0000000,0.0000000,0.0000000,1.2707963,-0.0000000,-0.8823620,-0.3099973,0.0992960,0.8040949,-0.0000000,1.0000000,1.0000000
0.0000000,0.0000000,0.9692268,0.0000000,0.0000000,0.0000000,1.0000000,0.0191925,0.0031003,-0.1093982,0.3500000,-0.2351718,0.0096271,-0.0193364,-0.0031361,-0.1101806,0.3500000,-0.2343888,-0.0096051,0.0000000,0.0000000,0.0000000,1.2707963,-0.0000000,-0.9299797,-0.3267266,0.1046546,0.7789088,-0.0000000,1.0000000,1.0000000
0.0000000,0.0000000,0.9692268,0.0000000,0.0000000,0.0000000,1.0000000,0.0191925,0.0031003,-0.1093982,0.3500000,-0.2351718,0.0096271,-0.0193364,-0.0031361,-0.1101806,0.3500000,-0.2343888,-0.0096051,0.0000000,0.0000000,0.0000000,1.2707963,-0.0000000,-0.9776652,-0.3434798,0.1100209,0.7536869,-0.0000000,1.0000000,1.0000000
0.0000000,0.0000000,0.9692268,0.0000000,0.0000000,0.0000000,1.0000000,0.0191925,0.0031003,-0.1093982,0.3500000,-0.2351718,0.0096271,-0.0193364,-0.0031361,-0.1101806,0.3500000,-0.2343888,-0.0096051,0.0000000,0.0000000,0.0000000,1.2707963,-0.0000000,-1.0252828,-0.3602092,0.1153795,0.7285008,-0.0000000,1.0000000,1.0000000
0.0000000,0.0000000,0.9692268,0.0000000,0.0000000,0.0000000,1.0000000,0.0191925,0.0031003,-0.1093982,0.3500000,-0.2351718,0.0096271,-0.0193364,-0.0031361,-0.1101806,0.3500000,-0.2343888,-0.0096051,0.0000000,0.0000000,0.0000000,1.2707963,-0.0000000,-1.0726974,-0.3768672,0.1207153,0.7034222,-0.0000000,1.0000000,1.0000000
0.0000000,0.0000000,0.9692268,0.0000000,0.0000000,0.0000000,1.0000000,0.0191925,0.0031003,-0.1093982,0.3500000,-0.2351718,0.0096271,-0.0193364,-0.0031361,-0.1101806,0.3500000,-0.2343888,-0.0096051,0.0000000,0.0000000,0.0000000,1.2707963,-0.0000000,-1.1197745,-0.3934066,0.1260131,0.6785220,-0.0000000,1.0000000,1.0000000
0.0000000,0.0000000,0.9692268,0.0000000,0.0000000,0.0000000,1.0000000,0.0191925,0.0031003,-0.1093982,0.3500000,-0.2351718,0.0096271,-0.0193364,-0.0031361,-0.1101806,0.3500000,-0.2343888,-0.0096051,0.0000000,0.0000000,0.0000000,1.2707963,-0.0000000,-1.1663811,-0.4097807,0.1312579,0.6538707,0.0000000,1.0000000,1.0000000
0.0000000,0.0000000,0.9692268,0.0000000,0.0000000,0.0000000,1.0000000,0.0191925,0.0031003,-0.1093982,0.3500000,-0.2351718,0.0096271,-0.0193364,-0.0031361,-0.1101806,0.3500000,-0.2343888,-0.0096051,0.0000000,0.0000000,0.0000000,1.2707963,-0.0000000,-1.2123863,-0.4259436,0.1364351,0.6295375,0.0000000,1.0000000,1.0000000
0.0000000,0.0000000,0.9692268,0.0000000,0.0000000,0.0000000,1.0000000,0.0191925,0.0031003,-0.1093982,0.3500000,-0.2351718,0.0096271,-0.0193364,-0.0031361,-0.1101806,0.3500000,-0.2343888,-0.0096051,0.0000000,0.0000000,0.0000000,1.2707963,-0.0000000,-1.2576617,-0.4418500,0.1415301,0.6055904,0.0000000,1.0000000,1.0000000
0.0000000,0.0000000,0.9692268,0.0000000,0.0000000,0.0000000,1.0000000,0.0191925,0.0031003,-0.1093982,0.3500000,-0.2351718,0.0096271,-0.0193364,-0.0031361,-0.1101806,0.3500000,-0.2343888,-0.0096051,0.0000000,0.0000000,0.0000000,1.2707963,-0.0000000,-1.3020821,-0.4574561,0.1465289,0.5820954,0.0000000,1.0000000,1.0000000
0.0000000,0.0000000,0.9692268,0.0000000,0.0000000,0.0000000,1.0000000,0.0191925,0.0031003,-0.1093982,0.3500000,-0.2351718,0.0096271,-0.0193364,-0.0031361,-0.1101806,0.3500000,-0.2343888,-0.0096051,0.0000000,0.0000000,0.0000000,1.2707963,-0.0000000,-1.3455262,-0.4727192,0.1514179,0.5591168,0.0000000,1.0000000,1.0000000
0.0000000,0.0000000,0.9692268,0.0000000,0.0000000,0.0000000,1.0000000,0.0191925,0.0031003,-0.1093982,0.3500000,-0.2351718,0.0096271,-0.0193364,-0.0031361,-0.1101806,0.3500000,-0.2343888,-0.0096051,0.0000000,0.0000000,0.0000000,1.2707963,-0.0000000,-1.3878768,-0.4875981,0.1561838,0.5367166,0.0000000,1.0000000,1.0000000
0.0000000,0.0000000,0.9692268,0.0000000,0.0000000,0.0000000,1.0000000,0.0191925,0.0031003,-0.1093982,0.3500000,-0.2351718,0.0096271,-0.0193364,-0.0031361,-0.1101806,0.3500000,-0.2343888,-0.0096051,0.0000000,0.0000000,0.0000000,1.2707963,-0.0000000,-1.4290219,-0.5020534,0.1608140,0.5149540,0.0000000,1.0000000,1.0000000
0.0000000,0.0000000,0.9692268,0.0000000,0.0000000,0.0000000,1.0000000,0.0191925,0.0031003,-0.1093982,0.3500000,-0.2351718,0.0096271,-0.0193364,-0.0031361,-0.1101806,0.3500000,-0.2343888,-0.0096051,0.0000000,0.0000000,0.0000000,1.2707963,-0.0000000,-1.4688548,-0.5160478,0.1652966,0.4938855,0.0000000,1.0000000,1.0000000
0.0000000,0.0000000,0.9692268,0.0000000,0.0000000,0.0000000,1.0000000,0.0191925,0.0031003,-0.1093982,0.3500000,-0.2351718,0.0096271,-0.0193364,-0.0031361,-0.1101806,0.3500000,-0.2343888,-0.0096051,0.0000000,0.0000000,0.0000000,1.2707963,-0.0000000,-1.5072750,-0.5295458,0.1696201,0.4735642,0.0000000,1.0000000,1.0000000
0.0000000,0.0000000,0.9692268,0.0000000,0.0000000,0.0000000,1.0000000,0.0191925,0.0031003,-0.1093982,0.3500000,-0.2351718,0.0096271,-0.0193364,-0.0031361,-0.1101806,0.3500000,-0.2343888,-0.0096051,0.0000000,0.0000000,0.0000000,1.2707963,-0.0000000,-1.5441884,-0.5425145,0.1737742,0.4540398,0.0000000,1.0000000,1.0000000
0.0000000,0.0000000,0.9692268,0.0000000,0.0000000,0.0000000,1.0000000,0.0191925,0.0031003,-0.1093982,0.3500000,-0.2351718,0.0096271,-0.0193364,-0.0031361,-0.1101806,0.3500000,-0.2343888,-0.0096051,0.0000000,0.0000000,0.0000000,1.2707963,-0.0000000,-1.5795086,-0.5549234,0.1777489,0.4353582,0.0000000,1.0000000,1.0000000
0.0000000,0.0000000,0.9692268,0.0000000,0.0000000,0.0000000,1.0000000,0.0191925,0.0031003,-0.1093982,0.3500000,-0.2351718,0.0096271,-0.0193364,-0.0031361,-0.1101806,0.3500000,-0.2343888,-0.0096051,0.0000000,0.0000000,0.0000000,1.2707963,-0.0000000,-1.6131565,-0.5667448,0.1815354,0.4175610,0.0000000,1.0000000,1.0000000
0.0000000,0.0000000,0.9692268,0.0000000,0.0000000,0.0000000,1.0000000,0.0191925,0.0031003,-0.1093982,0.3500000,-0.2351718,0.0096271,-0.0193364,-0.0031361,-0.1101806,0.3500000,-0.2343888,-0.0096051,0.0000000,0.0000000,0.0000000,1.2707963,-0.0000000,-1.6450617,-0.5779540,0.1851259,0.4006856,0.0000000,1.0000000,1.0000000
0.0000000,0.0000000,0.9692268,0.0000000,0.0000000,0.0000000,1.0000000,0.0191925,0.0031003,-0.1093982,0.3500000,-0.2351718,0.0096271,-0.0193364,-0.0031361,-0.1101806,0.3500000,-0.2343888,-0.0096051,0.0000000,0.0000000,0.0000000,1.2707963,-0.0000000,-1.6751628,-0.5885293,0.1885133,0.3847645,0.0000000,1.0000000,1.0000000
0.0000000,0.0000000,0.9692268,0.0000000,0.0000000,0.0000000,1.0000000,0.0191925,0.0031003,-0.1093982,0.3500000,-0.2351718,0.0096271,-0.0193364,-0.0031361,-0.1101806,0.3500000,-0.2343888,-0.0096051,0.0000000,0.0000000,0.0000000,1.2707963,-0.0000000,-1.7034077,-0.5984525,0.1916918,0.3698251,0.0000000,1.0000000,1.0000000
0.0000000,0.0000000,0.9692268,0.0000000,0.0000000,0.0000000,1.0000000,0.0191925,0.0031003,-0.1093982,0.3500000,-0.2351718,0.0096271,-0.0193364,-0.0031361,-0.1101806,0.3500000,-0.2343888,-0.0096051,0.0000000,0.0000000,0.0000000,1.2707963,-0.0000000,-1.7297547,-0.6077089,0.1946568,0.3558895,0.0000000,1.0000000,1.0000000
0.0000000,0.0000000,0.9692268,0.0000000,0.0000000,0.0000000,1.0000000,0.0191925,0.0031003,-0.1093982,0.3500000,-0.2351718,0.0096271,-0.0193364,-0.0031361,-0.1101806,0.3500000,-0.2343888,-0.0096051,0.0000000,0.0000000,0.0000000,1.2707963,-0.0000000,-1.7541727,-0.6162876,0.1974046,0.3429743,0.0000000,1.0000000,1.0000000
0.0000000,0.0000000,0.9692268,0.0000000,0.0000000,0.0000000,1.0000000,0.0191925,0.0031003,-0.1093982,0.3500000,-0.2351718,0.0096271,-0.0193364,-0.0031361,-0.1101806,0.3500000,-0.2343888,-0.0096051,0.0000000,0.0000000,0.0000000,1.2707963,-0.0000000,-1.7766418,-0.6241816,0.1999332,0.3310899,-0.0000000,1.0000000,1.0000000
0.0000000,0.0000000,0.9692268,0.0000000,0.0000000,0.0000000,1.0000000,0.0191925,0.0031003,-0.1093982,0.3500000,-0.2351718,0.0096271,-0.0193364,-0.0031361,-0.1101806,0.3500000,-0.2343888,-0.0096051,0.0000000,0.0000000,0.0000000,1.2707963,-0.0000000,-1.7971541,-0.6313881,0.2022415,0.3202405,-0.0000000,1.0000000,1.0000000
0.0000000,0.0000000,0.9692268,0.0000000,0.0000000,0.0000000,1.0000000,0.0191925,0.0031003,-0.1093982,0.3500000,-0.2351718,0.0096271,-0.0193364,-0.0031361,-0.1101806,0.3500000,-0.2343888,-0.0096051,0.0000000,0.0000000,0.0000000,1.2707963,-0.0000000,-1.8157140,-0.6379087,0.2043301,0.3104237,-0.0000000,1.0000000,1.0000000
0.0000000,0.0000000,0.9692268,0.0000000,0.0000000,0.0000000,1.0000000,0.0191925,0.0031003,-0.1093982,0.3500000,-0.2351718,0.0096271,-0.0193364,-0.0031361,-0.1101806,0.3500000,-0.2343888,-0.0096051,0.0000000,0.0000000,0.0000000,1.2707963,-0.0000000,-1.8323391,-0.6437495,0.2062010,0.3016303,-0.0000000,1.0000000,1.0000000
0.0000000,0.0000000,0.9692268,0.0000000,0.0000000,0.0000000,1.0000000,0.0191925,0.0031003,-0.1093982,0.3500000,-0.2351718,0.0096271,-0.0193364,-0.0031361,-0.1101806,0.3500000,-0.2343888,-0.0096051,0.0000000,0.0000000,0.0000000,1.2707963,-0.0000000,-1.8470605,-0.6489215,0.2078577,0.2938439,-0.0000000,1.0000000,1.0000000
0.0000000,0.0000000,0.9692268,0.0000000,0.0000000,0.0000000,1.0000000,0.0191925,0.0031003,-0.1093982,0.3500000,-0.2351718,0.0096271,-0.0193364,-0.0031361,-0.1101806,0.3500000,-0.2343888,-0.0096051,0.0000000,0.0000000,0.0000000,1.2707963,-0.0000000,-1.8599234,-0.6534406,0.2093052,0.2870404,-0.0000000,1.0000000,1.0000000
0.0000000,0.0000000,0.9692268,0.0000000,0.0000000,0.0000000,1.0000000,0.0191925,0.0031003,-0.1093982,0.3500000,-0.2351718,0.0096271,-0.0193364,-0.0031361,-0.1101806,0.3500000,-0.2343888,-0.0096051,0.0000000,0.0000000,0.0000000,1.2707963,-0.0000000,-1.8709879,-0.6573279,0.2105503,0.2811881,-0.0000000,1.0000000,1.0000000
0.0000000,0.0000000,0.9692268,0.0000000,0.0000000,0.0000000,1.0000000,0.0191925,0.0031003,-0.1093982,0.3500000,-0.2351718,0.0096271,-0.0193364,-0.0031361,-0.1101806,0.3500000,-0.2343888,-0.0096051,0.0000000,0.0000000,0.0000000,1.2707963,-0.0000000,-1.8803295,-0.6606098,0.2116016,0.2762471,-0.0000000,1.0000000,1.0000000
0.0000000,0.0000000,0.9692268,0.0000000,0.0000000,0.0000000,1.0000000,0.0191925,0.0031003,-0.1093982,0.3500000,-0.2351718,0.0096271,-0.0193364,-0.0031361,-0.1101806,0.3500000,-0.2343888,-0.0096051,0.0000000,0.0000000,0.0000000,1.2707963,-0.0000000,-1.8880394,-0.6633185,0.2124692,0.2721692,-0.0000000,1.0000000,1.0000000
0.0000000,0.0000000,0.9692268,0.0000000,0.0000000,0.0000000,1.0000000,0.0191925,0.0031003,-0.1093982,0.3500000,-0.2351718,0.0096271,-0.0193364,-0.0031361,-0.1101806,0.3500000,-0.2343888,-0.0096051,0.0000000,0.0000000,0.0000000,1.2707963,-0.0000000,-1.8942253,-0.6654918,0.2131653,0.2688973,-0.0000000,1.0000000,1.0000000
0.0000000,0.0000000,0.9692268,0.0000000,0.0000000,0.0000000,1.0000000,0.0191925,0.0031003,-0.1093982,0.3500000,-0.2351718,0.0096271,-0.0193364,-0.0031361,-0.1101806,0.3500000,-0.2343888,-0.0096051,0.0000000,0.0000000,0.0000000,1.2707963,-0.0000000,-1.8990123,-0.6671736,0.2137040,0.2663654,-0.0000000,1.0000000,1.0000000
0.0000000,0.0000000,0.9692268,0.0000000,0.0000000,0.0000000,1.0000000,0.0191925,0.0031003,-0.1093982,0.3500000,-0.2351718,0.0096271,-0.0193364,-0.0031361,-0.1101806,0.3500000,-0.2343888,-0.0096051,0.0000000,0.0000000,0.0000000,1.2707963,-0.0000000,-1.9025427,-0.6684139,0.2141013,0.2644980,-0.0000000,1.0000000,1.0000000
0.0000000,0.0000000,0.9692268,0.0000000,0.0000000,0.0000000,1.0000000,0.0191925,0.0031003,-0.1093982,0.3500000,-0.2351718,0.0096271,-0.0193364,-0.0031361,-0.1101806,0.3500000,-0.2343888,-0.0096051,0.0000000,0.0000000,0.0000000,1.2707963,-0.0000000,-1.9049775,-0.6692693,0.2143753,0.2632102,-0.0000000,1.0000000,1.0000000
0.0000000,0.0000000,0.9692268,0.0000000,0.0000000,0.0000000,1.0000000,0.0191925,0.0031003,-0.1093982,0.3500000,-0.2351718,0.0096271,-0.0193364,-0.0031361,-0.1101806,0.3500000,-0.2343888,-0.0096051,0.0000000,0.0000000,0.0000000,1.2707963,-0.0000000,-1.9064961,-0.6698028,0.2145462,0.2624070,-0.0000000,1.0000000,1.0000000
0.0000000,0.0000000,0.9692268,0.0000000,0.0000000,0.0000000,1.0000000,0.0191925,0.0031003,-0.1093982,0.3500000,-0.2351718,0.0096271,-0.0193364,-0.0031361,-0.1101806,0.3500000,-0.2343888,-0.0096051,0.0000000,0.0000000,0.0000000,1.2707963,-0.0000000,-1.9072974,-0.6700844,0.2146364,0.2619832,-0.0000000,1.0000000,1.0000000
0.0000000,0.0000000,0.9692268,0.0000000,0.0000000,0.0000000,1.0000000,0.0191925,0.0031003,-0.1093982,0.3500000,-0.2351718,0.0096271,-0.0193364,-0.0031361,-0.1101806,0.3500000,-0.2343888,-0.0096051,0.0000000,0.0000000,0.0000000,1.2707963,-0.0000000,-1.9076006,-0.6701909,0.2146705,0.2618228,-0.0000000,1.0000000,1.0000000
0.0000000,0.0000000,0.9692268,0.0000000,0.0000000,0.0000000,1.0000000,0.0191925,0.0031003,-0.1093982,0.3500000,-0.2351718,0.0096271,-0.0193364,-0.0031361,-0.1101806,0.3500000,-0.2343888,-0.0096051,0.0000000,0.0000000,0.0000000,1.2707963,-0.0000000,-1.9076449,-0.6702064,0.2146755,0.2617994,0.0000000,1.0000000,1.0000000
0.0000000,0.0000000,0.9692268,0.0000000,0.0000000,0.0000000,1.0000000,0.0191925,0.0031003,-0.1093982,0.3500000,-0.2351718,0.0096271,-0.0193364,-0.0031361,-0.1101806,0.3500000,-0.2343888,-0.0096051,0.0000000,0.0000000,0.0000000,1.2707963,-0.0000000,-1.9076449,-0.6702064,0.2146903,0.2617994,0.0000074,1.0000000,1.0000000
0.0000000,0.0000000,0.9692268,0.0000000,0.0000000,0.0000000,1.0000000,0.0191925,0.0031003,-0.1093982,0.3500000,-0.2351718,0.0096271,-0.0193364,-0.0031361,-0.1101806,0.3500000,-0.2343888,-0.0096051,0.0000000,0.0000000,0.0000000,1.2707963,-0.0000000,-1.9076449,-0.6702064,0.2148987,0.2617994,0.0001116,1.0000000,1.0000000
0.0000000,0.0000000,0.9692268,0.0000000,0.0000000,0.0000000,1.0000000,0.0191925,0.0031003,-0.1093982,0.3500000,-0.2351718,0.0096271,-0.0193364,-0.0031361,-0.1101806,0.3500000,-0.2343888,-0.0096051,0.0000000,0.0000000,0.0000000,1.2707963,-0.0000000,-1.9076449,-0.6702064,0.2157299,0.2617994,0.0005272,1.0000000,1.0000000
0.0000000,0.0000000,0.9692268,0.0000000,0.0000000,0.0000000,1.0000000,0.0191925,0.0031003,-0.1093982,0.3500000,-0.2351718,0.0096271,-0.0193364,-0.0031361,-0.1101806,0.3500000,-0.2343888,-0.0096051,0.0000000,0.0000000,0.0000000,1.2707963,-0.0000000,-1.9076449,-0.6702064,0.2177436,0.2617994,0.0015341,1.0000000,1.0000000
0.0000000,0.0000000,0.9692268,0.0000000,0.0000000,0.0000000,1.0000000,0.0191925,0.0031003,-0.1093982,0.3500000,-0.2351718,0.0096271,-0.0193364,-0.0031361,-0.1101806,0.3500000,-0.2343888,-0.0096051,0.0000000,0.0000000,0.0000000,1.2707963,-0.0000000,-1.9076449,-0.6702064,0.2214752,0.2617994,0.0033999,1.0000000,1.0000000
0.0000000,0.0000000,0.9692268,0.0000000,0.0000000,0.0000000,1.0000000,0.0191925,0.0031003,-0.1093982,0.3500000,-0.2351718,0.0096271,-0.0193364,-0.0031361,-0.1101806,0.3500000,-0.2343888,-0.0096051,0.0000000,0.0000000,0.0000000,1.2707963,-0.0000000,-1.9076449,-0.6702064,0.2272833,0.2617994,0.0063039,1.0000000,1.0000000
0.0000000,0.0000000,0.9692268,0.0000000,0.0000000,0.0000000,1.0000000,0.0191925,0.0031003,-0.1093982,0.3500000,-0.2351718,0.0096271,-0.0193364,-0.0031361,-0.1101806,0.3500000,-0.2343888,-0.0096051,0.0000000,0.0000000,0.0000000,1.2707963,-0.0000000,-1.9076449,-0.6702064,0.2352202,0.2617994,0.0102723,1.0000000,1.0000000
0.0000000,0.0000000,0.9692268,0.0000000,0.0000000,0.0000000,1.0000000,0.0191925,0.0031003,-0.1093982,0.3500000,-0.2351718,0.0096271,-0.0193364,-0.0031361,-0.1101806,0.3500000,-0.2343888,-0.0096051,0.0000000,0.0000000,0.0000000,1.2707963,-0.0000000,-1.9076449,-0.6702064,0.2449425,0.2617994,0.0151335,1.0000000,1.0000000
0.0000000,0.0000000,0.9692268,0.0000000,0.0000000,0.0000000,1.0000000,0.0191925,0.0031003,-0.1093982,0.3500000,-0.2351718,0.0096271,-0.0193364,-0.0031361,-0.1101806,0.3500000,-0.2343888,-0.0096051,0.0000000,0.0000000,0.0000000,1.2707963,-0.0000000,-1.9076449,-0.6702064,0.2556735,0.2617994,0.0204990,1.0000000,1.0000000
0.0000000,0.0000000,0.9692268,0.0000000,0.0000000,0.0000000,1.0000000,0.0191925,0.0031003,-0.1093982,0.3500000,-0.2351718,0.0096271,-0.0193364,-0.0031361,-0.1101806,0.3500000,-0.2343888,-0.0096051,0.0000000,0.0000000,0.0000000,1.2707963,-0.0000000,-1.9076449,-0.6702064,0.2662234,0.2617994,0.0257739,1.0000000,1.0000000
0.0000000,0.0000000,0.9692268,0.0000000,0.0000000,0.0000000,1.0000000,0.0191925,0.0031003,-0.1093982,0.3500000,-0.2351718,0.0096271,-0.0193364,-0.0031361,-0.1101806,0.3500000,-0.2343888,-0.0096051,0.0000000,0.0000000,0.0000000,1.2707963,-0.0000000,-1.9076449,-0.6702064,0.2750663,0.2617994,0.0301954,1.0000000,1.0000000
0.0000000,0.0000000,0.9692268,0.0000000,0.0000000,0.0000000,1.0000000,0.0191925,0.0031003,-0.1093982,0.3500000,-0.2351718,0.0096271,-0.0193364,-0.0031361,-0.1101806,0.3500000,-0.2343888,-0.0096051,0.0000000,0.0000000,0.0000000,1.2707963,-0.0000000,-1.9076449,-0.6702064,0.2804685,0.2617994,0.0328965,1.0000000,1.0000000
0.0000000,0.0000000,0.9692268,0.0000000,0.0000000,0.0000000,1.0000000,0.0191925,0.0031003,-0.1093982,0.3500000,-0.2351718,0.0096271,-0.0193364,-0.0031361,-0.1101806,0.3500000,-0.2343888,-0.0096051,0.0000000,0.0000000,0.0000000,1.2707963,-0.0000000,-1.9076449,-0.6702064,0.2806544,0.2617994,0.0329895,1.0000000,1.0000000
0.0000000,0.0000000,0.9692268,0.0000000,0.0000000,0.0000000,1.0000000,0.0191925,0.0031003,-0.1093982,0.3500000,-0.2351718,0.0096271,-0.0193364,-0.0031361,-0.1101806,0.3500000,-0.2343888,-0.0096051,0.0000000,0.0000000,0.0000000,1.2707963,-0.0000000,-1.9076449,-0.6702064,0.2739959,0.2617994,0.0296602,1.0000000,1.0000000
0.0000000,0.0000000,0.9692268,0.0000000,0.0000000,0.0000000,1.0000000,0.0191925,0.0031003,-0.1093982,0.3500000,-0.2351718,0.0096271,-0.0193364,-0.0031361,-0.1101806,0.3500000,-0.2343888,-0.0096051,0.0000000,0.0000000,0.0000000,1.2707963,-0.0000000,-1.9076449,-0.6702064,0.2592043,0.2617994,0.0222644,1.0000000,1.0000000
0.0000000,0.0000000,0.9692268,0.0000000,0.0000000,0.0000000,1.0000000,0.0191925,0.0031003,-0.1093982,0.3500000,-0.2351718,0.0096271,-0.0193364,-0.0031361,-0.1101806,0.3500000,-0.2343888,-0.0096051,0.0000000,0.0000000,0.0000000,1.2707963,-0.0000000,-1.9076449,-0.6702064,0.2355073,0.2617994,0.0104159,1.0000000,1.0000000
0.0000000,0.0000000,0.9692268,0.0000000,0.0000000,0.0000000,1.0000000,0.0191925,0.0031003,-0.1093982,0.3500000,-0.2351718,0.0096271,-0.0193364,-0.0031361,-0.1101806,0.3500000,-0.2343888,-0.0096051,0.0000000,0.0000000,0.0000000,1.2707963,-0.0000000,-1.9076449,-0.6702064,0.2027914,0.2617994,-0.0059420,1.0000000,1.0000000
0.0000000,0.0000000,0.9692268,0.0000000,0.0000000,0.0000000,1.0000000,0.0191925,0.0031003,-0.1093982,0.3500000,-0.2351718,0.0096271,-0.0193364,-0.0031361,-0.1101806,0.3500000,-0.2343888,-0.0096051,0.0000000,0.0000000,0.0000000,1.2707963,-0.0000000,-1.9076449,-0.6702064,0.1616950,0.2617994,-0.0264902,1.0000000,1.0000000
0.0000000,0.0000000,0.9692268,0.0000000,0.0000000,0.0000000,1.0000000,0.0191925,0.0031003,-0.1093982,0.3500000,-0.2351718,0.0096271,-0.0193364,-0.0031361,-0.1101806,0.3500000,-0.2343888,-0.0096051,0.0000000,0.0000000,0.0000000,1.2707963,-0.0000000,-1.9076449,-0.6702064,0.1136395,0.2617994,-0.0505180,1.0000000,1.0000000
0.0000000,0.0000000,0.9692268,0.0000000,0.0000000,0.0000000,1.0000000,0.0191925,0.0031003,-0.1093982,0.3500000,-0.2351718,0.0096271,-0.0193364,-0.0031361,-0.1101806,0.3500000,-0.2343888,-0.0096051,0.0000000,0.0000000,0.0000000,1.2707963,-0.0000000,-1.9076449,-0.6702064,0.0607937,0.2617994,-0.0769409,1.0000000,1.0000000
0.0000000,0.0000000,0.9692268,0.0000000,0.0000000,0.0000000,1.0000000,0.0191925,0.0031003,-0.1093982,0.3500000,-0.2351718,0.0096271,-0.0193364,-0.0031361,-0.1101806,0.3500000,-0.2343888,-0.0096051,0.0000000,0.0000000,0.0000000,1.2707963,-0.0000000,-1.9076449,-0.6702064,0.0059702,0.2617994,-0.1043527,1.0000000,1.0000000
0.0000000,0.0000000,0.9692268,0.0000000,0.0000000,0.0000000,1.0000000,0.0191925,0.0031003,-0.1093982,0.3500000,-0.2351718,0.0096271,-0.0193364,-0.0031361,-0.1101806,0.3500000,-0.2343888,-0.0096051,0.0000000,0.0000000,0.0000000,1.2707963,-0.0000000,-1.9076449,-0.6702064,-0.0475394,0.2617994,-0.1311075,1.0000000,1.0000000
0.0000000,0.0000000,0.9692268,0.0000000,0.0000000,0.0000000,1.0000000,0.0191925,0.0031003,-0.1093982,0.3500000,-0.2351718,0.0096271,-0.0193364,-0.0031361,-0.1101806,0.3500000,-0.2343888,-0.0096051,0.0000000,0.0000000,0.0000000,1.2707963,-0.0000000,-1.9076449,-0.6702064,-0.0961799,0.2617994,-0.1554277,1.0000000,1.0000000
0.0000000,0.0000000,0.9692268,0.0000000,0.0000000,0.0000000,1.0000000,0.0191925,0.0031003,-0.1093982,0.3500000,-0.2351718,0.0096271,-0.0193364,-0.0031361,-0.1101806,0.3500000,-0.2343888,-0.0096051,0.0000000,0.0000000,0.0000000,1.2707963,-0.0000000,-1.9076449,-0.6702064,-0.1363818,0.2617994,-0.1755286,1.0000000,1.0000000
0.0000000,0.0000000,0.9692268,0.0000000,0.0000000,0.0000000,1.0000000,0.0191925,0.0031003,-0.1093982,0.3500000,-0.2351718,0.0096271,-0.0193364,-0.0031361,-0.1101806,0.3500000,-0.2343888,-0.0096051,0.0000000,0.0000000,0.0000000,1.2707963,-0.0000000,-1.9076449,-0.6702064,-0.1648250,0.2617994,-0.1897502,1.0000000,1.0000000
0.0000000,0.0000000,0.9692268,0.0000000,0.0000000,0.0000000,1.0000000,0.0191925,0.0031003,-0.1093982,0.3500000,-0.2351718,0.0096271,-0.0193364,-0.0031361,-0.1101806,0.3500000,-0.2343888,-0.0096051,0.0000000,0.0000000,0.0000000,1.2707963,-0.0000000,-1.9076449,-0.6702064,-0.1786956,0.2617994,-0.1966855,1.0000000,1.0000000
0.0000000,0.0000000,0.9692268,0.0000000,0.0000000,0.0000000,1.0000000,0.0191925,0.0031003,-0.1093982,0.3500000,-0.2351718,0.0096271,-0.0193364,-0.0031361,-0.1101806,0.3500000,-0.2343888,-0.0096051,0.0000000,0.0000000,0.0000000,1.2707963,-0.0000000,-1.9076449,-0.6702064,-0.1759144,0.2617994,-0.1952949,1.0000000,1.0000000
0.0000000,0.0000000,0.9692268,0.0000000,0.0000000,0.0000000,1.0000000,0.0191925,0.0031003,-0.1093982,0.3500000,-0.2351718,0.0096271,-0.0193364,-0.0031361,-0.1101806,0.3500000,-0.2343888,-0.0096051,0.0000000,0.0000000,0.0000000,1.2707963,-0.0000000,-1.9076449,-0.6702064,-0.1553177,0.2617994,-0.1849966,1.0000000,1.0000000
0.0000000,0.0000000,0.9692268,0.0000000,0.0000000,0.0000000,1.0000000,0.0191925,0.0031003,-0.1093982,0.3500000,-0.2351718,0.0096271,-0.0193364,-0.0031361,-0.1101806,0.3500000,-0.2343888,-0.0096051,0.0000000,0.0000000,0.0000000,1.2707963,-0.0000000,-1.9076449,-0.6702064,-0.1167746,0.2617994,-0.1657251,1.0000000,1.0000000
0.0000000,0.0000000,0.9692268,0.0000000,0.0000000,0.0000000,1.0000000,0.0191925,0.0031003,-0.1093982,0.3500000,-0.2351718,0.0096271,-0.0193364,-0.0031361,-0.1101806,0.3500000,-0.2343888,-0.0096051,0.0000000,0.0000000,0.0000000,1.2707963,-0.0000000,-1.9076449,-0.6702064,-0.0612298,0.2617994,-0.1379526,1.0000000,1.0000000
0.0000000,0.0000000,0.9692268,0.0000000,0.0000000,0.0000000,1.0000000,0.0191925,0.0031003,-0.1093982,0.3500000,-0.2351718,0.0096271,-0.0193364,-0.0031361,-0.1101806,0.3500000,-0.2343888,-0.0096051,0.0000000,0.0000000,0.0000000,1.2707963,-0.0000000,-1.9076449,-0.6702064,0.0093328,0.2617994,-0.1026713,1.0000000,1.0000000
0.0000000,0.0000000,0.9692268,0.0000000,0.0000000,0.0000000,1.0000000,0.0191925,0.0031003,-0.1093982,0.3500000,-0.2351718,0.0096271,-0.0193364,-0.0031361,-0.1101806,0.3500000,-0.2343888,-0.0096051,0.0000000,0.0000000,0.0000000,1.2707963,-0.0000000,-1.9076449,-0.6702064,0.0920038,0.2617994,-0.0613359,1.0000000,1.0000000
0.0000000,0.0000000,0.9692268,0.0000000,0.0000000,0.0000000,1.0000000,0.0191925,0.0031003,-0.1093982,0.3500000,-0.2351718,0.0096271,-0.0193364,-0.0031361,-0.1101806,0.3500000,-0.2343888,-0.0096051,0.0000000,0.0000000,0.0000000,1.2707963,-0.0000000,-1.9076449,-0.6702064,0.1831303,0.2617994,-0.0157726,1.0000000,1.0000000
0.0000000,0.0000000,0.9692268,0.0000000,0.0000000,0.0000000,1.0000000,0.0191925,0.0031003,-0.1093982,0.3500000,-0.2351718,0.0096271,-0.0193364,-0.0031361,-0.1101806,0.3500000,-0.2343888,-0.0096051,0.0000000,0.0000000,0.0000000,1.2707963,-0.0000000,-1.9076449,-0.6702064,0.2785534,0.2617994,0.0319390,1.0000000,1.0000000
0.0000000,0.0000000,0.9692268,0.0000000,0.0000000,0.0000000,1.0000000,0.0191925,0.0031003,-0.1093982,0.3500000,-0.2351718,0.0096271,-0.0193364,-0.0031361,-0.1101806,0.3500000,-0.2343888,-0.0096051,0.0000000,0.0000000,0.0000000,1.2707963,-0.0000000,-1.9076449,-0.6702064,0.3738791,0.2617994,0.0796018,1.0000000,1.0000000
0.0000000,0.0000000,0.9692268,0.0000000,0.0000000,0.0000000,1.0000000,0.0191925,0.0031003,-0.1093982,0.3500000,-0.2351718,0.0096271,-0.0193364,-0.0031361,-0.1101806,0.3500000,-0.2343888,-0.0096051,0.0000000,0.0000000,0.0000000,1.2707963,-0.0000000,-1.9076449,-0.6702064,0.4647619,0.2617994,0.1250432,1.0000000,1.0000000
0.0000000,0.0000000,0.9692268,0.0000000,0.0000000,0.0000000,1.0000000,0.0191925,0.0031003,-0.1093982,0.3500000,-0.2351718,0.0096271,-0.0193364,-0.0031361,-0.1101806,0.3500000,-0.2343888,-0.0096051,0.0000000,0.0000000,0.0000000,1.2707963,-0.0000000,-1.9076449,-0.6702064,0.5471755,0.2617994,0.1662500,1.0000000,1.0000000
0.0000000,0.0000000,0.9692268,0.0000000,0.0000000,0.0000000,1.0000000,0.0191925,0.0031003,-0.1093982,0.3500000,-0.2351718,0.0096271,-0.0193364,-0.0031361,-0.1101806,0.3500000,-0.2343888,-0.0096051,0.0000000,0.0000000,0.0000000,1.2707963,-0.0000000,-1.9076449,-0.6702064,0.6176481,0.2617994,0.2014863,1.0000000,1.0000000
0.0000000,0.0000000,0.9692268,0.0000000,0.0000000,0.0000000,1.0000000,0.0191925,0.0031003,-0.1093982,0.3500000,-0.2351718,0.0096271,-0.0193364,-0.0031361,-0.1101806,0.3500000,-0.2343888,-0.0096051,0.0000000,0.0000000,0.0000000,1.2707963,-0.0000000,-1.9076449,-0.6702064,0.6734396,0.2617994,0.2293820,1.0000000,1.0000000
0.0000000,0.0000000,0.9692268,0.0000000,0.0000000,0.0000000,1.0000000,0.0191925,0.0031003,-0.1093982,0.3500000,-0.2351718,0.0096271,-0.0193364,-0.0031361,-0.1101806,0.3500000,-0.2343888,-0.0096051,0.0000000,0.0000000,0.0000000,1.2707963,-0.0000000,-1.9076449,-0.6702064,0.7126475,0.2617994,0.2489860,1.0000000,1.0000000
0.0000000,0.0000000,0.9692268,0.0000000,0.0000000,0.0000000,1.0000000,0.0191925,0.0031003,-0.1093982,0.3500000,-0.2351718,0.0096271,-0.0193364,-0.0031361,-0.1101806,0.3500000,-0.2343888,-0.0096051,0.0000000,0.0000000,0.0000000,1.2707963,-0.0000000,-1.9076449,-0.6702064,0.7341455,0.2617994,0.2597350,1.0000000,1.0000000
0.0000000,0.0000000,0.9692268,0.0000000,0.0000000,0.0000000,1.0000000,0.0191925,0.0031003,-0.1093982,0.3500000,-0.2351718,0.0096271,-0.0193364,-0.0031361,-0.1101806,0.3500000,-0.2343888,-0.0096051,0.0000000,0.0000000,0.0000000,1.2707963,-0.0000000,-1.9076449,-0.6702064,0.7372411,0.2617994,0.2612828,1.0000000,1.0000000
0.0000000,0.0000000,0.9692268,0.0000000,0.0000000,0.0000000,1.0000000,0.0191925,0.0031003,-0.1093982,0.3500000,-0.2351718,0.0096271,-0.0193364,-0.0031361,-0.1101806,0.3500000,-0.2343888,-0.0096051,0.0000000,0.0000000,0.0000000,1.2707963,-0.0000000,-1.9076449,-0.6702064,0.7218245,0.2617994,0.2535745,1.0000000,1.0000000
0.0000000,0.0000000,0.9692268,0.0000000,0.0000000,0.0000000,1.0000000,0.0191925,0.0031003,-0.1093982,0.3500000,-0.2351718,0.0096271,-0.0193364,-0.0031361,-0.1101806,0.3500000,-0.2343888,-0.0096051,0.0000000,0.0000000,0.0000000,1.2707963,-0.0000000,-1.9076449,-0.6702064,0.6884418,0.2617994,0.2368832,1.0000000,1.0000000
0.0000000,0.0000000,0.9692268,0.0000000,0.0000000,0.0000000,1.0000000,0.0191925,0.0031003,-0.1093982,0.3500000,-0.2351718,0.0096271,-0.0193364,-0.0031361,-0.1101806,0.3500000,-0.2343888,-0.0096051,0.0000000,0.0000000,0.0000000,1.2707963,-0.0000000,-1.9076449,-0.6702064,0.6382758,0.2617994,0.2118002,1.0000000,1.0000000
0.0000000,0.0000000,0.9692268,0.0000000,0.0000000,0.0000000,1.0000000,0.0191925,0.0031003,-0.1093982,0.3500000,-0.2351718,0.0096271,-0.0193364,-0.0031361,-0.1101806,0.3500000,-0.2343888,-0.0096051,0.0000000,0.0000000,0.0000000,1.2707963,-0.0000000,-1.9076449,-0.6702064,0.5731035,0.2617994,0.1792140,1.0000000,1.0000000
0.0000000,0.0000000,0.9692268,0.0000000,0.0000000,0.0000000,1.0000000,0.0191925,0.0031003,-0.1093982,0.3500000,-0.2351718,0.0096271,-0.0193364,-0.0031361,-0.1101806,0.3500000,-0.2343888,-0.0096051,0.0000000,0.0000000,0.0000000,1.2707963,-0.0000000,-1.9076449,-0.6702064,0.4952338,0.2617994,0.1402791,1.0000000,1.0000000
0.0000000,0.0000000,0.9692268,0.0000000,0.0000000,0.0000000,1.0000000,0.0191925,0.0031003,-0.1093982,0.3500000,-0.2351718,0.0096271,-0.0193364,-0.0031361,-0.1101806,0.3500000,-0.2343888,-0.0096051,0.0000000,0.0000000,0.0000000,1.2707963,-0.0000000,-1.9076449,-0.6702064,0.4074251,0.2617994,0.0963748,1.0000000,1.0000000
0.0000000,0.0000000,0.9692268,0.0000000,0.0000000,0.0000000,1.0000000,0.0191925,0.0031003,-0.1093982,0.3500000,-0.2351718,0.0096271,-0.0193364,-0.0031361,-0.1101806,0.3500000,-0.2343888,-0.0096051,0.0000000,0.0000000,0.0000000,1.2707963,-0.0000000,-1.9076449,-0.6702064,0.3127881,0.2617994,0.0490563,1.0000000,1.0000000
0.0000000,0.0000000,0.9692268,0.0000000,0.0000000,0.0000000,1.0000000,0.0191925,0.0031003,-0.1093982,0.3500000,-0.2351718,0.0096271,-0.0193364,-0.0031361,-0.1101806,0.3500000,-0.2343888,-0.0096051,0.0000000,0.0000000,0.0000000,1.2707963,-0.0000000,-1.9076449,-0.6702064,0.2146755,0.2617994,0.0000000,1.0000000,1.0000000
0.0000000,0.0000000,0.9692268,0.0000000,0.0000000,0.0000000,1.0000000,0.0191925,0.0031003,-0.1093982,0.3500000,-0.2351718,0.0096271,-0.0193364,-0.0031361,-0.1101806,0.3500000,-0.2343888,-0.0096051,0.0000000,0.0000000,0.0000000,1.2707963,-0.0000000,-1.9076449,-0.6702064,0.1165629,0.2617994,-0.0490563,1.0000000,1.0000000
0.0000000,0.0000000,0.9692268,0.0000000,0.0000000,0.0000000,1.0000000,0.0191925,0.0031003,-0.1093982,0.3500000,-0.2351718,0.0096271,-0.0193364,-0.0031361,-0.1101806,0.3500000,-0.2343888,-0.0096051,0.0000000,0.0000000,0.0000000,1.2707963,-0.0000000,-1.9076449,-0.6702064,0.0219259,0.2617994,-0.0963748,1.0000000,1.0000000
0.0000000,0.0000000,0.9692268,0.0000000,0.0000000,0.0000000,1.0000000,0.0191925,0.0031003,-0.1093982,0.3500000,-0.2351718,0.0096271,-0.0193364,-0.0031361,-0.1101806,0.3500000,-0.2343888,-0.0096051,0.0000000,0.0000000,0.0000000,1.2707963,-0.0000000,-1.9076449,-0.6702064,-0.0658828,0.2617994,-0.1402791,1.0000000,1.0000000
0.0000000,0.0000000,0.9692268,0.0000000,0.0000000,0.0000000,1.0000000,0.0191925,0.0031003,-0.1093982,0.3500000,-0.2351718,0.0096271,-0.0193364,-0.0031361,-0.1101806,0.3500000,-0.2343888,-0.0096051,0.0000000,0.0000000,0.0000000,1.2707963,-0.0000000,-1.9076449,-0.6702064,-0.1437525,0.2617994,-0.1792140,1.0000000,1.0000000
0.0000000,0.0000000,0.9692268,0.0000000,0.0000000,0.0000000,1.0000000,0.0191925,0.0031003,-0.1093982,0.3500000,-0.2351718,0.0096271,-0.0193364,-0.0031361,-0.1101806,0.3500000,-0.2343888,-0.0096051,0.0000000,0.0000000,0.0000000,1.2707963,-0.0000000,-1.9076449,-0.6702064,-0.2089248,0.2617994,-0.2118002,1.0000000,1.0000000
0.0000000,0.0000000,0.9692268,0.0000000,0.0000000,0.0000000,1.0000000,0.0191925,0.0031003,-0.1093982,0.3500000,-0.2351718,0.0096271,-0.0193364,-0.0031361,-0.1101806,0.3500000,-0.2343888,-0.0096051,0.0000000,0.0000000,0.0000000,1.2707963,-0.0000000,-1.9076449,-0.6702064,-0.2590908,0.2617994,-0.2368832,1.0000000,1.0000000
0.0000000,0.0000000,0.9692268,0.0000000,0.0000000,0.0000000,1.0000000,0.0191925,0.0031003,-0.1093982,0.3500000,-0.2351718,0.0096271,-0.0193364,-0.0031361,-0.1101806,0.3500000,-0.2343888,-0.0096051,0.0000000,0.0000000,0.0000000,1.2707963,-0.0000000,-1.9076449,-0.6702064,-0.2924735,0.2617994,-0.2535745,1.0000000,1.0000000
0.0000000,0.0000000,0.9692268,0.0000000,0.0000000,0.0000000,1.0000000,0.0191925,0.0031003,-0.1093982,0.3500000,-0.2351718,0.0096271,-0.0193364,-0.0031361,-0.1101806,0.3500000,-0.2343888,-0.0096051,0.0000000,0.0000000,0.0000000,1.2707963,-0.0000000,-1.9076449,-0.6702064,-0.3078901,0.2617994,-0.2612828,1.0000000,1.0000000
0.0000000,0.0000000,0.9692268,0.0000000,0.0000000,0.0000000,1.0000000,0.0191925,0.0031003,-0.1093982,0.3500000,-0.2351718,0.0096271,-0.0193364,-0.0031361,-0.1101806,0.3500000,-0.2343888,-0.0096051,0.0000000,0.0000000,0.0000000,1.2707963,-0.0000000,-1.9076449,-0.6702064,-0.3047945,0.2617994,-0.2597350,1.0000000,1.0000000
0.0000000,0.0000000,0.9692268,0.0000000,0.0000000,0.0000000,1.0000000,0.0191925,0.0031003,-0.1093982,0.3500000,-0.2351718,0.0096271,-0.0193364,-0.0031361,-0.1101806,0.3500000,-0.2343888,-0.0096051,0.0000000,0.0000000,0.0000000,1.2707963,-0.0000000,-1.9076449,-0.6702064,-0.2832965,0.2617994,-0.2489860,1.0000000,1.0000000
0.0000000,0.0000000,0.9692268,0.0000000,0.0000000,0.0000000,1.0000000,0.0191925,0.0031003,-0.1093982,0.3500000,-0.2351718,0.0096271,-0.0193364,-0.0031361,-0.1101806,0.3500000,-0.2343888,-0.0096051,0.0000000,0.0000000,0.0000000,1.2707963,-0.0000000,-1.9076449,-0.6702064,-0.2441576,0.2617994,-0.2294166,1.0000000,1.0000000
0.0000000,0.0000000,0.9692268,0.0000000,0.0000000,0.0000000,1.0000000,0.0191925,0.0031003,-0.1093982,0.3500000,-0.2351718,0.0096271,-0.0193364,-0.0031361,-0.1101806,0.3500000,-0.2343888,-0.0096051,0.0000000,0.0000000,0.0000000,1.2707963,-0.0000000,-1.9076449,-0.6702064,-0.1887643,0.2617994,-0.2017199,1.0000000,1.0000000
0.0000000,0.0000000,0.9692268,0.0000000,0.0000000,0.0000000,1.0000000,0.0191925,0.0031003,-0.1093982,0.3500000,-0.2351718,0.0096271,-0.0193364,-0.0031361,-0.1101806,0.3500000,-0.2343888,-0.0096051,0.0000000,0.0000000,0.0000000,1.2707963,-0.0000000,-1.9076449,-0.6702064,-0.1190789,0.2617994,-0.1668772,1.0000000,1.0000000
0.0000000,0.0000000,0.9692268,0.0000000,0.0000000,0.0000000,1.0000000,0.0191925,0.0031003,-0.1093982,0.3500000,-0.2351718,0.0096271,-0.0193364,-0.0031361,-0.1101806,0.3500000,-0.2343888,-0.0096051,0.0000000,0.0000000,0.0000000,1.2707963,-0.0000000,-1.9076449,-0.6702064,-0.0375701,0.2617994,-0.1261228,1.0000000,1.0000000
0.0000000,0.0000000,0.9692268,0.0000000,0.0000000,0.0000000,1.0000000,0.0191925,0.0031003,-0.1093982,0.3500000,-0.2351718,0.0096271,-0.0193364,-0.0031361,-0.1101806,0.3500000,-0.2343888,-0.0096051,0.0000000,0.0000000,0.0000000,1.2707963,-0.0000000,-1.9076449,-0.6702064,0.0528746,0.2617994,-0.0809005,1.0000000,1.0000000
0.0000000,0.0000000,0.9692268,0.0000000,0.0000000,0.0000000,1.0000000,0.0191925,0.0031003,-0.1093982,0.3500000,-0.2351718,0.0096271,-0.0193364,-0.0031361,-0.1101806,0.3500000,-0.2343888,-0.0096051,0.0000000,0.0000000,0.0000000,1.2707963,-0.0000000,-1.9076449,-0.6702064,0.1490512,0.2617994,-0.0328122,1.0000000,1.0000000
0.0000000,0.0000000,0.9692268,0.0000000,0.0000000,0.0000000,1.0000000,0.0191925,0.0031003,-0.1093982,0.3500000,-0.2351718,0.0096271,-0.0193364,-0.0031361,-0.1101806,0.3500000,-0.2343888,-0.0096051,0.0000000,0.0000000,0.0000000,1.2707963,-0.0000000,-1.9076449,-0.6702064,0.2475525,0.2617994,0.0164385,1.0000000,1.0000000
0.0000000,0.0000000,0.9692268,0.0000000,0.0000000,0.0000000,1.0000000,0.0191925,0.0031003,-0.1093982,0.3500000,-0.2351718,0.0096271,-0.0193364,-0.0031361,-0.1101806,0.3500000,-0.2343888,-0.0096051,0.0000000,0.0000000,0.0000000,1.2707963,-0.0000000,-1.9076449,-0.6702064,0.3448892,0.2617994,0.0651069,1.0000000,1.0000000
0.0000000,0.0000000,0.9692268,0.0000000,0.0000000,0.0000000,1.0000000,0.0191925,0.0031003,-0.1093982,0.3500000,-0.2351718,0.0096271,-0.0193364,-0.0031361,-0.1101806,0.3500000,-0.2343888,-0.0096051,0.0000000,0.0000000,0.0000000,1.2707963,-0.0000000,-1.9076449,-0.6702064,0.4376130,0.2617994,0.1114688,1.0000000,1.0000000
0.0000000,0.0000000,0.9692268,0.0000000,0.0000000,0.0000000,1.0000000,0.0191925,0.0031003,-0.1093982,0.3500000,-0.2351718,0.0096271,-0.0193364,-0.0031361,-0.1101806,0.3500000,-0.2343888,-0.0096051,0.0000000,0.0000000,0.0000000,1.2707963,-0.0000000,-1.9076449,-0.6702064,0.5224391,0.2617994,0.1538818,1.0000000,1.0000000
0.0000000,0.0000000,0.9692268,0.0000000,0.0000000,0.0000000,1.0000000,0.0191925,0.0031003,-0.1093982,0.3500000,-0.2351718,0.0096271,-0.0193364,-0.0031361,-0.1101806,0.3500000,-0.2343888,-0.0096051,0.0000000,0.0000000,0.0000000,1.2707963,-0.0000000,-1.9076449,-0.6702064,0.5963626,0.2617994,0.1908435,1.0000000,1.0000000
0.0000000,0.0000000,0.9692268,0.0000000,0.0000000,0.0000000,1.0000000,0.0191925,0.0031003,-0.1093982,0.3500000,-0.2351718,0.0096271,-0.0193364,-0.0031361,-0.1101806,0.3500000,-0.2343888,-0.0096051,0.0000000,0.0000000,0.0000000,1.2707963,-0.0000000,-1.9076449,-0.6702064,0.6567646,0.2617994,0.2210445,1.0000000,1.0000000
0.0000000,0.0000000,0.9692268,0.0000000,0.0000000,0.0000000,1.0000000,0.0191925,0.0031003,-0.1093982,0.3500000,-0.2351718,0.0096271,-0.0193364,-0.0031361,-0.1101806,0.3500000,-0.2343888,-0.0096051,0.0000000,0.0000000,0.0000000,1.2707963,-0.0000000,-1.9076449,-0.6702064,0.7015053,0.2617994,0.2434149,1.0000000,1.0000000
0.0000000,0.0000000,0.9692268,0.0000000,0.0000000,0.0000000,1.0000000,0.0191925,0.0031003,-0.1093982,0.3500000,-0.2351718,0.0096271,-0.0193364,-0.0031361,-0.1101806,0.3500000,-0.2343888,-0.0096051,0.0000000,0.0000000,0.0000000,1.2707963,-0.0000000,-1.9076449,-0.6702064,0.7289999,0.2617994,0.2571622,1.0000000,1.0000000
0.0000000,0.0000000,0.9692268,0.0000000,0.0000000,0.0000000,1.0000000,0.0191925,0.0031003,-0.1093982,0.3500000,-0.2351718,0.0096271,-0.0193364,-0.0031361,-0.1101806,0.3500000,-0.2343888,-0.0096051,0.0000000,0.0000000,0.0000000,1.2707963,-0.0000000,-1.9076449,-0.6702064,0.7382743,0.2617994,0.2617994,1.0000000,1.0000000
0.0000000,0.0000000,0.9692268,0.0000000,0.0000000,0.0000000,1.0000000,0.0191925,0.0031003,-0.1093982,0.3500000,-0.2351718,0.0096271,-0.0193364,-0.0031361,-0.1101806,0.3500000,-0.2343888,-0.0096051,0.0000000,0.0000000,0.0000000,1.2707963,-0.0000000,-1.9076449,-0.6702064,0.7289999,0.2617994,0.2571622,1.0000000,1.0000000
0.0000000,0.0000000,0.9692268,0.0000000,0.0000000,0.0000000,1.0000000,0.0191925,0.0031003,-0.1093982,0.3500000,-0.2351718,0.0096271,-0.0193364,-0.0031361,-0.1101806,0.3500000,-0.2343888,-0.0096051,0.0000000,0.0000000,0.0000000,1.2707963,-0.0000000,-1.9076449,-0.6702064,0.7015053,0.2617994,0.2434149,1.0000000,1.0000000
0.0000000,0.0000000,0.9692268,0.0000000,0.0000000,0.0000000,1.0000000,0.0191925,0.0031003,-0.1093982,0.3500000,-0.2351718,0.0096271,-0.0193364,-0.0031361,-0.1101806,0.3500000,-0.2343888,-0.0096051,0.0000000,0.0000000,0.0000000,1.2707963,-0.0000000,-1.9076449,-0.6702064,0.6567646,0.2617994,0.2210445,1.0000000,1.0000000
0.0000000,0.0000000,0.9692268,0.0000000,0.0000000,0.0000000,1.0000000,0.0191925,0.0031003,-0.1093982,0.3500000,-0.2351718,0.0096271,-0.0193364,-0.0031361,-0.1101806,0.3500000,-0.2343888,-0.0096051,0.0000000,0.0000000,0.0000000,1.2707963,-0.0000000,-1.9076449,-0.6702064,0.5963626,0.2617994,0.1908435,1.0000000,1.0000000
0.0000000,0.0000000,0.9692268,0.0000000,0.0000000,0.0000000,1.0000000,0.0191925,0.0031003,-0.1093982,0.3500000,-0.2351718,0.0096271,-0.0193364,-0.0031361,-0.1101806,0.3500000,-0.2343888,-0.0096051,0.0000000,0.0000000,0.0000000,1.2707963,-0.0000000,-1.9076449,-0.6702064,0.5224391,0.2617994,0.1538818,1.0000000,1.0000000
0.0000000,0.0000000,0.9692268,0.0000000,0.0000000,0.0000000,1.0000000,0.0191925,0.0031003,-0.1093982,0.3500000,-0.2351718,0.0096271,-0.0193364,-0.0031361,-0.1101806,0.3500000,-0.2343888,-0.0096051,0.0000000,0.0000000,0.0000000,1.2707963,-0.0000000,-1.9076449,-0.6702064,0.4376130,0.2617994,0.1114688,1.0000000,1.0000000
0.0000000,0.0000000,0.9692268,0.0000000,0.0000000,0.0000000,1.0000000,0.0191925,0.0031003,-0.1093982,0.3500000,-0.2351718,0.0096271,-0.0193364,-0.0031361,-0.1101806,0.3500000,-0.2343888,-0.0096051,0.0000000,0.0000000,0.0000000,1.2707963,-0.0000000,-1.9076449,-0.6702064,0.3448892,0.2617994,0.0651069,1.0000000,1.0000000
0.0000000,0.0000000,0.9692268,0.0000000,0.0000000,0.0000000,1.0000000,0.0191925,0.0031003,-0.1093982,0.3500000,-0.2351718,0.0096271,-0.0193364,-0.0031361,-0.1101806,0.3500000,-0.2343888,-0.0096051,0.0000000,0.0000000,0.0000000,1.2707963,-0.0000000,-1.9076449,-0.6702064,0.2475525,0.2617994,0.0164385,1.0000000,1.0000000
0.0000000,0.0000000,0.9692268,0.0000000,0.0000000,0.0000000,1.0000000,0.0191925,0.0031003,-0.1093982,0.3500000,-0.2351718,0.0096271,-0.0193364,-0.0031361,-0.1101806,0.3500000,-0.2343888,-0.0096051,0.0000000,0.0000000,0.0000000,1.2707963,-0.0000000,-1.9076449,-0.6702064,0.1490512,0.2617994,-0.0328122,1.0000000,1.0000000
0.0000000,0.0000000,0.9692268,0.0000000,0.0000000,0.0000000,1.0000000,0.0191925,0.0031003,-0.1093982,0.3500000,-0.2351718,0.0096271,-0.0193364,-0.0031361,-0.1101806,0.3500000,-0.2343888,-0.0096051,0.0000000,0.0000000,0.0000000,1.2707963,-0.0000000,-1.9076449,-0.6702064,0.0528746,0.2617994,-0.0809005,1.0000000,1.0000000
0.0000000,0.0000000,0.9692268,0.0000000,0.0000000,0.0000000,1.0000000,0.0191925,0.0031003,-0.1093982,0.3500000,-0.2351718,0.0096271,-0.0193364,-0.0031361,-0.1101806,0.3500000,-0.2343888,-0.0096051,0.0000000,0.0000000,0.0000000,1.2707963,-0.0000000,-1.9076449,-0.6702064,-0.0375701,0.2617994,-0.1261228,1.0000000,1.0000000
0.0000000,0.0000000,0.9692268,0.0000000,0.0000000,0.0000000,1.0000000,0.0191925,0.0031003,-0.1093982,0.3500000,-0.2351718,0.0096271,-0.0193364,-0.0031361,-0.1101806,0.3500000,-0.2343888,-0.0096051,0.0000000,0.0000000,0.0000000,1.2707963,-0.0000000,-1.9076449,-0.6702064,-0.1190789,0.2617994,-0.1668772,1.0000000,1.0000000
0.0000000,0.0000000,0.9692268,0.0000000,0.0000000,0.0000000,1.0000000,0.0191925,0.0031003,-0.1093982,0.3500000,-0.2351718,0.0096271,-0.0193364,-0.0031361,-0.1101806,0.3500000,-0.2343888,-0.0096051,0.0000000,0.0000000,0.0000000,1.2707963,-0.0000000,-1.9076449,-0.6702064,-0.1887643,0.2617994,-0.2017199,1.0000000,1.0000000
0.0000000,0.0000000,0.9692268,0.0000000,0.0000000,0.0000000,1.0000000,0.0191925,0.0031003,-0.1093982,0.3500000,-0.2351718,0.0096271,-0.0193364,-0.0031361,-0.1101806,0.3500000,-0.2343888,-0.0096051,0.0000000,0.0000000,0.0000000,1.2707963,-0.0000000,-1.9076449,-0.6702064,-0.2441576,0.2617994,-0.2294166,1.0000000,1.0000000
0.0000000,0.0000000,0.9692268,0.0000000,0.0000000,0.0000000,1.0000000,0.0191925,0.0031003,-0.1093982,0.3500000,-0.2351718,0.0096271,-0.0193364,-0.0031361,-0.1101806,0.3500000,-0.2343888,-0.0096051,0.0000000,0.0000000,0.0000000,1.2707963,-0.0000000,-1.9076449,-0.6702064,-0.2832965,0.2617994,-0.2489860,1.0000000,1.0000000
0.0000000,0.0000000,0.9692268,0.0000000,0.0000000,0.0000000,1.0000000,0.0191925,0.0031003,-0.1093982,0.3500000,-0.2351718,0.0096271,-0.0193364,-0.0031361,-0.1101806,0.3500000,-0.2343888,-0.0096051,0.0000000,0.0000000,0.0000000,1.2707963,-0.0000000,-1.9076449,-0.6702064,-0.3047945,0.2617994,-0.2597350,1.0000000,1.0000000
0.0000000,0.0000000,0.9692268,0.0000000,0.0000000,0.0000000,1.0000000,0.0191925,0.0031003,-0.1093982,0.3500000,-0.2351718,0.0096271,-0.0193364,-0.0031361,-0.1101806,0.3500000,-0.2343888,-0.0096051,0.0000000,0.0000000,0.0000000,1.2707963,-0.0000000,-1.9076449,-0.6702064,-0.3078901,0.2617994,-0.2612828,1.0000000,1.0000000
0.0000000,0.0000000,0.9692268,0.0000000,0.0000000,0.0000000,1.0000000,0.0191925,0.0031003,-0.1093982,0.3500000,-0.2351718,0.0096271,-0.0193364,-0.0031361,-0.1101806,0.3500000,-0.2343888,-0.0096051,0.0000000,0.0000000,0.0000000,1.2707963,-0.0000000,-1.9076449,-0.6702064,-0.2924735,0.2617994,-0.2535745,1.0000000,1.0000000
0.0000000,0.0000000,0.9692268,0.0000000,0.0000000,0.0000000,1.0000000,0.0191925,0.0031003,-0.1093982,0.3500000,-0.2351718,0.0096271,-0.0193364,-0.0031361,-0.1101806,0.3500000,-0.2343888,-0.0096051,0.0000000,0.0000000,0.0000000,1.2707963,-0.0000000,-1.9076449,-0.6702064,-0.2590908,0.2617994,-0.2368832,1.0000000,1.0000000
0.0000000,0.0000000,0.9692268,0.0000000,0.0000000,0.0000000,1.0000000,0.0191925,0.0031003,-0.1093982,0.3500000,-0.2351718,0.0096271,-0.0193364,-0.0031361,-0.1101806,0.3500000,-0.2343888,-0.0096051,0.0000000,0.0000000,0.0000000,1.2707963,-0.0000000,-1.9076449,-0.6702064,-0.2089248,0.2617994,-0.2118002,1.0000000,1.0000000
0.0000000,0.0000000,0.9692268,0.0000000,0.0000000,0.0000000,1.0000000,0.0191925,0.0031003,-0.1093982,0.3500000,-0.2351718,0.0096271,-0.0193364,-0.0031361,-0.1101806,0.3500000,-0.2343888,-0.0096051,0.0000000,0.0000000,0.0000000,1.2707963,-0.0000000,-1.9076449,-0.6702064,-0.1437525,0.2617994,-0.1792140,1.0000000,1.0000000
0.0000000,0.0000000,0.9692268,0.0000000,0.0000000,0.0000000,1.0000000,0.0191925,0.0031003,-0.1093982,0.3500000,-0.2351718,0.0096271,-0.0193364,-0.0031361,-0.1101806,0.3500000,-0.2343888,-0.0096051,0.0000000,0.0000000,0.0000000,1.2707963,-0.0000000,-1.9076449,-0.6702064,-0.0658828,0.2617994,-0.1402791,1.0000000,1.0000000
0.0000000,0.0000000,0.9692268,0.0000000,0.0000000,0.0000000,1.0000000,0.0191925,0.0031003,-0.1093982,0.3500000,-0.2351718,0.0096271,-0.0193364,-0.0031361,-0.1101806,0.3500000,-0.2343888,-0.0096051,0.0000000,0.0000000,0.0000000,1.2707963,-0.0000000,-1.9076449,-0.6702064,0.0219259,0.2617994,-0.0963748,1.0000000,1.0000000
0.0000000,0.0000000,0.9692268,0.0000000,0.0000000,0.0000000,1.0000000,0.0191925,0.0031003,-0.1093982,0.3500000,-0.2351718,0.0096271,-0.0193364,-0.0031361,-0.1101806,0.3500000,-0.2343888,-0.0096051,0.0000000,0.0000000,0.0000000,1.2707963,-0.0000000,-1.9076449,-0.6702064,0.1165629,0.2617994,-0.0490563,1.0000000,1.0000000
0.0000000,0.0000000,0.9692268,0.0000000,0.0000000,0.0000000,1.0000000,0.0191925,0.0031003,-0.1093982,0.3500000,-0.2351718,0.0096271,-0.0193364,-0.0031361,-0.1101806,0.3500000,-0.2343888,-0.0096051,0.0000000,0.0000000,0.0000000,1.2707963,-0.0000000,-1.9076449,-0.6702064,0.2146755,0.2617994,-0.0000000,1.0000000,1.0000000
0.0000000,0.0000000,0.9692268,0.0000000,0.0000000,0.0000000,1.0000000,0.0191925,0.0031003,-0.1093982,0.3500000,-0.2351718,0.0096271,-0.0193364,-0.0031361,-0.1101806,0.3500000,-0.2343888,-0.0096051,0.0000000,0.0000000,0.0000000,1.2707963,-0.0000000,-1.9076449,-0.6702064,0.3127881,0.2617994,0.0490563,1.0000000,1.0000000
0.0000000,0.0000000,0.9692268,0.0000000,0.0000000,0.0000000,1.0000000,0.0191925,0.0031003,-0.1093982,0.3500000,-0.2351718,0.0096271,-0.0193364,-0.0031361,-0.1101806,0.3500000,-0.2343888,-0.0096051,0.0000000,0.0000000,0.0000000,1.2707963,-0.0000000,-1.9076449,-0.6702064,0.4074251,0.2617994,0.0963748,1.0000000,1.0000000
0.0000000,0.0000000,0.9692268,0.0000000,0.0000000,0.0000000,1.0000000,0.0191925,0.0031003,-0.1093982,0.3500000,-0.2351718,0.0096271,-0.0193364,-0.0031361,-0.1101806,0.3500000,-0.2343888,-0.0096051,0.0000000,0.0000000,0.0000000,1.2707963,-0.0000000,-1.9076449,-0.6702064,0.4952338,0.2617994,0.1402791,1.0000000,1.0000000
0.0000000,0.0000000,0.9692268,0.0000000,0.0000000,0.0000000,1.0000000,0.0191925,0.0031003,-0.1093982,0.3500000,-0.2351718,0.0096271,-0.0193364,-0.0031361,-0.1101806,0.3500000,-0.2343888,-0.0096051,0.0000000,0.0000000,0.0000000,1.2707963,-0.0000000,-1.9076449,-0.6702064,0.5731035,0.2617994,0.1792140,1.0000000,1.0000000
0.0000000,0.0000000,0.9692268,0.0000000,0.0000000,0.0000000,1.0000000,0.0191925,0.0031003,-0.1093982,0.3500000,-0.2351718,0.0096271,-0.0193364,-0.0031361,-0.1101806,0.3500000,-0.2343888,-0.0096051,0.0000000,0.0000000,0.0000000,1.2707963,-0.0000000,-1.9076449,-0.6702064,0.6382758,0.2617994,0.2118002,1.0000000,1.0000000
0.0000000,0.0000000,0.9692268,0.0000000,0.0000000,0.0000000,1.0000000,0.0191925,0.0031003,-0.1093982,0.3500000,-0.2351718,0.0096271,-0.0193364,-0.0031361,-0.1101806,0.3500000,-0.2343888,-0.0096051,0.0000000,0.0000000,0.0000000,1.2707963,-0.0000000,-1.9076449,-0.6702064,0.6884418,0.2617994,0.2368832,1.0000000,1.0000000
0.0000000,0.0000000,0.9692268,0.0000000,0.0000000,0.0000000,1.0000000,0.0191925,0.0031003,-0.1093982,0.3500000,-0.2351718,0.0096271,-0.0193364,-0.0031361,-0.1101806,0.3500000,-0.2343888,-0.0096051,0.0000000,0.0000000,0.0000000,1.2707963,-0.0000000,-1.9076449,-0.6702064,0.7218245,0.2617994,0.2535745,1.0000000,1.0000000
0.0000000,0.0000000,0.9692268,0.0000000,0.0000000,0.0000000,1.0000000,0.0191925,0.0031003,-0.1093982,0.3500000,-0.2351718,0.0096271,-0.0193364,-0.0031361,-0.1101806,0.3500000,-0.2343888,-0.0096051,0.0000000,0.0000000,0.0000000,1.2707963,-0.0000000,-1.9076449,-0.6702064,0.7372411,0.2617994,0.2612828,1.0000000,1.0000000
0.0000000,0.0000000,0.9692268,0.0000000,0.0000000,0.0000000,1.0000000,0.0191925,0.0031003,-0.1093982,0.3500000,-0.2351718,0.0096271,-0.0193364,-0.0031361,-0.1101806,0.3500000,-0.2343888,-0.0096051,0.0000000,0.0000000,0.0000000,1.2707963,-0.0000000,-1.9076449,-0.6702064,0.7341455,0.2617994,0.2597350,1.0000000,1.0000000
0.0000000,0.0000000,0.9692268,0.0000000,0.0000000,0.0000000,1.0000000,0.0191925,0.0031003,-0.1093982,0.3500000,-0.2351718,0.0096271,-0.0193364,-0.0031361,-0.1101806,0.3500000,-0.2343888,-0.0096051,0.0000000,0.0000000,0.0000000,1.2707963,-0.0000000,-1.9076449,-0.6702064,0.7126475,0.2617994,0.2489860,1.0000000,1.0000000
0.0000000,0.0000000,0.9692268,0.0000000,0.0000000,0.0000000,1.0000000,0.0191925,0.0031003,-0.1093982,0.3500000,-0.2351718,0.0096271,-0.0193364,-0.0031361,-0.1101806,0.3500000,-0.2343888,-0.0096051,0.0000000,0.0000000,0.0000000,1.2707963,-0.0000000,-1.9076449,-0.6702064,0.6735086,0.2617994,0.2294166,1.0000000,1.0000000
0.0000000,0.0000000,0.9692268,0.0000000,0.0000000,0.0000000,1.0000000,0.0191925,0.0031003,-0.1093982,0.3500000,-0.2351718,0.0096271,-0.0193364,-0.0031361,-0.1101806,0.3500000,-0.2343888,-0.0096051,0.0000000,0.0000000,0.0000000,1.2707963,-0.0000000,-1.9076449,-0.6702064,0.6181153,0.2617994,0.2017199,1.0000000,1.0000000
0.0000000,0.0000000,0.9692268,0.0000000,0.0000000,0.0000000,1.0000000,0.0191925,0.0031003,-0.1093982,0.3500000,-0.2351718,0.0096271,-0.0193364,-0.0031361,-0.1101806,0.3500000,-0.2343888,-0.0096051,0.0000000,0.0000000,0.0000000,1.2707963,-0.0000000,-1.9076449,-0.6702064,0.5484299,0.2617994,0.1668772,1.0000000,1.0000000
0.0000000,0.0000000,0.9692268,0.0000000,0.0000000,0.0000000,1.0000000,0.0191925,0.0031003,-0.1093982,0.3500000,-0.2351718,0.0096271,-0.0193364,-0.0031361,-0.1101806,0.3500000,-0.2343888,-0.0096051,0.0000000,0.0000000,0.0000000,1.2707963,-0.0000000,-1.9076449,-0.6702064,0.4669211,0.2617994,0.1261228,1.0000000,1.0000000
0.0000000,0.0000000,0.9692268,0.0000000,0.0000000,0.0000000,1.0000000,0.0191925,0.0031003,-0.1093982,0.3500000,-0.2351718,0.0096271,-0.0193364,-0.0031361,-0.1101806,0.3500000,-0.2343888,-0.0096051,0.0000000,0.0000000,0.0000000,1.2707963,-0.0000000,-1.9076449,-0.6702064,0.3764764,0.2617994,0.0809005,1.0000000,1.0000000
0.0000000,0.0000000,0.9692268,0.0000000,0.0000000,0.0000000,1.0000000,0.0191925,0.0031003,-0.1093982,0.3500000,-0.2351718,0.0096271,-0.0193364,-0.0031361,-0.1101806,0.3500000,-0.2343888,-0.0096051,0.0000000,0.0000000,0.0000000,1.2707963,-0.0000000,-1.9076449,-0.6702064,0.2802998,0.2617994,0.0328122,1.0000000,1.0000000
0.0000000,0.0000000,0.9692268,0.0000000,0.0000000,0.0000000,1.0000000,0.0191925,0.0031003,-0.1093982,0.3500000,-0.2351718,0.0096271,-0.0193364,-0.0031361,-0.1101806,0.3500000,-0.2343888,-0.0096051,0.0000000,0.0000000,0.0000000,1.2707963,-0.0000000,-1.9076449,-0.6702064,0.1817985,0.2617994,-0.0164385,1.0000000,1.0000000
0.0000000,0.0000000,0.9692268,0.0000000,0.0000000,0.0000000,1.0000000,0.0191925,0.0031003,-0.1093982,0.3500000,-0.2351718,0.0096271,-0.0193364,-0.0031361,-0.1101806,0.3500000,-0.2343888,-0.0096051,0.0000000,0.0000000,0.0000000,1.2707963,-0.0000000,-1.9076449,-0.6702064,0.0844618,0.2617994,-0.0651069,1.0000000,1.0000000
0.0000000,0.0000000,0.9692268,0.0000000,0.0000000,0.0000000,1.0000000,0.0191925,0.0031003,-0.1093982,0.3500000,-0.2351718,0.0096271,-0.0193364,-0.0031361,-0.1101806,0.3500000,-0.2343888,-0.0096051,0.0000000,0.0000000,0.0000000,1.2707963,-0.0000000,-1.9076449,-0.6702064,-0.0082620,0.2617994,-0.1114688,1.0000000,1.0000000
0.0000000,0.0000000,0.9692268,0.0000000,0.0000000,0.0000000,1.0000000,0.0191925,0.0031003,-0.1093982,0.3500000,-0.2351718,0.0096271,-0.0193364,-0.0031361,-0.1101806,0.3500000,-0.2343888,-0.0096051,0.0000000,0.0000000,0.0000000,1.2707963,-0.0000000,-1.9076449,-0.6702064,-0.0930881,0.2617994,-0.1538818,1.0000000,1.0000000
0.0000000,0.0000000,0.9692268,0.0000000,0.0000000,0.0000000,1.0000000,0.0191925,0.0031003,-0.1093982,0.3500000,-0.2351718,0.0096271,-0.0193364,-0.0031361,-0.1101806,0.3500000,-0.2343888,-0.0096051,0.0000000,0.0000000,0.0000000,1.2707963,-0.0000000,-1.9076449,-0.6702064,-0.1670116,0.2617994,-0.1908435,1.0000000,1.0000000
0.0000000,0.0000000,0.9692268,0.0000000,0.0000000,0.0000000,1.0000000,0.0191925,0.0031003,-0.1093982,0.3500000,-0.2351718,0.0096271,-0.0193364,-0.0031361,-0.1101806,0.3500000,-0.2343888,-0.0096051,0.0000000,0.0000000,0.0000000,1.2707963,-0.0000000,-1.9076449,-0.6702064,-0.2274136,0.2617994,-0.2210445,1.0000000,1.0000000
0.0000000,0.0000000,0.9692268,0.0000000,0.0000000,0.0000000,1.0000000,0.0191925,0.0031003,-0.1093982,0.3500000,-0.2351718,0.0096271,-0.0193364,-0.0031361,-0.1101806,0.3500000,-0.2343888,-0.0096051,0.0000000,0.0000000,0.0000000,1.2707963,-0.0000000,-1.9076449,-0.6702064,-0.2721543,0.2617994,-0.2434149,1.0000000,1.0000000
0.0000000,0.0000000,0.9692268,0.0000000,0.0000000,0.0000000,1.0000000,0.0191925,0.0031003,-0.1093982,0.3500000,-0.2351718,0.0096271,-0.0193364,-0.0031361,-0.1101806,0.3500000,-0.2343888,-0.0096051,0.0000000,0.0000000,0.0000000,1.2707963,-0.0000000,-1.9076449,-0.6702064,-0.2996489,0.2617994,-0.2571622,1.0000000,1.0000000
0.0000000,0.0000000,0.9692268,0.0000000,0.0000000,0.0000000,1.0000000,0.0191925,0.0031003,-0.1093982,0.3500000,-0.2351718,0.0096271,-0.0193364,-0.0031361,-0.1101806,0.3500000,-0.2343888,-0.0096051,0.0000000,0.0000000,0.0000000,1.2707963,-0.0000000,-1.9076449,-0.6702064,-0.3089233,0.2617994,-0.2617994,1.0000000,1.0000000
0.0000000,0.0000000,0.9692268,0.0000000,0.0000000,0.0000000,1.0000000,0.0191925,0.0031003,-0.1093982,0.3500000,-0.2351718,0.0096271,-0.0193364,-0.0031361,-0.1101806,0.3500000,-0.2343888,-0.0096051,0.0000000,0.0000000,0.0000000,1.2707963,-0.0000000,-1.9076449,-0.6702064,-0.2996489,0.2617994,-0.2571622,1.0000000,1.0000000
0.0000000,0.0000000,0.9692268,0.0000000,0.0000000,0.0000000,1.0000000,0.0191925,0.0031003,-0.1093982,0.3500000,-0.2351718,0.0096271,-0.0193364,-0.0031361,-0.1101806,0.3500000,-0.2343888,-0.0096051,0.0000000,0.0000000,0.0000000,1.2707963,-0.0000000,-1.9076449,-0.6702064,-0.2721543,0.2617994,-0.2434149,1.0000000,1.0000000
0.0000000,0.0000000,0.9692268,0.0000000,0.0000000,0.0000000,1.0000000,0.0191925,0.0031003,-0.1093982,0.3500000,-0.2351718,0.0096271,-0.0193364,-0.0031361,-0.1101806,0.3500000,-0.2343888,-0.0096051,0.0000000,0.0000000,0.0000000,1.2707963,-0.0000000,-1.9076449,-0.6702064,-0.2274136,0.2617994,-0.2210445,1.0000000,1.0000000
0.0000000,0.0000000,0.9692268,0.0000000,0.0000000,0.0000000,1.0000000,0.0191925,0.0031003,-0.1093982,0.3500000,-0.2351718,0.0096271,-0.0193364,-0.0031361,-0.1101806,0.3500000,-0.2343888,-0.0096051,0.0000000,0.0000000,0.0000000,1.2707963,-0.0000000,-1.9076449,-0.6702064,-0.1670116,0.2617994,-0.1908435,1.0000000,1.0000000
0.0000000,0.0000000,0.9692268,0.0000000,0.0000000,0.0000000,1.0000000,0.0191925,0.0031003,-0.1093982,0.3500000,-0.2351718,0.0096271,-0.0193364,-0.0031361,-0.1101806,0.3500000,-0.2343888,-0.0096051,0.0000000,0.0000000,0.0000000,1.2707963,-0.0000000,-1.9076449,-0.6702064,-0.0930881,0.2617994,-0.1538818,1.0000000,1.0000000
0.0000000,0.0000000,0.9692268,0.0000000,0.0000000,0.0000000,1.0000000,0.0191925,0.0031003,-0.1093982,0.3500000,-0.2351718,0.0096271,-0.0193364,-0.0031361,-0.1101806,0.3500000,-0.2343888,-0.0096051,0.0000000,0.0000000,0.0000000,1.2707963,-0.0000000,-1.9076449,-0.6702064,-0.0082620,0.2617994,-0.1114688,1.0000000,1.0000000
0.0000000,0.0000000,0.9692268,0.0000000,0.0000000,0.0000000,1.0000000,0.0191925,0.0031003,-0.1093982,0.3500000,-0.2351718,0.0096271,-0.0193364,-0.0031361,-0.1101806,0.3500000,-0.2343888,-0.0096051,0.0000000,0.0000000,0.0000000,1.2707963,-0.0000000,-1.9076449,-0.6702064,0.0844618,0.2617994,-0.0651069,1.0000000,1.0000000
0.0000000,0.0000000,0.9692268,0.0000000,0.0000000,0.0000000,1.0000000,0.0191925,0.0031003,-0.1093982,0.3500000,-0.2351718,0.0096271,-0.0193364,-0.0031361,-0.1101806,0.3500000,-0.2343888,-0.0096051,0.0000000,0.0000000,0.0000000,1.2707963,-0.0000000,-1.9076449,-0.6702064,0.1817985,0.2617994,-0.0164385,1.0000000,1.0000000
0.0000000,0.0000000,0.9692268,0.0000000,0.0000000,0.0000000,1.0000000,0.0191925,0.0031003,-0.1093982,0.3500000,-0.2351718,0.0096271,-0.0193364,-0.0031361,-0.1101806,0.3500000,-0.2343888,-0.0096051,0.0000000,0.0000000,0.0000000,1.2707963,-0.0000000,-1.9076449,-0.6702064,0.2802998,0.2617994,0.0328122,1.0000000,1.0000000
0.0000000,0.0000000,0.9692268,0.0000000,0.0000000,0.0000000,1.0000000,0.0191925,0.0031003,-0.1093982,0.3500000,-0.2351718,0.0096271,-0.0193364,-0.0031361,-0.1101806,0.3500000,-0.2343888,-0.0096051,0.0000000,0.0000000,0.0000000,1.2707963,-0.0000000,-1.9076449,-0.6702064,0.3764764,0.2617994,0.0809005,1.0000000,1.0000000
0.0000000,0.0000000,0.9692268,0.0000000,0.0000000,0.0000000,1.0000000,0.0191925,0.0031003,-0.1093982,0.3500000,-0.2351718,0.0096271,-0.0193364,-0.0031361,-0.1101806,0.3500000,-0.2343888,-0.0096051,0.0000000,0.0000000,0.0000000,1.2707963,-0.0000000,-1.9076449,-0.6702064,0.4669211,0.2617994,0.1261228,1.0000000,1.0000000
0.0000000,0.0000000,0.9692268,0.0000000,0.0000000,0.0000000,1.0000000,0.0191925,0.0031003,-0.1093982,0.3500000,-0.2351718,0.0096271,-0.0193364,-0.0031361,-0.1101806,0.3500000,-0.2343888,-0.0096051,0.0000000,0.0000000,0.0000000,1.2707963,-0.0000000,-1.9076449,-0.6702064,0.5484299,0.2617994,0.1668772,1.0000000,1.0000000
0.0000000,0.0000000,0.9692268,0.0000000,0.0000000,0.0000000,1.0000000,0.0191925,0.0031003,-0.1093982,0.3500000,-0.2351718,0.0096271,-0.0193364,-0.0031361,-0.1101806,0.3500000,-0.2343888,-0.0096051,0.0000000,0.0000000,0.0000000,1.2707963,-0.0000000,-1.9076449,-0.6702064,0.6181153,0.2617994,0.2017199,1.0000000,1.0000000
0.0000000,0.0000000,0.9692268,0.0000000,0.0000000,0.0000000,1.0000000,0.0191925,0.0031003,-0.1093982,0.3500000,-0.2351718,0.0096271,-0.0193364,-0.0031361,-0.1101806,0.3500000,-0.2343888,-0.0096051,0.0000000,0.0000000,0.0000000,1.2707963,-0.0000000,-1.9076449,-0.6702064,0.6735086,0.2617994,0.2294166,1.0000000,1.0000000
0.0000000,0.0000000,0.9692268,0.0000000,0.0000000,0.0000000,1.0000000,0.0191925,0.0031003,-0.1093982,0.3500000,-0.2351718,0.0096271,-0.0193364,-0.0031361,-0.1101806,0.3500000,-0.2343888,-0.0096051,0.0000000,0.0000000,0.0000000,1.2707963,-0.0000000,-1.9076449,-0.6702064,0.7126475,0.2617994,0.2489860,1.0000000,1.0000000
0.0000000,0.0000000,0.9692268,0.0000000,0.0000000,0.0000000,1.0000000,0.0191925,0.0031003,-0.1093982,0.3500000,-0.2351718,0.0096271,-0.0193364,-0.0031361,-0.1101806,0.3500000,-0.2343888,-0.0096051,0.0000000,0.0000000,0.0000000,1.2707963,-0.0000000,-1.9076449,-0.6702064,0.7341455,0.2617994,0.2597350,1.0000000,1.0000000
0.0000000,0.0000000,0.9692268,0.0000000,0.0000000,0.0000000,1.0000000,0.0191925,0.0031003,-0.1093982,0.3500000,-0.2351718,0.0096271,-0.0193364,-0.0031361,-0.1101806,0.3500000,-0.2343888,-0.0096051,0.0000000,0.0000000,0.0000000,1.2707963,-0.0000000,-1.9076449,-0.6702064,0.7372411,0.2617994,0.2612828,1.0000000,1.0000000
0.0000000,0.0000000,0.9692268,0.0000000,0.0000000,0.0000000,1.0000000,0.0191925,0.0031003,-0.1093982,0.3500000,-0.2351718,0.0096271,-0.0193364,-0.0031361,-0.1101806,0.3500000,-0.2343888,-0.0096051,0.0000000,0.0000000,0.0000000,1.2707963,-0.0000000,-1.9076449,-0.6702064,0.7218245,0.2617994,0.2535745,1.0000000,1.0000000
0.0000000,0.0000000,0.9692268,0.0000000,0.0000000,0.0000000,1.0000000,0.0191925,0.0031003,-0.1093982,0.3500000,-0.2351718,0.0096271,-0.0193364,-0.0031361,-0.1101806,0.3500000,-0.2343888,-0.0096051,0.0000000,0.0000000,0.0000000,1.2707963,-0.0000000,-1.9076449,-0.6702064,0.6884418,0.2617994,0.2368832,1.0000000,1.0000000
0.0000000,0.0000000,0.9692268,0.0000000,0.0000000,0.0000000,1.0000000,0.0191925,0.0031003,-0.1093982,0.3500000,-0.2351718,0.0096271,-0.0193364,-0.0031361,-0.1101806,0.3500000,-0.2343888,-0.0096051,0.0000000,0.0000000,0.0000000,1.2707963,-0.0000000,-1.9076449,-0.6702064,0.6382758,0.2617994,0.2118002,1.0000000,1.0000000
0.0000000,0.0000000,0.9692268,0.0000000,0.0000000,0.0000000,1.0000000,0.0191925,0.0031003,-0.1093982,0.3500000,-0.2351718,0.0096271,-0.0193364,-0.0031361,-0.1101806,0.3500000,-0.2343888,-0.0096051,0.0000000,0.0000000,0.0000000,1.2707963,-0.0000000,-1.9076449,-0.6702064,0.5731035,0.2617994,0.1792140,1.0000000,1.0000000
0.0000000,0.0000000,0.9692268,0.0000000,0.0000000,0.0000000,1.0000000,0.0191925,0.0031003,-0.1093982,0.3500000,-0.2351718,0.0096271,-0.0193364,-0.0031361,-0.1101806,0.3500000,-0.2343888,-0.0096051,0.0000000,0.0000000,0.0000000,1.2707963,-0.0000000,-1.9076449,-0.6702064,0.4952338,0.2617994,0.1402791,1.0000000,1.0000000
0.0000000,0.0000000,0.9692268,0.0000000,0.0000000,0.0000000,1.0000000,0.0191925,0.0031003,-0.1093982,0.3500000,-0.2351718,0.0096271,-0.0193364,-0.0031361,-0.1101806,0.3500000,-0.2343888,-0.0096051,0.0000000,0.0000000,0.0000000,1.2707963,-0.0000000,-1.9076449,-0.6702064,0.4074251,0.2617994,0.0963748,1.0000000,1.0000000
0.0000000,0.0000000,0.9692268,0.0000000,0.0000000,0.0000000,1.0000000,0.0191925,0.0031003,-0.1093982,0.3500000,-0.2351718,0.0096271,-0.0193364,-0.0031361,-0.1101806,0.3500000,-0.2343888,-0.0096051,0.0000000,0.0000000,0.0000000,1.2707963,-0.0000000,-1.9076449,-0.6702064,0.3127881,0.2617994,0.0490563,1.0000000,1.0000000
0.0000000,0.0000000,0.9692268,0.0000000,0.0000000,0.0000000,1.0000000,0.0191925,0.0031003,-0.1093982,0.3500000,-0.2351718,0.0096271,-0.0193364,-0.0031361,-0.1101806,0.3500000,-0.2343888,-0.0096051,0.0000000,0.0000000,0.0000000,1.2707963,-0.0000000,-1.9076449,-0.6702064,0.2146755,0.2617994,0.0000000,1.0000000,1.0000000
0.0000000,0.0000000,0.9692268,0.0000000,0.0000000,0.0000000,1.0000000,0.0191925,0.0031003,-0.1093982,0.3500000,-0.2351718,0.0096271,-0.0193364,-0.0031361,-0.1101806,0.3500000,-0.2343888,-0.0096051,0.0000000,0.0000000,0.0000000,1.2707963,-0.0000000,-1.9076449,-0.6702064,0.1165629,0.2617994,-0.0490563,1.0000000,1.0000000
0.0000000,0.0000000,0.9692268,0.0000000,0.0000000,0.0000000,1.0000000,0.0191925,0.0031003,-0.1093982,0.3500000,-0.2351718,0.0096271,-0.0193364,-0.0031361,-0.1101806,0.3500000,-0.2343888,-0.0096051,0.0000000,0.0000000,0.0000000,1.2707963,-0.0000000,-1.9076449,-0.6702064,0.0219259,0.2617994,-0.0963748,1.0000000,1.0000000
0.0000000,0.0000000,0.9692268,0.0000000,0.0000000,0.0000000,1.0000000,0.0191925,0.0031003,-0.1093982,0.3500000,-0.2351718,0.0096271,-0.0193364,-0.0031361,-0.1101806,0.3500000,-0.2343888,-0.0096051,0.0000000,0.0000000,0.0000000,1.2707963,-0.0000000,-1.9076449,-0.6702064,-0.0658828,0.2617994,-0.1402791,1.0000000,1.0000000
0.0000000,0.0000000,0.9692268,0.0000000,0.0000000,0.0000000,1.0000000,0.0191925,0.0031003,-0.1093982,0.3500000,-0.2351718,0.0096271,-0.0193364,-0.0031361,-0.1101806,0.3500000,-0.2343888,-0.0096051,0.0000000,0.0000000,0.0000000,1.2707963,-0.0000000,-1.9076449,-0.6702064,-0.1437525,0.2617994,-0.1792140,1.0000000,1.0000000
0.0000000,0.0000000,0.9692268,0.0000000,0.0000000,0.0000000,1.0000000,0.0191925,0.0031003,-0.1093982,0.3500000,-0.2351718,0.0096271,-0.0193364,-0.0031361,-0.1101806,0.3500000,-0.2343888,-0.0096051,0.0000000,0.0000000,0.0000000,1.2707963,-0.0000000,-1.9076449,-0.6702064,-0.2089248,0.2617994,-0.2118002,1.0000000,1.0000000
0.0000000,0.0000000,0.9692268,0.0000000,0.0000000,0.0000000,1.0000000,0.0191925,0.0031003,-0.1093982,0.3500000,-0.2351718,0.0096271,-0.0193364,-0.0031361,-0.1101806,0.3500000,-0.2343888,-0.0096051,0.0000000,0.0000000,0.0000000,1.2707963,-0.0000000,-1.9076449,-0.6702064,-0.2590908,0.2617994,-0.2368832,1.0000000,1.0000000
0.0000000,0.0000000,0.9692268,0.0000000,0.0000000,0.0000000,1.0000000,0.0191925,0.0031003,-0.1093982,0.3500000,-0.2351718,0.0096271,-0.0193364,-0.0031361,-0.1101806,0.3500000,-0.2343888,-0.0096051,0.0000000,0.0000000,0.0000000,1.2707963,-0.0000000,-1.9076449,-0.6702064,-0.2924735,0.2617994,-0.2535745,1.0000000,1.0000000
0.0000000,0.0000000,0.9692268,0.0000000,0.0000000,0.0000000,1.0000000,0.0191925,0.0031003,-0.1093982,0.3500000,-0.2351718,0.0096271,-0.0193364,-0.0031361,-0.1101806,0.3500000,-0.2343888,-0.0096051,0.0000000,0.0000000,0.0000000,1.2707963,-0.0000000,-1.9076449,-0.6702064,-0.3078901,0.2617994,-0.2612828,1.0000000,1.0000000
0.0000000,0.0000000,0.9692268,0.0000000,0.0000000,0.0000000,1.0000000,0.0191925,0.0031003,-0.1093982,0.3500000,-0.2351718,0.0096271,-0.0193364,-0.0031361,-0.1101806,0.3500000,-0.2343888,-0.0096051,0.0000000,0.0000000,0.0000000,1.2707963,-0.0000000,-1.9076449,-0.6702064,-0.3047945,0.2617994,-0.2597350,1.0000000,1.0000000
0.0000000,0.0000000,0.9692268,0.0000000,0.0000000,0.0000000,1.0000000,0.0191925,0.0031003,-0.1093982,0.3500000,-0.2351718,0.0096271,-0.0193364,-0.0031361,-0.1101806,0.3500000,-0.2343888,-0.0096051,0.0000000,0.0000000,0.0000000,1.2707963,-0.0000000,-1.9076449,-0.6702064,-0.2832965,0.2617994,-0.2489860,1.0000000,1.0000000
0.0000000,0.0000000,0.9692268,0.0000000,0.0000000,0.0000000,1.0000000,0.0191925,0.0031003,-0.1093982,0.3500000,-0.2351718,0.0096271,-0.0193364,-0.0031361,-0.1101806,0.3500000,-0.2343888,-0.0096051,0.0000000,0.0000000,0.0000000,1.2707963,-0.0000000,-1.9076449,-0.6702064,-0.2441576,0.2617994,-0.2294166,1.0000000,1.0000000
0.0000000,0.0000000,0.9692268,0.0000000,0.0000000,0.0000000,1.0000000,0.0191925,0.0031003,-0.1093982,0.3500000,-0.2351718,0.0096271,-0.0193364,-0.0031361,-0.1101806,0.3500000,-0.2343888,-0.0096051,0.0000000,0.0000000,0.0000000,1.2707963,-0.0000000,-1.9076449,-0.6702064,-0.1887643,0.2617994,-0.2017199,1.0000000,1.0000000
0.0000000,0.0000000,0.9692268,0.0000000,0.0000000,0.0000000,1.0000000,0.0191925,0.0031003,-0.1093982,0.3500000,-0.2351718,0.0096271,-0.0193364,-0.0031361,-0.1101806,0.3500000,-0.2343888,-0.0096051,0.0000000,0.0000000,0.0000000,1.2707963,-0.0000000,-1.9076449,-0.6702064,-0.1190789,0.2617994,-0.1668772,1.0000000,1.0000000
0.0000000,0.0000000,0.9692268,0.0000000,0.0000000,0.0000000,1.0000000,0.0191925,0.0031003,-0.1093982,0.3500000,-0.2351718,0.0096271,-0.0193364,-0.0031361,-0.1101806,0.3500000,-0.2343888,-0.0096051,0.0000000,0.0000000,0.0000000,1.2707963,-0.0000000,-1.9076449,-0.6702064,-0.0375701,0.2617994,-0.1261228,1.0000000,1.0000000
0.0000000,0.0000000,0.9692268,0.0000000,0.0000000,0.0000000,1.0000000,0.0191925,0.0031003,-0.1093982,0.3500000,-0.2351718,0.0096271,-0.0193364,-0.0031361,-0.1101806,0.3500000,-0.2343888,-0.0096051,0.0000000,0.0000000,0.0000000,1.2707963,-0.0000000,-1.9076449,-0.6702064,0.0528746,0.2617994,-0.0809005,1.0000000,1.0000000
0.0000000,0.0000000,0.9692268,0.0000000,0.0000000,0.0000000,1.0000000,0.0191925,0.0031003,-0.1093982,0.3500000,-0.2351718,0.0096271,-0.0193364,-0.0031361,-0.1101806,0.3500000,-0.2343888,-0.0096051,0.0000000,0.0000000,0.0000000,1.2707963,-0.0000000,-1.9076449,-0.6702064,0.1490512,0.2617994,-0.0328122,1.0000000,1.0000000
0.0000000,0.0000000,0.9692268,0.0000000,0.0000000,0.0000000,1.0000000,0.0191925,0.0031003,-0.1093982,0.3500000,-0.2351718,0.0096271,-0.0193364,-0.0031361,-0.1101806,0.3500000,-0.2343888,-0.0096051,0.0000000,0.0000000,0.0000000,1.2707963,-0.0000000,-1.9076449,-0.6702064,0.2475525,0.2617994,0.0164385,1.0000000,1.0000000
0.0000000,0.0000000,0.9692268,0.0000000,0.0000000,0.0000000,1.0000000,0.0191925,0.0031003,-0.1093982,0.3500000,-0.2351718,0.0096271,-0.0193364,-0.0031361,-0.1101806,0.3500000,-0.2343888,-0.0096051,0.0000000,0.0000000,0.0000000,1.2707963,-0.0000000,-1.9076449,-0.6702064,0.3448892,0.2617994,0.0651069,1.0000000,1.0000000
0.0000000,0.0000000,0.9692268,0.0000000,0.0000000,0.0000000,1.0000000,0.0191925,0.0031003,-0.1093982,0.3500000,-0.2351718,0.0096271,-0.0193364,-0.0031361,-0.1101806,0.3500000,-0.2343888,-0.0096051,0.0000000,0.0000000,0.0000000,1.2707963,-0.0000000,-1.9076449,-0.6702064,0.4376130,0.2617994,0.1114688,1.0000000,1.0000000
0.0000000,0.0000000,0.9692268,0.0000000,0.0000000,0.0000000,1.0000000,0.0191925,0.0031003,-0.1093982,0.3500000,-0.2351718,0.0096271,-0.0193364,-0.0031361,-0.1101806,0.3500000,-0.2343888,-0.0096051,0.0000000,0.0000000,0.0000000,1.2707963,-0.0000000,-1.9076449,-0.6702064,0.5224391,0.2617994,0.1538818,1.0000000,1.0000000
0.0000000,0.0000000,0.9692268,0.0000000,0.0000000,0.0000000,1.0000000,0.0191925,0.0031003,-0.1093982,0.3500000,-0.2351718,0.0096271,-0.0193364,-0.0031361,-0.1101806,0.3500000,-0.2343888,-0.0096051,0.0000000,0.0000000,0.0000000,1.2707963,-0.0000000,-1.9076449,-0.6702064,0.5963626,0.2617994,0.1908435,1.0000000,1.0000000
0.0000000,0.0000000,0.9692268,0.0000000,0.0000000,0.0000000,1.0000000,0.0191925,0.0031003,-0.1093982,0.3500000,-0.2351718,0.0096271,-0.0193364,-0.0031361,-0.1101806,0.3500000,-0.2343888,-0.0096051,0.0000000,0.0000000,0.0000000,1.2707963,-0.0000000,-1.9076449,-0.6702064,0.6567646,0.2617994,0.2210445,1.0000000,1.0000000
0.0000000,0.0000000,0.9692268,0.0000000,0.0000000,0.0000000,1.0000000,0.0191925,0.0031003,-0.1093982,0.3500000,-0.2351718,0.0096271,-0.0193364,-0.0031361,-0.1101806,0.3500000,-0.2343888,-0.0096051,0.0000000,0.0000000,0.0000000,1.2707963,-0.0000000,-1.9076449,-0.6702064,0.7015053,0.2617994,0.2434149,1.0000000,1.0000000
0.0000000,0.0000000,0.9692268,0.0000000,0.0000000,0.0000000,1.0000000,0.0191925,0.0031003,-0.1093982,0.3500000,-0.2351718,0.0096271,-0.0193364,-0.0031361,-0.1101806,0.3500000,-0.2343888,-0.0096051,0.0000000,0.0000000,0.0000000,1.2707963,-0.0000000,-1.9076449,-0.6702064,0.7289999,0.2617994,0.2571622,1.0000000,1.0000000
0.0000000,0.0000000,0.9692268,0.0000000,0.0000000,0.0000000,1.0000000,0.0191925,0.0031003,-0.1093982,0.3500000,-0.2351718,0.0096271,-0.0193364,-0.0031361,-0.1101806,0.3500000,-0.2343888,-0.0096051,0.0000000,0.0000000,0.0000000,1.2707963,-0.0000000,-1.9076449,-0.6702064,0.7382743,0.2617994,0.2617994,1.0000000,1.0000000
0.0000000,0.0000000,0.9692268,0.0000000,0.0000000,0.0000000,1.0000000,0.0191925,0.0031003,-0.1093982,0.3500000,-0.2351718,0.0096271,-0.0193364,-0.0031361,-0.1101806,0.3500000,-0.2343888,-0.0096051,0.0000000,0.0000000,0.0000000,1.2707963,-0.0000000,-1.9076449,-0.6702064,0.7289999,0.2617994,0.2571622,1.0000000,1.0000000
0.0000000,0.0000000,0.9692268,0.0000000,0.0000000,0.0000000,1.0000000,0.0191925,0.0031003,-0.1093982,0.3500000,-0.2351718,0.0096271,-0.0193364,-0.0031361,-0.1101806,0.3500000,-0.2343888,-0.0096051,0.0000000,0.0000000,0.0000000,1.2707963,-0.0000000,-1.9076449,-0.6702064,0.7015053,0.2617994,0.2434149,1.0000000,1.0000000
0.0000000,0.0000000,0.9692268,0.0000000,0.0000000,0.0000000,1.0000000,0.0191925,0.0031003,-0.1093982,0.3500000,-0.2351718,0.0096271,-0.0193364,-0.0031361,-0.1101806,0.3500000,-0.2343888,-0.0096051,0.0000000,0.0000000,0.0000000,1.2707963,-0.0000000,-1.9076449,-0.6702064,0.6567646,0.2617994,0.2210445,1.0000000,1.0000000
0.0000000,0.0000000,0.9692268,0.0000000,0.0000000,0.0000000,1.0000000,0.0191925,0.0031003,-0.1093982,0.3500000,-0.2351718,0.0096271,-0.0193364,-0.0031361,-0.1101806,0.3500000,-0.2343888,-0.0096051,0.0000000,0.0000000,0.0000000,1.2707963,-0.0000000,-1.9076449,-0.6702064,0.5963626,0.2617994,0.1908435,1.0000000,1.0000000
0.0000000,0.0000000,0.9692268,0.0000000,0.0000000,0.0000000,1.0000000,0.0191925,0.0031003,-0.1093982,0.3500000,-0.2351718,0.0096271,-0.0193364,-0.0031361,-0.1101806,0.3500000,-0.2343888,-0.0096051,0.0000000,0.0000000,0.0000000,1.2707963,-0.0000000,-1.9076449,-0.6702064,0.5224391,0.2617994,0.1538818,1.0000000,1.0000000
0.0000000,0.0000000,0.9692268,0.0000000,0.0000000,0.0000000,1.0000000,0.0191925,0.0031003,-0.1093982,0.3500000,-0.2351718,0.0096271,-0.0193364,-0.0031361,-0.1101806,0.3500000,-0.2343888,-0.0096051,0.0000000,0.0000000,0.0000000,1.2707963,-0.0000000,-1.9076449,-0.6702064,0.4376130,0.2617994,0.1114688,1.0000000,1.0000000
0.0000000,0.0000000,0.9692268,0.0000000,0.0000000,0.0000000,1.0000000,0.0191925,0.0031003,-0.1093982,0.3500000,-0.2351718,0.0096271,-0.0193364,-0.0031361,-0.1101806,0.3500000,-0.2343888,-0.0096051,0.0000000,0.0000000,0.0000000,1.2707963,-0.0000000,-1.9076449,-0.6702064,0.3448892,0.2617994,0.0651069,1.0000000,1.0000000
0.0000000,0.0000000,0.9692268,0.0000000,0.0000000,0.0000000,1.0000000,0.0191925,0.0031003,-0.1093982,0.3500000,-0.2351718,0.0096271,-0.0193364,-0.0031361,-0.1101806,0.3500000,-0.2343888,-0.0096051,0.0000000,0.0000000,0.0000000,1.2707963,-0.0000000,-1.9076449,-0.6702064,0.2475525,0.2617994,0.0164385,1.0000000,1.0000000
0.0000000,0.0000000,0.9692268,0.0000000,0.0000000,0.0000000,1.0000000,0.0191925,0.0031003,-0.1093982,0.3500000,-0.2351718,0.0096271,-0.0193364,-0.0031361,-0.1101806,0.3500000,-0.2343888,-0.0096051,0.0000000,0.0000000,0.0000000,1.2707963,-0.0000000,-1.9076449,-0.6702064,0.1490512,0.2617994,-0.0328122,1.0000000,1.0000000
0.0000000,0.0000000,0.9692268,0.0000000,0.0000000,0.0000000,1.0000000,0.0191925,0.0031003,-0.1093982,0.3500000,-0.2351718,0.0096271,-0.0193364,-0.0031361,-0.1101806,0.3500000,-0.2343888,-0.0096051,0.0000000,0.0000000,0.0000000,1.2707963,-0.0000000,-1.9076449,-0.6702064,0.0528746,0.2617994,-0.0809005,1.0000000,1.0000000
0.0000000,0.0000000,0.9692268,0.0000000,0.0000000,0.0000000,1.0000000,0.0191925,0.0031003,-0.1093982,0.3500000,-0.2351718,0.0096271,-0.0193364,-0.0031361,-0.1101806,0.3500000,-0.2343888,-0.0096051,0.0000000,0.0000000,0.0000000,1.2707963,-0.0000000,-1.9076449,-0.6702064,-0.0375701,0.2617994,-0.1261228,1.0000000,1.0000000
0.0000000,0.0000000,0.9692268,0.0000000,0.0000000,0.0000000,1.0000000,0.0191925,0.0031003,-0.1093982,0.3500000,-0.2351718,0.0096271,-0.0193364,-0.0031361,-0.1101806,0.3500000,-0.2343888,-0.0096051,0.0000000,0.0000000,0.0000000,1.2707963,-0.0000000,-1.9076449,-0.6702064,-0.1190789,0.2617994,-0.1668772,1.0000000,1.0000000
0.0000000,0.0000000,0.9692268,0.0000000,0.0000000,0.0000000,1.0000000,0.0191925,0.0031003,-0.1093982,0.3500000,-0.2351718,0.0096271,-0.0193364,-0.0031361,-0.1101806,0.3500000,-0.2343888,-0.0096051,0.0000000,0.0000000,0.0000000,1.2707963,-0.0000000,-1.9076449,-0.6702064,-0.1887643,0.2617994,-0.2017199,1.0000000,1.0000000
0.0000000,0.0000000,0.9692268,0.0000000,0.0000000,0.0000000,1.0000000,0.0191925,0.0031003,-0.1093982,0.3500000,-0.2351718,0.0096271,-0.0193364,-0.0031361,-0.1101806,0.3500000,-0.2343888,-0.0096051,0.0000000,0.0000000,0.0000000,1.2707963,-0.0000000,-1.9076449,-0.6702064,-0.2441576,0.2617994,-0.2294166,1.0000000,1.0000000
0.0000000,0.0000000,0.9692268,0.0000000,0.0000000,0.0000000,1.0000000,0.0191925,0.0031003,-0.1093982,0.3500000,-0.2351718,0.0096271,-0.0193364,-0.0031361,-0.1101806,0.3500000,-0.2343888,-0.0096051,0.0000000,0.0000000,0.0000000,1.2707963,-0.0000000,-1.9076449,-0.6702064,-0.2832965,0.2617994,-0.2489860,1.0000000,1.0000000
0.0000000,0.0000000,0.9692268,0.0000000,0.0000000,0.0000000,1.0000000,0.0191925,0.0031003,-0.1093982,0.3500000,-0.2351718,0.0096271,-0.0193364,-0.0031361,-0.1101806,0.3500000,-0.2343888,-0.0096051,0.0000000,0.0000000,0.0000000,1.2707963,-0.0000000,-1.9076449,-0.6702064,-0.3047945,0.2617994,-0.2597350,1.0000000,1.0000000
0.0000000,0.0000000,0.9692268,0.0000000,0.0000000,0.0000000,1.0000000,0.0191925,0.0031003,-0.1093982,0.3500000,-0.2351718,0.0096271,-0.0193364,-0.0031361,-0.1101806,0.3500000,-0.2343888,-0.0096051,0.0000000,0.0000000,0.0000000,1.2707963,-0.0000000,-1.9076449,-0.6702064,-0.3078901,0.2617994,-0.2612828,1.0000000,1.0000000
0.0000000,0.0000000,0.9692268,0.0000000,0.0000000,0.0000000,1.0000000,0.0191925,0.0031003,-0.1093982,0.3500000,-0.2351718,0.0096271,-0.0193364,-0.0031361,-0.1101806,0.3500000,-0.2343888,-0.0096051,0.0000000,0.0000000,0.0000000,1.2707963,-0.0000000,-1.9076449,-0.6702064,-0.2924735,0.2617994,-0.2535745,1.0000000,1.0000000
0.0000000,0.0000000,0.9692268,0.0000000,0.0000000,0.0000000,1.0000000,0.0191925,0.0031003,-0.1093982,0.3500000,-0.2351718,0.0096271,-0.0193364,-0.0031361,-0.1101806,0.3500000,-0.2343888,-0.0096051,0.0000000,0.0000000,0.0000000,1.2707963,-0.0000000,-1.9076449,-0.6702064,-0.2590908,0.2617994,-0.2368832,1.0000000,1.0000000
0.0000000,0.0000000,0.9692268,0.0000000,0.0000000,0.0000000,1.0000000,0.0191925,0.0031003,-0.1093982,0.3500000,-0.2351718,0.0096271,-0.0193364,-0.0031361,-0.1101806,0.3500000,-0.2343888,-0.0096051,0.0000000,0.0000000,0.0000000,1.2707963,-0.0000000,-1.9076449,-0.6702064,-0.2089248,0.2617994,-0.2118002,1.0000000,1.0000000
0.0000000,0.0000000,0.9692268,0.0000000,0.0000000,0.0000000,1.0000000,0.0191925,0.0031003,-0.1093982,0.3500000,-0.2351718,0.0096271,-0.0193364,-0.0031361,-0.1101806,0.3500000,-0.2343888,-0.0096051,0.0000000,0.0000000,0.0000000,1.2707963,-0.0000000,-1.9076449,-0.6702064,-0.1437525,0.2617994,-0.1792140,1.0000000,1.0000000
0.0000000,0.0000000,0.9692268,0.0000000,0.0000000,0.0000000,1.0000000,0.0191925,0.0031003,-0.1093982,0.3500000,-0.2351718,0.0096271,-0.0193364,-0.0031361,-0.1101806,0.3500000,-0.2343888,-0.0096051,0.0000000,0.0000000,0.0000000,1.2707963,-0.0000000,-1.9076449,-0.6702064,-0.0658828,0.2617994,-0.1402791,1.0000000,1.0000000
0.0000000,0.0000000,0.9692268,0.0000000,0.0000000,0.0000000,1.0000000,0.0191925,0.0031003,-0.1093982,0.3500000,-0.2351718,0.0096271,-0.0193364,-0.0031361,-0.1101806,0.3500000,-0.2343888,-0.0096051,0.0000000,0.0000000,0.0000000,1.2707963,-0.0000000,-1.9076449,-0.6702064,0.0219259,0.2617994,-0.0963748,1.0000000,1.0000000
0.0000000,0.0000000,0.9692268,0.0000000,0.0000000,0.0000000,1.0000000,0.0191925,0.0031003,-0.1093982,0.3500000,-0.2351718,0.0096271,-0.0193364,-0.0031361,-0.1101806,0.3500000,-0.2343888,-0.0096051,0.0000000,0.0000000,0.0000000,1.2707963,-0.0000000,-1.9076449,-0.6702064,0.1165629,0.2617994,-0.0490563,1.0000000,1.0000000
0.0000000,0.0000000,0.9692268,0.0000000,0.0000000,0.0000000,1.0000000,0.0191925,0.0031003,-0.1093982,0.3500000,-0.2351718,0.0096271,-0.0193364,-0.0031361,-0.1101806,0.3500000,-0.2343888,-0.0096051,0.0000000,0.0000000,0.0000000,1.2707963,-0.0000000,-1.9076449,-0.6702064,0.2146755,0.2617994,-0.0000000,1.0000000,1.0000000
0.0000000,0.0000000,0.9692268,0.0000000,0.0000000,0.0000000,1.0000000,0.0191925,0.0031003,-0.1093982,0.3500000,-0.2351718,0.0096271,-0.0193364,-0.0031361,-0.1101806,0.3500000,-0.2343888,-0.0096051,0.0000000,0.0000000,0.0000000,1.2707963,-0.0000000,-1.9076449,-0.6702064,0.3127881,0.2617994,0.0490563,1.0000000,1.0000000
0.0000000,0.0000000,0.9692268,0.0000000,0.0000000,0.0000000,1.0000000,0.0191925,0.0031003,-0.1093982,0.3500000,-0.2351718,0.0096271,-0.0193364,-0.0031361,-0.1101806,0.3500000,-0.2343888,-0.0096051,0.0000000,0.0000000,0.0000000,1.2707963,-0.0000000,-1.9076449,-0.6702064,0.4074251,0.2617994,0.0963748,1.0000000,1.0000000
0.0000000,0.0000000,0.9692268,0.0000000,0.0000000,0.0000000,1.0000000,0.0191925,0.0031003,-0.1093982,0.3500000,-0.2351718,0.0096271,-0.0193364,-0.0031361,-0.1101806,0.3500000,-0.2343888,-0.0096051,0.0000000,0.0000000,0.0000000,1.2707963,-0.0000000,-1.9076449,-0.6702064,0.4952338,0.2617994,0.1402791,1.0000000,1.0000000
0.0000000,0.0000000,0.9692268,0.0000000,0.0000000,0.0000000,1.0000000,0.0191925,0.0031003,-0.1093982,0.3500000,-0.2351718,0.0096271,-0.0193364,-0.0031361,-0.1101806,0.3500000,-0.2343888,-0.0096051,0.0000000,0.0000000,0.0000000,1.2707963,-0.0000000,-1.9076449,-0.6702064,0.5731035,0.2617994,0.1792140,1.0000000,1.0000000
0.0000000,0.0000000,0.9692268,0.0000000,0.0000000,0.0000000,1.0000000,0.0191925,0.0031003,-0.1093982,0.3500000,-0.2351718,0.0096271,-0.0193364,-0.0031361,-0.1101806,0.3500000,-0.2343888,-0.0096051,0.0000000,0.0000000,0.0000000,1.2707963,-0.0000000,-1.9076449,-0.6702064,0.6382758,0.2617994,0.2118002,1.0000000,1.0000000
0.0000000,0.0000000,0.9692268,0.0000000,0.0000000,0.0000000,1.0000000,0.0191925,0.0031003,-0.1093982,0.3500000,-0.2351718,0.0096271,-0.0193364,-0.0031361,-0.1101806,0.3500000,-0.2343888,-0.0096051,0.0000000,0.0000000,0.0000000,1.2707963,-0.0000000,-1.9076449,-0.6702064,0.6884418,0.2617994,0.2368832,1.0000000,1.0000000
0.0000000,0.0000000,0.9692268,0.0000000,0.0000000,0.0000000,1.0000000,0.0191925,0.0031003,-0.1093982,0.3500000,-0.2351718,0.0096271,-0.0193364,-0.0031361,-0.1101806,0.3500000,-0.2343888,-0.0096051,0.0000000,0.0000000,0.0000000,1.2707963,-0.0000000,-1.9076449,-0.6702064,0.7218245,0.2617994,0.2535745,1.0000000,1.0000000
0.0000000,0.0000000,0.9692268,0.0000000,0.0000000,0.0000000,1.0000000,0.0191925,0.0031003,-0.1093982,0.3500000,-0.2351718,0.0096271,-0.0193364,-0.0031361,-0.1101806,0.3500000,-0.2343888,-0.0096051,0.0000000,0.0000000,0.0000000,1.2707963,-0.0000000,-1.9076449,-0.6702064,0.7372411,0.2617994,0.2612828,1.0000000,1.0000000
0.0000000,0.0000000,0.9692268,0.0000000,0.0000000,0.0000000,1.0000000,0.0191925,0.0031003,-0.1093982,0.3500000,-0.2351718,0.0096271,-0.0193364,-0.0031361,-0.1101806,0.3500000,-0.2343888,-0.0096051,0.0000000,0.0000000,0.0000000,1.2707963,-0.0000000,-1.9076449,-0.6702064,0.7341455,0.2617994,0.2597350,1.0000000,1.0000000
0.0000000,0.0000000,0.9692268,0.0000000,0.0000000,0.0000000,1.0000000,0.0191925,0.0031003,-0.1093982,0.3500000,-0.2351718,0.0096271,-0.0193364,-0.0031361,-0.1101806,0.3500000,-0.2343888,-0.0096051,0.0000000,0.0000000,0.0000000,1.2707963,-0.0000000,-1.9076449,-0.6702064,0.7126475,0.2617994,0.2489860,1.0000000,1.0000000
0.0000000,0.0000000,0.9692268,0.0000000,0.0000000,0.0000000,1.0000000,0.0191925,0.0031003,-0.1093982,0.3500000,-0.2351718,0.0096271,-0.0193364,-0.0031361,-0.1101806,0.3500000,-0.2343888,-0.0096051,0.0000000,0.0000000,0.0000000,1.2707963,-0.0000000,-1.9076449,-0.6702064,0.6735086,0.2617994,0.2294166,1.0000000,1.0000000
0.0000000,0.0000000,0.9692268,0.0000000,0.0000000,0.0000000,1.0000000,0.0191925,0.0031003,-0.1093982,0.3500000,-0.2351718,0.0096271,-0.0193364,-0.0031361,-0.1101806,0.3500000,-0.2343888,-0.0096051,0.0000000,0.0000000,0.0000000,1.2707963,-0.0000000,-1.9076449,-0.6702064,0.6181153,0.2617994,0.2017199,1.0000000,1.0000000
0.0000000,0.0000000,0.9692268,0.0000000,0.0000000,0.0000000,1.0000000,0.0191925,0.0031003,-0.1093982,0.3500000,-0.2351718,0.0096271,-0.0193364,-0.0031361,-0.1101806,0.3500000,-0.2343888,-0.0096051,0.0000000,0.0000000,0.0000000,1.2707963,-0.0000000,-1.9076449,-0.6702064,0.5484299,0.2617994,0.1668772,1.0000000,1.0000000
0.0000000,0.0000000,0.9692268,0.0000000,0.0000000,0.0000000,1.0000000,0.0191925,0.0031003,-0.1093982,0.3500000,-0.2351718,0.0096271,-0.0193364,-0.0031361,-0.1101806,0.3500000,-0.2343888,-0.0096051,0.0000000,0.0000000,0.0000000,1.2707963,-0.0000000,-1.9076449,-0.6702064,0.4669211,0.2617994,0.1261228,1.0000000,1.0000000
0.0000000,0.0000000,0.9692268,0.0000000,0.0000000,0.0000000,1.0000000,0.0191925,0.0031003,-0.1093982,0.3500000,-0.2351718,0.0096271,-0.0193364,-0.0031361,-0.1101806,0.3500000,-0.2343888,-0.0096051,0.0000000,0.0000000,0.0000000,1.2707963,-0.0000000,-1.9076449,-0.6702064,0.3764764,0.2617994,0.0809005,1.0000000,1.0000000
0.0000000,0.0000000,0.9692268,0.0000000,0.0000000,0.0000000,1.0000000,0.0191925,0.0031003,-0.1093982,0.3500000,-0.2351718,0.0096271,-0.0193364,-0.0031361,-0.1101806,0.3500000,-0.2343888,-0.0096051,0.0000000,0.0000000,0.0000000,1.2707963,-0.0000000,-1.9076449,-0.6702064,0.2802998,0.2617994,0.0328122,1.0000000,1.0000000
0.0000000,0.0000000,0.9692268,0.0000000,0.0000000,0.0000000,1.0000000,0.0191925,0.0031003,-0.1093982,0.3500000,-0.2351718,0.0096271,-0.0193364,-0.0031361,-0.1101806,0.3500000,-0.2343888,-0.0096051,0.0000000,0.0000000,0.0000000,1.2707963,-0.0000000,-1.9076449,-0.6702064,0.1817985,0.2617994,-0.0164385,1.0000000,1.0000000
0.0000000,0.0000000,0.9692268,0.0000000,0.0000000,0.0000000,1.0000000,0.0191925,0.0031003,-0.1093982,0.3500000,-0.2351718,0.0096271,-0.0193364,-0.0031361,-0.1101806,0.3500000,-0.2343888,-0.0096051,0.0000000,0.0000000,0.0000000,1.2707963,-0.0000000,-1.9076449,-0.6702064,0.0844618,0.2617994,-0.0651069,1.0000000,1.0000000
0.0000000,0.0000000,0.9692268,0.0000000,0.0000000,0.0000000,1.0000000,0.0191925,0.0031003,-0.1093982,0.3500000,-0.2351718,0.0096271,-0.0193364,-0.0031361,-0.1101806,0.3500000,-0.2343888,-0.0096051,0.0000000,0.0000000,0.0000000,1.2707963,-0.0000000,-1.9076449,-0.6702064,-0.0082620,0.2617994,-0.1114688,1.0000000,1.0000000
0.0000000,0.0000000,0.9692268,0.0000000,0.0000000,0.0000000,1.0000000,0.0191925,0.0031003,-0.1093982,0.3500000,-0.2351718,0.0096271,-0.0193364,-0.0031361,-0.1101806,0.3500000,-0.2343888,-0.0096051,0.0000000,0.0000000,0.0000000,1.2707963,-0.0000000,-1.9076449,-0.6702064,-0.0930881,0.2617994,-0.1538818,1.0000000,1.0000000
0.0000000,0.0000000,0.9692268,0.0000000,0.0000000,0.0000000,1.0000000,0.0191925,0.0031003,-0.1093982,0.3500000,-0.2351718,0.0096271,-0.0193364,-0.0031361,-0.1101806,0.3500000,-0.2343888,-0.0096051,0.0000000,0.0000000,0.0000000,1.2707963,-0.0000000,-1.9076449,-0.6702064,-0.1670116,0.2617994,-0.1908435,1.0000000,1.0000000
0.0000000,0.0000000,0.9692268,0.0000000,0.0000000,0.0000000,1.0000000,0.0191925,0.0031003,-0.1093982,0.3500000,-0.2351718,0.0096271,-0.0193364,-0.0031361,-0.1101806,0.3500000,-0.2343888,-0.0096051,0.0000000,0.0000000,0.0000000,1.2707963,-0.0000000,-1.9076449,-0.6702064,-0.2274136,0.2617994,-0.2210445,1.0000000,1.0000000
0.0000000,0.0000000,0.9692268,0.0000000,0.0000000,0.0000000,1.0000000,0.0191925,0.0031003,-0.1093982,0.3500000,-0.2351718,0.0096271,-0.0193364,-0.0031361,-0.1101806,0.3500000,-0.2343888,-0.0096051,0.0000000,0.0000000,0.0000000,1.2707963,-0.0000000,-1.9076449,-0.6702064,-0.2721543,0.2617994,-0.2434149,1.0000000,1.0000000
0.0000000,0.0000000,0.9692268,0.0000000,0.0000000,0.0000000,1.0000000,0.0191925,0.0031003,-0.1093982,0.3500000,-0.2351718,0.0096271,-0.0193364,-0.0031361,-0.1101806,0.3500000,-0.2343888,-0.0096051,0.0000000,0.0000000,0.0000000,1.2707963,-0.0000000,-1.9076449,-0.6702064,-0.2996489,0.2617994,-0.2571622,1.0000000,1.0000000
0.0000000,0.0000000,0.9692268,0.0000000,0.0000000,0.0000000,1.0000000,0.0191925,0.0031003,-0.1093982,0.3500000,-0.2351718,0.0096271,-0.0193364,-0.0031361,-0.1101806,0.3500000,-0.2343888,-0.0096051,0.0000000,0.0000000,0.0000000,1.2707963,-0.0000000,-1.9076449,-0.6702064,-0.3089233,0.2617994,-0.2617994,1.0000000,1.0000000
0.0000000,0.0000000,0.9692268,0.0000000,0.0000000,0.0000000,1.0000000,0.0191925,0.0031003,-0.1093982,0.3500000,-0.2351718,0.0096271,-0.0193364,-0.0031361,-0.1101806,0.3500000,-0.2343888,-0.0096051,0.0000000,0.0000000,0.0000000,1.2707963,-0.0000000,-1.9076449,-0.6702064,-0.2996489,0.2617994,-0.2571622,1.0000000,1.0000000
0.0000000,0.0000000,0.9692268,0.0000000,0.0000000,0.0000000,1.0000000,0.0191925,0.0031003,-0.1093982,0.3500000,-0.2351718,0.0096271,-0.0193364,-0.0031361,-0.1101806,0.3500000,-0.2343888,-0.0096051,0.0000000,0.0000000,0.0000000,1.2707963,-0.0000000,-1.9076449,-0.6702064,-0.2721543,0.2617994,-0.2434149,1.0000000,1.0000000
0.0000000,0.0000000,0.9692268,0.0000000,0.0000000,0.0000000,1.0000000,0.0191925,0.0031003,-0.1093982,0.3500000,-0.2351718,0.0096271,-0.0193364,-0.0031361,-0.1101806,0.3500000,-0.2343888,-0.0096051,0.0000000,0.0000000,0.0000000,1.2707963,-0.0000000,-1.9076449,-0.6702064,-0.2274136,0.2617994,-0.2210445,1.0000000,1.0000000
0.0000000,0.0000000,0.9692268,0.0000000,0.0000000,0.0000000,1.0000000,0.0191925,0.0031003,-0.1093982,0.3500000,-0.2351718,0.0096271,-0.0193364,-0.0031361,-0.1101806,0.3500000,-0.2343888,-0.0096051,0.0000000,0.0000000,0.0000000,1.2707963,-0.0000000,-1.9076449,-0.6702064,-0.1670116,0.2617994,-0.1908435,1.0000000,1.0000000
0.0000000,0.0000000,0.9692268,0.0000000,0.0000000,0.0000000,1.0000000,0.0191925,0.0031003,-0.1093982,0.3500000,-0.2351718,0.0096271,-0.0193364,-0.0031361,-0.1101806,0.3500000,-0.2343888,-0.0096051,0.0000000,0.0000000,0.0000000,1.2707963,-0.0000000,-1.9076449,-0.6702064,-0.0930881,0.2617994,-0.1538818,1.0000000,1.0000000
0.0000000,0.0000000,0.9692268,0.0000000,0.0000000,0.0000000,1.0000000,0.0191925,0.0031003,-0.1093982,0.3500000,-0.2351718,0.0096271,-0.0193364,-0.0031361,-0.1101806,0.3500000,-0.2343888,-0.0096051,0.0000000,0.0000000,0.0000000,1.2707963,-0.0000000,-1.9076449,-0.6702064,-0.0082620,0.2617994,-0.1114688,1.0000000,1.0000000
0.0000000,0.0000000,0.9692268,0.0000000,0.0000000,0.0000000,1.0000000,0.0191925,0.0031003,-0.1093982,0.3500000,-0.2351718,0.0096271,-0.0193364,-0.0031361,-0.1101806,0.3500000,-0.2343888,-0.0096051,0.0000000,0.0000000,0.0000000,1.2707963,-0.0000000,-1.9076449,-0.6702064,0.0844618,0.2617994,-0.0651069,1.0000000,1.0000000
0.0000000,0.0000000,0.9692268,0.0000000,0.0000000,0.0000000,1.0000000,0.0191925,0.0031003,-0.1093982,0.3500000,-0.2351718,0.0096271,-0.0193364,-0.0031361,-0.1101806,0.3500000,-0.2343888,-0.0096051,0.0000000,0.0000000,0.0000000,1.2707963,-0.0000000,-1.9076449,-0.6702064,0.1817985,0.2617994,-0.0164385,1.0000000,1.0000000
0.0000000,0.0000000,0.9692268,0.0000000,0.0000000,0.0000000,1.0000000,0.0191925,0.0031003,-0.1093982,0.3500000,-0.2351718,0.0096271,-0.0193364,-0.0031361,-0.1101806,0.3500000,-0.2343888,-0.0096051,0.0000000,0.0000000,0.0000000,1.2707963,-0.0000000,-1.9076449,-0.6702064,0.2802998,0.2617994,0.0328122,1.0000000,1.0000000
0.0000000,0.0000000,0.9692268,0.0000000,0.0000000,0.0000000,1.0000000,0.0191925,0.0031003,-0.1093982,0.3500000,-0.2351718,0.0096271,-0.0193364,-0.0031361,-0.1101806,0.3500000,-0.2343888,-0.0096051,0.0000000,0.0000000,0.0000000,1.2707963,-0.0000000,-1.9076449,-0.6702064,0.3764764,0.2617994,0.0809005,1.0000000,1.0000000
0.0000000,0.0000000,0.9692268,0.0000000,0.0000000,0.0000000,1.0000000,0.0191925,0.0031003,-0.1093982,0.3500000,-0.2351718,0.0096271,-0.0193364,-0.0031361,-0.1101806,0.3500000,-0.2343888,-0.0096051,0.0000000,0.0000000,0.0000000,1.2707963,-0.0000000,-1.9076449,-0.6702064,0.4669211,0.2617994,0.1261228,1.0000000,1.0000000
0.0000000,0.0000000,0.9692268,0.0000000,0.0000000,0.0000000,1.0000000,0.0191925,0.0031003,-0.1093982,0.3500000,-0.2351718,0.0096271,-0.0193364,-0.0031361,-0.1101806,0.3500000,-0.2343888,-0.0096051,0.0000000,0.0000000,0.0000000,1.2707963,-0.0000000,-1.9076449,-0.6702064,0.5484299,0.2617994,0.1668772,1.0000000,1.0000000
0.0000000,0.0000000,0.9692268,0.0000000,0.0000000,0.0000000,1.0000000,0.0191925,0.0031003,-0.1093982,0.3500000,-0.2351718,0.0096271,-0.0193364,-0.0031361,-0.1101806,0.3500000,-0.2343888,-0.0096051,0.0000000,0.0000000,0.0000000,1.2707963,-0.0000000,-1.9076449,-0.6702064,0.6181153,0.2617994,0.2017199,1.0000000,1.0000000
0.0000000,0.0000000,0.9692268,0.0000000,0.0000000,0.0000000,1.0000000,0.0191925,0.0031003,-0.1093982,0.3500000,-0.2351718,0.0096271,-0.0193364,-0.0031361,-0.1101806,0.3500000,-0.2343888,-0.0096051,0.0000000,0.0000000,0.0000000,1.2707963,-0.0000000,-1.9076449,-0.6702064,0.6735086,0.2617994,0.2294166,1.0000000,1.0000000
0.0000000,0.0000000,0.9692268,0.0000000,0.0000000,0.0000000,1.0000000,0.0191925,0.0031003,-0.1093982,0.3500000,-0.2351718,0.0096271,-0.0193364,-0.0031361,-0.1101806,0.3500000,-0.2343888,-0.0096051,0.0000000,0.0000000,0.0000000,1.2707963,-0.0000000,-1.9076449,-0.6702064,0.7126475,0.2617994,0.2489860,1.0000000,1.0000000
0.0000000,0.0000000,0.9692268,0.0000000,0.0000000,0.0000000,1.0000000,0.0191925,0.0031003,-0.1093982,0.3500000,-0.2351718,0.0096271,-0.0193364,-0.0031361,-0.1101806,0.3500000,-0.2343888,-0.0096051,0.0000000,0.0000000,0.0000000,1.2707963,-0.0000000,-1.9076449,-0.6702064,0.7341455,0.2617994,0.2597350,1.0000000,1.0000000
0.0000000,0.0000000,0.9692268,0.0000000,0.0000000,0.0000000,1.0000000,0.0191925,0.0031003,-0.1093982,0.3500000,-0.2351718,0.0096271,-0.0193364,-0.0031361,-0.1101806,0.3500000,-0.2343888,-0.0096051,0.0000000,0.0000000,0.0000000,1.2707963,-0.0000000,-1.9076449,-0.6702064,0.7372411,0.2617994,0.2612828,1.0000000,1.0000000
0.0000000,0.0000000,0.9692268,0.0000000,0.0000000,0.0000000,1.0000000,0.0191925,0.0031003,-0.1093982,0.3500000,-0.2351718,0.0096271,-0.0193364,-0.0031361,-0.1101806,0.3500000,-0.2343888,-0.0096051,0.0000000,0.0000000,0.0000000,1.2707963,-0.0000000,-1.9076449,-0.6702064,0.7218245,0.2617994,0.2535745,1.0000000,1.0000000
0.0000000,0.0000000,0.9692268,0.0000000,0.0000000,0.0000000,1.0000000,0.0191925,0.0031003,-0.1093982,0.3500000,-0.2351718,0.0096271,-0.0193364,-0.0031361,-0.1101806,0.3500000,-0.2343888,-0.0096051,0.0000000,0.0000000,0.0000000,1.2707963,-0.0000000,-1.9076449,-0.6702064,0.6884418,0.2617994,0.2368832,1.0000000,1.0000000
0.0000000,0.0000000,0.9692268,0.0000000,0.0000000,0.0000000,1.0000000,0.0191925,0.0031003,-0.1093982,0.3500000,-0.2351718,0.0096271,-0.0193364,-0.0031361,-0.1101806,0.3500000,-0.2343888,-0.0096051,0.0000000,0.0000000,0.0000000,1.2707963,-0.0000000,-1.9076449,-0.6702064,0.6382758,0.2617994,0.2118002,1.0000000,1.0000000
0.0000000,0.0000000,0.9692268,0.0000000,0.0000000,0.0000000,1.0000000,0.0191925,0.0031003,-0.1093982,0.3500000,-0.2351718,0.0096271,-0.0193364,-0.0031361,-0.1101806,0.3500000,-0.2343888,-0.0096051,0.0000000,0.0000000,0.0000000,1.2707963,-0.0000000,-1.9076449,-0.6702064,0.5731035,0.2617994,0.1792140,1.0000000,1.0000000
0.0000000,0.0000000,0.9692268,0.0000000,0.0000000,0.0000000,1.0000000,0.0191925,0.0031003,-0.1093982,0.3500000,-0.2351718,0.0096271,-0.0193364,-0.0031361,-0.1101806,0.3500000,-0.2343888,-0.0096051,0.0000000,0.0000000,0.0000000,1.2707963,-0.0000000,-1.9076449,-0.6702064,0.4952338,0.2617994,0.1402791,1.0000000,1.0000000
0.0000000,0.0000000,0.9692268,0.0000000,0.0000000,0.0000000,1.0000000,0.0191925,0.0031003,-0.1093982,0.3500000,-0.2351718,0.0096271,-0.0193364,-0.0031361,-0.1101806,0.3500000,-0.2343888,-0.0096051,0.0000000,0.0000000,0.0000000,1.2707963,-0.0000000,-1.9076449,-0.6702064,0.4074251,0.2617994,0.0963748,1.0000000,1.0000000
0.0000000,0.0000000,0.9692268,0.0000000,0.0000000,0.0000000,1.0000000,0.0191925,0.0031003,-0.1093982,0.3500000,-0.2351718,0.0096271,-0.0193364,-0.0031361,-0.1101806,0.3500000,-0.2343888,-0.0096051,0.0000000,0.0000000,0.0000000,1.2707963,-0.0000000,-1.9076449,-0.6702064,0.3127881,0.2617994,0.0490563,1.0000000,1.0000000
0.0000000,0.0000000,0.9692268,0.0000000,0.0000000,0.0000000,1.0000000,0.0191925,0.0031003,-0.1093982,0.3500000,-0.2351718,0.0096271,-0.0193364,-0.0031361,-0.1101806,0.3500000,-0.2343888,-0.0096051,0.0000000,0.0000000,0.0000000,1.2707963,-0.0000000,-1.9076449,-0.6702064,0.2146755,0.2617994,0.0000000,1.0000000,1.0000000
0.0000000,0.0000000,0.9692268,0.0000000,0.0000000,0.0000000,1.0000000,0.0191925,0.0031003,-0.1093982,0.3500000,-0.2351718,0.0096271,-0.0193364,-0.0031361,-0.1101806,0.3500000,-0.2343888,-0.0096051,0.0000000,0.0000000,0.0000000,1.2707963,-0.0000000,-1.9076449,-0.6702064,0.1165629,0.2617994,-0.0490563,1.0000000,1.0000000
0.0000000,0.0000000,0.9692268,0.0000000,0.0000000,0.0000000,1.0000000,0.0191925,0.0031003,-0.1093982,0.3500000,-0.2351718,0.0096271,-0.0193364,-0.0031361,-0.1101806,0.3500000,-0.2343888,-0.0096051,0.0000000,0.0000000,0.0000000,1.2707963,-0.0000000,-1.9076449,-0.6702064,0.0219259,0.2617994,-0.0963748,1.0000000,1.0000000
0.0000000,0.0000000,0.9692268,0.0000000,0.0000000,0.0000000,1.0000000,0.0191925,0.0031003,-0.1093982,0.3500000,-0.2351718,0.0096271,-0.0193364,-0.0031361,-0.1101806,0.3500000,-0.2343888,-0.0096051,0.0000000,0.0000000,0.0000000,1.2707963,-0.0000000,-1.9076449,-0.6702064,-0.0658828,0.2617994,-0.1402791,1.0000000,1.0000000
0.0000000,0.0000000,0.9692268,0.0000000,0.0000000,0.0000000,1.0000000,0.0191925,0.0031003,-0.1093982,0.3500000,-0.2351718,0.0096271,-0.0193364,-0.0031361,-0.1101806,0.3500000,-0.2343888,-0.0096051,0.0000000,0.0000000,0.0000000,1.2707963,-0.0000000,-1.9076449,-0.6702064,-0.1437525,0.2617994,-0.1792140,1.0000000,1.0000000
0.0000000,0.0000000,0.9692268,0.0000000,0.0000000,0.0000000,1.0000000,0.0191925,0.0031003,-0.1093982,0.3500000,-0.2351718,0.0096271,-0.0193364,-0.0031361,-0.1101806,0.3500000,-0.2343888,-0.0096051,0.0000000,0.0000000,0.0000000,1.2707963,-0.0000000,-1.9076449,-0.6702064,-0.2089248,0.2617994,-0.2118002,1.0000000,1.0000000
0.0000000,0.0000000,0.9692268,0.0000000,0.0000000,0.0000000,1.0000000,0.0191925,0.0031003,-0.1093982,0.3500000,-0.2351718,0.0096271,-0.0193364,-0.0031361,-0.1101806,0.3500000,-0.2343888,-0.0096051,0.0000000,0.0000000,0.0000000,1.2707963,-0.0000000,-1.9076449,-0.6702064,-0.2590908,0.2617994,-0.2368832,1.0000000,1.0000000
0.0000000,0.0000000,0.9692268,0.0000000,0.0000000,0.0000000,1.0000000,0.0191925,0.0031003,-0.1093982,0.3500000,-0.2351718,0.0096271,-0.0193364,-0.0031361,-0.1101806,0.3500000,-0.2343888,-0.0096051,0.0000000,0.0000000,0.0000000,1.2707963,-0.0000000,-1.9076449,-0.6702064,-0.2924735,0.2617994,-0.2535745,1.0000000,1.0000000
0.0000000,0.0000000,0.9692268,0.0000000,0.0000000,0.0000000,1.0000000,0.0191925,0.0031003,-0.1093982,0.3500000,-0.2351718,0.0096271,-0.0193364,-0.0031361,-0.1101806,0.3500000,-0.2343888,-0.0096051,0.0000000,0.0000000,0.0000000,1.2707963,-0.0000000,-1.9076449,-0.6702064,-0.3078901,0.2617994,-0.2612828,1.0000000,1.0000000
0.0000000,0.0000000,0.9692268,0.0000000,0.0000000,0.0000000,1.0000000,0.0191925,0.0031003,-0.1093982,0.3500000,-0.2351718,0.0096271,-0.0193364,-0.0031361,-0.1101806,0.3500000,-0.2343888,-0.0096051,0.0000000,0.0000000,0.0000000,1.2707963,-0.0000000,-1.9076449,-0.6702064,-0.3047945,0.2617994,-0.2597350,1.0000000,1.0000000
0.0000000,0.0000000,0.9692268,0.0000000,0.0000000,0.0000000,1.0000000,0.0191925,0.0031003,-0.1093982,0.3500000,-0.2351718,0.0096271,-0.0193364,-0.0031361,-0.1101806,0.3500000,-0.2343888,-0.0096051,0.0000000,0.0000000,0.0000000,1.2707963,-0.0000000,-1.9076449,-0.6702064,-0.2832965,0.2617994,-0.2489860,1.0000000,1.0000000
0.0000000,0.0000000,0.9692268,0.0000000,0.0000000,0.0000000,1.0000000,0.0191925,0.0031003,-0.1093982,0.3500000,-0.2351718,0.0096271,-0.0193364,-0.0031361,-0.1101806,0.3500000,-0.2343888,-0.0096051,0.0000000,0.0000000,0.0000000,1.2707963,-0.0000000,-1.9076449,-0.6702064,-0.2440886,0.2617994,-0.2293820,1.0000000,1.0000000
0.0000000,0.0000000,0.9692268,0.0000000,0.0000000,0.0000000,1.0000000,0.0191925,0.0031003,-0.1093982,0.3500000,-0.2351718,0.0096271,-0.0193364,-0.0031361,-0.1101806,0.3500000,-0.2343888,-0.0096051,0.0000000,0.0000000,0.0000000,1.2707963,-0.0000000,-1.9076449,-0.6702064,-0.1882971,0.2617994,-0.2014863,1.0000000,1.0000000
0.0000000,0.0000000,0.9692268,0.0000000,0.0000000,0.0000000,1.0000000,0.0191925,0.0031003,-0.1093982,0.3500000,-0.2351718,0.0096271,-0.0193364,-0.0031361,-0.1101806,0.3500000,-0.2343888,-0.0096051,0.0000000,0.0000000,0.0000000,1.2707963,-0.0000000,-1.9076449,-0.6702064,-0.1178245,0.2617994,-0.1662500,1.0000000,1.0000000
0.0000000,0.0000000,0.9692268,0.0000000,0.0000000,0.0000000,1.0000000,0.0191925,0.0031003,-0.1093982,0.3500000,-0.2351718,0.0096271,-0.0193364,-0.0031361,-0.1101806,0.3500000,-0.2343888,-0.0096051,0.0000000,0.0000000,0.0000000,1.2707963,-0.0000000,-1.9076449,-0.6702064,-0.0354109,0.2617994,-0.1250432,1.0000000,1.0000000
0.0000000,0.0000000,0.9692268,0.0000000,0.0000000,0.0000000,1.0000000,0.0191925,0.0031003,-0.1093982,0.3500000,-0.2351718,0.0096271,-0.0193364,-0.0031361,-0.1101806,0.3500000,-0.2343888,-0.0096051,0.0000000,0.0000000,0.0000000,1.2707963,-0.0000000,-1.9076449,-0.6702064,0.0554718,0.2617994,-0.0796018,1.0000000,1.0000000
0.0000000,0.0000000,0.9692268,0.0000000,0.0000000,0.0000000,1.0000000,0.0191925,0.0031003,-0.1093982,0.3500000,-0.2351718,0.0096271,-0.0193364,-0.0031361,-0.1101806,0.3500000,-0.2343888,-0.0096051,0.0000000,0.0000000,0.0000000,1.2707963,-0.0000000,-1.9076449,-0.6702064,0.1507976,0.2617994,-0.0319390,1.0000000,1.0000000
0.0000000,0.0000000,0.9692268,0.0000000,0.0000000,0.0000000,1.0000000,0.0191925,0.0031003,-0.1093982,0.3500000,-0.2351718,0.0096271,-0.0193364,-0.0031361,-0.1101806,0.3500000,-0.2343888,-0.0096051,0.0000000,0.0000000,0.0000000,1.2707963,-0.0000000,-1.9076449,-0.6702064,0.2462207,0.2617994,0.0157726,1.0000000,1.0000000
0.0000000,0.0000000,0.9692268,0.0000000,0.0000000,0.0000000,1.0000000,0.0191925,0.0031003,-0.1093982,0.3500000,-0.2351718,0.0096271,-0.0193364,-0.0031361,-0.1101806,0.3500000,-0.2343888,-0.0096051,0.0000000,0.0000000,0.0000000,1.2707963,-0.0000000,-1.9076449,-0.6702064,0.3373472,0.2617994,0.0613359,1.0000000,1.0000000
0.0000000,0.0000000,0.9692268,0.0000000,0.0000000,0.0000000,1.0000000,0.0191925,0.0031003,-0.1093982,0.3500000,-0.2351718,0.0096271,-0.0193364,-0.0031361,-0.1101806,0.3500000,-0.2343888,-0.0096051,0.0000000,0.0000000,0.0000000,1.2707963,-0.0000000,-1.9076449,-0.6702064,0.4200182,0.2617994,0.1026713,1.0000000,1.0000000
0.0000000,0.0000000,0.9692268,0.0000000,0.0000000,0.0000000,1.0000000,0.0191925,0.0031003,-0.1093982,0.3500000,-0.2351718,0.0096271,-0.0193364,-0.0031361,-0.1101806,0.3500000,-0.2343888,-0.0096051,0.0000000,0.0000000,0.0000000,1.2707963,-0.0000000,-1.9076449,-0.6702064,0.4905808,0.2617994,0.1379526,1.0000000,1.0000000
0.0000000,0.0000000,0.9692268,0.0000000,0.0000000,0.0000000,1.0000000,0.0191925,0.0031003,-0.1093982,0.3500000,-0.2351718,0.0096271,-0.0193364,-0.0031361,-0.1101806,0.3500000,-0.2343888,-0.0096051,0.0000000,0.0000000,0.0000000,1.2707963,-0.0000000,-1.9076449,-0.6702064,0.5461256,0.2617994,0.1657251,1.0000000,1.0000000
0.0000000,0.0000000,0.9692268,0.0000000,0.0000000,0.0000000,1.0000000,0.0191925,0.0031003,-0.1093982,0.3500000,-0.2351718,0.0096271,-0.0193364,-0.0031361,-0.1101806,0.3500000,-0.2343888,-0.0096051,0.0000000,0.0000000,0.0000000,1.2707963,-0.0000000,-1.9076449,-0.6702064,0.5846687,0.2617994,0.1849966,1.0000000,1.0000000
0.0000000,0.0000000,0.9692268,0.0000000,0.0000000,0.0000000,1.0000000,0.0191925,0.0031003,-0.1093982,0.3500000,-0.2351718,0.0096271,-0.0193364,-0.0031361,-0.1101806,0.3500000,-0.2343888,-0.0096051,0.0000000,0.0000000,0.0000000,1.2707963,-0.0000000,-1.9076449,-0.6702064,0.6052654,0.2617994,0.1952949,1.0000000,1.0000000
0.0000000,0.0000000,0.9692268,0.0000000,0.0000000,0.0000000,1.0000000,0.0191925,0.0031003,-0.1093982,0.3500000,-0.2351718,0.0096271,-0.0193364,-0.0031361,-0.1101806,0.3500000,-0.2343888,-0.0096051,0.0000000,0.0000000,0.0000000,1.2707963,-0.0000000,-1.9076449,-0.6702064,0.6080466,0.2617994,0.1966855,1.0000000,1.0000000
0.0000000,0.0000000,0.9692268,0.0000000,0.0000000,0.0000000,1.0000000,0.0191925,0.0031003,-0.1093982,0.3500000,-0.2351718,0.0096271,-0.0193364,-0.0031361,-0.1101806,0.3500000,-0.2343888,-0.0096051,0.0000000,0.0000000,0.0000000,1.2707963,-0.0000000,-1.9076449,-0.6702064,0.5941760,0.2617994,0.1897502,1.0000000,1.0000000
0.0000000,0.0000000,0.9692268,0.0000000,0.0000000,0.0000000,1.0000000,0.0191925,0.0031003,-0.1093982,0.3500000,-0.2351718,0.0096271,-0.0193364,-0.0031361,-0.1101806,0.3500000,-0.2343888,-0.0096051,0.0000000,0.0000000,0.0000000,1.2707963,-0.0000000,-1.9076449,-0.6702064,0.5657328,0.2617994,0.1755286,1.0000000,1.0000000
0.0000000,0.0000000,0.9692268,0.0000000,0.0000000,0.0000000,1.0000000,0.0191925,0.0031003,-0.1093982,0.3500000,-0.2351718,0.0096271,-0.0193364,-0.0031361,-0.1101806,0.3500000,-0.2343888,-0.0096051,0.0000000,0.0000000,0.0000000,1.2707963,-0.0000000,-1.9076449,-0.6702064,0.5255309,0.2617994,0.1554277,1.0000000,1.0000000
0.0000000,0.0000000,0.9692268,0.0000000,0.0000000,0.0000000,1.0000000,0.0191925,0.0031003,-0.1093982,0.3500000,-0.2351718,0.0096271,-0.0193364,-0.0031361,-0.1101806,0.3500000,-0.2343888,-0.0096051,0.0000000,0.0000000,0.0000000,1.2707963,-0.0000000,-1.9076449,-0.6702064,0.4768904,0.2617994,0.1311075,1.0000000,1.0000000
0.0000000,0.0000000,0.9692268,0.0000000,0.0000000,0.0000000,1.0000000,0.0191925,0.0031003,-0.1093982,0.3500000,-0.2351718,0.0096271,-0.0193364,-0.0031361,-0.1101806,0.3500000,-0.2343888,-0.0096051,0.0000000,0.0000000,0.0000000,1.2707963,-0.0000000,-1.9076449,-0.6702064,0.4233808,0.2617994,0.1043527,1.0000000,1.0000000
0.0000000,0.0000000,0.9692268,0.0000000,0.0000000,0.0000000,1.0000000,0.0191925,0.0031003,-0.1093982,0.3500000,-0.2351718,0.0096271,-0.0193364,-0.0031361,-0.1101806,0.3500000,-0.2343888,-0.0096051,0.0000000,0.0000000,0.0000000,1.2707963,-0.0000000,-1.9076449,-0.6702064,0.3685573,0.2617994,0.0769409,1.0000000,1.0000000
0.0000000,0.0000000,0.9692268,0.0000000,0.0000000,0.0000000,1.0000000,0.0191925,0.0031003,-0.1093982,0.3500000,-0.2351718,0.0096271,-0.0193364,-0.0031361,-0.1101806,0.3500000,-0.2343888,-0.0096051,0.0000000,0.0000000,0.0000000,1.2707963,-0.0000000,-1.9076449,-0.6702064,0.3157115,0.2617994,0.0505180,1.0000000,1.0000000
0.0000000,0.0000000,0.9692268,0.0000000,0.0000000,0.0000000,1.0000000,0.0191925,0.0031003,-0.1093982,0.3500000,-0.2351718,0.0096271,-0.0193364,-0.0031361,-0.1101806,0.3500000,-0.2343888,-0.0096051,0.0000000,0.0000000,0.0000000,1.2707963,-0.0000000,-1.9076449,-0.6702064,0.2676560,0.2617994,0.0264902,1.0000000,1.0000000
0.0000000,0.0000000,0.9692268,0.0000000,0.0000000,0.0000000,1.0000000,0.0191925,0.0031003,-0.1093982,0.3500000,-0.2351718,0.0096271,-0.0193364,-0.0031361,-0.1101806,0.3500000,-0.2343888,-0.0096051,0.0000000,0.0000000,0.0000000,1.2707963,-0.0000000,-1.9076449,-0.6702064,0.2265596,0.2617994,0.0059420,1.0000000,1.0000000
0.0000000,0.0000000,0.9692268,0.0000000,0.0000000,0.0000000,1.0000000,0.0191925,0.0031003,-0.1093982,0.3500000,-0.2351718,0.0096271,-0.0193364,-0.0031361,-0.1101806,0.3500000,-0.2343888,-0.0096051,0.0000000,0.0000000,0.0000000,1.2707963,-0.0000000,-1.9076449,-0.6702064,0.1938437,0.2617994,-0.0104159,1.0000000,1.0000000
0.0000000,0.0000000,0.9692268,0.0000000,0.0000000,0.0000000,1.0000000,0.0191925,0.0031003,-0.1093982,0.3500000,-0.2351718,0.0096271,-0.0193364,-0.0031361,-0.1101806,0.3500000,-0.2343888,-0.0096051,0.0000000,0.0000000,0.0000000,1.2707963,-0.0000000,-1.9076449,-0.6702064,0.1701467,0.2617994,-0.0222644,1.0000000,1.0000000
0.0000000,0.0000000,0.9692268,0.0000000,0.0000000,0.0000000,1.0000000,0.0191925,0.0031003,-0.1093982,0.3500000,-0.2351718,0.0096271,-0.0193364,-0.0031361,-0.1101806,0.3500000,-0.2343888,-0.0096051,0.0000000,0.0000000,0.0000000,1.2707963,-0.0000000,-1.9076449,-0.6702064,0.1553550,0.2617994,-0.0296602,1.0000000,1.0000000
0.0000000,0.0000000,0.9692268,0.0000000,0.0000000,0.0000000,1.0000000,0.0191925,0.0031003,-0.1093982,0.3500000,-0.2351718,0.0096271,-0.0193364,-0.0031361,-0.1101806,0.3500000,-0.2343888,-0.0096051,0.0000000,0.0000000,0.0000000,1.2707963,-0.0000000,-1.9076449,-0.6702064,0.1486966,0.2617994,-0.0329895,1.0000000,1.0000000
0.0000000,0.0000000,0.9692268,0.0000000,0.0000000,0.0000000,1.0000000,0.0191925,0.0031003,-0.1093982,0.3500000,-0.2351718,0.0096271,-0.0193364,-0.0031361,-0.1101806,0.3500000,-0.2343888,-0.0096051,0.0000000,0.0000000,0.0000000,1.2707963,-0.0000000,-1.9076449,-0.6702064,0.1488825,0.2617994,-0.0328965,1.0000000,1.0000000
0.0000000,0.0000000,0.9692268,0.0000000,0.0000000,0.0000000,1.0000000,0.0191925,0.0031003,-0.1093982,0.3500000,-0.2351718,0.0096271,-0.0193364,-0.0031361,-0.1101806,0.3500000,-0.2343888,-0.0096051,0.0000000,0.0000000,0.0000000,1.2707963,-0.0000000,-1.9076449,-0.6702064,0.1542847,0.2617994,-0.0301954,1.0000000,1.0000000
0.0000000,0.0000000,0.9692268,0.0000000,0.0000000,0.0000000,1.0000000,0.0191925,0.0031003,-0.1093982,0.3500000,-0.2351718,0.0096271,-0.0193364,-0.0031361,-0.1101806,0.3500000,-0.2343888,-0.0096051,0.0000000,0.0000000,0.0000000,1.2707963,-0.0000000,-1.9076449,-0.6702064,0.1631276,0.2617994,-0.0257739,1.0000000,1.0000000
0.0000000,0.0000000,0.9692268,0.0000000,0.0000000,0.0000000,1.0000000,0.0191925,0.0031003,-0.1093982,0.3500000,-0.2351718,0.0096271,-0.0193364,-0.0031361,-0.1101806,0.3500000,-0.2343888,-0.0096051,0.0000000,0.0000000,0.0000000,1.2707963,-0.0000000,-1.9076449,-0.6702064,0.1736775,0.2617994,-0.0204990,1.0000000,1.0000000
0.0000000,0.0000000,0.9692268,0.0000000,0.0000000,0.0000000,1.0000000,0.0191925,0.0031003,-0.1093982,0.3500000,-0.2351718,0.0096271,-0.0193364,-0.0031361,-0.1101806,0.3500000,-0.2343888,-0.0096051,0.0000000,0.0000000,0.0000000,1.2707963,-0.0000000,-1.9076449,-0.6702064,0.1844085,0.2617994,-0.0151335,1.0000000,1.0000000
0.0000000,0.0000000,0.9692268,0.0000000,0.0000000,0.0000000,1.0000000,0.0191925,0.0031003,-0.1093982,0.3500000,-0.2351718,0.0096271,-0.0193364,-0.0031361,-0.1101806,0.3500000,-0.2343888,-0.0096051,0.0000000,0.0000000,0.0000000,1.2707963,-0.0000000,-1.9076449,-0.6702064,0.1941308,0.2617994,-0.0102723,1.0000000,1.0000000
0.0000000,0.0000000,0.9692268,0.0000000,0.0000000,0.0000000,1.0000000,0.0191925,0.0031003,-0.1093982,0.3500000,-0.2351718,0.0096271,-0.0193364,-0.0031361,-0.1101806,0.3500000,-0.2343888,-0.0096051,0.0000000,0.0000000,0.0000000,1.2707963,-0.0000000,-1.9076449,-0.6702064,0.2020677,0.2617994,-0.0063039,1.0000000,1.0000000
0.0000000,0.0000000,0.9692268,0.0000000,0.0000000,0.0000000,1.0000000,0.0191925,0.0031003,-0.1093982,0.3500000,-0.2351718,0.0096271,-0.0193364,-0.0031361,-0.1101806,0.3500000,-0.2343888,-0.0096051,0.0000000,0.0000000,0.0000000,1.2707963,-0.0000000,-1.9076449,-0.6702064,0.2078758,0.2617994,-0.0033999,1.0000000,1.0000000
0.0000000,0.0000000,0.9692268,0.0000000,0.0000000,0.0000000,1.0000000,0.0191925,0.0031003,-0.1093982,0.3500000,-0.2351718,0.0096271,-0.0193364,-0.0031361,-0.1101806,0.3500000,-0.2343888,-0.0096051,0.0000000,0.0000000,0.0000000,1.2707963,-0.0000000,-1.9076449,-0.6702064,0.2116074,0.2617994,-0.0015341,1.0000000,1.0000000
0.0000000,0.0000000,0.9692268,0.0000000,0.0000000,0.0000000,1.0000000,0.0191925,0.0031003,-0.1093982,0.3500000,-0.2351718,0.0096271,-0.0193364,-0.0031361,-0.1101806,0.3500000,-0.2343888,-0.0096051,0.0000000,0.0000000,0.0000000,1.2707963,-0.0000000,-1.9076449,-0.6702064,0.2136211,0.2617994,-0.0005272,1.0000000,1.0000000
0.0000000,0.0000000,0.9692268,0.0000000,0.0000000,0.0000000,1.0000000,0.0191925,0.0031003,-0.1093982,0.3500000,-0.2351718,0.0096271,-0.0193364,-0.0031361,-0.1101806,0.3500000,-0.2343888,-0.0096051,0.0000000,0.0000000,0.0000000,1.2707963,-0.0000000,-1.9076449,-0.6702064,0.2144523,0.2617994,-0.0001116,1.0000000,1.0000000
0.0000000,0.0000000,0.9692268,0.0000000,0.0000000,0.0000000,1.0000000,0.0191925,0.0031003,-0.1093982,0.3500000,-0.2351718,0.0096271,-0.0193364,-0.0031361,-0.1101806,0.3500000,-0.2343888,-0.0096051,0.0000000,0.0000000,0.0000000,1.2707963,-0.0000000,-1.9076449,-0.6702064,0.2146607,0.2617994,-0.0000074,1.0000000,1.0000000
0.0000000,0.0000000,0.9692268,0.0000000,0.0000000,0.0000000,1.0000000,0.0191925,0.0031003,-0.1093982,0.3500000,-0.2351718,0.0096271,-0.0193364,-0.0031361,-0.1101806,0.3500000,-0.2343888,-0.0096051,0.0000000,0.0000000,0.0000000,1.2707963,-0.0000000,-1.9076449,-0.6702064,0.2146755,0.2617994,-0.0000000,1.0000000,1.0000000
0.0000000,0.0000000,0.9692268,0.0000000,0.0000000,0.0000000,1.0000000,0.0191925,0.0031003,-0.1093982,0.3500000,-0.2351718,0.0096271,-0.0193364,-0.0031361,-0.1101806,0.3500000,-0.2343888,-0.0096051,0.0000000,0.0000000,0.0000000,1.2707963,-0.0000000,-1.9076006,-0.6701909,0.2146705,0.2618228,0.0000000,1.0000000,1.0000000
0.0000000,0.0000000,0.9692268,0.0000000,0.0000000,0.0000000,1.0000000,0.0191925,0.0031003,-0.1093982,0.3500000,-0.2351718,0.0096271,-0.0193364,-0.0031361,-0.1101806,0.3500000,-0.2343888,-0.0096051,0.0000000,0.0000000,0.0000000,1.2707963,-0.0000000,-1.9072974,-0.6700844,0.2146364,0.2619832,0.0000000,1.0000000,1.0000000
0.0000000,0.0000000,0.9692268,0.0000000,0.0000000,0.0000000,1.0000000,0.0191925,0.0031003,-0.1093982,0.3500000,-0.2351718,0.0096271,-0.0193364,-0.0031361,-0.1101806,0.3500000,-0.2343888,-0.0096051,0.0000000,0.0000000,0.0000000,1.2707963,-0.0000000,-1.9064961,-0.6698028,0.2145462,0.2624070,0.0000000,1.0000000,1.0000000
0.0000000,0.0000000,0.9692268,0.0000000,0.0000000,0.0000000,1.0000000,0.0191925,0.0031003,-0.1093982,0.3500000,-0.2351718,0.0096271,-0.0193364,-0.0031361,-0.1101806,0.3500000,-0.2343888,-0.0096051,0.0000000,0.0000000,0.0000000,1.2707963,-0.0000000,-1.9049775,-0.6692693,0.2143753,0.2632102,0.0000000,1.0000000,1.0000000
0.0000000,0.0000000,0.9692268,0.0000000,0.0000000,0.0000000,1.0000000,0.0191925,0.0031003,-0.1093982,0.3500000,-0.2351718,0.0096271,-0.0193364,-0.0031361,-0.1101806,0.3500000,-0.2343888,-0.0096051,0.0000000,0.0000000,0.0000000,1.2707963,-0.0000000,-1.9025427,-0.6684139,0.2141013,0.2644980,0.0000000,1.0000000,1.0000000
0.0000000,0.0000000,0.9692268,0.0000000,0.0000000,0.0000000,1.0000000,0.0191925,0.0031003,-0.1093982,0.3500000,-0.2351718,0.0096271,-0.0193364,-0.0031361,-0.1101806,0.3500000,-0.2343888,-0.0096051,0.0000000,0.0000000,0.0000000,1.2707963,-0.0000000,-1.8990123,-0.6671736,0.2137040,0.2663654,0.0000000,1.0000000,1.0000000
0.0000000,0.0000000,0.9692268,0.0000000,0.0000000,0.0000000,1.0000000,0.0191925,0.0031003,-0.1093982,0.3500000,-0.2351718,0.0096271,-0.0193364,-0.0031361,-0.1101806,0.3500000,-0.2343888,-0.0096051,0.0000000,0.0000000,0.0000000,1.2707963,-0.0000000,-1.8942253,-0.6654918,0.2131653,0.2688973,0.0000000,1.0000000,1.0000000
0.0000000,0.0000000,0.9692268,0.0000000,0.0000000,0.0000000,1.0000000,0.0191925,0.0031003,-0.1093982,0.3500000,-0.2351718,0.0096271,-0.0193364,-0.0031361,-0.1101806,0.3500000,-0.2343888,-0.0096051,0.0000000,0.0000000,0.0000000,1.2707963,-0.0000000,-1.8880394,-0.6633185,0.2124692,0.2721692,0.0000000,1.0000000,1.0000000
0.0000000,0.0000000,0.9692268,0.0000000,0.0000000,0.0000000,1.0000000,0.0191925,0.0031003,-0.1093982,0.3500000,-0.2351718,0.0096271,-0.0193364,-0.0031361,-0.1101806,0.3500000,-0.2343888,-0.0096051,0.0000000,0.0000000,0.0000000,1.2707963,-0.0000000,-1.8803295,-0.6606098,0.2116016,0.2762471,0.0000000,1.0000000,1.0000000
0.0000000,0.0000000,0.9692268,0.0000000,0.0000000,0.0000000,1.0000000,0.0191925,0.0031003,-0.1093982,0.3500000,-0.2351718,0.0096271,-0.0193364,-0.0031361,-0.1101806,0.3500000,-0.2343888,-0.0096051,0.0000000,0.0000000,0.0000000,1.2707963,-0.0000000,-1.8709879,-0.6573279,0.2105503,0.2811881,0.0000000,1.0000000,1.0000000
0.0000000,0.0000000,0.9692268,0.0000000,0.0000000,0.0000000,1.0000000,0.0191925,0.0031003,-0.1093982,0.3500000,-0.2351718,0.0096271,-0.0193364,-0.0031361,-0.1101806,0.3500000,-0.2343888,-0.0096051,0.0000000,0.0000000,0.0000000,1.2707963,-0.0000000,-1.8599234,-0.6534406,0.2093052,0.2870404,0.0000000,1.0000000,1.0000000
0.0000000,0.0000000,0.9692268,0.0000000,0.0000000,0.0000000,1.0000000,0.0191925,0.0031003,-0.1093982,0.3500000,-0.2351718,0.0096271,-0.0193364,-0.0031361,-0.1101806,0.3500000,-0.2343888,-0.0096051,0.0000000,0.0000000,0.0000000,1.2707963,-0.0000000,-1.8470605,-0.6489215,0.2078577,0.2938439,0.0000000,1.0000000,1.0000000
0.0000000,0.0000000,0.9692268,0.0000000,0.0000000,0.0000000,1.0000000,0.0191925,0.0031003,-0.1093982,0.3500000,-0.2351718,0.0096271,-0.0193364,-0.0031361,-0.1101806,0.3500000,-0.2343888,-0.0096051,0.0000000,0.0000000,0.0000000,1.2707963,-0.0000000,-1.8323391,-0.6437495,0.2062010,0.3016303,0.0000000,1.0000000,1.0000000
0.0000000,0.0000000,0.9692268,0.0000000,0.0000000,0.0000000,1.0000000,0.0191925,0.0031003,-0.1093982,0.3500000,-0.2351718,0.0096271,-0.0193364,-0.0031361,-0.1101806,0.3500000,-0.2343888,-0.0096051,0.0000000,0.0000000,0.0000000,1.2707963,-0.0000000,-1.8157140,-0.6379087,0.2043301,0.3104237,0.0000000,1.0000000,1.0000000
0.0000000,0.0000000,0.9692268,0.0000000,0.0000000,0.0000000,1.0000000,0.0191925,0.0031003,-0.1093982,0.3500000,-0.2351718,0.0096271,-0.0193364,-0.0031361,-0.1101806,0.3500000,-0.2343888,-0.0096051,0.0000000,0.0000000,0.0000000,1.2707963,-0.0000000,-1.7971541,-0.6313881,0.2022415,0.3202405,0.0000000,1.0000000,1.0000000
0.0000000,0.0000000,0.9692268,0.0000000,0.0000000,0.0000000,1.0000000,0.0191925,0.0031003,-0.1093982,0.3500000,-0.2351718,0.0096271,-0.0193364,-0.0031361,-0.1101806,0.3500000,-0.2343888,-0.0096051,0.0000000,0.0000000,0.0000000,1.2707963,-0.0000000,-1.7766418,-0.6241816,0.1999332,0.3310899,0.0000000,1.0000000,1.0000000
0.0000000,0.0000000,0.9692268,0.0000000,0.0000000,0.0000000,1.0000000,0.0191925,0.0031003,-0.1093982,0.3500000,-0.2351718,0.0096271,-0.0193364,-0.0031361,-0.1101806,0.3500000,-0.2343888,-0.0096051,0.0000000,0.0000000,0.0000000,1.2707963,-0.0000000,-1.7541727,-0.6162876,0.1974046,0.3429743,-0.0000000,1.0000000,1.0000000
0.0000000,0.0000000,0.9692268,0.0000000,0.0000000,0.0000000,1.0000000,0.0191925,0.0031003,-0.1093982,0.3500000,-0.2351718,0.0096271,-0.0193364,-0.0031361,-0.1101806,0.3500000,-0.2343888,-0.0096051,0.0000000,0.0000000,0.0000000,1.2707963,-0.0000000,-1.7297547,-0.6077089,0.1946568,0.3558895,-0.0000000,1.0000000,1.0000000
0.0000000,0.0000000,0.9692268,0.0000000,0.0000000,0.0000000,1.0000000,0.0191925,0.0031003,-0.1093982,0.3500000,-0.2351718,0.0096271,-0.0193364,-0.0031361,-0.1101806,0.3500000,-0.2343888,-0.0096051,0.0000000,0.0000000,0.0000000,1.2707963,-0.0000000,-1.7034077,-0.5984525,0.1916918,0.3698251,-0.0000000,1.0000000,1.0000000
0.0000000,0.0000000,0.9692268,0.0000000,0.0000000,0.0000000,1.0000000,0.0191925,0.0031003,-0.1093982,0.3500000,-0.2351718,0.0096271,-0.0193364,-0.0031361,-0.1101806,0.3500000,-0.2343888,-0.0096051,0.0000000,0.0000000,0.0000000,1.2707963,-0.0000000,-1.6751628,-0.5885293,0.1885133,0.3847645,-0.0000000,1.0000000,1.0000000
0.0000000,0.0000000,0.9692268,0.0000000,0.0000000,0.0000000,1.0000000,0.0191925,0.0031003,-0.1093982,0.3500000,-0.2351718,0.0096271,-0.0193364,-0.0031361,-0.1101806,0.3500000,-0.2343888,-0.0096051,0.0000000,0.0000000,0.0000000,1.2707963,-0.0000000,-1.6450617,-0.5779540,0.1851259,0.4006856,-0.0000000,1.0000000,1.0000000
0.0000000,0.0000000,0.9692268,0.0000000,0.0000000,0.0000000,1.0000000,0.0191925,0.0031003,-0.1093982,0.3500000,-0.2351718,0.0096271,-0.0193364,-0.0031361,-0.1101806,0.3500000,-0.2343888,-0.0096051,0.0000000,0.0000000,0.0000000,1.2707963,-0.0000000,-1.6131565,-0.5667448,0.1815354,0.4175610,-0.0000000,1.0000000,1.0000000
0.0000000,0.0000000,0.9692268,0.0000000,0.0000000,0.0000000,1.0000000,0.0191925,0.0031003,-0.1093982,0.3500000,-0.2351718,0.0096271,-0.0193364,-0.0031361,-0.1101806,0.3500000,-0.2343888,-0.0096051,0.0000000,0.0000000,0.0000000,1.2707963,-0.0000000,-1.5795086,-0.5549234,0.1777489,0.4353582,-0.0000000,1.0000000,1.0000000
0.0000000,0.0000000,0.9692268,0.0000000,0.0000000,0.0000000,1.0000000,0.0191925,0.0031003,-0.1093982,0.3500000,-0.2351718,0.0096271,-0.0193364,-0.0031361,-0.1101806,0.3500000,-0.2343888,-0.0096051,0.0000000,0.0000000,0.0000000,1.2707963,-0.0000000,-1.5441884,-0.5425145,0.1737742,0.4540398,-0.0000000,1.0000000,1.0000000
0.0000000,0.0000000,0.9692268,0.0000000,0.0000000,0.0000000,1.0000000,0.0191925,0.0031003,-0.1093982,0.3500000,-0.2351718,0.0096271,-0.0193364,-0.0031361,-0.1101806,0.3500000,-0.2343888,-0.0096051,0.0000000,0.0000000,0.0000000,1.2707963,-0.0000000,-1.5072750,-0.5295458,0.1696201,0.4735642,-0.0000000,1.0000000,1.0000000
0.0000000,0.0000000,0.9692268,0.0000000,0.0000000,0.0000000,1.0000000,0.0191925,0.0031003,-0.1093982,0.3500000,-0.2351718,0.0096271,-0.0193364,-0.0031361,-0.1101806,0.3500000,-0.2343888,-0.0096051,0.0000000,0.0000000,0.0000000,1.2707963,-0.0000000,-1.4688548,-0.5160478,0.1652966,0.4938855,-0.0000000,1.0000000,1.0000000
0.0000000,0.0000000,0.9692268,0.0000000,0.0000000,0.0000000,1.0000000,0.0191925,0.0031003,-0.1093982,0.3500000,-0.2351718,0.0096271,-0.0193364,-0.0031361,-0.1101806,0.3500000,-0.2343888,-0.0096051,0.0000000,0.0000000,0.0000000,1.2707963,-0.0000000,-1.4290219,-0.5020534,0.1608140,0.5149540,-0.0000000,1.0000000,1.0000000
0.0000000,0.0000000,0.9692268,0.0000000,0.0000000,0.0000000,1.0000000,0.0191925,0.0031003,-0.1093982,0.3500000,-0.2351718,0.0096271,-0.0193364,-0.0031361,-0.1101806,0.3500000,-0.2343888,-0.0096051,0.0000000,0.0000000,0.0000000,1.2707963,-0.0000000,-1.3878768,-0.4875981,0.1561838,0.5367166,-0.0000000,1.0000000,1.0000000
0.0000000,0.0000000,0.9692268,0.0000000,0.0000000,0.0000000,1.0000000,0.0191925,0.0031003,-0.1093982,0.3500000,-0.2351718,0.0096271,-0.0193364,-0.0031361,-0.1101806,0.3500000,-0.2343888,-0.0096051,0.0000000,0.0000000,0.0000000,1.2707963,-0.0000000,-1.3455262,-0.4727192,0.1514179,0.5591168,-0.0000000,1.0000000,1.0000000
0.0000000,0.0000000,0.9692268,0.0000000,0.0000000,0.0000000,1.0000000,0.0191925,0.0031003,-0.1093982,0.3500000,-0.2351718,0.0096271,-0.0193364,-0.0031361,-0.1101806,0.3500000,-0.2343888,-0.0096051,0.0000000,0.0000000,0.0000000,1.2707963,-0.0000000,-1.3020821,-0.4574561,0.1465289,0.5820954,-0.0000000,1.0000000,1.0000000
0.0000000,0.0000000,0.9692268,0.0000000,0.0000000,0.0000000,1.0000000,0.0191925,0.0031003,-0.1093982,0.3500000,-0.2351718,0.0096271,-0.0193364,-0.0031361,-0.1101806,0.3500000,-0.2343888,-0.0096051,0.0000000,0.0000000,0.0000000,1.2707963,-0.0000000,-1.2576617,-0.4418500,0.1415301,0.6055904,-0.0000000,1.0000000,1.0000000
0.0000000,0.0000000,0.9692268,0.0000000,0.0000000,0.0000000,1.0000000,0.0191925,0.0031003,-0.1093982,0.3500000,-0.2351718,0.0096271,-0.0193364,-0.0031361,-0.1101806,0.3500000,-0.2343888,-0.0096051,0.0000000,0.0000000,0.0000000,1.2707963,-0.0000000,-1.2123863,-0.4259436,0.1364351,0.6295375,-0.0000000,1.0000000,1.0000000
0.0000000,0.0000000,0.9692268,0.0000000,0.0000000,0.0000000,1.0000000,0.0191925,0.0031003,-0.1093982,0.3500000,-0.2351718,0.0096271,-0.0193364,-0.0031361,-0.1101806,0.3500000,-0.2343888,-0.0096051,0.0000000,0.0000000,0.0000000,1.2707963,-0.0000000,-1.1663811,-0.4097807,0.1312579,0.6538707,-0.0000000,1.0000000,1.0000000
0.0000000,0.0000000,0.9692268,0.0000000,0.0000000,0.0000000,1.0000000,0.0191925,0.0031003,-0.1093982,0.3500000,-0.2351718,0.0096271,-0.0193364,-0.0031361,-0.1101806,0.3500000,-0.2343888,-0.0096051,0.0000000,0.0000000,0.0000000,1.2707963,-0.0000000,-1.1197745,-0.3934066,0.1260131,0.6785220,0.0000000,1.0000000,1.0000000
0.0000000,0.0000000,0.9692268,0.0000000,0.0000000,0.0000000,1.0000000,0.0191925,0.0031003,-0.1093982,0.3500000,-0.2351718,0.0096271,-0.0193364,-0.0031361,-0.1101806,0.3500000,-0.2343888,-0.0096051,0.0000000,0.0000000,0.0000000,1.2707963,-0.0000000,-1.0726974,-0.3768672,0.1207153,0.7034222,0.0000000,1.0000000,1.0000000
0.0000000,0.0000000,0.9692268,0.0000000,0.0000000,0.0000000,1.0000000,0.0191925,0.0031003,-0.1093982,0.3500000,-0.2351718,0.0096271,-0.0193364,-0.0031361,-0.1101806,0.3500000,-0.2343888,-0.0096051,0.0000000,0.0000000,0.0000000,1.2707963,-0.0000000,-1.0252828,-0.3602092,0.1153795,0.7285008,0.0000000,1.0000000,1.0000000
0.0000000,0.0000000,0.9692268,0.0000000,0.0000000,0.0000000,1.0000000,0.0191925,0.0031003,-0.1093982,0.3500000,-0.2351718,0.0096271,-0.0193364,-0.0031361,-0.1101806,0.3500000,-0.2343888,-0.0096051,0.0000000,0.0000000,0.0000000,1.2707963,-0.0000000,-0.9776652,-0.3434798,0.1100209,0.7536869,0.0000000,1.0000000,1.0000000
0.0000000,0.0000000,0.9692268,0.0000000,0.0000000,0.0000000,1.0000000,0.0191925,0.0031003,-0.1093982,0.3500000,-0.2351718,0.0096271,-0.0193364,-0.0031361,-0.1101806,0.3500000,-0.2343888,-0.0096051,0.0000000,0.0000000,0.0000000,1.2707963,-0.0000000,-0.9299797,-0.3267266,0.1046546,0.7789088,0.0000000,1.0000000,1.0000000
0.0000000,0.0000000,0.9692268,0.0000000,0.0000000,0.0000000,1.0000000,0.0191925,0.0031003,-0.1093982,0.3500000,-0.2351718,0.0096271,-0.0193364,-0.0031361,-0.1101806,0.3500000,-0.2343888,-0.0096051,0.0000000,0.0000000,0.0000000,1.2707963,-0.0000000,-0.8823620,-0.3099973,0.0992960,0.8040949,0.0000000,1.0000000,1.0000000
0.0000000,0.0000000,0.9692268,0.0000000,0.0000000,0.0000000,1.0000000,0.0191925,0.0031003,-0.1093982,0.3500000,-0.2351718,0.0096271,-0.0193364,-0.0031361,-0.1101806,0.3500000,-0.2343888,-0.0096051,0.0000000,0.0000000,0.0000000,1.2707963,-0.0000000,-0.8349474,-0.2933393,0.0939602,0.8291736,0.0000000,1.0000000,1.0000000
0.0000000,0.0000000,0.9692268,0.0000000,0.0000000,0.0000000,1.0000000,0.0191925,0.0031003,-0.1093982,0.3500000,-0.2351718,0.0096271,-0.0193364,-0.0031361,-0.1101806,0.3500000,-0.2343888,-0.0096051,0.0000000,0.0000000,0.0000000,1.2707963,-0.0000000,-0.7878703,-0.2767998,0.0886624,0.8540737,0.0000000,1.0000000,1.0000000
0.0000000,0.0000000,0.9692268,0.0000000,0.0000000,0.0000000,1.0000000,0.0191925,0.0031003,-0.1093982,0.3500000,-0.2351718,0.0096271,-0.0193364,-0.0031361,-0.1101806,0.3500000,-0.2343888,-0.0096051,0.0000000,0.0000000,0.0000000,1.2707963,-0.0000000,-0.7412637,-0.2604257,0.0834176,0.8787250,0.0000000,1.0000000,1.0000000
0.0000000,0.0000000,0.9692268,0.0000000,0.0000000,0.0000000,1.0000000,0.0191925,0.0031003,-0.1093982,0.3500000,-0.2351718,0.0096271,-0.0193364,-0.0031361,-0.1101806,0.3500000,-0.2343888,-0.0096051,0.0000000,0.0000000,0.0000000,1.2707963,-0.0000000,-0.6952586,-0.2442629,0.0782404,0.9030582,0.0000000,1.0000000,1.0000000
0.0000000,0.0000000,0.9692268,0.0000000,0.0000000,0.0000000,1.0000000,0.0191925,0.0031003,-0.1093982,0.3500000,-0.2351718,0.0096271,-0.0193364,-0.0031361,-0.1101806,0.3500000,-0.2343888,-0.0096051,0.0000000,0.0000000,0.0000000,1.2707963,-0.0000000,-0.6499832,-0.2283564,0.0731454,0.9270054,0.0000000,1.0000000,1.0000000
0.0000000,0.0000000,0.9692268,0.0000000,0.0000000,0.0000000,1.0000000,0.0191925,0.0031003,-0.1093982,0.3500000,-0.2351718,0.0096271,-0.0193364,-0.0031361,-0.1101806,0.3500000,-0.2343888,-0.0096051,0.0000000,0.0000000,0.0000000,1.2707963,-0.0000000,-0.6055628,-0.2127503,0.0681466,0.9505003,0.0000000,1.0000000,1.0000000
0.0000000,0.0000000,0.9692268,0.0000000,0.0000000,0.0000000,1.0000000,0.0191925,0.0031003,-0.1093982,0.3500000,-0.2351718,0.0096271,-0.0193364,-0.0031361,-0.1101806,0.3500000,-0.2343888,-0.0096051,0.0000000,0.0000000,0.0000000,1.2707963,-0.0000000,-0.5621187,-0.1974873,0.0632576,0.9734789,0.0000000,1.0000000,1.0000000
0.0000000,0.0000000,0.9692268,0.0000000,0.0000000,0.0000000,1.0000000,0.0191925,0.0031003,-0.1093982,0.3500000,-0.2351718,0.0096271,-0.0193364,-0.0031361,-0.1101806,0.3500000,-0.2343888,-0.0096051,0.0000000,0.0000000,0.0000000,1.2707963,-0.0000000,-0.5197681,-0.1826084,0.0584917,0.9958791,0.0000000,1.0000000,1.0000000
0.0000000,0.0000000,0.9692268,0.0000000,0.0000000,0.0000000,1.0000000,0.0191925,0.0031003,-0.1093982,0.3500000,-0.2351718,0.0096271,-0.0193364,-0.0031361,-0.1101806,0.3500000,-0.2343888,-0.0096051,0.0000000,0.0000000,0.0000000,1.2707963,-0.0000000,-0.4786230,-0.1681530,0.0538615,1.0176417,0.0000000,1.0000000,1.0000000
0.0000000,0.0000000,0.9692268,0.0000000,0.0000000,0.0000000,1.0000000,0.0191925,0.0031003,-0.1093982,0.3500000,-0.2351718,0.0096271,-0.0193364,-0.0031361,-0.1101806,0.3500000,-0.2343888,-0.0096051,0.0000000,0.0000000,0.0000000,1.2707963,-0.0000000,-0.4387901,-0.1541586,0.0493789,1.0387102,0.0000000,1.0000000,1.0000000
0.0000000,0.0000000,0.9692268,0.0000000,0.0000000,0.0000000,1.0000000,0.0191925,0.0031003,-0.1093982,0.3500000,-0.2351718,0.0096271,-0.0193364,-0.0031361,-0.1101806,0.3500000,-0.2343888,-0.0096051,0.0000000,0.0000000,0.0000000,1.2707963,-0.0000000,-0.4003699,-0.1406606,0.0450554,1.0590315,-0.0000000,1.0000000,1.0000000
0.0000000,0.0000000,0.9692268,0.0000000,0.0000000,0.0000000,1.0000000,0.0191925,0.0031003,-0.1093982,0.3500000,-0.2351718,0.0096271,-0.0193364,-0.0031361,-0.1101806,0.3500000,-0.2343888,-0.0096051,0.0000000,0.0000000,0.0000000,1.2707963,-0.0000000,-0.3634564,-0.1276919,0.0409013,1.0785559,-0.0000000,1.0000000,1.0000000
0.0000000,0.0000000,0.9692268,0.0000000,0.0000000,0.0000000,1.0000000,0.0191925,0.0031003,-0.1093982,0.3500000,-0.2351718,0.0096271,-0.0193364,-0.0031361,-0.1101806,0.3500000,-0.2343888,-0.0096051,0.0000000,0.0000000,0.0000000,1.2707963,-0.0000000,-0.3281363,-0.1152830,0.0369266,1.0972375,-0.0000000,1.0000000,1.0000000
0.0000000,0.0000000,0.9692268,0.0000000,0.0000000,0.0000000,1.0000000,0.0191925,0.0031003,-0.1093982,0.3500000,-0.2351718,0.0096271,-0.0193364,-0.0031361,-0.1101806,0.3500000,-0.2343888,-0.0096051,0.0000000,0.0000000,0.0000000,1.2707963,-0.0000000,-0.2944884,-0.1034616,0.0331400,1.1150347,-0.0000000,1.0000000,1.0000000
0.0000000,0.0000000,0.9692268,0.0000000,0.0000000,0.0000000,1.0000000,0.0191925,0.0031003,-0.1093982,0.3500000,-0.2351718,0.0096271,-0.0193364,-0.0031361,-0.1101806,0.3500000,-0.2343888,-0.0096051,0.0000000,0.0000000,0.0000000,1.2707963,-0.0000000,-0.2625832,-0.0922525,0.0295496,1.1319101,-0.0000000,1.0000000,1.0000000
0.0000000,0.0000000,0.9692268,0.0000000,0.0000000,0.0000000,1.0000000,0.0191925,0.0031003,-0.1093982,0.3500000,-0.2351718,0.0096271,-0.0193364,-0.0031361,-0.1101806,0.3500000,-0.2343888,-0.0096051,0.0000000,0.0000000,0.0000000,1.2707963,-0.0000000,-0.2324821,-0.0816771,0.0261622,1.1478312,-0.0000000,1.0000000,1.0000000
0.0000000,0.0000000,0.9692268,0.0000000,0.0000000,0.0000000,1.0000000,0.0191925,0.0031003,-0.1093982,0.3500000,-0.2351718,0.0096271,-0.0193364,-0.0031361,-0.1101806,0.3500000,-0.2343888,-0.0096051,0.0000000,0.0000000,0.0000000,1.2707963,-0.0000000,-0.2042371,-0.0717539,0.0229837,1.1627706,-0.0000000,1.0000000,1.0000000
0.0000000,0.0000000,0.9692268,0.0000000,0.0000000,0.0000000,1.0000000,0.0191925,0.0031003,-0.1093982,0.3500000,-0.2351718,0.0096271,-0.0193364,-0.0031361,-0.1101806,0.3500000,-0.2343888,-0.0096051,0.0000000,0.0000000,0.0000000,1.2707963,-0.0000000,-0.1778901,-0.0624975,0.0200187,1.1767062,-0.0000000,1.0000000,1.0000000
0.0000000,0.0000000,0.9692268,0.0000000,0.0000000,0.0000000,1.0000000,0.0191925,0.0031003,-0.1093982,0.3500000,-0.2351718,0.0096271,-0.0193364,-0.0031361,-0.1101806,0.3500000,-0.2343888,-0.0096051,0.0000000,0.0000000,0.0000000,1.2707963,-0.0000000,-0.1534722,-0.0539189,0.0172709,1.1896214,-0.0000000,1.0000000,1.0000000
0.0000000,0.0000000,0.9692268,0.0000000,0.0000000,0.0000000,1.0000000,0.0191925,0.0031003,-0.1093982,0.3500000,-0.2351718,0.0096271,-0.0193364,-0.0031361,-0.1101806,0.3500000,-0.2343888,-0.0096051,0.0000000,0.0000000,0.0000000,1.2707963,-0.0000000,-0.1310031,-0.0460249,0.0147423,1.2015058,-0.0000000,1.0000000,1.0000000
0.0000000,0.0000000,0.9692268,0.0000000,0.0000000,0.0000000,1.0000000,0.0191925,0.0031003,-0.1093982,0.3500000,-0.2351718,0.0096271,-0.0193364,-0.0031361,-0.1101806,0.3500000,-0.2343888,-0.0096051,0.0000000,0.0000000,0.0000000,1.2707963,-0.0000000,-0.1104908,-0.0388184,0.0124340,1.2123552,-0.0000000,1.0000000,1.0000000
0.0000000,0.0000000,0.9692268,0.0000000,0.0000000,0.0000000,1.0000000,0.0191925,0.0031003,-0.1093982,0.3500000,-0.2351718,0.0096271,-0.0193364,-0.0031361,-0.1101806,0.3500000,-0.2343888,-0.0096051,0.0000000,0.0000000,0.0000000,1.2707963,-0.0000000,-0.0919309,-0.0322978,0.0103454,1.2221720,-0.0000000,1.0000000,1.0000000
0.0000000,0.0000000,0.9692268,0.0000000,0.0000000,0.0000000,1.0000000,0.0191925,0.0031003,-0.1093982,0.3500000,-0.2351718,0.0096271,-0.0193364,-0.0031361,-0.1101806,0.3500000,-0.2343888,-0.0096051,0.0000000,0.0000000,0.0000000,1.2707963,-0.0000000,-0.0753058,-0.0264569,0.0084745,1.2309654,-0.0000000,1.0000000,1.0000000
0.0000000,0.0000000,0.9692268,0.0000000,0.0000000,0.0000000,1.0000000,0.0191925,0.0031003,-0.1093982,0.3500000,-0.2351718,0.0096271,-0.0193364,-0.0031361,-0.1101806,0.3500000,-0.2343888,-0.0096051,0.0000000,0.0000000,0.0000000,1.2707963,-0.0000000,-0.0605844,-0.0212849,0.0068178,1.2387518,-0.0000000,1.0000000,1.0000000
0.0000000,0.0000000,0.9692268,0.0000000,0.0000000,0.0000000,1.0000000,0.0191925,0.0031003,-0.1093982,0.3500000,-0.2351718,0.0096271,-0.0193364,-0.0031361,-0.1101806,0.3500000,-0.2343888,-0.0096051,0.0000000,0.0000000,0.0000000,1.2707963,-0.0000000,-0.0477215,-0.0167658,0.0053703,1.2455553,-0.0000000,1.0000000,1.0000000
0.0000000,0.0000000,0.9692268,0.0000000,0.0000000,0.0000000,1.0000000,0.0191925,0.0031003,-0.1093982,0.3500000,-0.2351718,0.0096271,-0.0193364,-0.0031361,-0.1101806,0.3500000,-0.2343888,-0.0096051,0.0000000,0.0000000,0.0000000,1.2707963,-0.0000000,-0.0366569,-0.0128786,0.0041252,1.2514076,-0.0000000,1.0000000,1.0000000
0.0000000,0.0000000,0.9692268,0.0000000,0.0000000,0.0000000,1.0000000,0.0191925,0.0031003,-0.1093982,0.3500000,-0.2351718,0.0096271,-0.0193364,-0.0031361,-0.1101806,0.3500000,-0.2343888,-0.0096051,0.0000000,0.0000000,0.0000000,1.2707963,-0.0000000,-0.0273154,-0.0095966,0.0030739,1.2563486,-0.0000000,1.0000000,1.0000000
0.0000000,0.0000000,0.9692268,0.0000000,0.0000000,0.0000000,1.0000000,0.0191925,0.0031003,-0.1093982,0.3500000,-0.2351718,0.0096271,-0.0193364,-0.0031361,-0.1101806,0.3500000,-0.2343888,-0.0096051,0.0000000,0.0000000,0.0000000,1.2707963,-0.0000000,-0.0196055,-0.0068879,0.0022063,1.2604265,0.0000000,1.0000000,1.0000000
0.0000000,0.0000000,0.9692268,0.0000000,0.0000000,0.0000000,1.0000000,0.0191925,0.0031003,-0.1093982,0.3500000,-0.2351718,0.0096271,-0.0193364,-0.0031361,-0.1101806,0.3500000,-0.2343888,-0.0096051,0.0000000,0.0000000,0.0000000,1.2707963,-0.0000000,-0.0134195,-0.0047146,0.0015102,1.2636984,0.0000000,1.0000000,1.0000000
0.0000000,0.0000000,0.9692268,0.0000000,0.0000000,0.0000000,1.0000000,0.0191925,0.0031003,-0.1093982,0.3500000,-0.2351718,0.0096271,-0.0193364,-0.0031361,-0.1101806,0.3500000,-0.2343888,-0.0096051,0.0000000,0.0000000,0.0000000,1.2707963,-0.0000000,-0.0086326,-0.0030329,0.0009715,1.2662304,0.0000000,1.0000000,1.0000000
0.0000000,0.0000000,0.9692268,0.0000000,0.0000000,0.0000000,1.0000000,0.0191925,0.0031003,-0.1093982,0.3500000,-0.2351718,0.0096271,-0.0193364,-0.0031361,-0.1101806,0.3500000,-0.2343888,-0.0096051,0.0000000,0.0000000,0.0000000,1.2707963,-0.0000000,-0.0051021,-0.0017925,0.0005742,1.2680977,0.0000000,1.0000000,1.0000000
0.0000000,0.0000000,0.9692268,0.0000000,0.0000000,0.0000000,1.0000000,0.0191925,0.0031003,-0.1093982,0.3500000,-0.2351718,0.0096271,-0.0193364,-0.0031361,-0.1101806,0.3500000,-0.2343888,-0.0096051,0.0000000,0.0000000,0.0000000,1.2707963,-0.0000000,-0.0026674,-0.0009371,0.0003002,1.2693855,0.0000000,1.0000000,1.0000000
0.0000000,0.0000000,0.9692268,0.0000000,0.0000000,0.0000000,1.0000000,0.0191925,0.0031003,-0.1093982,0.3500000,-0.2351718,0.0096271,-0.0193364,-0.0031361,-0.1101806,0.3500000,-0.2343888,-0.0096051,0.0000000,0.0000000,0.0000000,1.2707963,-0.0000000,-0.0011488,-0.0004036,0.0001293,1.2701887,0.0000000,1.0000000,1.0000000
0.0000000,0.0000000,0.9692268,0.0000000,0.0000000,0.0000000,1.0000000,0.0191925,0.0031003,-0.1093982,0.3500000,-0.2351718,0.0096271,-0.0193364,-0.0031361,-0.1101806,0.3500000,-0.2343888,-0.0096051,0.0000000,0.0000000,0.0000000,1.2707963,-0.0000000,-0.0003474,-0.0001221,0.0000391,1.2706126,0.0000000,1.0000000,1.0000000
0.0000000,0.0000000,0.9692268,0.0000000,0.0000000,0.0000000,1.0000000,0.0191925,0.0031003,-0.1093982,0.3500000,-0.2351718,0.0096271,-0.0193364,-0.0031361,-0.1101806,0.3500000,-0.2343888,-0.0096051,0.0000000,0.0000000,0.0000000,1.2707963,-0.0000000,-0.0000443,-0.0000156,0.0000050,1.2707729,0.0000000,1.0000000,1.0000000
0.0000000,0.0000000,0.9692268,0.0000000,0.0000000,0.0000000,1.0000000,0.0191925,0.0031003,-0.1093982,0.3500000,-0.2351718,0.0096271,-0.0193364,-0.0031361,-0.1101806,0.3500000,-0.2343888,-0.0096051,0.0000000,0.0000000,0.0000000,1.2707963,-0.0000000,0.0000000,0.0000000,0.0000000,1.2707963,0.0000000,1.0000000,1.0000000
0.0000000,0.0000000,0.9692268,0.0000000,0.0000000,0.0000000,1.0000000,0.0191925,0.0031003,-0.1093982,0.3500000,-0.2351718,0.0096271,-0.0193364,-0.0031361,-0.1101806,0.3500000,-0.2343888,-0.0096051,0.0000000,0.0000000,0.0000000,1.2707963,-0.0000000,0.0000000,0.0000000,0.0000000,1.2707963,0.0000000,1.0000000,1.0000000
0.0000000,0.0000000,0.9692268,0.0000000,0.0000000,0.0000000,1.0000000,0.0191925,0.0031003,-0.1093982,0.3500000,-0.2351718,0.0096271,-0.0193364,-0.0031361,-0.1101806,0.3500000,-0.2343888,-0.0096051,0.0000000,0.0000000,0.0000000,1.2707963,-0.0000000,0.0000000,0.0000000,0.0000000,1.2707963,0.0000000,1.0000000,1.0000000
0.0000000,0.0000000,0.9692268,0.0000000,0.0000000,0.0000000,1.0000000,0.0191925,0.0031003,-0.1093982,0.3500000,-0.2351718,0.0096271,-0.0193364,-0.0031361,-0.1101806,0.3500000,-0.2343888,-0.0096051,0.0000000,0.0000000,0.0000000,1.2707963,-0.0000000,0.0000000,0.0000000,0.0000000,1.2707963,0.0000000,1.0000000,1.0000000
0.0000000,0.0000000,0.9692268,0.0000000,0.0000000,0.0000000,1.0000000,0.0191925,0.0031003,-0.1093982,0.3500000,-0.2351718,0.0096271,-0.0193364,-0.0031361,-0.1101806,0.3500000,-0.2343888,-0.0096051,0.0000000,0.0000000,0.0000000,1.2707963,-0.0000000,0.0000000,0.0000000,0.0000000,1.2707963,0.0000000,1.0000000,1.0000000
0.0000000,0.0000000,0.9692268,0.0000000,0.0000000,0.0000000,1.0000000,0.0191925,0.0031003,-0.1093982,0.3500000,-0.2351718,0.0096271,-0.0193364,-0.0031361,-0.1101806,0.3500000,-0.2343888,-0.0096051,0.0000000,0.0000000,0.0000000,1.2707963,-0.0000000,0.0000000,0.0000000,0.0000000,1.2707963,0.0000000,1.0000000,1.0000000
0.0000000,0.0000000,0.9692268,0.0000000,0.0000000,0.0000000,1.0000000,0.0191925,0.0031003,-0.1093982,0.3500000,-0.2351718,0.0096271,-0.0193364,-0.0031361,-0.1101806,0.3500000,-0.2343888,-0.0096051,0.0000000,0.0000000,0.0000000,1.2707963,-0.0000000,0.0000000,0.0000000,0.0000000,1.2707963,0.0000000,1.0000000,1.0000000
0.0000000,0.0000000,0.9692268,0.0000000,0.0000000,0.0000000,1.0000000,0.0191925,0.0031003,-0.1093982,0.3500000,-0.2351718,0.0096271,-0.0193364,-0.0031361,-0.1101806,0.3500000,-0.2343888,-0.0096051,0.0000000,0.0000000,0.0000000,1.2707963,-0.0000000,0.0000000,0.0000000,0.0000000,1.2707963,0.0000000,1.0000000,1.0000000
0.0000000,0.0000000,0.9692268,0.0000000,0.0000000,0.0000000,1.0000000,0.0191925,0.0031003,-0.1093982,0.3500000,-0.2351718,0.0096271,-0.0193364,-0.0031361,-0.1101806,0.3500000,-0.2343888,-0.0096051,0.0000000,0.0000000,0.0000000,1.2707963,-0.0000000,0.0000000,0.0000000,0.0000000,1.2707963,0.0000000,1.0000000,1.0000000
0.0000000,0.0000000,0.9692268,0.0000000,0.0000000,0.0000000,1.0000000,0.0191925,0.0031003,-0.1093982,0.3500000,-0.2351718,0.0096271,-0.0193364,-0.0031361,-0.1101806,0.3500000,-0.2343888,-0.0096051,0.0000000,0.0000000,0.0000000,1.2707963,-0.0000000,0.0000000,0.0000000,0.0000000,1.2707963,-0.0000000,1.0000000,1.0000000
0.0000000,0.0000000,0.9692268,0.0000000,0.0000000,0.0000000,1.0000000,0.0191925,0.0031003,-0.1093982,0.3500000,-0.2351718,0.0096271,-0.0193364,-0.0031361,-0.1101806,0.3500000,-0.2343888,-0.0096051,0.0000000,0.0000000,0.0000000,1.2707963,-0.0000000,0.0000000,0.0000000,0.0000000,1.2707963,-0.0000000,1.0000000,1.0000000
0.0000000,0.0000000,0.9692268,0.0000000,0.0000000,0.0000000,1.0000000,0.0191925,0.0031003,-0.1093982,0.3500000,-0.2351718,0.0096271,-0.0193364,-0.0031361,-0.1101806,0.3500000,-0.2343888,-0.0096051,0.0000000,0.0000000,0.0000000,1.2707963,-0.0000000,0.0000000,0.0000000,0.0000000,1.2707963,-0.0000000,1.0000000,1.0000000
0.0000000,0.0000000,0.9692268,0.0000000,0.0000000,0.0000000,1.0000000,0.0191925,0.0031003,-0.1093982,0.3500000,-0.2351718,0.0096271,-0.0193364,-0.0031361,-0.1101806,0.3500000,-0.2343888,-0.0096051,0.0000000,0.0000000,0.0000000,1.2707963,-0.0000000,0.0000000,0.0000000,0.0000000,1.2707963,-0.0000000,1.0000000,1.0000000
0.0000000,0.0000000,0.9692268,0.0000000,0.0000000,0.0000000,1.0000000,0.0191925,0.0031003,-0.1093982,0.3500000,-0.2351718,0.0096271,-0.0193364,-0.0031361,-0.1101806,0.3500000,-0.2343888,-0.0096051,0.0000000,0.0000000,0.0000000,1.2707963,-0.0000000,0.0000000,0.0000000,0.0000000,1.2707963,-0.0000000,1.0000000,1.0000000
0.0000000,0.0000000,0.9692268,0.0000000,0.0000000,0.0000000,1.0000000,0.0191925,0.0031003,-0.1093982,0.3500000,-0.2351718,0.0096271,-0.0193364,-0.0031361,-0.1101806,0.3500000,-0.2343888,-0.0096051,0.0000000,0.0000000,0.0000000,1.2707963,-0.0000000,0.0000000,0.0000000,0.0000000,1.2707963,-0.0000000,1.0000000,1.0000000
0.0000000,0.0000000,0.9692268,0.0000000,0.0000000,0.0000000,1.0000000,0.0191925,0.0031003,-0.1093982,0.3500000,-0.2351718,0.0096271,-0.0193364,-0.0031361,-0.1101806,0.3500000,-0.2343888,-0.0096051,0.0000000,0.0000000,0.0000000,1.2707963,-0.0000000,0.0000000,0.0000000,0.0000000,1.2707963,-0.0000000,1.0000000,1.0000000
0.0000000,0.0000000,0.9692268,0.0000000,0.0000000,0.0000000,1.0000000,0.0191925,0.0031003,-0.1093982,0.3500000,-0.2351718,0.0096271,-0.0193364,-0.0031361,-0.1101806,0.3500000,-0.2343888,-0.0096051,0.0000000,0.0000000,0.0000000,1.2707963,-0.0000000,0.0000000,0.0000000,0.0000000,1.2707963,-0.0000000,1.0000000,1.0000000
0.0000000,0.0000000,0.9692268,0.0000000,0.0000000,0.0000000,1.0000000,0.0191925,0.0031003,-0.1093982,0.3500000,-0.2351718,0.0096271,-0.0193364,-0.0031361,-0.1101806,0.3500000,-0.2343888,-0.0096051,0.0000000,0.0000000,0.0000000,1.2707963,-0.0000000,0.0000000,0.0000000,0.0000000,1.2707963,-0.0000000,1.0000000,1.0000000
0.0000000,0.0000000,0.9692268,0.0000000,0.0000000,0.0000000,1.0000000,0.0191925,0.0031003,-0.1093982,0.3500000,-0.2351718,0.0096271,-0.0193364,-0.0031361,-0.1101806,0.3500000,-0.2343888,-0.0096051,0.0000000,0.0000000,0.0000000,1.2707963,-0.0000000,0.0000000,0.0000000,0.0000000,1.2707963,-0.0000000,1.0000000,1.0000000
0.0000000,0.0000000,0.9692268,0.0000000,0.0000000,0.0000000,1.0000000,0.0191925,0.0031003,-0.1093982,0.3500000,-0.2351718,0.0096271,-0.0193364,-0.0031361,-0.1101806,0.3500000,-0.2343888,-0.0096051,0.0000000,0.0000000,0.0000000,1.2707963,-0.0000000,0.0000000,0.0000000,0.0000000,1.2707963,-0.0000000,1.0000000,1.0000000
0.0000000,0.0000000,0.9692268,0.0000000,0.0000000,0.0000000,1.0000000,0.0191925,0.0031003,-0.1093982,0.3500000,-0.2351718,0.0096271,-0.0193364,-0.0031361,-0.1101806,0.3500000,-0.2343888,-0.0096051,0.0000000,0.0000000,0.0000000,1.2707963,-0.0000000,0.0000000,0.0000000,0.0000000,1.2707963,-0.0000000,1.0000000,1.0000000
0.0000000,0.0000000,0.9692268,0.0000000,0.0000000,0.0000000,1.0000000,0.0191925,0.0031003,-0.1093982,0.3500000,-0.2351718,0.0096271,-0.0193364,-0.0031361,-0.1101806,0.3500000,-0.2343888,-0.0096051,0.0000000,0.0000000,0.0000000,1.2707963,-0.0000000,0.0000000,0.0000000,0.0000000,1.2707963,-0.0000000,1.0000000,1.0000000
0.0000000,0.0000000,0.9692268,0.0000000,0.0000000,0.0000000,1.0000000,0.0191925,0.0031003,-0.1093982,0.3500000,-0.2351718,0.0096271,-0.0193364,-0.0031361,-0.1101806,0.3500000,-0.2343888,-0.0096051,0.0000000,0.0000000,0.0000000,1.2707963,-0.0000000,0.0000000,0.0000000,0.0000000,1.2707963,-0.0000000,1.0000000,1.0000000
0.0000000,0.0000000,0.9692268,0.0000000,0.0000000,0.0000000,1.0000000,0.0191925,0.0031003,-0.1093982,0.3500000,-0.2351718,0.0096271,-0.0193364,-0.0031361,-0.1101806,0.3500000,-0.2343888,-0.0096051,0.0000000,0.0000000,0.0000000,1.2707963,-0.0000000,0.0000000,0.0000000,0.0000000,1.2707963,-0.0000000,1.0000000,1.0000000
0.0000000,0.0000000,0.9692268,0.0000000,0.0000000,0.0000000,1.0000000,0.0191925,0.0031003,-0.1093982,0.3500000,-0.2351718,0.0096271,-0.0193364,-0.0031361,-0.1101806,0.3500000,-0.2343888,-0.0096051,0.0000000,0.0000000,0.0000000,1.2707963,-0.0000000,0.0000000,0.0000000,0.0000000,1.2707963,-0.0000000,1.0000000,1.0000000
0.0000000,0.0000000,0.9692268,0.0000000,0.0000000,0.0000000,1.0000000,0.0191925,0.0031003,-0.1093982,0.3500000,-0.2351718,0.0096271,-0.0193364,-0.0031361,-0.1101806,0.3500000,-0.2343888,-0.0096051,0.0000000,0.0000000,0.0000000,1.2707963,-0.0000000,0.0000000,0.0000000,0.0000000,1.2707963,-0.0000000,1.0000000,1.0000000
0.0000000,0.0000000,0.9692268,0.0000000,0.0000000,0.0000000,1.0000000,0.0191925,0.0031003,-0.1093982,0.3500000,-0.2351718,0.0096271,-0.0193364,-0.0031361,-0.1101806,0.3500000,-0.2343888,-0.0096051,0.0000000,0.0000000,0.0000000,1.2707963,-0.0000000,0.0000000,0.0000000,0.0000000,1.2707963,0.0000000,1.0000000,1.0000000
0.0000000,0.0000000,0.9692268,0.0000000,0.0000000,0.0000000,1.0000000,0.0191925,0.0031003,-0.1093982,0.3500000,-0.2351718,0.0096271,-0.0193364,-0.0031361,-0.1101806,0.3500000,-0.2343888,-0.0096051,0.0000000,0.0000000,0.0000000,1.2707963,-0.0000000,0.0000000,0.0000000,0.0000000,1.2707963,0.0000000,1.0000000,1.0000000
0.0000000,0.0000000,0.9692268,0.0000000,0.0000000,0.0000000,1.0000000,0.0191925,0.0031003,-0.1093982,0.3500000,-0.2351718,0.0096271,-0.0193364,-0.0031361,-0.1101806,0.3500000,-0.2343888,-0.0096051,0.0000000,0.0000000,0.0000000,1.2707963,-0.0000000,0.0000000,0.0000000,0.0000000,1.2707963,0.0000000,1.0000000,1.0000000
0.0000000,0.0000000,0.9692268,0.0000000,0.0000000,0.0000000,1.0000000,0.0191925,0.0031003,-0.1093982,0.3500000,-0.2351718,0.0096271,-0.0193364,-0.0031361,-0.1101806,0.3500000,-0.2343888,-0.0096051,0.0000000,0.0000000,0.0000000,1.2707963,-0.0000000,0.0000000,0.0000000,0.0000000,1.2707963,0.0000000,1.0000000,1.0000000
0.0000000,0.0000000,0.9692268,0.0000000,0.0000000,0.0000000,1.0000000,0.0191925,0.0031003,-0.1093982,0.3500000,-0.2351718,0.0096271,-0.0193364,-0.0031361,-0.1101806,0.3500000,-0.2343888,-0.0096051,0.0000000,0.0000000,0.0000000,1.2707963,-0.0000000,0.0000000,0.0000000,0.0000000,1.2707963,0.0000000,1.0000000,1.0000000
0.0000000,0.0000000,0.9692268,0.0000000,0.0000000,0.0000000,1.0000000,0.0191925,0.0031003,-0.1093982,0.3500000,-0.2351718,0.0096271,-0.0193364,-0.0031361,-0.1101806,0.3500000,-0.2343888,-0.0096051,0.0000000,0.0000000,0.0000000,1.2707963,-0.0000000,0.0000000,0.0000000,0.0000000,1.2707963,0.0000000,1.0000000,1.0000000
0.0000000,0.0000000,0.9692268,0.0000000,0.0000000,0.0000000,1.0000000,0.0191925,0.0031003,-0.1093982,0.3500000,-0.2351718,0.0096271,-0.0193364,-0.0031361,-0.1101806,0.3500000,-0.2343888,-0.0096051,0.0000000,0.0000000,0.0000000,1.2707963,-0.0000000,0.0000000,0.0000000,0.0000000,1.2707963,0.0000000,1.0000000,1.0000000
0.0000000,0.0000000,0.9692268,0.0000000,0.0000000,0.0000000,1.0000000,0.0191925,0.0031003,-0.1093982,0.3500000,-0.2351718,0.0096271,-0.0193364,-0.0031361,-0.1101806,0.3500000,-0.2343888,-0.0096051,0.0000000,0.0000000,0.0000000,1.2707963,-0.0000000,0.0000000,0.0000000,0.0000000,1.2707963,0.0000000,1.0000000,1.0000000
0.0000000,0.0000000,0.9692268,0.0000000,0.0000000,0.0000000,1.0000000,0.0191925,0.0031003,-0.1093982,0.3500000,-0.2351718,0.0096271,-0.0193364,-0.0031361,-0.1101806,0.3500000,-0.2343888,-0.0096051,0.0000000,0.0000000,0.0000000,1.2707963,-0.0000000,0.0000000,0.0000000,0.0000000,1.2707963,0.0000000,1.0000000,1.0000000
0.0000000,0.0000000,0.9692268,0.0000000,0.0000000,0.0000000,1.0000000,0.0191925,0.0031003,-0.1093982,0.3500000,-0.2351718,0.0096271,-0.0193364,-0.0031361,-0.1101806,0.3500000,-0.2343888,-0.0096051,0.0000000,0.0000000,0.0000000,1.2707963,-0.0000000,0.0000000,0.0000000,0.0000000,1.2707963,0.0000000,1.0000000,1.0000000
0.0000000,0.0000000,0.9692268,0.0000000,0.0000000,0.0000000,1.0000000,0.0191925,0.0031003,-0.1093982,0.3500000,-0.2351718,0.0096271,-0.0193364,-0.0031361,-0.1101806,0.3500000,-0.2343888,-0.0096051,0.0000000,0.0000000,0.0000000,1.2707963,-0.0000000,0.0000000,0.0000000,0.0000000,1.2707963,0.0000000,1.0000000,1.0000000
0.0000000,0.0000000,0.9692268,0.0000000,0.0000000,0.0000000,1.0000000,0.0191925,0.0031003,-0.1093982,0.3500000,-0.2351718,0.0096271,-0.0193364,-0.0031361,-0.1101806,0.3500000,-0.2343888,-0.0096051,0.0000000,0.0000000,0.0000000,1.2707963,-0.0000000,0.0000000,0.0000000,0.0000000,1.2707963,0.0000000,1.0000000,1.0000000
0.0000000,0.0000000,0.9692268,0.0000000,0.0000000,0.0000000,1.0000000,0.0191925,0.0031003,-0.1093982,0.3500000,-0.2351718,0.0096271,-0.0193364,-0.0031361,-0.1101806,0.3500000,-0.2343888,-0.0096051,0.0000000,0.0000000,0.0000000,1.2707963,-0.0000000,0.0000000,0.0000000,0.0000000,1.2707963,0.0000000,1.0000000,1.0000000
0.0000000,0.0000000,0.9692268,0.0000000,0.0000000,0.0000000,1.0000000,0.0191925,0.0031003,-0.1093982,0.3500000,-0.2351718,0.0096271,-0.0193364,-0.0031361,-0.1101806,0.3500000,-0.2343888,-0.0096051,0.0000000,0.0000000,0.0000000,1.2707963,-0.0000000,0.0000000,0.0000000,0.0000000,1.2707963,0.0000000,1.0000000,1.0000000
0.0000000,0.0000000,0.9692268,0.0000000,0.0000000,0.0000000,1.0000000,0.0191925,0.0031003,-0.1093982,0.3500000,-0.2351718,0.0096271,-0.0193364,-0.0031361,-0.1101806,0.3500000,-0.2343888,-0.0096051,0.0000000,0.0000000,0.0000000,1.2707963,-0.0000000,0.0000000,0.0000000,0.0000000,1.2707963,0.0000000,1.0000000,1.0000000
0.0000000,0.0000000,0.9692268,0.0000000,0.0000000,0.0000000,1.0000000,0.0191925,0.0031003,-0.1093982,0.3500000,-0.2351718,0.0096271,-0.0193364,-0.0031361,-0.1101806,0.3500000,-0.2343888,-0.0096051,0.0000000,0.0000000,0.0000000,1.2707963,-0.0000000,0.0000000,0.0000000,0.0000000,1.2707963,0.0000000,1.0000000,1.0000000
0.0000000,0.0000000,0.9692268,0.0000000,0.0000000,0.0000000,1.0000000,0.0191925,0.0031003,-0.1093982,0.3500000,-0.2351718,0.0096271,-0.0193364,-0.0031361,-0.1101806,0.3500000,-0.2343888,-0.0096051,0.0000000,0.0000000,0.0000000,1.2707963,-0.0000000,0.0000000,0.0000000,0.0000000,1.2707963,-0.0000000,1.0000000,1.0000000
0.0000000,0.0000000,0.9692268,0.0000000,0.0000000,0.0000000,1.0000000,0.0191925,0.0031003,-0.1093982,0.3500000,-0.2351718,0.0096271,-0.0193364,-0.0031361,-0.1101806,0.3500000,-0.2343888,-0.0096051,0.0000000,0.0000000,0.0000000,1.2707963,-0.0000000,0.0000000,0.0000000,0.0000000,1.2707963,-0.0000000,1.0000000,1.0000000
0.0000000,0.0000000,0.9692268,0.0000000,0.0000000,0.0000000,1.0000000,0.0191925,0.0031003,-0.1093982,0.3500000,-0.2351718,0.0096271,-0.0193364,-0.0031361,-0.1101806,0.3500000,-0.2343888,-0.0096051,0.0000000,0.0000000,0.0000000,1.2707963,-0.0000000,0.0000000,0.0000000,0.0000000,1.2707963,-0.0000000,1.0000000,1.0000000
0.0000000,0.0000000,0.9692268,0.0000000,0.0000000,0.0000000,1.0000000,0.0191925,0.0031003,-0.1093982,0.3500000,-0.2351718,0.0096271,-0.0193364,-0.0031361,-0.1101806,0.3500000,-0.2343888,-0.0096051,0.0000000,0.0000000,0.0000000,1.2707963,-0.0000000,0.0000000,0.0000000,0.0000000,1.2707963,-0.0000000,1.0000000,1.0000000
0.0000000,0.0000000,0.9692268,0.0000000,0.0000000,0.0000000,1.0000000,0.0191925,0.0031003,-0.1093982,0.3500000,-0.2351718,0.0096271,-0.0193364,-0.0031361,-0.1101806,0.3500000,-0.2343888,-0.0096051,0.0000000,0.0000000,0.0000000,1.2707963,-0.0000000,0.0000000,0.0000000,0.0000000,1.2707963,-0.0000000,1.0000000,1.0000000
0.0000000,0.0000000,0.9692268,0.0000000,0.0000000,0.0000000,1.0000000,0.0191925,0.0031003,-0.1093982,0.3500000,-0.2351718,0.0096271,-0.0193364,-0.0031361,-0.1101806,0.3500000,-0.2343888,-0.0096051,0.0000000,0.0000000,0.0000000,1.2707963,-0.0000000,0.0000000,0.0000000,0.0000000,1.2707963,-0.0000000,1.0000000,1.0000000
0.0000000,0.0000000,0.9692268,0.0000000,0.0000000,0.0000000,1.0000000,0.0191925,0.0031003,-0.1093982,0.3500000,-0.2351718,0.0096271,-0.0193364,-0.0031361,-0.1101806,0.3500000,-0.2343888,-0.0096051,0.0000000,0.0000000,0.0000000,1.2707963,-0.0000000,0.0000000,0.0000000,0.0000000,1.2707963,-0.0000000,1.0000000,1.0000000
0.0000000,0.0000000,0.9692268,0.0000000,0.0000000,0.0000000,1.0000000,0.0191925,0.0031003,-0.1093982,0.3500000,-0.2351718,0.0096271,-0.0193364,-0.0031361,-0.1101806,0.3500000,-0.2343888,-0.0096051,0.0000000,0.0000000,0.0000000,1.2707963,-0.0000000,0.0000000,0.0000000,0.0000000,1.2707963,-0.0000000,1.0000000,1.0000000
0.0000000,0.0000000,0.9692268,0.0000000,0.0000000,0.0000000,1.0000000,0.0191925,0.0031003,-0.1093982,0.3500000,-0.2351718,0.0096271,-0.0193364,-0.0031361,-0.1101806,0.3500000,-0.2343888,-0.0096051,0.0000000,0.0000000,0.0000000,1.2707963,-0.0000000,0.0000000,0.0000000,0.0000000,1.2707963,-0.0000000,1.0000000,1.0000000
