pelvis_x,pelvis_y,pelvis_z,pelvis_qx,pelvis_qy,pelvis_qz,pelvis_qw,left_hip_yaw,left_hip_roll,left_hip_pitch,left_knee,left_ankle_pitch,left_ankle_roll,right_hip_yaw,right_hip_roll,right_hip_pitch,right_knee,right_ankle_pitch,right_ankle_roll,left_shoulder_pitch,left_shoulder_roll,left_shoulder_yaw,left_elbow,left_wrist_roll,right_shoulder_pitch,right_shoulder_roll,right_shoulder_yaw,right_elbow,right_wrist_roll,contact_left,contact_right
0.0000000,0.0000000,0.9692268,0.0000000,0.0000000,0.0000000,1.0000000,-0.0000792,0.0007205,-0.1094209,0.3500000,-0.2405791,-0.0007248,0.0000817,-0.0007383,-0.1102037,0.3500000,-0.2397964,0.0007428,0.0000000,0.0000000,0.0000000,1.2707963,-0.0000000,0.0000000,0.0000000,0.0000000,1.2707963,-0.0000000,1.0000000,1.0000000
0.0000000,0.0000000,0.9692268,0.0000000,0.0000000,0.0000000,1.0000000,-0.0000792,0.0007205,-0.1094209,0.3500000,-0.2405791,-0.0007248,0.0000817,-0.0007383,-0.1102037,0.3500000,-0.2397964,0.0007428,0.0000000,0.0000000,0.0000000,1.2707963,-0.0000000,0.0000000,0.0000000,0.0000000,1.2707963,-0.0000000,1.0000000,1.0000000
0.0000000,0.0000000,0.9692268,0.0000000,0.0000000,0.0000000,1.0000000,-0.0000792,0.0007205,-0.1094209,0.3500000,-0.2405791,-0.0007248,0.0000817,-0.0007383,-0.1102037,0.3500000,-0.2397964,0.0007428,0.0000000,0.0000000,0.0000000,1.2707963,-0.0000000,0.0000000,0.0000000,0.0000000,1.2707963,-0.0000000,1.0000000,1.0000000
0.0000000,0.0000000,0.9692268,0.0000000,0.0000000,0.0000000,1.0000000,-0.0000792,0.0007205,-0.1094209,0.3500000,-0.2405791,-0.0007248,0.0000817,-0.0007383,-0.1102037,0.3500000,-0.2397964,0.0007428,0.0000000,0.0000000,0.0000000,1.2707963,-0.0000000,0.0000000,0.0000000,0.0000000,1.2707963,-0.0000000,1.0000000,1.0000000
0.0000000,0.0000000,0.9692268,0.0000000,0.0000000,0.0000000,1.0000000,-0.0000792,0.0007205,-0.1094209,0.3500000,-0.2405791,-0.0007248,0.0000817,-0.0007383,-0.1102037,0.3500000,-0.2397964,0.0007428,0.0000000,0.0000000,0.0000000,1.2707963,-0.0000000,0.0000000,0.0000000,0.0000000,1.2707963,-0.0000000,1.0000000,1.0000000
0.0000000,0.0000000,0.9692268,0.0000000,0.0000000,0.0000000,1.0000000,-0.0000792,0.0007205,-0.1094209,0.3500000,-0.2405791,-0.0007248,0.0000817,-0.0007383,-0.1102037,0.3500000,-0.2397964,0.0007428,0.0000000,0.0000000,0.0000000,1.2707963,-0.0000000,0.0000000,0.0000000,0.0000000,1.2707963,-0.0000000,1.0000000,1.0000000
0.0000000,0.0000000,0.9692268,0.0000000,0.0000000,0.0000000,1.0000000,-0.0000792,0.0007205,-0.1094209,0.3500000,-0.2405791,-0.0007248,0.0000817,-0.0007383,-0.1102037,0.3500000,-0.2397964,0.0007428,0.0000000,0.0000000,0.0000000,1.2707963,-0.0000000,0.0000000,0.0000000,0.0000000,1.2707963,-0.0000000,1.0000000,1.0000000
0.0000000,0.0000000,0.9692268,0.0000000,0.0000000,0.0000000,1.0000000,-0.0000792,0.0007205,-0.1094209,0.3500000,-0.2405791,-0.0007248,0.0000817,-0.0007383,-0.1102037,0.3500000,-0.2397964,0.0007428,0.0000000,0.0000000,0.0000000,1.2707963,-0.0000000,0.0000000,0.0000000,0.0000000,1.2707963,-0.0000000,1.0000000,1.0000000
0.0000000,0.0000000,0.9692268,0.0000000,0.0000000,0.0000000,1.0000000,-0.0000792,0.0007205,-0.1094209,0.3500000,-0.2405791,-0.0007248,0.0000817,-0.0007383,-0.1102037,0.3500000,-0.2397964,0.0007428,0.0000000,0.0000000,0.0000000,1.2707963,-0.0000000,0.0000000,0.0000000,0.0000000,1.2707963,-0.0000000,1.0000000,1.0000000
0.0000000,0.0000000,0.9692268,0.0000000,0.0000000,0.0000000,1.0000000,-0.0000792,0.0007205,-0.1094209,0.3500000,-0.2405791,-0.0007248,0.0000817,-0.0007383,-0.1102037,0.3500000,-0.2397964,0.0007428,0.0000000,0.0000000,0.0000000,1.2707963,-0.0000000,0.0000000,0.0000000,0.0000000,1.2707963,-0.0000000,1.0000000,1.0000000
0.0000000,0.0000000,0.9692268,0.0000000,0.0000000,0.0000000,1.0000000,-0.0000792,0.0007205,-0.1094209,0.3500000,-0.2405791,-0.0007248,0.0000817,-0.0007383,-0.1102037,0.3500000,-0.2397964,0.0007428,0.0000000,0.0000000,0.0000000,1.2707963,-0.0000000,0.0000000,0.0000000,0.0000000,1.2707963,-0.0000000,1.0000000,1.0000000
0.0000000,0.0000000,0.9692268,0.0000000,0.0000000,0.0000000,1.0000000,-0.0000792,0.0007205,-0.1094209,0.3500000,-0.2405791,-0.0007248,0.0000817,-0.0007383,-0.1102037,0.3500000,-0.2397964,0.0007428,0.0000000,0.0000000,0.0000000,1.2707963,-0.0000000,0.0000000,0.0000000,0.0000000,1.2707963,-0.0000000,1.0000000,1.0000000
0.0000000,0.0000000,0.9692268,0.0000000,0.0000000,0.0000000,1.0000000,-0.0000792,0.0007205,-0.1094209,0.3500000,-0.2405791,-0.0007248,0.0000817,-0.0007383,-0.1102037,0.3500000,-0.2397964,0.0007428,0.0000000,0.0000000,0.0000000,1.2707963,-0.0000000,0.0000000,0.0000000,0.0000000,1.2707963,-0.0000000,1.0000000,1.0000000
0.0000000,0.0000000,0.9692268,0.0000000,0.0000000,0.0000000,1.0000000,-0.0000792,0.0007205,-0.1094209,0.3500000,-0.2405791,-0.0007248,0.0000817,-0.0007383,-0.1102037,0.3500000,-0.2397964,0.0007428,0.0000000,0.0000000,0.0000000,1.2707963,-0.0000000,0.0000000,0.0000000,0.0000000,1.2707963,-0.0000000,1.0000000,1.0000000
0.0000000,0.0000000,0.9692268,0.0000000,0.0000000,0.0000000,1.0000000,-0.0000792,0.0007205,-0.1094209,0.3500000,-0.2405791,-0.0007248,0.0000817,-0.0007383,-0.1102037,0.3500000,-0.2397964,0.0007428,0.0000000,0.0000000,0.0000000,1.2707963,-0.0000000,0.0000000,0.0000000,0.0000000,1.2707963,-0.0000000,1.0000000,1.0000000
0.0000000,0.0000000,0.9692268,0.0000000,0.0000000,0.0000000,1.0000000,-0.0000792,0.0007205,-0.1094209,0.3500000,-0.2405791,-0.0007248,0.0000817,-0.0007383,-0.1102037,0.3500000,-0.2397964,0.0007428,0.0000000,0.0000000,0.0000000,1.2707963,-0.0000000,0.0000000,0.0000000,0.0000000,1.2707963,-0.0000000,1.0000000,1.0000000
0.0000000,0.0000000,0.9692268,0.0000000,0.0000000,0.0000000,1.0000000,-0.0000792,0.0007205,-0.1094209,0.3500000,-0.2405791,-0.0007248,0.0000817,-0.0007383,-0.1102037,0.3500000,-0.2397964,0.0007428,0.0000000,0.0000000,0.0000000,1.2707963,-0.0000000,0.0000000,0.0000000,0.0000000,1.2707963,-0.0000000,1.0000000,1.0000000
0.0000000,0.0000000,0.9692268,0.0000000,0.0000000,0.0000000,1.0000000,-0.0000792,0.0007205,-0.1094209,0.3500000,-0.2405791,-0.0007248,0.0000817,-0.0007383,-0.1102037,0.3500000,-0.2397964,0.0007428,0.0000000,0.0000000,0.0000000,1.2707963,-0.0000000,0.0000000,0.0000000,0.0000000,1.2707963,-0.0000000,1.0000000,1.0000000
0.0000000,0.0000000,0.9692268,0.0000000,0.0000000,0.0000000,1.0000000,-0.0000792,0.0007205,-0.1094209,0.3500000,-0.2405791,-0.0007248,0.0000817,-0.0007383,-0.1102037,0.3500000,-0.2397964,0.0007428,0.0000000,0.0000000,0.0000000,1.2707963,-0.0000000,0.0000000,0.0000000,0.0000000,1.2707963,-0.0000000,1.0000000,1.0000000
0.0000000,0.0000000,0.9692268,0.0000000,0.0000000,0.0000000,1.0000000,-0.0000792,0.0007205,-0.1094209,0.3500000,-0.2405791,-0.0007248,0.0000817,-0.0007383,-0.1102037,0.3500000,-0.2397964,0.0007428,0.0000000,0.0000000,0.0000000,1.2707963,-0.0000000,0.0000000,0.0000000,0.0000000,1.2707963,-0.0000000,1.0000000,1.0000000
0.0000000,0.0000000,0.9692268,0.0000000,0.0000000,0.0000000,1.0000000,-0.0000792,0.0007205,-0.1094209,0.3500000,-0.2405791,-0.0007248,0.0000817,-0.0007383,-0.1102037,0.3500000,-0.2397964,0.0007428,0.0000000,0.0000000,0.0000000,1.2707963,-0.0000000,0.0000000,0.0000000,0.0000000,1.2707963,-0.0000000,1.0000000,1.0000000
0.0000000,0.0000000,0.9692268,0.0000000,0.0000000,0.0000000,1.0000000,-0.0000792,0.0007205,-0.1094209,0.3500000,-0.2405791,-0.0007248,0.0000817,-0.0007383,-0.1102037,0.3500000,-0.2397964,0.0007428,0.0000000,0.0000000,0.0000000,1.2707963,-0.0000000,0.0000000,0.0000000,0.0000000,1.2707963,-0.0000000,1.0000000,1.0000000
0.0000000,0.0000000,0.9692268,0.0000000,0.0000000,0.0000000,1.0000000,-0.0000792,0.0007205,-0.1094209,0.3500000,-0.2405791,-0.0007248,0.0000817,-0.0007383,-0.1102037,0.3500000,-0.2397964,0.0007428,0.0000000,0.0000000,0.0000000,1.2707963,-0.0000000,0.0000000,0.0000000,0.0000000,1.2707963,-0.0000000,1.0000000,1.0000000
0.0000000,0.0000000,0.9692268,0.0000000,0.0000000,0.0000000,1.0000000,-0.0000792,0.0007205,-0.1094209,0.3500000,-0.2405791,-0.0007248,0.0000817,-0.0007383,-0.1102037,0.3500000,-0.2397964,0.0007428,0.0000000,0.0000000,0.0000000,1.2707963,-0.0000000,0.0000000,0.0000000,0.0000000,1.2707963,-0.0000000,1.0000000,1.0000000
0.0000000,0.0000000,0.9692268,0.0000000,0.0000000,0.0000000,1.0000000,-0.0000792,0.0007205,-0.1094209,0.3500000,-0.2405791,-0.0007248,0.0000817,-0.0007383,-0.1102037,0.3500000,-0.2397964,0.0007428,0.0000000,0.0000000,0.0000000,1.2707963,-0.0000000,0.0000000,0.0000000,0.0000000,1.2707963,-0.0000000,1.0000000,1.0000000
0.0000000,0.0000000,0.9692268,0.0000000,0.0000000,0.0000000,1.0000000,-0.0000792,0.0007205,-0.1094209,0.3500000,-0.2405791,-0.0007248,0.0000817,-0.0007383,-0.1102037,0.3500000,-0.2397964,0.0007428,0.0000000,0.0000000,0.0000000,1.2707963,-0.0000000,0.0000000,0.0000000,0.0000000,1.2707963,-0.0000000,1.0000000,1.0000000
0.0000000,0.0000000,0.9692268,0.0000000,0.0000000,0.0000000,1.0000000,-0.0000792,0.0007205,-0.1094209,0.3500000,-0.2405791,-0.0007248,0.0000817,-0.0007383,-0.1102037,0.3500000,-0.2397964,0.0007428,0.0000000,0.0000000,0.0000000,1.2707963,-0.0000000,0.0000000,0.0000000,0.0000000,1.2707963,-0.0000000,1.0000000,1.0000000
0.0000000,0.0000000,0.9692268,0.0000000,0.0000000,0.0000000,1.0000000,-0.0000792,0.0007205,-0.1094209,0.3500000,-0.2405791,-0.0007248,0.0000817,-0.0007383,-0.1102037,0.3500000,-0.2397964,0.0007428,0.0000000,0.0000000,0.0000000,1.2707963,-0.0000000,0.0000000,0.0000000,0.0000000,1.2707963,-0.0000000,1.0000000,1.0000000
0.0000000,0.0000000,0.9692268,0.0000000,0.0000000,0.0000000,1.0000000,-0.0000792,0.0007205,-0.1094209,0.3500000,-0.2405791,-0.0007248,0.0000817,-0.0007383,-0.1102037,0.3500000,-0.2397964,0.0007428,0.0000000,0.0000000,0.0000000,1.2707963,-0.0000000,0.0000000,0.0000000,0.0000000,1.2707963,-0.0000000,1.0000000,1.0000000
0.0000000,0.0000000,0.9692268,0.0000000,0.0000000,0.0000000,1.0000000,-0.0000792,0.0007205,-0.1094209,0.3500000,-0.2405791,-0.0007248,0.0000817,-0.0007383,-0.1102037,0.3500000,-0.2397964,0.0007428,0.0000000,0.0000000,0.0000000,1.2707963,-0.0000000,0.0000000,0.0000000,0.0000000,1.2707963,-0.0000000,1.0000000,1.0000000
0.0000000,0.0000000,0.9692268,0.0000000,0.0000000,0.0000000,1.0000000,-0.0000792,0.0007205,-0.1094209,0.3500000,-0.2405791,-0.0007248,0.0000817,-0.0007383,-0.1102037,0.3500000,-0.2397964,0.0007428,0.0000000,0.0000000,0.0000000,1.2707963,-0.0000000,0.0000000,0.0000000,0.0000000,1.2707963,-0.0000000,1.0000000,1.0000000
0.0000000,0.0000000,0.9692268,0.0000000,0.0000000,0.0000000,1.0000000,-0.0000792,0.0007205,-0.1094209,0.3500000,-0.2405791,-0.0007248,0.0000817,-0.0007383,-0.1102037,0.3500000,-0.2397964,0.0007428,0.0000000,0.0000000,0.0000000,1.2707963,-0.0000000,0.0000000,0.0000000,0.0000000,1.2707963,-0.0000000,1.0000000,1.0000000
0.0000000,0.0000000,0.9692268,0.0000000,0.0000000,0.0000000,1.0000000,-0.0000792,0.0007205,-0.1094209,0.3500000,-0.2405791,-0.0007248,0.0000817,-0.0007383,-0.1102037,0.3500000,-0.2397964,0.0007428,0.0000000,0.0000000,0.0000000,1.2707963,-0.0000000,0.0000000,0.0000000,0.0000000,1.2707963,-0.0000000,1.0000000,1.0000000
0.0000000,0.0000000,0.9692268,0.0000000,0.0000000,0.0000000,1.0000000,-0.0000792,0.0007205,-0.1094209,0.3500000,-0.2405791,-0.0007248,0.0000817,-0.0007383,-0.1102037,0.3500000,-0.2397964,0.0007428,0.0000000,0.0000000,0.0000000,1.2707963,-0.0000000,0.0000000,0.0000000,0.0000000,1.2707963,-0.0000000,1.0000000,1.0000000
0.0000000,0.0000000,0.9692268,0.0000000,0.0000000,0.0000000,1.0000000,-0.0000792,0.0007205,-0.1094209,0.3500000,-0.2405791,-0.0007248,0.0000817,-0.0007383,-0.1102037,0.3500000,-0.2397964,0.0007428,0.0000000,0.0000000,0.0000000,1.2707963,-0.0000000,0.0000000,0.0000000,0.0000000,1.2707963,-0.0000000,1.0000000,1.0000000
0.0000000,0.0000000,0.9692268,0.0000000,0.0000000,0.0000000,1.0000000,-0.0000792,0.0007205,-0.1094209,0.3500000,-0.2405791,-0.0007248,0.0000817,-0.0007383,-0.1102037,0.3500000,-0.2397964,0.0007428,0.0000000,0.0000000,0.0000000,1.2707963,-0.0000000,0.0000000,0.0000000,0.0000000,1.2707963,-0.0000000,1.0000000,1.0000000
0.0000000,0.0000000,0.9692268,0.0000000,0.0000000,0.0000000,1.0000000,-0.0000792,0.0007205,-0.1094209,0.3500000,-0.2405791,-0.0007248,0.0000817,-0.0007383,-0.1102037,0.3500000,-0.2397964,0.0007428,0.0000000,0.0000000,0.0000000,1.2707963,-0.0000000,0.0000000,0.0000000,0.0000000,1.2707963,-0.0000000,1.0000000,1.0000000
0.0000000,0.0000000,0.9692268,0.0000000,0.0000000,0.0000000,1.0000000,-0.0000792,0.0007205,-0.1094209,0.3500000,-0.2405791,-0.0007248,0.0000817,-0.0007383,-0.1102037,0.3500000,-0.2397964,0.0007428,0.0000000,0.0000000,0.0000000,1.2707963,-0.0000000,0.0000000,0.0000000,0.0000000,1.2707963,-0.0000000,1.0000000,1.0000000
0.0000000,0.0000000,0.9692268,0.0000000,0.0000000,0.0000000,1.0000000,-0.0000792,0.0007205,-0.1094209,0.3500000,-0.2405791,-0.0007248,0.0000817,-0.0007383,-0.1102037,0.3500000,-0.2397964,0.0007428,0.0000000,0.0000000,0.0000000,1.2707963,-0.0000000,0.0000000,0.0000000,0.0000000,1.2707963,-0.0000000,1.0000000,1.0000000
0.0000000,0.0000000,0.9692268,0.0000000,0.0000000,0.0000000,1.0000000,-0.0000792,0.0007205,-0.1094209,0.3500000,-0.2405791,-0.0007248,0.0000817,-0.0007383,-0.1102037,0.3500000,-0.2397964,0.0007428,0.0000000,0.0000000,0.0000000,1.2707963,-0.0000000,0.0000000,0.0000000,0.0000000,1.2707963,-0.0000000,1.0000000,1.0000000
0.0000000,0.0000000,0.9692268,0.0000000,0.0000000,0.0000000,1.0000000,-0.0000792,0.0007205,-0.1094209,0.3500000,-0.2405791,-0.0007248,0.0000817,-0.0007383,-0.1102037,0.3500000,-0.2397964,0.0007428,0.0000000,0.0000000,0.0000000,1.2707963,-0.0000000,0.0000000,0.0000000,0.0000000,1.2707963,-0.0000000,1.0000000,1.0000000
0.0000000,0.0000000,0.9692268,0.0000000,0.0000000,0.0000000,1.0000000,-0.0000792,0.0007205,-0.1094209,0.3500000,-0.2405791,-0.0007248,0.0000817,-0.0007383,-0.1102037,0.3500000,-0.2397964,0.0007428,0.0000000,0.0000000,0.0000000,1.2707963,-0.0000000,0.0000000,0.0000000,0.0000000,1.2707963,-0.0000000,1.0000000,1.0000000
0.0000000,0.0000000,0.9692268,0.0000000,0.0000000,0.0000000,1.0000000,-0.0000792,0.0007205,-0.1094209,0.3500000,-0.2405791,-0.0007248,0.0000817,-0.0007383,-0.1102037,0.3500000,-0.2397964,0.0007428,0.0000000,0.0000000,0.0000000,1.2707963,-0.0000000,0.0000000,0.0000000,0.0000000,1.2707963,-0.0000000,1.0000000,1.0000000
0.0000000,0.0000000,0.9692268,0.0000000,0.0000000,0.0000000,1.0000000,-0.0000792,0.0007205,-0.1094209,0.3500000,-0.2405791,-0.0007248,0.0000817,-0.0007383,-0.1102037,0.3500000,-0.2397964,0.0007428,0.0000000,0.0000000,0.0000000,1.2707963,-0.0000000,0.0000000,0.0000000,0.0000000,1.2707963,-0.0000000,1.0000000,1.0000000
0.0000000,0.0000000,0.9692268,0.0000000,0.0000000,0.0000000,1.0000000,-0.0000792,0.0007205,-0.1094209,0.3500000,-0.2405791,-0.0007248,0.0000817,-0.0007383,-0.1102037,0.3500000,-0.2397964,0.0007428,0.0000000,0.0000000,0.0000000,1.2707963,-0.0000000,0.0000000,0.0000000,0.0000000,1.2707963,-0.0000000,1.0000000,1.0000000
0.0000000,0.0000000,0.9692268,0.0000000,0.0000000,0.0000000,1.0000000,-0.0000792,0.0007205,-0.1094209,0.3500000,-0.2405791,-0.0007248,0.0000817,-0.0007383,-0.1102037,0.3500000,-0.2397964,0.0007428,0.0000000,0.0000000,0.0000000,1.2707963,-0.0000000,0.0000000,0.0000000,0.0000000,1.2707963,-0.0000000,1.0000000,1.0000000
0.0000000,0.0000000,0.9692268,0.0000000,0.0000000,0.0000000,1.0000000,-0.0000792,0.0007205,-0.1094209,0.3500000,-0.2405791,-0.0007248,0.0000817,-0.0007383,-0.1102037,0.3500000,-0.2397964,0.0007428,0.0000000,0.0000000,0.0000000,1.2707963,-0.0000000,0.0000000,0.0000000,0.0000000,1.2707963,-0.0000000,1.0000000,1.0000000
0.0000000,0.0000000,0.9692268,0.0000000,0.0000000,0.0000000,1.0000000,-0.0000792,0.0007205,-0.1094209,0.3500000,-0.2405791,-0.0007248,0.0000817,-0.0007383,-0.1102037,0.3500000,-0.2397964,0.0007428,0.0000000,0.0000000,0.0000000,1.2707963,-0.0000000,0.0000000,0.0000000,0.0000000,1.2707963,-0.0000000,1.0000000,1.0000000
0.0000000,0.0000000,0.9692268,0.0000000,0.0000000,0.0000000,1.0000000,-0.0000792,0.0007205,-0.1094209,0.3500000,-0.2405791,-0.0007248,0.0000817,-0.0007383,-0.1102037,0.3500000,-0.2397964,0.0007428,0.0000000,0.0000000,0.0000000,1.2707963,-0.0000000,0.0000000,0.0000000,0.0000000,1.2707963,-0.0000000,1.0000000,1.0000000
0.0000000,0.0000000,0.9692268,0.0000000,0.0000000,0.0000000,1.0000000,-0.0000792,0.0007205,-0.1094209,0.3500000,-0.2405791,-0.0007248,0.0000817,-0.0007383,-0.1102037,0.3500000,-0.2397964,0.0007428,0.0000000,0.0000000,0.0000000,1.2707963,-0.0000000,0.0000000,0.0000000,0.0000000,1.2707963,-0.0000000,1.0000000,1.0000000
0.0000000,0.0000000,0.9692268,0.0000000,0.0000000,0.0000000,1.0000000,-0.0000792,0.0007205,-0.1094209,0.3500000,-0.2405791,-0.0007248,0.0000817,-0.0007383,-0.1102037,0.3500000,-0.2397964,0.0007428,0.0000000,0.0000000,0.0000000,1.2707963,-0.0000000,0.0000000,0.0000000,0.0000000,1.2707963,-0.0000000,1.0000000,1.0000000
0.0000000,0.0000002,0.9692268,0.0000000,0.0000000,0.0000000,1.0000000,-0.0000791,0.0007203,-0.1094209,0.3500000,-0.2405791,-0.0007246,0.0000817,-0.0007385,-0.1102037,0.3500000,-0.2397964,0.0007430,0.0000000,0.0000000,0.0000000,1.2707963,-0.0000000,0.0000000,0.0000000,0.0000000,1.2707963,-0.0000000,1.0000000,1.0000000
0.0000000,0.0000014,0.9692268,0.0000000,0.0000000,0.0000000,1.0000000,-0.0000790,0.0007189,-0.1094209,0.3500000,-0.2405791,-0.0007232,0.0000819,-0.0007398,-0.1102037,0.3500000,-0.2397963,0.0007443,0.0000000,0.0000000,0.0000000,1.2707963,-0.0000000,0.0000000,0.0000000,0.0000000,1.2707963,-0.0000000,1.0000000,1.0000000
0.0000000,0.0000047,0.9692268,0.0000000,0.0000000,0.0000000,1.0000000,-0.0000786,0.0007153,-0.1094209,0.3500000,-0.2405791,-0.0007196,0.0000823,-0.0007435,-0.1102037,0.3500000,-0.2397963,0.0007480,0.0000000,0.0000000,0.0000000,1.2707963,-0.0000000,0.0000000,0.0000000,0.0000000,1.2707963,-0.0000000,1.0000000,1.0000000
0.0000000,0.0000111,0.9692268,0.0000000,0.0000000,0.0000000,1.0000000,-0.0000778,0.0007082,-0.1094210,0.3500001,-0.2405792,-0.0007125,0.0000830,-0.0007505,-0.1102036,0.3499999,-0.2397963,0.0007551,0.0000000,0.0000000,0.0000000,1.2707963,-0.0000000,0.0000000,0.0000000,0.0000000,1.2707963,-0.0000000,1.0000000,1.0000000
0.0000000,0.0000214,0.9692268,0.0000000,0.0000000,0.0000000,1.0000000,-0.0000766,0.0006968,-0.1094210,0.3500002,-0.2405792,-0.0007010,0.0000843,-0.0007619,-0.1102036,0.3499998,-0.2397962,0.0007666,0.0000000,0.0000000,0.0000000,1.2707963,-0.0000000,0.0000000,0.0000000,0.0000000,1.2707963,-0.0000000,1.0000000,1.0000000
0.0000000,0.0000366,0.9692268,0.0000000,0.0000000,0.0000000,1.0000000,-0.0000747,0.0006800,-0.1094211,0.3500004,-0.2405793,-0.0006841,0.0000862,-0.0007787,-0.1102035,0.3499996,-0.2397961,0.0007835,0.0000000,0.0000000,0.0000000,1.2707963,-0.0000000,0.0000000,0.0000000,0.0000000,1.2707963,-0.0000000,1.0000000,1.0000000
0.0000000,0.0000575,0.9692268,0.0000000,0.0000000,0.0000000,1.0000000,-0.0000722,0.0006568,-0.1094211,0.3500006,-0.2405795,-0.0006608,0.0000887,-0.0008019,-0.1102035,0.3499994,-0.2397960,0.0008068,0.0000000,0.0000000,0.0000000,1.2707963,-0.0000000,0.0000000,0.0000000,0.0000000,1.2707963,-0.0000000,1.0000000,1.0000000
0.0000000,0.0000849,0.9692268,0.0000000,0.0000000,0.0000000,1.0000000,-0.0000688,0.0006265,-0.1094212,0.3500009,-0.2405797,-0.0006302,0.0000921,-0.0008323,-0.1102034,0.3499991,-0.2397958,0.0008374,0.0000000,0.0000000,0.0000000,1.2707963,-0.0000000,0.0000000,0.0000000,0.0000000,1.2707963,-0.0000000,1.0000000,1.0000000
0.0000000,0.0001197,0.9692268,0.0000000,0.0000000,0.0000000,1.0000000,-0.0000646,0.0005880,-0.1094213,0.3500012,-0.2405799,-0.0005915,0.0000963,-0.0008707,-0.1102033,0.3499988,-0.2397956,0.0008760,0.0000000,0.0000000,0.0000000,1.2707963,-0.0000000,0.0000000,0.0000000,0.0000000,1.2707963,-0.0000000,1.0000000,1.0000000
0.0000000,0.0001624,0.9692268,0.0000000,0.0000000,0.0000000,1.0000000,-0.0000594,0.0005406,-0.1094215,0.3500016,-0.2405802,-0.0005439,0.0001016,-0.0009181,-0.1102031,0.3499983,-0.2397953,0.0009237,0.0000000,0.0000000,0.0000000,1.2707963,-0.0000000,0.0000000,0.0000000,0.0000000,1.2707963,-0.0000000,1.0000000,1.0000000
0.0000000,0.0002139,0.9692268,0.0000000,0.0000000,0.0000000,1.0000000,-0.0000531,0.0004836,-0.1094217,0.3500021,-0.2405805,-0.0004865,0.0001079,-0.0009751,-0.1102029,0.3499978,-0.2397949,0.0009811,0.0000000,0.0000000,0.0000000,1.2707963,-0.0000000,0.0000000,0.0000000,0.0000000,1.2707963,-0.0000000,1.0000000,1.0000000
0.0000000,0.0002748,0.9692268,0.0000000,0.0000000,0.0000000,1.0000000,-0.0000457,0.0004162,-0.1094219,0.3500028,-0.2405809,-0.0004187,0.0001154,-0.0010425,-0.1102027,0.3499972,-0.2397945,0.0010489,0.0000000,0.0000000,0.0000000,1.2707963,-0.0000000,0.0000000,0.0000000,0.0000000,1.2707963,-0.0000000,1.0000000,1.0000000
0.0000000,0.0003457,0.9692267,0.0000000,0.0000000,0.0000000,1.0000000,-0.0000371,0.0003377,-0.1094221,0.3500035,-0.2405814,-0.0003397,0.0001240,-0.0011210,-0.1102025,0.3499964,-0.2397940,0.0011279,0.0000000,0.0000000,0.0000000,1.2707963,-0.0000000,0.0000000,0.0000000,0.0000000,1.2707963,-0.0000000,1.0000000,1.0000000
0.0000000,0.0004272,0.9692267,0.0000000,0.0000000,0.0000000,1.0000000,-0.0000272,0.0002474,-0.1094224,0.3500043,-0.2405819,-0.0002489,0.0001340,-0.0012113,-0.1102022,0.3499956,-0.2397935,0.0012186,0.0000000,0.0000000,0.0000000,1.2707963,-0.0000000,0.0000000,0.0000000,0.0000000,1.2707963,-0.0000000,1.0000000,1.0000000
0.0000000,0.0005198,0.9692266,0.0000000,0.0000000,0.0000000,1.0000000,-0.0000159,0.0001449,-0.1094227,0.3500052,-0.2405825,-0.0001457,0.0001454,-0.0013138,-0.1102019,0.3499947,-0.2397929,0.0013218,0.0000000,0.0000000,0.0000000,1.2707963,-0.0000000,0.0000000,0.0000000,0.0000000,1.2707963,-0.0000000,1.0000000,1.0000000
0.0000000,0.0006241,0.9692266,0.0000000,0.0000000,0.0000000,1.0000000,-0.0000032,0.0000294,-0.1094231,0.3500063,-0.2405832,-0.0000296,0.0001582,-0.0014293,-0.1102015,0.3499936,-0.2397922,0.0014380,0.0000000,0.0000000,0.0000000,1.2707963,-0.0000000,0.0000000,0.0000000,0.0000000,1.2707963,-0.0000000,1.0000000,1.0000000
0.0000000,0.0007406,0.9692265,0.0000000,0.0000000,0.0000000,1.0000000,0.0000109,-0.0000995,-0.1094235,0.3500074,-0.2405840,0.0001001,0.0001724,-0.0015582,-0.1102011,0.3499924,-0.2397914,0.0015677,0.0000000,0.0000000,0.0000000,1.2707963,-0.0000000,0.0000000,0.0000000,0.0000000,1.2707963,-0.0000000,1.0000000,1.0000000
0.0000000,0.0008696,0.9692264,0.0000000,0.0000000,0.0000000,1.0000000,0.0000266,-0.0002424,-0.1094239,0.3500087,-0.2405848,0.0002439,0.0001882,-0.0017010,-0.1102007,0.3499911,-0.2397905,0.0017114,0.0000000,0.0000000,0.0000000,1.2707963,-0.0000000,0.0000000,0.0000000,0.0000000,1.2707963,-0.0000000,1.0000000,1.0000000
0.0000000,0.0010116,0.9692262,0.0000000,0.0000000,0.0000000,1.0000000,0.0000439,-0.0003996,-0.1094244,0.3500101,-0.2405857,0.0004020,0.0002056,-0.0018583,-0.1102002,0.3499896,-0.2397896,0.0018696,0.0000000,0.0000000,0.0000000,1.2707963,-0.0000000,0.0000000,0.0000000,0.0000000,1.2707963,-0.0000000,1.0000000,1.0000000
0.0000000,0.0011669,0.9692260,0.0000000,0.0000000,0.0000000,1.0000000,0.0000628,-0.0005717,-0.1094250,0.3500117,-0.2405867,0.0005751,0.0002246,-0.0020303,-0.1101997,0.3499880,-0.2397885,0.0020427,0.0000000,0.0000000,0.0000000,1.2707963,-0.0000000,0.0000000,0.0000000,0.0000000,1.2707963,-0.0000000,1.0000000,1.0000000
0.0000000,0.0013360,0.9692258,0.0000000,0.0000000,0.0000000,1.0000000,0.0000834,-0.0007589,-0.1094256,0.3500134,-0.2405878,0.0007635,0.0002454,-0.0022175,-0.1101991,0.3499863,-0.2397874,0.0022311,0.0000000,0.0000000,0.0000000,1.2707963,-0.0000000,0.0000000,0.0000000,0.0000000,1.2707963,-0.0000000,1.0000000,1.0000000
0.0000000,0.0015192,0.9692255,0.0000000,0.0000000,0.0000000,1.0000000,0.0001057,-0.0009617,-0.1094262,0.3500152,-0.2405890,0.0009675,0.0002678,-0.0024203,-0.1101985,0.3499844,-0.2397862,0.0024351,0.0000000,0.0000000,0.0000000,1.2707963,-0.0000000,0.0000000,0.0000000,0.0000000,1.2707963,-0.0000000,1.0000000,1.0000000
0.0000000,0.0017166,0.9692252,0.0000000,0.0000000,0.0000000,1.0000000,0.0001297,-0.0011804,-0.1094270,0.3500172,-0.2405903,0.0011875,0.0002920,-0.0026389,-0.1101979,0.3499824,-0.2397848,0.0026550,0.0000000,0.0000000,0.0000000,1.2707963,-0.0000000,0.0000000,0.0000000,0.0000000,1.2707963,-0.0000000,1.0000000,1.0000000
0.0000000,0.0019286,0.9692247,0.0000000,0.0000000,0.0000000,1.0000000,0.0001555,-0.0014151,-0.1094277,0.3500193,-0.2405917,0.0014237,0.0003180,-0.0028737,-0.1101972,0.3499802,-0.2397834,0.0028912,0.0000000,0.0000000,0.0000000,1.2707963,-0.0000000,0.0000000,0.0000000,0.0000000,1.2707963,-0.0000000,1.0000000,1.0000000
0.0000000,0.0021555,0.9692242,0.0000000,0.0000000,0.0000000,1.0000000,0.0001831,-0.0016663,-0.1094286,0.3500216,-0.2405932,0.0016763,0.0003457,-0.0031248,-0.1101965,0.3499778,-0.2397819,0.0031439,0.0000000,0.0000000,0.0000000,1.2707963,-0.0000000,0.0000000,0.0000000,0.0000000,1.2707963,-0.0000000,1.0000000,1.0000000
0.0000000,0.0023973,0.9692236,0.0000000,0.0000000,0.0000000,1.0000000,0.0002125,-0.0019341,-0.1094295,0.3500240,-0.2405948,0.0019457,0.0003754,-0.0033926,-0.1101957,0.3499754,-0.2397803,0.0034133,0.0000000,0.0000000,0.0000000,1.2707963,-0.0000000,0.0000000,0.0000000,0.0000000,1.2707963,-0.0000000,1.0000000,1.0000000
0.0000000,0.0026543,0.9692229,0.0000000,0.0000000,0.0000000,1.0000000,0.0002438,-0.0022186,-0.1094304,0.3500266,-0.2405965,0.0022320,0.0004068,-0.0036771,-0.1101949,0.3499727,-0.2397785,0.0036995,0.0000000,0.0000000,0.0000000,1.2707963,-0.0000000,0.0000000,0.0000000,0.0000000,1.2707963,-0.0000000,1.0000000,1.0000000
0.0000000,0.0029265,0.9692220,0.0000000,0.0000000,0.0000000,1.0000000,0.0002769,-0.0025201,-0.1094314,0.3500294,-0.2405983,0.0025353,0.0004402,-0.0039785,-0.1101941,0.3499699,-0.2397767,0.0040028,0.0000000,0.0000000,0.0000000,1.2707963,-0.0000000,0.0000000,0.0000000,0.0000000,1.2707963,-0.0000000,1.0000000,1.0000000
0.0000000,0.0032142,0.9692210,0.0000000,0.0000000,0.0000000,1.0000000,0.0003119,-0.0028387,-0.1094325,0.3500322,-0.2406001,0.0028557,0.0004754,-0.0042971,-0.1101932,0.3499670,-0.2397748,0.0043233,0.0000000,0.0000000,0.0000000,1.2707963,-0.0000000,0.0000000,0.0000000,0.0000000,1.2707963,-0.0000000,1.0000000,1.0000000
0.0000000,0.0035174,0.9692199,0.0000000,0.0000000,0.0000000,1.0000000,0.0003488,-0.0031744,-0.1094337,0.3500353,-0.2406021,0.0031935,0.0005126,-0.0046327,-0.1101923,0.3499638,-0.2397728,0.0046610,0.0000000,0.0000000,0.0000000,1.2707963,-0.0000000,0.0000000,0.0000000,0.0000000,1.2707963,-0.0000000,1.0000000,1.0000000
0.0000000,0.0038361,0.9692186,0.0000000,0.0000000,0.0000000,1.0000000,0.0003876,-0.0035273,-0.1094349,0.3500385,-0.2406042,0.0035485,0.0005516,-0.0049856,-0.1101913,0.3499606,-0.2397706,0.0050160,0.0000000,0.0000000,0.0000000,1.2707963,-0.0000000,0.0000000,0.0000000,0.0000000,1.2707963,-0.0000000,1.0000000,1.0000000
0.0000000,0.0041704,0.9692171,0.0000000,0.0000000,0.0000000,1.0000000,0.0004282,-0.0038974,-0.1094363,0.3500418,-0.2406064,0.0039209,0.0005925,-0.0053557,-0.1101903,0.3499571,-0.2397684,0.0053884,0.0000000,0.0000000,0.0000000,1.2707963,-0.0000000,0.0000000,0.0000000,0.0000000,1.2707963,-0.0000000,1.0000000,1.0000000
0.0000000,0.0045202,0.9692154,0.0000000,0.0000000,0.0000000,1.0000000,0.0004708,-0.0042848,-0.1094376,0.3500453,-0.2406087,0.0043106,0.0006354,-0.0057431,-0.1101893,0.3499535,-0.2397660,0.0057781,0.0000000,0.0000000,0.0000000,1.2707963,-0.0000000,0.0000000,0.0000000,0.0000000,1.2707963,-0.0000000,1.0000000,1.0000000
0.0000000,0.0048856,0.9692135,0.0000000,0.0000000,0.0000000,1.0000000,0.0005153,-0.0046895,-0.1094391,0.3500490,-0.2406111,0.0047177,0.0006802,-0.0061477,-0.1101883,0.3499498,-0.2397636,0.0061852,0.0000000,0.0000000,0.0000000,1.2707963,-0.0000000,0.0000000,0.0000000,0.0000000,1.2707963,-0.0000000,1.0000000,1.0000000
0.0000000,0.0052666,0.9692113,0.0000000,0.0000000,0.0000000,1.0000000,0.0005616,-0.0051113,-0.1094407,0.3500528,-0.2406136,0.0051421,0.0007268,-0.0065695,-0.1101872,0.3499459,-0.2397610,0.0066096,0.0000000,0.0000000,0.0000000,1.2707963,-0.0000000,0.0000000,0.0000000,0.0000000,1.2707963,-0.0000000,1.0000000,1.0000000
0.0000000,0.0056630,0.9692089,0.0000000,0.0000000,0.0000000,1.0000000,0.0006099,-0.0055502,-0.1094423,0.3500568,-0.2406162,0.0055836,0.0007754,-0.0070084,-0.1101861,0.3499418,-0.2397584,0.0070511,0.0000000,0.0000000,0.0000000,1.2707963,-0.0000000,0.0000000,0.0000000,0.0000000,1.2707963,-0.0000000,1.0000000,1.0000000
0.0000000,0.0060747,0.9692062,0.0000000,0.0000000,0.0000000,1.0000000,0.0006600,-0.0060062,-0.1094440,0.3500609,-0.2406189,0.0060423,0.0008258,-0.0074643,-0.1101850,0.3499376,-0.2397556,0.0075098,0.0000000,0.0000000,0.0000000,1.2707963,-0.0000000,0.0000000,0.0000000,0.0000000,1.2707963,-0.0000000,1.0000000,1.0000000
0.0000000,0.0065017,0.9692032,0.0000000,0.0000000,0.0000000,1.0000000,0.0007119,-0.0064790,-0.1094458,0.3500652,-0.2406217,0.0065180,0.0008781,-0.0079370,-0.1101839,0.3499332,-0.2397527,0.0079855,0.0000000,0.0000000,0.0000000,1.2707963,-0.0000000,0.0000000,0.0000000,0.0000000,1.2707963,-0.0000000,1.0000000,1.0000000
0.0000000,0.0069438,0.9691999,0.0000000,0.0000000,0.0000000,1.0000000,0.0007657,-0.0069686,-0.1094477,0.3500696,-0.2406246,0.0070105,0.0009322,-0.0084265,-0.1101828,0.3499286,-0.2397498,0.0084780,0.0000000,0.0000000,0.0000000,1.2707963,-0.0000000,0.0000000,0.0000000,0.0000000,1.2707963,-0.0000000,1.0000000,1.0000000
0.0000000,0.0074009,0.9691963,0.0000000,0.0000000,0.0000000,1.0000000,0.0008214,-0.0074747,-0.1094497,0.3500742,-0.2406276,0.0075197,0.0009882,-0.0089326,-0.1101816,0.3499239,-0.2397467,0.0089871,0.0000000,0.0000000,0.0000000,1.2707963,-0.0000000,0.0000000,0.0000000,0.0000000,1.2707963,-0.0000000,1.0000000,1.0000000
0.0000000,0.0078727,0.9691923,0.0000000,0.0000000,0.0000000,1.0000000,0.0008788,-0.0079972,-0.1094518,0.3500790,-0.2406306,0.0080453,0.0010460,-0.0094550,-0.1101805,0.3499191,-0.2397435,0.0095127,0.0000000,0.0000000,0.0000000,1.2707963,-0.0000000,0.0000000,0.0000000,0.0000000,1.2707963,-0.0000000,1.0000000,1.0000000
0.0000000,0.0083591,0.9691879,0.0000000,0.0000000,0.0000000,1.0000000,0.0009380,-0.0085358,-0.1094540,0.3500838,-0.2406338,0.0085872,0.0011055,-0.0099936,-0.1101793,0.3499141,-0.2397403,0.0100546,0.0000000,0.0000000,0.0000000,1.2707963,-0.0000000,0.0000000,0.0000000,0.0000000,1.2707963,-0.0000000,1.0000000,1.0000000
0.0000000,0.0088599,0.9691831,0.0000000,0.0000000,0.0000000,1.0000000,0.0009990,-0.0090903,-0.1094563,0.3500889,-0.2406371,0.0091450,0.0011669,-0.0105481,-0.1101782,0.3499089,-0.2397369,0.0106125,0.0000000,0.0000000,0.0000000,1.2707963,-0.0000000,0.0000000,0.0000000,0.0000000,1.2707963,-0.0000000,1.0000000,1.0000000
0.0000000,0.0093748,0.9691778,0.0000000,0.0000000,0.0000000,1.0000000,0.0010617,-0.0096605,-0.1094587,0.3500940,-0.2406405,0.0097187,0.0012299,-0.0111182,-0.1101770,0.3499036,-0.2397335,0.0111861,0.0000000,0.0000000,0.0000000,1.2707963,-0.0000000,0.0000000,0.0000000,0.0000000,1.2707963,-0.0000000,1.0000000,1.0000000
0.0000000,0.0099035,0.9691722,0.0000000,0.0000000,0.0000000,1.0000000,0.0011260,-0.0102461,-0.1094611,0.3500993,-0.2406439,0.0103077,0.0012947,-0.0117037,-0.1101759,0.3498982,-0.2397299,0.0117751,0.0000000,0.0000000,0.0000000,1.2707963,-0.0000000,0.0000000,0.0000000,0.0000000,1.2707963,-0.0000000,1.0000000,1.0000000
0.0000000,0.0104459,0.9691660,0.0000000,0.0000000,0.0000000,1.0000000,0.0011921,-0.0108467,-0.1094637,0.3501048,-0.2406475,0.0109120,0.0013611,-0.0123043,-0.1101747,0.3498926,-0.2397263,0.0123793,0.0000000,0.0000000,0.0000000,1.2707963,-0.0000000,0.0000000,0.0000000,0.0000000,1.2707963,-0.0000000,1.0000000,1.0000000
0.0000000,0.0110016,0.9691594,0.0000000,0.0000000,0.0000000,1.0000000,0.0012597,-0.0114620,-0.1094664,0.3501103,-0.2406511,0.0115311,0.0014291,-0.0129196,-0.1101736,0.3498869,-0.2397225,0.0129984,0.0000000,0.0000000,0.0000000,1.2707963,-0.0000000,0.0000000,0.0000000,0.0000000,1.2707963,-0.0000000,1.0000000,1.0000000
0.0000000,0.0115703,0.9691522,0.0000000,0.0000000,0.0000000,1.0000000,0.0013290,-0.0120918,-0.1094692,0.3501160,-0.2406548,0.0121646,0.0014988,-0.0135493,-0.1101725,0.3498811,-0.2397187,0.0136319,0.0000000,0.0000000,0.0000000,1.2707963,-0.0000000,0.0000000,0.0000000,0.0000000,1.2707963,-0.0000000,1.0000000,1.0000000
0.0000000,0.0121517,0.9691445,0.0000000,0.0000000,0.0000000,1.0000000,0.0013998,-0.0127356,-0.1094721,0.3501219,-0.2406587,0.0128123,0.0015700,-0.0141931,-0.1101714,0.3498751,-0.2397148,0.0142796,0.0000000,0.0000000,0.0000000,1.2707963,-0.0000000,0.0000000,0.0000000,0.0000000,1.2707963,-0.0000000,1.0000000,1.0000000
0.0000000,0.0127454,0.9691363,0.0000000,0.0000000,0.0000000,1.0000000,0.0014721,-0.0133931,-0.1094751,0.3501278,-0.2406625,0.0134738,0.0016427,-0.0148505,-0.1101703,0.3498690,-0.2397108,0.0149411,0.0000000,0.0000000,0.0000000,1.2707963,-0.0000000,0.0000000,0.0000000,0.0000000,1.2707963,-0.0000000,1.0000000,1.0000000
0.0000000,0.0133511,0.9691275,0.0000000,0.0000000,0.0000000,1.0000000,0.0015458,-0.0140639,-0.1094782,0.3501339,-0.2406665,0.0141486,0.0017168,-0.0155212,-0.1101693,0.3498628,-0.2397068,0.0156159,0.0000000,0.0000000,0.0000000,1.2707963,-0.0000000,0.0000000,0.0000000,0.0000000,1.2707963,-0.0000000,1.0000000,1.0000000
0.0000000,0.0139685,0.9691181,0.0000000,0.0000000,0.0000000,1.0000000,0.0016210,-0.0147476,-0.1094815,0.3501401,-0.2406705,0.0148364,0.0017924,-0.0162048,-0.1101683,0.3498564,-0.2397026,0.0163037,0.0000000,0.0000000,0.0000000,1.2707963,-0.0000000,0.0000000,0.0000000,0.0000000,1.2707963,-0.0000000,1.0000000,1.0000000
0.0000000,0.0145971,0.9691081,0.0000000,0.0000000,0.0000000,1.0000000,0.0016976,-0.0154438,-0.1094848,0.3501464,-0.2406747,0.0155368,0.0018694,-0.0169009,-0.1101673,0.3498499,-0.2396984,0.0170040,0.0000000,0.0000000,0.0000000,1.2707963,-0.0000000,0.0000000,0.0000000,0.0000000,1.2707963,-0.0000000,1.0000000,1.0000000
0.0000000,0.0152365,0.9690975,0.0000000,0.0000000,0.0000000,1.0000000,0.0017755,-0.0161519,-0.1094883,0.3501528,-0.2406788,0.0162492,0.0019477,-0.0176090,-0.1101664,0.3498434,-0.2396941,0.0177164,0.0000000,0.0000000,0.0000000,1.2707963,-0.0000000,0.0000000,0.0000000,0.0000000,1.2707963,-0.0000000,1.0000000,1.0000000
0.0000000,0.0158864,0.9690862,0.0000000,0.0000000,0.0000000,1.0000000,0.0018546,-0.0168717,-0.1094918,0.3501593,-0.2406831,0.0169733,0.0020273,-0.0183287,-0.1101655,0.3498367,-0.2396898,0.0184405,0.0000000,0.0000000,0.0000000,1.2707963,-0.0000000,0.0000000,0.0000000,0.0000000,1.2707963,-0.0000000,1.0000000,1.0000000
0.0000000,0.0165463,0.9690743,0.0000000,0.0000000,0.0000000,1.0000000,0.0019350,-0.0176025,-0.1094955,0.3501659,-0.2406874,0.0177086,0.0021081,-0.0190595,-0.1101647,0.3498299,-0.2396853,0.0191757,0.0000000,0.0000000,0.0000000,1.2707963,-0.0000000,0.0000000,0.0000000,0.0000000,1.2707963,-0.0000000,1.0000000,1.0000000
0.0000000,0.0172159,0.9690617,0.0000000,0.0000000,0.0000000,1.0000000,0.0020166,-0.0183440,-0.1094993,0.3501726,-0.2406918,0.0184545,0.0021901,-0.0198009,-0.1101639,0.3498230,-0.2396808,0.0199216,0.0000000,0.0000000,0.0000000,1.2707963,-0.0000000,0.0000000,0.0000000,0.0000000,1.2707963,-0.0000000,1.0000000,1.0000000
0.0000000,0.0178945,0.9690484,0.0000000,0.0000000,0.0000000,1.0000000,0.0020993,-0.0190957,-0.1095032,0.3501794,-0.2406962,0.0192107,0.0022732,-0.0205525,-0.1101631,0.3498160,-0.2396763,0.0206778,0.0000000,0.0000000,0.0000000,1.2707963,-0.0000000,0.0000000,0.0000000,0.0000000,1.2707963,-0.0000000,1.0000000,1.0000000
0.0000000,0.0185819,0.9690345,0.0000000,0.0000000,0.0000000,1.0000000,0.0021831,-0.0198570,-0.1095073,0.3501863,-0.2407007,0.0199766,0.0023573,-0.0213137,-0.1101624,0.3498090,-0.2396717,0.0214436,0.0000000,0.0000000,0.0000000,1.2707963,-0.0000000,0.0000000,0.0000000,0.0000000,1.2707963,-0.0000000,1.0000000,1.0000000
0.0000000,0.0192775,0.9690198,0.0000000,0.0000000,0.0000000,1.0000000,0.0022678,-0.0206274,-0.1095114,0.3501933,-0.2407053,0.0207517,0.0024425,-0.0220841,-0.1101618,0.3498018,-0.2396670,0.0222187,0.0000000,0.0000000,0.0000000,1.2707963,-0.0000000,0.0000000,0.0000000,0.0000000,1.2707963,-0.0000000,1.0000000,1.0000000
0.0000000,0.0199809,0.9690044,0.0000000,0.0000000,0.0000000,1.0000000,0.0023536,-0.0214065,-0.1095156,0.3502003,-0.2407099,0.0215354,0.0025286,-0.0228631,-0.1101612,0.3497946,-0.2396623,0.0230024,0.0000000,0.0000000,0.0000000,1.2707963,-0.0000000,0.0000000,0.0000000,0.0000000,1.2707963,-0.0000000,1.0000000,1.0000000
0.0000000,0.0206916,0.9689883,0.0000000,0.0000000,0.0000000,1.0000000,0.0024402,-0.0221936,-0.1095200,0.3502075,-0.2407145,0.0223274,0.0026157,-0.0236501,-0.1101607,0.3497873,-0.2396575,0.0237943,0.0000000,0.0000000,0.0000000,1.2707963,-0.0000000,0.0000000,0.0000000,0.0000000,1.2707963,-0.0000000,1.0000000,1.0000000
0.0000000,0.0214091,0.9689715,0.0000000,0.0000000,0.0000000,1.0000000,0.0025277,-0.0229883,-0.1095245,0.3502147,-0.2407192,0.0231269,0.0027035,-0.0244448,-0.1101603,0.3497799,-0.2396527,0.0245938,0.0000000,0.0000000,0.0000000,1.2707963,-0.0000000,0.0000000,0.0000000,0.0000000,1.2707963,-0.0000000,1.0000000,1.0000000
0.0000000,0.0221329,0.9689539,0.0000000,0.0000000,0.0000000,1.0000000,0.0026159,-0.0237900,-0.1095291,0.3502219,-0.2407240,0.0239334,0.0027921,-0.0252464,-0.1101599,0.3497725,-0.2396478,0.0254003,0.0000000,0.0000000,0.0000000,1.2707963,-0.0000000,0.0000000,0.0000000,0.0000000,1.2707963,-0.0000000,1.0000000,1.0000000
0.0000000,0.0228625,0.9689356,0.0000000,0.0000000,0.0000000,1.0000000,0.0027049,-0.0245982,-0.1095337,0.3502292,-0.2407287,0.0247465,0.0028815,-0.0260545,-0.1101596,0.3497650,-0.2396429,0.0262133,0.0000000,0.0000000,0.0000000,1.2707963,-0.0000000,0.0000000,0.0000000,0.0000000,1.2707963,-0.0000000,1.0000000,1.0000000
0.0000000,0.0235974,0.9689166,0.0000000,0.0000000,0.0000000,1.0000000,0.0027945,-0.0254123,-0.1095385,0.3502366,-0.2407336,0.0255654,0.0029715,-0.0268684,-0.1101593,0.3497574,-0.2396380,0.0270322,0.0000000,0.0000000,0.0000000,1.2707963,-0.0000000,0.0000000,0.0000000,0.0000000,1.2707963,-0.0000000,1.0000000,1.0000000
0.0000000,0.0243372,0.9688968,0.0000000,0.0000000,0.0000000,1.0000000,0.0028847,-0.0262316,-0.1095434,0.3502440,-0.2407384,0.0263897,0.0030621,-0.0276877,-0.1101592,0.3497498,-0.2396330,0.0278565,0.0000000,0.0000000,0.0000000,1.2707963,-0.0000000,0.0000000,0.0000000,0.0000000,1.2707963,-0.0000000,1.0000000,1.0000000
0.0000000,0.0250811,0.9688763,0.0000000,0.0000000,0.0000000,1.0000000,0.0029755,-0.0270558,-0.1095484,0.3502515,-0.2407433,0.0272188,0.0031532,-0.0285118,-0.1101591,0.3497421,-0.2396280,0.0286856,0.0000000,0.0000000,0.0000000,1.2707963,-0.0000000,0.0000000,0.0000000,0.0000000,1.2707963,-0.0000000,1.0000000,1.0000000
0.0000000,0.0258288,0.9688551,0.0000000,0.0000000,0.0000000,1.0000000,0.0030667,-0.0278840,-0.1095536,0.3502589,-0.2407481,0.0280521,0.0032447,-0.0293400,-0.1101590,0.3497344,-0.2396230,0.0295188,0.0000000,0.0000000,0.0000000,1.2707963,-0.0000000,0.0000000,0.0000000,0.0000000,1.2707963,-0.0000000,1.0000000,1.0000000
0.0000000,0.0265798,0.9688332,0.0000000,0.0000000,0.0000000,1.0000000,0.0031583,-0.0287159,-0.1095588,0.3502665,-0.2407531,0.0288890,0.0033367,-0.0301718,-0.1101591,0.3497267,-0.2396180,0.0303557,0.0000000,0.0000000,0.0000000,1.2707963,-0.0000000,0.0000000,0.0000000,0.0000000,1.2707963,-0.0000000,1.0000000,1.0000000
0.0000000,0.0273334,0.9688106,0.0000000,0.0000000,0.0000000,1.0000000,0.0032502,-0.0295508,-0.1095641,0.3502740,-0.2407580,0.0297289,0.0034290,-0.0310066,-0.1101592,0.3497190,-0.2396129,0.0311955,0.0000000,0.0000000,0.0000000,1.2707963,-0.0000000,0.0000000,0.0000000,0.0000000,1.2707963,-0.0000000,1.0000000,1.0000000
0.0000000,0.0280892,0.9687872,0.0000000,0.0000000,0.0000000,1.0000000,0.0033425,-0.0303881,-0.1095694,0.3502816,-0.2407629,0.0305713,0.0035215,-0.0318438,-0.1101594,0.3497112,-0.2396078,0.0320378,0.0000000,0.0000000,0.0000000,1.2707963,-0.0000000,0.0000000,0.0000000,0.0000000,1.2707963,-0.0000000,1.0000000,1.0000000
0.0000000,0.0288466,0.9687632,0.0000000,0.0000000,0.0000000,1.0000000,0.0034349,-0.0312272,-0.1095749,0.3502892,-0.2407679,0.0314154,0.0036143,-0.0326828,-0.1101597,0.3497034,-0.2396028,0.0328819,0.0000000,0.0000000,0.0000000,1.2707963,-0.0000000,0.0000000,0.0000000,0.0000000,1.2707963,-0.0000000,1.0000000,1.0000000
0.0000000,0.0296050,0.9687385,0.0000000,0.0000000,0.0000000,1.0000000,0.0035275,-0.0320675,-0.1095805,0.3502968,-0.2407729,0.0322608,0.0037072,-0.0335230,-0.1101601,0.3496956,-0.2395977,0.0337273,0.0000000,0.0000000,0.0000000,1.2707963,-0.0000000,0.0000000,0.0000000,0.0000000,1.2707963,-0.0000000,1.0000000,1.0000000
0.0000000,0.0303641,0.9687131,0.0000000,0.0000000,0.0000000,1.0000000,0.0036201,-0.0329084,-0.1095861,0.3503044,-0.2407778,0.0331068,0.0038002,-0.0343638,-0.1101605,0.3496878,-0.2395926,0.0345732,0.0000000,0.0000000,0.0000000,1.2707963,-0.0000000,0.0000000,0.0000000,0.0000000,1.2707963,-0.0000000,1.0000000,1.0000000
0.0000000,0.0311231,0.9686871,0.0000000,0.0000000,0.0000000,1.0000000,0.0037128,-0.0337493,-0.1095919,0.3503120,-0.2407828,0.0339529,0.0038931,-0.0352047,-0.1101611,0.3496800,-0.2395875,0.0354192,0.0000000,0.0000000,0.0000000,1.2707963,-0.0000000,0.0000000,0.0000000,0.0000000,1.2707963,-0.0000000,1.0000000,1.0000000
0.0000000,0.0318815,0.9686605,0.0000000,0.0000000,0.0000000,1.0000000,0.0038054,-0.0345897,-0.1095977,0.3503196,-0.2407877,0.0347983,0.0039860,-0.0360450,-0.1101617,0.3496722,-0.2395824,0.0362646,0.0000000,0.0000000,0.0000000,1.2707963,-0.0000000,0.0000000,0.0000000,0.0000000,1.2707963,-0.0000000,1.0000000,1.0000000
0.0000000,0.0326389,0.9686332,0.0000000,0.0000000,0.0000000,1.0000000,0.0038979,-0.0354289,-0.1096035,0.3503272,-0.2407927,0.0356426,0.0040788,-0.0368841,-0.1101623,0.3496644,-0.2395773,0.0371089,0.0000000,0.0000000,0.0000000,1.2707963,-0.0000000,0.0000000,0.0000000,0.0000000,1.2707963,-0.0000000,1.0000000,1.0000000
0.0000000,0.0333947,0.9686054,0.0000000,0.0000000,0.0000000,1.0000000,0.0039902,-0.0362664,-0.1096095,0.3503347,-0.2407976,0.0364851,0.0041714,-0.0377215,-0.1101631,0.3496566,-0.2395722,0.0379513,0.0000000,0.0000000,0.0000000,1.2707963,-0.0000000,0.0000000,0.0000000,0.0000000,1.2707963,-0.0000000,1.0000000,1.0000000
0.0000000,0.0341483,0.9685771,0.0000000,0.0000000,0.0000000,1.0000000,0.0040823,-0.0371015,-0.1096155,0.3503423,-0.2408026,0.0373253,0.0042637,-0.0385565,-0.1101639,0.3496489,-0.2395672,0.0387914,0.0000000,0.0000000,0.0000000,1.2707963,-0.0000000,0.0000000,0.0000000,0.0000000,1.2707963,-0.0000000,1.0000000,1.0000000
0.0000000,0.0348993,0.9685482,0.0000000,0.0000000,0.0000000,1.0000000,0.0041740,-0.0379336,-0.1096215,0.3503498,-0.2408075,0.0381624,0.0043557,-0.0393885,-0.1101648,0.3496412,-0.2395621,0.0396285,0.0000000,0.0000000,0.0000000,1.2707963,-0.0000000,0.0000000,0.0000000,0.0000000,1.2707963,-0.0000000,1.0000000,1.0000000
0.0000000,0.0356470,0.9685187,0.0000000,0.0000000,0.0000000,1.0000000,0.0042654,-0.0387622,-0.1096276,0.3503573,-0.2408124,0.0389960,0.0044473,-0.0402170,-0.1101658,0.3496335,-0.2395571,0.0404621,0.0000000,0.0000000,0.0000000,1.2707963,-0.0000000,0.0000000,0.0000000,0.0000000,1.2707963,-0.0000000,1.0000000,1.0000000
0.0000000,0.0363910,0.9684889,0.0000000,0.0000000,0.0000000,1.0000000,0.0043563,-0.0395866,-0.1096338,0.3503648,-0.2408172,0.0398255,0.0045385,-0.0410414,-0.1101669,0.3496258,-0.2395521,0.0412915,0.0000000,0.0000000,0.0000000,1.2707963,-0.0000000,0.0000000,0.0000000,0.0000000,1.2707963,-0.0000000,1.0000000,1.0000000
0.0000000,0.0371307,0.9684586,0.0000000,0.0000000,0.0000000,1.0000000,0.0044468,-0.0404064,-0.1096400,0.3503722,-0.2408221,0.0406502,0.0046291,-0.0418611,-0.1101680,0.3496182,-0.2395471,0.0421161,0.0000000,0.0000000,0.0000000,1.2707963,-0.0000000,0.0000000,0.0000000,0.0000000,1.2707963,-0.0000000,1.0000000,1.0000000
0.0000000,0.0378656,0.9684278,0.0000000,0.0000000,0.0000000,1.0000000,0.0045366,-0.0412209,-0.1096462,0.3503795,-0.2408269,0.0414696,0.0047192,-0.0426755,-0.1101692,0.3496107,-0.2395422,0.0429355,0.0000000,0.0000000,0.0000000,1.2707963,-0.0000000,0.0000000,0.0000000,0.0000000,1.2707963,-0.0000000,1.0000000,1.0000000
0.0000000,0.0385952,0.9683967,0.0000000,0.0000000,0.0000000,1.0000000,0.0046258,-0.0420295,-0.1096524,0.3503868,-0.2408316,0.0422832,0.0048086,-0.0434841,-0.1101704,0.3496031,-0.2395373,0.0437490,0.0000000,0.0000000,0.0000000,1.2707963,-0.0000000,0.0000000,0.0000000,0.0000000,1.2707963,-0.0000000,1.0000000,1.0000000
0.0000000,0.0393190,0.9683653,0.0000000,0.0000000,0.0000000,1.0000000,0.0047143,-0.0428318,-0.1096587,0.3503941,-0.2408364,0.0430903,0.0048973,-0.0442862,-0.1101717,0.3495957,-0.2395324,0.0445560,0.0000000,0.0000000,0.0000000,1.2707963,-0.0000000,0.0000000,0.0000000,0.0000000,1.2707963,-0.0000000,1.0000000,1.0000000
0.0000000,0.0400365,0.9683335,0.0000000,0.0000000,0.0000000,1.0000000,0.0048021,-0.0436270,-0.1096650,0.3504013,-0.2408411,0.0438903,0.0049852,-0.0450814,-0.1101731,0.3495883,-0.2395276,0.0453560,0.0000000,0.0000000,0.0000000,1.2707963,-0.0000000,0.0000000,0.0000000,0.0000000,1.2707963,-0.0000000,1.0000000,1.0000000
0.0000000,0.0407472,0.9683015,0.0000000,0.0000000,0.0000000,1.0000000,0.0048890,-0.0444148,-0.1096713,0.3504084,-0.2408457,0.0446829,0.0050723,-0.0458691,-0.1101745,0.3495810,-0.2395229,0.0461485,0.0000000,0.0000000,0.0000000,1.2707963,-0.0000000,0.0000000,0.0000000,0.0000000,1.2707963,-0.0000000,1.0000000,1.0000000
0.0000000,0.0414506,0.9682693,0.0000000,0.0000000,0.0000000,1.0000000,0.0049751,-0.0451945,-0.1096776,0.3504154,-0.2408503,0.0454673,0.0051585,-0.0466487,-0.1101760,0.3495738,-0.2395181,0.0469328,0.0000000,0.0000000,0.0000000,1.2707963,-0.0000000,0.0000000,0.0000000,0.0000000,1.2707963,-0.0000000,1.0000000,1.0000000
0.0000000,0.0421462,0.9682369,0.0000000,0.0000000,0.0000000,1.0000000,0.0050602,-0.0459656,-0.1096839,0.3504224,-0.2408549,0.0462431,0.0052438,-0.0474197,-0.1101775,0.3495666,-0.2395135,0.0477085,0.0000000,0.0000000,0.0000000,1.2707963,-0.0000000,0.0000000,0.0000000,0.0000000,1.2707963,-0.0000000,1.0000000,1.0000000
0.0000000,0.0428336,0.9682043,0.0000000,0.0000000,0.0000000,1.0000000,0.0051443,-0.0467275,-0.1096901,0.3504293,-0.2408594,0.0470097,0.0053281,-0.0481816,-0.1101791,0.3495595,-0.2395088,0.0484751,0.0000000,0.0000000,0.0000000,1.2707963,-0.0000000,0.0000000,0.0000000,0.0000000,1.2707963,-0.0000000,1.0000000,1.0000000
0.0000000,0.0435123,0.9681716,0.0000000,0.0000000,0.0000000,1.0000000,0.0052274,-0.0474799,-0.1096964,0.3504361,-0.2408638,0.0477666,0.0054113,-0.0489339,-0.1101807,0.3495526,-0.2395043,0.0492319,0.0000000,0.0000000,0.0000000,1.2707963,-0.0000000,0.0000000,0.0000000,0.0000000,1.2707963,-0.0000000,1.0000000,1.0000000
0.0000000,0.0441818,0.9681389,0.0000000,0.0000000,0.0000000,1.0000000,0.0053093,-0.0482222,-0.1097027,0.3504428,-0.2408682,0.0485133,0.0054934,-0.0496761,-0.1101824,0.3495457,-0.2394998,0.0499786,0.0000000,0.0000000,0.0000000,1.2707963,-0.0000000,0.0000000,0.0000000,0.0000000,1.2707963,-0.0000000,1.0000000,1.0000000
0.0000000,0.0448417,0.9681061,0.0000000,0.0000000,0.0000000,1.0000000,0.0053901,-0.0489538,-0.1097089,0.3504494,-0.2408725,0.0492494,0.0055743,-0.0504076,-0.1101840,0.3495389,-0.2394954,0.0507146,0.0000000,0.0000000,0.0000000,1.2707963,-0.0000000,0.0000000,0.0000000,0.0000000,1.2707963,-0.0000000,1.0000000,1.0000000
0.0000000,0.0454916,0.9680734,0.0000000,0.0000000,0.0000000,1.0000000,0.0054697,-0.0496743,-0.1097151,0.3504559,-0.2408767,0.0499743,0.0056540,-0.0511281,-0.1101858,0.3495322,-0.2394910,0.0514395,0.0000000,0.0000000,0.0000000,1.2707963,-0.0000000,0.0000000,0.0000000,0.0000000,1.2707963,-0.0000000,1.0000000,1.0000000
0.0000000,0.0461310,0.9680407,0.0000000,0.0000000,0.0000000,1.0000000,0.0055480,-0.0503833,-0.1097212,0.3504623,-0.2408809,0.0506876,0.0057324,-0.0518370,-0.1101875,0.3495256,-0.2394867,0.0521527,0.0000000,0.0000000,0.0000000,1.2707963,-0.0000000,0.0000000,0.0000000,0.0000000,1.2707963,-0.0000000,1.0000000,1.0000000
0.0000000,0.0467596,0.9680081,0.0000000,0.0000000,0.0000000,1.0000000,0.0056250,-0.0510803,-0.1097273,0.3504686,-0.2408850,0.0513888,0.0058095,-0.0525339,-0.1101893,0.3495192,-0.2394825,0.0528539,0.0000000,0.0000000,0.0000000,1.2707963,-0.0000000,0.0000000,0.0000000,0.0000000,1.2707963,-0.0000000,1.0000000,1.0000000
0.0000000,0.0473770,0.9679757,0.0000000,0.0000000,0.0000000,1.0000000,0.0057006,-0.0517648,-0.1097333,0.3504748,-0.2408891,0.0520775,0.0058852,-0.0532184,-0.1101911,0.3495128,-0.2394783,0.0535425,0.0000000,0.0000000,0.0000000,1.2707963,-0.0000000,0.0000000,0.0000000,0.0000000,1.2707963,-0.0000000,1.0000000,1.0000000
0.0000000,0.0479827,0.9679435,0.0000000,0.0000000,0.0000000,1.0000000,0.0057748,-0.0524365,-0.1097393,0.3504809,-0.2408930,0.0527532,0.0059595,-0.0538900,-0.1101929,0.3495066,-0.2394743,0.0542182,0.0000000,0.0000000,0.0000000,1.2707963,-0.0000000,0.0000000,0.0000000,0.0000000,1.2707963,-0.0000000,1.0000000,1.0000000
0.0000000,0.0485764,0.9679115,0.0000000,0.0000000,0.0000000,1.0000000,0.0058476,-0.0530949,-0.1097452,0.3504868,-0.2408969,0.0534156,0.0060323,-0.0545483,-0.1101948,0.3495005,-0.2394703,0.0548805,0.0000000,0.0000000,0.0000000,1.2707963,-0.0000000,0.0000000,0.0000000,0.0000000,1.2707963,-0.0000000,1.0000000,1.0000000
0.0000000,0.0491578,0.9678798,0.0000000,0.0000000,0.0000000,1.0000000,0.0059188,-0.0537396,-0.1097510,0.3504926,-0.2409007,0.0540642,0.0061036,-0.0551929,-0.1101966,0.3494945,-0.2394664,0.0555291,0.0000000,0.0000000,0.0000000,1.2707963,-0.0000000,0.0000000,0.0000000,0.0000000,1.2707963,-0.0000000,1.0000000,1.0000000
0.0000000,0.0497265,0.9678485,0.0000000,0.0000000,0.0000000,1.0000000,0.0059886,-0.0543703,-0.1097567,0.3504983,-0.2409044,0.0546987,0.0061734,-0.0558235,-0.1101984,0.3494886,-0.2394626,0.0561635,0.0000000,0.0000000,0.0000000,1.2707963,-0.0000000,0.0000000,0.0000000,0.0000000,1.2707963,-0.0000000,1.0000000,1.0000000
0.0000000,0.0502822,0.9678175,0.0000000,0.0000000,0.0000000,1.0000000,0.0060567,-0.0549865,-0.1097624,0.3505039,-0.2409081,0.0553187,0.0062416,-0.0564397,-0.1102003,0.3494829,-0.2394588,0.0567834,0.0000000,0.0000000,0.0000000,1.2707963,-0.0000000,0.0000000,0.0000000,0.0000000,1.2707963,-0.0000000,1.0000000,1.0000000
0.0000000,0.0508246,0.9677869,0.0000000,0.0000000,0.0000000,1.0000000,0.0061232,-0.0555880,-0.1097679,0.3505093,-0.2409116,0.0559239,0.0063081,-0.0570412,-0.1102021,0.3494773,-0.2394552,0.0573886,0.0000000,0.0000000,0.0000000,1.2707963,-0.0000000,0.0000000,0.0000000,0.0000000,1.2707963,-0.0000000,1.0000000,1.0000000
0.0000000,0.0513533,0.9677567,0.0000000,0.0000000,0.0000000,1.0000000,0.0061880,-0.0561745,-0.1097734,0.3505146,-0.2409151,0.0565139,0.0063730,-0.0576276,-0.1102039,0.3494719,-0.2394516,0.0579785,0.0000000,0.0000000,0.0000000,1.2707963,-0.0000000,0.0000000,0.0000000,0.0000000,1.2707963,-0.0000000,1.0000000,1.0000000
0.0000000,0.0518682,0.9677271,0.0000000,0.0000000,0.0000000,1.0000000,0.0062512,-0.0567456,-0.1097788,0.3505198,-0.2409184,0.0570885,0.0064362,-0.0581986,-0.1102058,0.3494666,-0.2394482,0.0585530,0.0000000,0.0000000,0.0000000,1.2707963,-0.0000000,0.0000000,0.0000000,0.0000000,1.2707963,-0.0000000,1.0000000,1.0000000
0.0000000,0.0523690,0.9676980,0.0000000,0.0000000,0.0000000,1.0000000,0.0063126,-0.0573010,-0.1097840,0.3505248,-0.2409217,0.0576473,0.0064976,-0.0587540,-0.1102076,0.3494614,-0.2394448,0.0591118,0.0000000,0.0000000,0.0000000,1.2707963,-0.0000000,0.0000000,0.0000000,0.0000000,1.2707963,-0.0000000,1.0000000,1.0000000
0.0000000,0.0528554,0.9676694,0.0000000,0.0000000,0.0000000,1.0000000,0.0063723,-0.0578406,-0.1097891,0.3505296,-0.2409249,0.0581901,0.0065573,-0.0592935,-0.1102094,0.3494564,-0.2394415,0.0596546,0.0000000,0.0000000,0.0000000,1.2707963,-0.0000000,0.0000000,0.0000000,0.0000000,1.2707963,-0.0000000,1.0000000,1.0000000
0.0000000,0.0533273,0.9676414,0.0000000,0.0000000,0.0000000,1.0000000,0.0064301,-0.0583639,-0.1097941,0.3505344,-0.2409280,0.0587167,0.0066153,-0.0598168,-0.1102111,0.3494516,-0.2394384,0.0601811,0.0000000,0.0000000,0.0000000,1.2707963,-0.0000000,0.0000000,0.0000000,0.0000000,1.2707963,-0.0000000,1.0000000,1.0000000
0.0000000,0.0537843,0.9676141,0.0000000,0.0000000,0.0000000,1.0000000,0.0064862,-0.0588709,-0.1097990,0.3505389,-0.2409309,0.0592268,0.0066714,-0.0603237,-0.1102129,0.3494469,-0.2394353,0.0606911,0.0000000,0.0000000,0.0000000,1.2707963,-0.0000000,0.0000000,0.0000000,0.0000000,1.2707963,-0.0000000,1.0000000,1.0000000
0.0000000,0.0542264,0.9675875,0.0000000,0.0000000,0.0000000,1.0000000,0.0065405,-0.0593613,-0.1098037,0.3505434,-0.2409338,0.0597202,0.0067256,-0.0608141,-0.1102146,0.3494423,-0.2394323,0.0611844,0.0000000,0.0000000,0.0000000,1.2707963,-0.0000000,0.0000000,0.0000000,0.0000000,1.2707963,-0.0000000,1.0000000,1.0000000
0.0000000,0.0546534,0.9675615,0.0000000,0.0000000,0.0000000,1.0000000,0.0065929,-0.0598350,-0.1098083,0.3505476,-0.2409366,0.0601967,0.0067780,-0.0612877,-0.1102162,0.3494379,-0.2394295,0.0616609,0.0000000,0.0000000,0.0000000,1.2707963,-0.0000000,0.0000000,0.0000000,0.0000000,1.2707963,-0.0000000,1.0000000,1.0000000
0.0000000,0.0550651,0.9675363,0.0000000,0.0000000,0.0000000,1.0000000,0.0066434,-0.0602918,-0.1098128,0.3505518,-0.2409393,0.0606563,0.0068286,-0.0617445,-0.1102179,0.3494337,-0.2394267,0.0621204,0.0000000,0.0000000,0.0000000,1.2707963,-0.0000000,0.0000000,0.0000000,0.0000000,1.2707963,-0.0000000,1.0000000,1.0000000
0.0000000,0.0554615,0.9675119,0.0000000,0.0000000,0.0000000,1.0000000,0.0066921,-0.0607315,-0.1098171,0.3505557,-0.2409419,0.0610987,0.0068773,-0.0621842,-0.1102195,0.3494296,-0.2394240,0.0625628,0.0000000,0.0000000,0.0000000,1.2707963,-0.0000000,0.0000000,0.0000000,0.0000000,1.2707963,-0.0000000,1.0000000,1.0000000
0.0000000,0.0558425,0.9674882,0.0000000,0.0000000,0.0000000,1.0000000,0.0067389,-0.0611542,-0.1098213,0.3505595,-0.2409444,0.0615239,0.0069240,-0.0626068,-0.1102210,0.3494257,-0.2394215,0.0629880,0.0000000,0.0000000,0.0000000,1.2707963,-0.0000000,0.0000000,0.0000000,0.0000000,1.2707963,-0.0000000,1.0000000,1.0000000
0.0000000,0.0562079,0.9674654,0.0000000,0.0000000,0.0000000,1.0000000,0.0067837,-0.0615596,-0.1098253,0.3505632,-0.2409468,0.0619318,0.0069689,-0.0630121,-0.1102226,0.3494219,-0.2394190,0.0633958,0.0000000,0.0000000,0.0000000,1.2707963,-0.0000000,0.0000000,0.0000000,0.0000000,1.2707963,-0.0000000,1.0000000,1.0000000
0.0000000,0.0565577,0.9674434,0.0000000,0.0000000,0.0000000,1.0000000,0.0068267,-0.0619477,-0.1098292,0.3505667,-0.2409491,0.0623223,0.0070119,-0.0634003,-0.1102240,0.3494183,-0.2394167,0.0637863,0.0000000,0.0000000,0.0000000,1.2707963,-0.0000000,0.0000000,0.0000000,0.0000000,1.2707963,-0.0000000,1.0000000,1.0000000
0.0000000,0.0568920,0.9674222,0.0000000,0.0000000,0.0000000,1.0000000,0.0068677,-0.0623186,-0.1098329,0.3505701,-0.2409513,0.0626954,0.0070529,-0.0637711,-0.1102254,0.3494149,-0.2394144,0.0641594,0.0000000,0.0000000,0.0000000,1.2707963,-0.0000000,0.0000000,0.0000000,0.0000000,1.2707963,-0.0000000,1.0000000,1.0000000
0.0000000,0.0572107,0.9674019,0.0000000,0.0000000,0.0000000,1.0000000,0.0069069,-0.0626722,-0.1098364,0.3505732,-0.2409533,0.0630512,0.0070920,-0.0641247,-0.1102268,0.3494116,-0.2394123,0.0645151,0.0000000,0.0000000,0.0000000,1.2707963,-0.0000000,0.0000000,0.0000000,0.0000000,1.2707963,-0.0000000,1.0000000,1.0000000
0.0000000,0.0575139,0.9673825,0.0000000,0.0000000,0.0000000,1.0000000,0.0069441,-0.0630086,-0.1098398,0.3505763,-0.2409553,0.0633896,0.0071293,-0.0644610,-0.1102281,0.3494085,-0.2394102,0.0648535,0.0000000,0.0000000,0.0000000,1.2707963,-0.0000000,0.0000000,0.0000000,0.0000000,1.2707963,-0.0000000,1.0000000,1.0000000
0.0000000,0.0578016,0.9673640,0.0000000,0.0000000,0.0000000,1.0000000,0.0069795,-0.0633278,-0.1098430,0.3505792,-0.2409572,0.0637108,0.0071646,-0.0647802,-0.1102294,0.3494055,-0.2394083,0.0651746,0.0000000,0.0000000,0.0000000,1.2707963,-0.0000000,0.0000000,0.0000000,0.0000000,1.2707963,-0.0000000,1.0000000,1.0000000
0.0000000,0.0580738,0.9673464,0.0000000,0.0000000,0.0000000,1.0000000,0.0070129,-0.0636299,-0.1098461,0.3505819,-0.2409590,0.0640147,0.0071980,-0.0650823,-0.1102306,0.3494027,-0.2394065,0.0654785,0.0000000,0.0000000,0.0000000,1.2707963,-0.0000000,0.0000000,0.0000000,0.0000000,1.2707963,-0.0000000,1.0000000,1.0000000
0.0000000,0.0583308,0.9673297,0.0000000,0.0000000,0.0000000,1.0000000,0.0070445,-0.0639151,-0.1098490,0.3505845,-0.2409607,0.0643016,0.0072296,-0.0653674,-0.1102317,0.3494001,-0.2394048,0.0657654,0.0000000,0.0000000,0.0000000,1.2707963,-0.0000000,0.0000000,0.0000000,0.0000000,1.2707963,-0.0000000,1.0000000,1.0000000
0.0000000,0.0585726,0.9673139,0.0000000,0.0000000,0.0000000,1.0000000,0.0070742,-0.0641834,-0.1098517,0.3505869,-0.2409622,0.0645716,0.0072593,-0.0656357,-0.1102328,0.3493976,-0.2394031,0.0660353,0.0000000,0.0000000,0.0000000,1.2707963,-0.0000000,0.0000000,0.0000000,0.0000000,1.2707963,-0.0000000,1.0000000,1.0000000
0.0000000,0.0587995,0.9672990,0.0000000,0.0000000,0.0000000,1.0000000,0.0071021,-0.0644351,-0.1098543,0.3505891,-0.2409637,0.0648248,0.0072872,-0.0658874,-0.1102338,0.3493953,-0.2394016,0.0662885,0.0000000,0.0000000,0.0000000,1.2707963,-0.0000000,0.0000000,0.0000000,0.0000000,1.2707963,-0.0000000,1.0000000,1.0000000
0.0000000,0.0590115,0.9672851,0.0000000,0.0000000,0.0000000,1.0000000,0.0071281,-0.0646704,-0.1098567,0.3505913,-0.2409651,0.0650615,0.0073132,-0.0661226,-0.1102348,0.3493931,-0.2394002,0.0665252,0.0000000,0.0000000,0.0000000,1.2707963,-0.0000000,0.0000000,0.0000000,0.0000000,1.2707963,-0.0000000,1.0000000,1.0000000
0.0000000,0.0592089,0.9672720,0.0000000,0.0000000,0.0000000,1.0000000,0.0071524,-0.0648895,-0.1098590,0.3505932,-0.2409664,0.0652819,0.0073375,-0.0663417,-0.1102357,0.3493911,-0.2393989,0.0667456,0.0000000,0.0000000,0.0000000,1.2707963,-0.0000000,0.0000000,0.0000000,0.0000000,1.2707963,-0.0000000,1.0000000,1.0000000
0.0000000,0.0593921,0.9672599,0.0000000,0.0000000,0.0000000,1.0000000,0.0071749,-0.0650927,-0.1098611,0.3505951,-0.2409676,0.0654864,0.0073600,-0.0665449,-0.1102365,0.3493892,-0.2393976,0.0669501,0.0000000,0.0000000,0.0000000,1.2707963,-0.0000000,0.0000000,0.0000000,0.0000000,1.2707963,-0.0000000,1.0000000,1.0000000
0.0000000,0.0595612,0.9672487,0.0000000,0.0000000,0.0000000,1.0000000,0.0071957,-0.0652804,-0.1098630,0.3505968,-0.2409687,0.0656752,0.0073807,-0.0667325,-0.1102373,0.3493874,-0.2393965,0.0671389,0.0000000,0.0000000,0.0000000,1.2707963,-0.0000000,0.0000000,0.0000000,0.0000000,1.2707963,-0.0000000,1.0000000,1.0000000
0.0000000,0.0597165,0.9672383,0.0000000,0.0000000,0.0000000,1.0000000,0.0072148,-0.0654528,-0.1098648,0.3505983,-0.2409697,0.0658487,0.0073998,-0.0669050,-0.1102380,0.3493858,-0.2393955,0.0673123,0.0000000,0.0000000,0.0000000,1.2707963,-0.0000000,0.0000000,0.0000000,0.0000000,1.2707963,-0.0000000,1.0000000,1.0000000
0.0000000,0.0598586,0.9672289,0.0000000,0.0000000,0.0000000,1.0000000,0.0072322,-0.0656104,-0.1098664,0.3505997,-0.2409706,0.0660072,0.0074173,-0.0670625,-0.1102387,0.3493844,-0.2393945,0.0674709,0.0000000,0.0000000,0.0000000,1.2707963,-0.0000000,0.0000000,0.0000000,0.0000000,1.2707963,-0.0000000,1.0000000,1.0000000
0.0000000,0.0599876,0.9672202,0.0000000,0.0000000,0.0000000,1.0000000,0.0072481,-0.0657536,-0.1098679,0.3506010,-0.2409715,0.0661513,0.0074331,-0.0672057,-0.1102393,0.3493830,-0.2393936,0.0676149,0.0000000,0.0000000,0.0000000,1.2707963,-0.0000000,0.0000000,0.0000000,0.0000000,1.2707963,-0.0000000,1.0000000,1.0000000
0.0000000,0.0601040,0.9672124,0.0000000,0.0000000,0.0000000,1.0000000,0.0072624,-0.0658828,-0.1098693,0.3506022,-0.2409722,0.0662813,0.0074474,-0.0673349,-0.1102398,0.3493818,-0.2393929,0.0677449,0.0000000,0.0000000,0.0000000,1.2707963,-0.0000000,0.0000000,0.0000000,0.0000000,1.2707963,-0.0000000,1.0000000,1.0000000
0.0000000,0.0602083,0.9672054,0.0000000,0.0000000,0.0000000,1.0000000,0.0072752,-0.0659985,-0.1098705,0.3506032,-0.2409729,0.0663977,0.0074602,-0.0674506,-0.1102403,0.3493808,-0.2393922,0.0678613,0.0000000,0.0000000,0.0000000,1.2707963,-0.0000000,0.0000000,0.0000000,0.0000000,1.2707963,-0.0000000,1.0000000,1.0000000
0.0000000,0.0603009,0.9671992,0.0000000,0.0000000,0.0000000,1.0000000,0.0072866,-0.0661013,-0.1098716,0.3506042,-0.2409735,0.0665011,0.0074716,-0.0675534,-0.1102408,0.3493798,-0.2393915,0.0679647,0.0000000,0.0000000,0.0000000,1.2707963,-0.0000000,0.0000000,0.0000000,0.0000000,1.2707963,-0.0000000,1.0000000,1.0000000
0.0000000,0.0603824,0.9671937,0.0000000,0.0000000,0.0000000,1.0000000,0.0072966,-0.0661918,-0.1098725,0.3506050,-0.2409741,0.0665921,0.0074816,-0.0676438,-0.1102411,0.3493790,-0.2393910,0.0680557,0.0000000,0.0000000,0.0000000,1.2707963,-0.0000000,0.0000000,0.0000000,0.0000000,1.2707963,-0.0000000,1.0000000,1.0000000
0.0000000,0.0604533,0.9671889,0.0000000,0.0000000,0.0000000,1.0000000,0.0073053,-0.0662704,-0.1098733,0.3506057,-0.2409745,0.0666713,0.0074904,-0.0677225,-0.1102415,0.3493782,-0.2393905,0.0681348,0.0000000,0.0000000,0.0000000,1.2707963,-0.0000000,0.0000000,0.0000000,0.0000000,1.2707963,-0.0000000,1.0000000,1.0000000
0.0000000,0.0605142,0.9671848,0.0000000,0.0000000,0.0000000,1.0000000,0.0073128,-0.0663380,-0.1098740,0.3506063,-0.2409749,0.0667393,0.0074978,-0.0677901,-0.1102418,0.3493776,-0.2393901,0.0682028,0.0000000,0.0000000,0.0000000,1.2707963,-0.0000000,0.0000000,0.0000000,0.0000000,1.2707963,-0.0000000,1.0000000,1.0000000
0.0000000,0.0605657,0.9671813,0.0000000,0.0000000,0.0000000,1.0000000,0.0073191,-0.0663952,-0.1098746,0.3506068,-0.2409753,0.0667968,0.0075042,-0.0678472,-0.1102420,0.3493771,-0.2393897,0.0682603,0.0000000,0.0000000,0.0000000,1.2707963,-0.0000000,0.0000000,0.0000000,0.0000000,1.2707963,-0.0000000,1.0000000,1.0000000
0.0000000,0.0606085,0.9671784,0.0000000,0.0000000,0.0000000,1.0000000,0.0073244,-0.0664426,-0.1098751,0.3506072,-0.2409755,0.0668445,0.0075094,-0.0678947,-0.1102422,0.3493767,-0.2393895,0.0683081,0.0000000,0.0000000,0.0000000,1.2707963,-0.0000000,0.0000000,0.0000000,0.0000000,1.2707963,-0.0000000,1.0000000,1.0000000
0.0000000,0.0606432,0.9671761,0.0000000,0.0000000,0.0000000,1.0000000,0.0073287,-0.0664812,-0.1098755,0.3506076,-0.2409758,0.0668833,0.0075137,-0.0679332,-0.1102424,0.3493763,-0.2393892,0.0683468,0.0000000,0.0000000,0.0000000,1.2707963,-0.0000000,0.0000000,0.0000000,0.0000000,1.2707963,-0.0000000,1.0000000,1.0000000
0.0000000,0.0606706,0.9671742,0.0000000,0.0000000,0.0000000,1.0000000,0.0073320,-0.0665116,-0.1098759,0.3506079,-0.2409759,0.0669140,0.0075171,-0.0679637,-0.1102425,0.3493760,-0.2393890,0.0683775,0.0000000,0.0000000,0.0000000,1.2707963,-0.0000000,0.0000000,0.0000000,0.0000000,1.2707963,-0.0000000,1.0000000,1.0000000
0.0000000,0.0606915,0.9671728,0.0000000,0.0000000,0.0000000,1.0000000,0.0073346,-0.0665348,-0.1098761,0.3506081,-0.2409761,0.0669373,0.0075196,-0.0679869,-0.1102426,0.3493758,-0.2393889,0.0684008,0.0000000,0.0000000,0.0000000,1.2707963,-0.0000000,0.0000000,0.0000000,0.0000000,1.2707963,-0.0000000,1.0000000,1.0000000
0.0000000,0.0607067,0.9671718,0.0000000,0.0000000,0.0000000,1.0000000,0.0073365,-0.0665517,-0.1098763,0.3506082,-0.2409762,0.0669543,0.0075215,-0.0680037,-0.1102427,0.3493756,-0.2393888,0.0684178,0.0000000,0.0000000,0.0000000,1.2707963,-0.0000000,0.0000000,0.0000000,0.0000000,1.2707963,-0.0000000,1.0000000,1.0000000
0.0000000,0.0607171,0.9671711,0.0000000,0.0000000,0.0000000,1.0000000,0.0073377,-0.0665631,-0.1098764,0.3506083,-0.2409762,0.0669658,0.0075228,-0.0680152,-0.1102427,0.3493755,-0.2393887,0.0684293,0.0000000,0.0000000,0.0000000,1.2707963,-0.0000000,0.0000000,0.0000000,0.0000000,1.2707963,-0.0000000,1.0000000,1.0000000
0.0000000,0.0607234,0.9671707,0.0000000,0.0000000,0.0000000,1.0000000,0.0073385,-0.0665702,-0.1098765,0.3506084,-0.2409763,0.0669729,0.0075235,-0.0680222,-0.1102428,0.3493755,-0.2393887,0.0684364,0.0000000,0.0000000,0.0000000,1.2707963,-0.0000000,0.0000000,0.0000000,0.0000000,1.2707963,-0.0000000,1.0000000,1.0000000
0.0000000,0.0607267,0.9671704,0.0000000,0.0000000,0.0000000,1.0000000,0.0073389,-0.0665739,-0.1098765,0.3506084,-0.2409763,0.0669766,0.0075239,-0.0680259,-0.1102428,0.3493754,-0.2393887,0.0684401,0.0000000,0.0000000,0.0000000,1.2707963,-0.0000000,0.0000000,0.0000000,0.0000000,1.2707963,-0.0000000,1.0000000,1.0000000
0.0000000,0.0607279,0.9671703,0.0000000,0.0000000,0.0000000,1.0000000,0.0073391,-0.0665752,-0.1098765,0.3506084,-0.2409763,0.0669779,0.0075241,-0.0680273,-0.1102428,0.3493754,-0.2393887,0.0684415,0.0000000,0.0000000,0.0000000,1.2707963,-0.0000000,0.0000000,0.0000000,0.0000000,1.2707963,-0.0000000,1.0000000,1.0000000
0.0000000,0.0607281,0.9671703,0.0000000,0.0000000,0.0000000,1.0000000,0.0073391,-0.0665754,-0.1098765,0.3506084,-0.2409763,0.0669781,0.0075241,-0.0680275,-0.1102428,0.3493754,-0.2393887,0.0684417,0.0000000,0.0000000,0.0000000,1.2707963,-0.0000000,0.0000000,0.0000000,0.0000000,1.2707963,-0.0000000,1.0000000,1.0000000
0.0000000,0.0607279,0.9671703,0.0000000,0.0000000,0.0000000,1.0000000,0.0073391,-0.0665752,-0.1098765,0.3506084,-0.2409763,0.0669779,0.0075241,-0.0680273,-0.1102428,0.3493754,-0.2393887,0.0684415,0.0000000,0.0000000,0.0000000,1.2707963,-0.0000000,0.0000000,0.0000000,0.0000000,1.2707963,-0.0000000,1.0000000,1.0000000
0.0000000,0.0607267,0.9671704,0.0000000,0.0000000,0.0000000,1.0000000,0.0073389,-0.0665739,-0.1098765,0.3506084,-0.2409763,0.0669766,0.0075239,-0.0680259,-0.1102428,0.3493754,-0.2393887,0.0684401,0.0000000,0.0000000,0.0000000,1.2707963,-0.0000000,0.0000000,0.0000000,0.0000000,1.2707963,-0.0000000,1.0000000,1.0000000
0.0000000,0.0607234,0.9671707,0.0000000,0.0000000,0.0000000,1.0000000,0.0073385,-0.0665702,-0.1098765,0.3506084,-0.2409763,0.0669729,0.0075235,-0.0680222,-0.1102428,0.3493755,-0.2393887,0.0684364,0.0000000,0.0000000,0.0000000,1.2707963,-0.0000000,0.0000000,0.0000000,0.0000000,1.2707963,-0.0000000,1.0000000,1.0000000
0.0000000,0.0607171,0.9671711,0.0000000,0.0000000,0.0000000,1.0000000,0.0073377,-0.0665631,-0.1098764,0.3506083,-0.2409762,0.0669658,0.0075228,-0.0680152,-0.1102427,0.3493755,-0.2393887,0.0684293,0.0000000,0.0000000,0.0000000,1.2707963,-0.0000000,0.0000000,0.0000000,0.0000000,1.2707963,-0.0000000,1.0000000,1.0000000
0.0000000,0.0607067,0.9671718,0.0000000,0.0000000,0.0000000,1.0000000,0.0073365,-0.0665517,-0.1098763,0.3506082,-0.2409762,0.0669543,0.0075215,-0.0680037,-0.1102427,0.3493756,-0.2393888,0.0684178,0.0000000,0.0000000,0.0000000,1.2707963,-0.0000000,0.0000000,0.0000000,0.0000000,1.2707963,-0.0000000,1.0000000,1.0000000
0.0000000,0.0606915,0.9671728,0.0000000,0.0000000,0.0000000,1.0000000,0.0073346,-0.0665348,-0.1098761,0.3506081,-0.2409761,0.0669373,0.0075196,-0.0679869,-0.1102426,0.3493758,-0.2393889,0.0684008,0.0000000,0.0000000,0.0000000,1.2707963,-0.0000000,0.0000000,0.0000000,0.0000000,1.2707963,-0.0000000,1.0000000,1.0000000
0.0000000,0.0606706,0.9671742,0.0000000,0.0000000,0.0000000,1.0000000,0.0073320,-0.0665116,-0.1098759,0.3506079,-0.2409759,0.0669140,0.0075171,-0.0679637,-0.1102425,0.3493760,-0.2393890,0.0683775,0.0000000,0.0000000,0.0000000,1.2707963,-0.0000000,0.0000000,0.0000000,0.0000000,1.2707963,-0.0000000,1.0000000,1.0000000
0.0000000,0.0606432,0.9671761,0.0000000,0.0000000,0.0000000,1.0000000,0.0073287,-0.0664812,-0.1098755,0.3506076,-0.2409758,0.0668833,0.0075137,-0.0679332,-0.1102424,0.3493763,-0.2393892,0.0683468,0.0000000,0.0000000,0.0000000,1.2707963,-0.0000000,0.0000000,0.0000000,0.0000000,1.2707963,-0.0000000,1.0000000,1.0000000
0.0000000,0.0606085,0.9671784,0.0000000,0.0000000,0.0000000,1.0000000,0.0073244,-0.0664426,-0.1098751,0.3506072,-0.2409755,0.0668445,0.0075094,-0.0678947,-0.1102422,0.3493767,-0.2393895,0.0683081,0.0000000,0.0000000,0.0000000,1.2707963,-0.0000000,0.0000000,0.0000000,0.0000000,1.2707963,-0.0000000,1.0000000,1.0000000
0.0000000,0.0605657,0.9671813,0.0000000,0.0000000,0.0000000,1.0000000,0.0073191,-0.0663952,-0.1098746,0.3506068,-0.2409753,0.0667968,0.0075042,-0.0678472,-0.1102420,0.3493771,-0.2393897,0.0682603,0.0000000,0.0000000,0.0000000,1.2707963,-0.0000000,0.0000000,0.0000000,0.0000000,1.2707963,-0.0000000,1.0000000,1.0000000
0.0000000,0.0605142,0.9671848,0.0000000,0.0000000,0.0000000,1.0000000,0.0073128,-0.0663380,-0.1098740,0.3506063,-0.2409749,0.0667393,0.0074978,-0.0677901,-0.1102418,0.3493776,-0.2393901,0.0682028,0.0000000,0.0000000,0.0000000,1.2707963,-0.0000000,0.0000000,0.0000000,0.0000000,1.2707963,-0.0000000,1.0000000,1.0000000
0.0000000,0.0604533,0.9671889,0.0000000,0.0000000,0.0000000,1.0000000,0.0073053,-0.0662704,-0.1098733,0.3506057,-0.2409745,0.0666713,0.0074904,-0.0677225,-0.1102415,0.3493782,-0.2393905,0.0681348,0.0000000,0.0000000,0.0000000,1.2707963,-0.0000000,0.0000000,0.0000000,0.0000000,1.2707963,-0.0000000,1.0000000,1.0000000
0.0000000,0.0603824,0.9671937,0.0000000,0.0000000,0.0000000,1.0000000,0.0072966,-0.0661918,-0.1098725,0.3506050,-0.2409741,0.0665921,0.0074816,-0.0676438,-0.1102411,0.3493790,-0.2393910,0.0680557,0.0000000,0.0000000,0.0000000,1.2707963,-0.0000000,0.0000000,0.0000000,0.0000000,1.2707963,-0.0000000,1.0000000,1.0000000
0.0000000,0.0603009,0.9671992,0.0000000,0.0000000,0.0000000,1.0000000,0.0072866,-0.0661013,-0.1098716,0.3506042,-0.2409735,0.0665011,0.0074716,-0.0675534,-0.1102408,0.3493798,-0.2393915,0.0679647,0.0000000,0.0000000,0.0000000,1.2707963,-0.0000000,0.0000000,0.0000000,0.0000000,1.2707963,-0.0000000,1.0000000,1.0000000
0.0000000,0.0602083,0.9672054,0.0000000,0.0000000,0.0000000,1.0000000,0.0072752,-0.0659985,-0.1098705,0.3506032,-0.2409729,0.0663977,0.0074602,-0.0674506,-0.1102403,0.3493808,-0.2393922,0.0678613,0.0000000,0.0000000,0.0000000,1.2707963,-0.0000000,0.0000000,0.0000000,0.0000000,1.2707963,-0.0000000,1.0000000,1.0000000
0.0000000,0.0601040,0.9672124,0.0000000,0.0000000,0.0000000,1.0000000,0.0072624,-0.0658828,-0.1098693,0.3506022,-0.2409722,0.0662813,0.0074474,-0.0673349,-0.1102398,0.3493818,-0.2393929,0.0677449,0.0000000,0.0000000,0.0000000,1.2707963,-0.0000000,0.0000000,0.0000000,0.0000000,1.2707963,-0.0000000,1.0000000,1.0000000
0.0000000,0.0599876,0.9672202,0.0000000,0.0000000,0.0000000,1.0000000,0.0072481,-0.0657536,-0.1098679,0.3506010,-0.2409715,0.0661513,0.0074331,-0.0672057,-0.1102393,0.3493830,-0.2393936,0.0676149,0.0000000,0.0000000,0.0000000,1.2707963,-0.0000000,0.0000000,0.0000000,0.0000000,1.2707963,-0.0000000,1.0000000,1.0000000
0.0000000,0.0598586,0.9672289,0.0000000,0.0000000,0.0000000,1.0000000,0.0072322,-0.0656104,-0.1098664,0.3505997,-0.2409706,0.0660072,0.0074173,-0.0670625,-0.1102387,0.3493844,-0.2393945,0.0674709,0.0000000,0.0000000,0.0000000,1.2707963,-0.0000000,0.0000000,0.0000000,0.0000000,1.2707963,-0.0000000,1.0000000,1.0000000
0.0000000,0.0597165,0.9672383,0.0000000,0.0000000,0.0000000,1.0000000,0.0072148,-0.0654528,-0.1098648,0.3505983,-0.2409697,0.0658487,0.0073998,-0.0669050,-0.1102380,0.3493858,-0.2393955,0.0673123,0.0000000,0.0000000,0.0000000,1.2707963,-0.0000000,0.0000000,0.0000000,0.0000000,1.2707963,-0.0000000,1.0000000,1.0000000
0.0000000,0.0595612,0.9672487,0.0000000,0.0000000,0.0000000,1.0000000,0.0071957,-0.0652804,-0.1098630,0.3505968,-0.2409687,0.0656752,0.0073807,-0.0667325,-0.1102373,0.3493874,-0.2393965,0.0671389,0.0000000,0.0000000,0.0000000,1.2707963,-0.0000000,0.0000000,0.0000000,0.0000000,1.2707963,-0.0000000,1.0000000,1.0000000
0.0000000,0.0593921,0.9672599,0.0000000,0.0000000,0.0000000,1.0000000,0.0071749,-0.0650927,-0.1098611,0.3505951,-0.2409676,0.0654864,0.0073600,-0.0665449,-0.1102365,0.3493892,-0.2393976,0.0669501,0.0000000,0.0000000,0.0000000,1.2707963,-0.0000000,0.0000000,0.0000000,0.0000000,1.2707963,-0.0000000,1.0000000,1.0000000
0.0000000,0.0592089,0.9672720,0.0000000,0.0000000,0.0000000,1.0000000,0.0071524,-0.0648895,-0.1098590,0.3505932,-0.2409664,0.0652819,0.0073375,-0.0663417,-0.1102357,0.3493911,-0.2393989,0.0667456,0.0000000,0.0000000,0.0000000,1.2707963,-0.0000000,0.0000000,0.0000000,0.0000000,1.2707963,-0.0000000,1.0000000,1.0000000
0.0000000,0.0590115,0.9672851,0.0000000,0.0000000,0.0000000,1.0000000,0.0071281,-0.0646704,-0.1098567,0.3505913,-0.2409651,0.0650615,0.0073132,-0.0661226,-0.1102348,0.3493931,-0.2394002,0.0665252,0.0000000,0.0000000,0.0000000,1.2707963,-0.0000000,0.0000000,0.0000000,0.0000000,1.2707963,-0.0000000,1.0000000,1.0000000
0.0000000,0.0587995,0.9672990,0.0000000,0.0000000,0.0000000,1.0000000,0.0071021,-0.0644351,-0.1098543,0.3505891,-0.2409637,0.0648248,0.0072872,-0.0658874,-0.1102338,0.3493953,-0.2394016,0.0662885,0.0000000,0.0000000,0.0000000,1.2707963,-0.0000000,0.0000000,0.0000000,0.0000000,1.2707963,-0.0000000,1.0000000,1.0000000
0.0000000,0.0585726,0.9673139,0.0000000,0.0000000,0.0000000,1.0000000,0.0070742,-0.0641834,-0.1098517,0.3505869,-0.2409622,0.0645716,0.0072593,-0.0656357,-0.1102328,0.3493976,-0.2394031,0.0660353,0.0000000,0.0000000,0.0000000,1.2707963,-0.0000000,0.0000000,0.0000000,0.0000000,1.2707963,-0.0000000,1.0000000,1.0000000
0.0000000,0.0583308,0.9673297,0.0000000,0.0000000,0.0000000,1.0000000,0.0070445,-0.0639151,-0.1098490,0.3505845,-0.2409607,0.0643016,0.0072296,-0.0653674,-0.1102317,0.3494001,-0.2394048,0.0657654,0.0000000,0.0000000,0.0000000,1.2707963,-0.0000000,0.0000000,0.0000000,0.0000000,1.2707963,-0.0000000,1.0000000,1.0000000
0.0000000,0.0580738,0.9673464,0.0000000,0.0000000,0.0000000,1.0000000,0.0070129,-0.0636299,-0.1098461,0.3505819,-0.2409590,0.0640147,0.0071980,-0.0650823,-0.1102306,0.3494027,-0.2394065,0.0654785,0.0000000,0.0000000,0.0000000,1.2707963,-0.0000000,0.0000000,0.0000000,0.0000000,1.2707963,-0.0000000,1.0000000,1.0000000
0.0000000,0.0578016,0.9673640,0.0000000,0.0000000,0.0000000,1.0000000,0.0069795,-0.0633278,-0.1098430,0.3505792,-0.2409572,0.0637108,0.0071646,-0.0647802,-0.1102294,0.3494055,-0.2394083,0.0651746,0.0000000,0.0000000,0.0000000,1.2707963,-0.0000000,0.0000000,0.0000000,0.0000000,1.2707963,-0.0000000,1.0000000,1.0000000
0.0000000,0.0575139,0.9673825,0.0000000,0.0000000,0.0000000,1.0000000,0.0069441,-0.0630086,-0.1098398,0.3505763,-0.2409553,0.0633896,0.0071293,-0.0644610,-0.1102281,0.3494085,-0.2394102,0.0648535,0.0000000,0.0000000,0.0000000,1.2707963,-0.0000000,0.0000000,0.0000000,0.0000000,1.2707963,-0.0000000,1.0000000,1.0000000
0.0000000,0.0572107,0.9674019,0.0000000,0.0000000,0.0000000,1.0000000,0.0069069,-0.0626722,-0.1098364,0.3505732,-0.2409533,0.0630512,0.0070920,-0.0641247,-0.1102268,0.3494116,-0.2394123,0.0645151,0.0000000,0.0000000,0.0000000,1.2707963,-0.0000000,0.0000000,0.0000000,0.0000000,1.2707963,-0.0000000,1.0000000,1.0000000
0.0000000,0.0568920,0.9674222,0.0000000,0.0000000,0.0000000,1.0000000,0.0068677,-0.0623186,-0.1098329,0.3505701,-0.2409513,0.0626954,0.0070529,-0.0637711,-0.1102254,0.3494149,-0.2394144,0.0641594,0.0000000,0.0000000,0.0000000,1.2707963,-0.0000000,0.0000000,0.0000000,0.0000000,1.2707963,-0.0000000,1.0000000,1.0000000
0.0000000,0.0565577,0.9674434,0.0000000,0.0000000,0.0000000,1.0000000,0.0068267,-0.0619477,-0.1098292,0.3505667,-0.2409491,0.0623223,0.0070119,-0.0634003,-0.1102240,0.3494183,-0.2394167,0.0637863,0.0000000,0.0000000,0.0000000,1.2707963,-0.0000000,0.0000000,0.0000000,0.0000000,1.2707963,-0.0000000,1.0000000,1.0000000
0.0000000,0.0562079,0.9674654,0.0000000,0.0000000,0.0000000,1.0000000,0.0067837,-0.0615596,-0.1098253,0.3505632,-0.2409468,0.0619318,0.0069689,-0.0630121,-0.1102226,0.3494219,-0.2394190,0.0633958,0.0000000,0.0000000,0.0000000,1.2707963,-0.0000000,0.0000000,0.0000000,0.0000000,1.2707963,-0.0000000,1.0000000,1.0000000
0.0000000,0.0558425,0.9674882,0.0000000,0.0000000,0.0000000,1.0000000,0.0067389,-0.0611542,-0.1098213,0.3505595,-0.2409444,0.0615239,0.0069240,-0.0626068,-0.1102210,0.3494257,-0.2394215,0.0629880,0.0000000,0.0000000,0.0000000,1.2707963,-0.0000000,0.0000000,0.0000000,0.0000000,1.2707963,-0.0000000,1.0000000,1.0000000
0.0000000,0.0554615,0.9675119,0.0000000,0.0000000,0.0000000,1.0000000,0.0066921,-0.0607315,-0.1098171,0.3505557,-0.2409419,0.0610987,0.0068773,-0.0621842,-0.1102195,0.3494296,-0.2394240,0.0625628,0.0000000,0.0000000,0.0000000,1.2707963,-0.0000000,0.0000000,0.0000000,0.0000000,1.2707963,-0.0000000,1.0000000,1.0000000
0.0000000,0.0550651,0.9675363,0.0000000,0.0000000,0.0000000,1.0000000,0.0066434,-0.0602918,-0.1098128,0.3505518,-0.2409393,0.0606563,0.0068286,-0.0617445,-0.1102179,0.3494337,-0.2394267,0.0621204,0.0000000,0.0000000,0.0000000,1.2707963,-0.0000000,0.0000000,0.0000000,0.0000000,1.2707963,-0.0000000,1.0000000,1.0000000
0.0000000,0.0546534,0.9675615,0.0000000,0.0000000,0.0000000,1.0000000,0.0065929,-0.0598350,-0.1098083,0.3505476,-0.2409366,0.0601967,0.0067780,-0.0612877,-0.1102162,0.3494379,-0.2394295,0.0616609,0.0000000,0.0000000,0.0000000,1.2707963,-0.0000000,0.0000000,0.0000000,0.0000000,1.2707963,-0.0000000,1.0000000,1.0000000
0.0000000,0.0542264,0.9675875,0.0000000,0.0000000,0.0000000,1.0000000,0.0065405,-0.0593613,-0.1098037,0.3505434,-0.2409338,0.0597202,0.0067256,-0.0608141,-0.1102146,0.3494423,-0.2394323,0.0611844,0.0000000,0.0000000,0.0000000,1.2707963,-0.0000000,0.0000000,0.0000000,0.0000000,1.2707963,-0.0000000,1.0000000,1.0000000
0.0000000,0.0537843,0.9676141,0.0000000,0.0000000,0.0000000,1.0000000,0.0064862,-0.0588709,-0.1097990,0.3505389,-0.2409309,0.0592268,0.0066714,-0.0603237,-0.1102129,0.3494469,-0.2394353,0.0606911,0.0000000,0.0000000,0.0000000,1.2707963,-0.0000000,0.0000000,0.0000000,0.0000000,1.2707963,-0.0000000,1.0000000,1.0000000
0.0000000,0.0533273,0.9676414,0.0000000,0.0000000,0.0000000,1.0000000,0.0064301,-0.0583639,-0.1097941,0.3505344,-0.2409280,0.0587167,0.0066153,-0.0598168,-0.1102111,0.3494516,-0.2394384,0.0601811,0.0000000,0.0000000,0.0000000,1.2707963,-0.0000000,0.0000000,0.0000000,0.0000000,1.2707963,-0.0000000,1.0000000,1.0000000
0.0000000,0.0528554,0.9676694,0.0000000,0.0000000,0.0000000,1.0000000,0.0063723,-0.0578406,-0.1097891,0.3505296,-0.2409249,0.0581901,0.0065573,-0.0592935,-0.1102094,0.3494564,-0.2394415,0.0596546,0.0000000,0.0000000,0.0000000,1.2707963,-0.0000000,0.0000000,0.0000000,0.0000000,1.2707963,-0.0000000,1.0000000,1.0000000
0.0000000,0.0523690,0.9676980,0.0000000,0.0000000,0.0000000,1.0000000,0.0063126,-0.0573010,-0.1097840,0.3505248,-0.2409217,0.0576473,0.0064976,-0.0587540,-0.1102076,0.3494614,-0.2394448,0.0591118,0.0000000,0.0000000,0.0000000,1.2707963,-0.0000000,0.0000000,0.0000000,0.0000000,1.2707963,-0.0000000,1.0000000,1.0000000
0.0000000,0.0518682,0.9677271,0.0000000,0.0000000,0.0000000,1.0000000,0.0062512,-0.0567456,-0.1097788,0.3505198,-0.2409184,0.0570885,0.0064362,-0.0581986,-0.1102058,0.3494666,-0.2394482,0.0585530,0.0000000,0.0000000,0.0000000,1.2707963,-0.0000000,0.0000000,0.0000000,0.0000000,1.2707963,-0.0000000,1.0000000,1.0000000
0.0000000,0.0513533,0.9677567,0.0000000,0.0000000,0.0000000,1.0000000,0.0061880,-0.0561745,-0.1097734,0.3505146,-0.2409151,0.0565139,0.0063730,-0.0576276,-0.1102039,0.3494719,-0.2394516,0.0579785,0.0000000,0.0000000,0.0000000,1.2707963,-0.0000000,0.0000000,0.0000000,0.0000000,1.2707963,-0.0000000,1.0000000,1.0000000
0.0000000,0.0508246,0.9677869,0.0000000,0.0000000,0.0000000,1.0000000,0.0061232,-0.0555880,-0.1097679,0.3505093,-0.2409116,0.0559239,0.0063081,-0.0570412,-0.1102021,0.3494773,-0.2394552,0.0573886,0.0000000,0.0000000,0.0000000,1.2707963,-0.0000000,0.0000000,0.0000000,0.0000000,1.2707963,-0.0000000,1.0000000,1.0000000
0.0000000,0.0502822,0.9678175,0.0000000,0.0000000,0.0000000,1.0000000,0.0060567,-0.0549865,-0.1097624,0.3505039,-0.2409081,0.0553187,0.0062416,-0.0564397,-0.1102003,0.3494829,-0.2394588,0.0567834,0.0000000,0.0000000,0.0000000,1.2707963,-0.0000000,0.0000000,0.0000000,0.0000000,1.2707963,-0.0000000,1.0000000,1.0000000
0.0000000,0.0497265,0.9678485,0.0000000,0.0000000,0.0000000,1.0000000,0.0059886,-0.0543703,-0.1097567,0.3504983,-0.2409044,0.0546987,0.0061734,-0.0558235,-0.1101984,0.3494886,-0.2394626,0.0561635,0.0000000,0.0000000,0.0000000,1.2707963,-0.0000000,0.0000000,0.0000000,0.0000000,1.2707963,-0.0000000,1.0000000,1.0000000
0.0000000,0.0491578,0.9678798,0.0000000,0.0000000,0.0000000,1.0000000,0.0059188,-0.0537396,-0.1097510,0.3504926,-0.2409007,0.0540642,0.0061036,-0.0551929,-0.1101966,0.3494945,-0.2394664,0.0555291,0.0000000,0.0000000,0.0000000,1.2707963,-0.0000000,0.0000000,0.0000000,0.0000000,1.2707963,-0.0000000,1.0000000,1.0000000
0.0000000,0.0485764,0.9679115,0.0000000,0.0000000,0.0000000,1.0000000,0.0058476,-0.0530949,-0.1097452,0.3504868,-0.2408969,0.0534156,0.0060323,-0.0545483,-0.1101948,0.3495005,-0.2394703,0.0548805,0.0000000,0.0000000,0.0000000,1.2707963,-0.0000000,0.0000000,0.0000000,0.0000000,1.2707963,-0.0000000,1.0000000,1.0000000
0.0000000,0.0479827,0.9679435,0.0000000,0.0000000,0.0000000,1.0000000,0.0057748,-0.0524365,-0.1097393,0.3504809,-0.2408930,0.0527532,0.0059595,-0.0538900,-0.1101929,0.3495066,-0.2394743,0.0542182,0.0000000,0.0000000,0.0000000,1.2707963,-0.0000000,0.0000000,0.0000000,0.0000000,1.2707963,-0.0000000,1.0000000,1.0000000
0.0000000,0.0473770,0.9679757,0.0000000,0.0000000,0.0000000,1.0000000,0.0057006,-0.0517648,-0.1097333,0.3504748,-0.2408891,0.0520775,0.0058852,-0.0532184,-0.1101911,0.3495128,-0.2394783,0.0535425,0.0000000,0.0000000,0.0000000,1.2707963,-0.0000000,0.0000000,0.0000000,0.0000000,1.2707963,-0.0000000,1.0000000,1.0000000
0.0000000,0.0467596,0.9680081,0.0000000,0.0000000,0.0000000,1.0000000,0.0056250,-0.0510803,-0.1097273,0.3504686,-0.2408850,0.0513888,0.0058095,-0.0525339,-0.1101893,0.3495192,-0.2394825,0.0528539,0.0000000,0.0000000,0.0000000,1.2707963,-0.0000000,0.0000000,0.0000000,0.0000000,1.2707963,-0.0000000,1.0000000,1.0000000
0.0000000,0.0461310,0.9680407,0.0000000,0.0000000,0.0000000,1.0000000,0.0055480,-0.0503833,-0.1097212,0.3504623,-0.2408809,0.0506876,0.0057324,-0.0518370,-0.1101875,0.3495256,-0.2394867,0.0521527,0.0000000,0.0000000,0.0000000,1.2707963,-0.0000000,0.0000000,0.0000000,0.0000000,1.2707963,-0.0000000,1.0000000,1.0000000
0.0000000,0.0454916,0.9680734,0.0000000,0.0000000,0.0000000,1.0000000,0.0054697,-0.0496743,-0.1097151,0.3504559,-0.2408767,0.0499743,0.0056540,-0.0511281,-0.1101858,0.3495322,-0.2394910,0.0514395,0.0000000,0.0000000,0.0000000,1.2707963,-0.0000000,0.0000000,0.0000000,0.0000000,1.2707963,-0.0000000,1.0000000,1.0000000
0.0000000,0.0448417,0.9681061,0.0000000,0.0000000,0.0000000,1.0000000,0.0053901,-0.0489538,-0.1097089,0.3504494,-0.2408725,0.0492494,0.0055743,-0.0504076,-0.1101840,0.3495389,-0.2394954,0.0507146,0.0000000,0.0000000,0.0000000,1.2707963,-0.0000000,0.0000000,0.0000000,0.0000000,1.2707963,-0.0000000,1.0000000,1.0000000
0.0000000,0.0441818,0.9681389,0.0000000,0.0000000,0.0000000,1.0000000,0.0053093,-0.0482222,-0.1097027,0.3504428,-0.2408682,0.0485133,0.0054934,-0.0496761,-0.1101824,0.3495457,-0.2394998,0.0499786,0.0000000,0.0000000,0.0000000,1.2707963,-0.0000000,0.0000000,0.0000000,0.0000000,1.2707963,-0.0000000,1.0000000,1.0000000
0.0000000,0.0435123,0.9681716,0.0000000,0.0000000,0.0000000,1.0000000,0.0052274,-0.0474799,-0.1096964,0.3504361,-0.2408638,0.0477666,0.0054113,-0.0489339,-0.1101807,0.3495526,-0.2395043,0.0492319,0.0000000,0.0000000,0.0000000,1.2707963,-0.0000000,0.0000000,0.0000000,0.0000000,1.2707963,-0.0000000,1.0000000,1.0000000
0.0000000,0.0428336,0.9682043,0.0000000,0.0000000,0.0000000,1.0000000,0.0051443,-0.0467275,-0.1096901,0.3504293,-0.2408594,0.0470097,0.0053281,-0.0481816,-0.1101791,0.3495595,-0.2395088,0.0484751,0.0000000,0.0000000,0.0000000,1.2707963,-0.0000000,0.0000000,0.0000000,0.0000000,1.2707963,-0.0000000,1.0000000,1.0000000
0.0000000,0.0421462,0.9682369,0.0000000,0.0000000,0.0000000,1.0000000,0.0050602,-0.0459656,-0.1096839,0.3504224,-0.2408549,0.0462431,0.0052438,-0.0474197,-0.1101775,0.3495666,-0.2395135,0.0477085,0.0000000,0.0000000,0.0000000,1.2707963,-0.0000000,0.0000000,0.0000000,0.0000000,1.2707963,-0.0000000,1.0000000,1.0000000
0.0000000,0.0414506,0.9682693,0.0000000,0.0000000,0.0000000,1.0000000,0.0049751,-0.0451945,-0.1096776,0.3504154,-0.2408503,0.0454673,0.0051585,-0.0466487,-0.1101760,0.3495738,-0.2395181,0.0469328,0.0000000,0.0000000,0.0000000,1.2707963,-0.0000000,0.0000000,0.0000000,0.0000000,1.2707963,-0.0000000,1.0000000,1.0000000
0.0000000,0.0407472,0.9683015,0.0000000,0.0000000,0.0000000,1.0000000,0.0048890,-0.0444148,-0.1096713,0.3504084,-0.2408457,0.0446829,0.0050723,-0.0458691,-0.1101745,0.3495810,-0.2395229,0.0461485,0.0000000,0.0000000,0.0000000,1.2707963,-0.0000000,0.0000000,0.0000000,0.0000000,1.2707963,-0.0000000,1.0000000,1.0000000
0.0000000,0.0400365,0.9683335,0.0000000,0.0000000,0.0000000,1.0000000,0.0048021,-0.0436270,-0.1096650,0.3504013,-0.2408411,0.0438903,0.0049852,-0.0450814,-0.1101731,0.3495883,-0.2395276,0.0453560,0.0000000,0.0000000,0.0000000,1.2707963,-0.0000000,0.0000000,0.0000000,0.0000000,1.2707963,-0.0000000,1.0000000,1.0000000
0.0000000,0.0393190,0.9683653,0.0000000,0.0000000,0.0000000,1.0000000,0.0047143,-0.0428318,-0.1096587,0.3503941,-0.2408364,0.0430903,0.0048973,-0.0442862,-0.1101717,0.3495957,-0.2395324,0.0445560,0.0000000,0.0000000,0.0000000,1.2707963,-0.0000000,0.0000000,0.0000000,0.0000000,1.2707963,-0.0000000,1.0000000,1.0000000
0.0000000,0.0385952,0.9683967,0.0000000,0.0000000,0.0000000,1.0000000,0.0046258,-0.0420295,-0.1096524,0.3503868,-0.2408316,0.0422832,0.0048086,-0.0434841,-0.1101704,0.3496031,-0.2395373,0.0437490,0.0000000,0.0000000,0.0000000,1.2707963,-0.0000000,0.0000000,0.0000000,0.0000000,1.2707963,-0.0000000,1.0000000,1.0000000
0.0000000,0.0378656,0.9684278,0.0000000,0.0000000,0.0000000,1.0000000,0.0045366,-0.0412209,-0.1096462,0.3503795,-0.2408269,0.0414696,0.0047192,-0.0426755,-0.1101692,0.3496107,-0.2395422,0.0429355,0.0000000,0.0000000,0.0000000,1.2707963,-0.0000000,0.0000000,0.0000000,0.0000000,1.2707963,-0.0000000,1.0000000,1.0000000
0.0000000,0.0371307,0.9684586,0.0000000,0.0000000,0.0000000,1.0000000,0.0044468,-0.0404064,-0.1096400,0.3503722,-0.2408221,0.0406502,0.0046291,-0.0418611,-0.1101680,0.3496182,-0.2395471,0.0421161,0.0000000,0.0000000,0.0000000,1.2707963,-0.0000000,0.0000000,0.0000000,0.0000000,1.2707963,-0.0000000,1.0000000,1.0000000
0.0000000,0.0363910,0.9684889,0.0000000,0.0000000,0.0000000,1.0000000,0.0043563,-0.0395866,-0.1096338,0.3503648,-0.2408172,0.0398255,0.0045385,-0.0410414,-0.1101669,0.3496258,-0.2395521,0.0412915,0.0000000,0.0000000,0.0000000,1.2707963,-0.0000000,0.0000000,0.0000000,0.0000000,1.2707963,-0.0000000,1.0000000,1.0000000
0.0000000,0.0356470,0.9685187,0.0000000,0.0000000,0.0000000,1.0000000,0.0042654,-0.0387622,-0.1096276,0.3503573,-0.2408124,0.0389960,0.0044473,-0.0402170,-0.1101658,0.3496335,-0.2395571,0.0404621,0.0000000,0.0000000,0.0000000,1.2707963,-0.0000000,0.0000000,0.0000000,0.0000000,1.2707963,-0.0000000,1.0000000,1.0000000
0.0000000,0.0348993,0.9685482,0.0000000,0.0000000,0.0000000,1.0000000,0.0041740,-0.0379336,-0.1096215,0.3503498,-0.2408075,0.0381624,0.0043557,-0.0393885,-0.1101648,0.3496412,-0.2395621,0.0396285,0.0000000,0.0000000,0.0000000,1.2707963,-0.0000000,0.0000000,0.0000000,0.0000000,1.2707963,-0.0000000,1.0000000,1.0000000
0.0000000,0.0341483,0.9685771,0.0000000,0.0000000,0.0000000,1.0000000,0.0040823,-0.0371015,-0.1096155,0.3503423,-0.2408026,0.0373253,0.0042637,-0.0385565,-0.1101639,0.3496489,-0.2395672,0.0387914,0.0000000,0.0000000,0.0000000,1.2707963,-0.0000000,0.0000000,0.0000000,0.0000000,1.2707963,-0.0000000,1.0000000,1.0000000
0.0000000,0.0333947,0.9686054,0.0000000,0.0000000,0.0000000,1.0000000,0.0039902,-0.0362664,-0.1096095,0.3503347,-0.2407976,0.0364851,0.0041714,-0.0377215,-0.1101631,0.3496566,-0.2395722,0.0379513,0.0000000,0.0000000,0.0000000,1.2707963,-0.0000000,0.0000000,0.0000000,0.0000000,1.2707963,-0.0000000,1.0000000,1.0000000
0.0000000,0.0326389,0.9686332,0.0000000,0.0000000,0.0000000,1.0000000,0.0038979,-0.0354289,-0.1096035,0.3503272,-0.2407927,0.0356426,0.0040788,-0.0368841,-0.1101623,0.3496644,-0.2395773,0.0371089,0.0000000,0.0000000,0.0000000,1.2707963,-0.0000000,0.0000000,0.0000000,0.0000000,1.2707963,-0.0000000,1.0000000,1.0000000
0.0000000,0.0318815,0.9686605,0.0000000,0.0000000,0.0000000,1.0000000,0.0038054,-0.0345897,-0.1095977,0.3503196,-0.2407877,0.0347983,0.0039860,-0.0360450,-0.1101617,0.3496722,-0.2395824,0.0362646,0.0000000,0.0000000,0.0000000,1.2707963,-0.0000000,0.0000000,0.0000000,0.0000000,1.2707963,-0.0000000,1.0000000,1.0000000
0.0000000,0.0311231,0.9686871,0.0000000,0.0000000,0.0000000,1.0000000,0.0037128,-0.0337493,-0.1095919,0.3503120,-0.2407828,0.0339529,0.0038931,-0.0352047,-0.1101611,0.3496800,-0.2395875,0.0354192,0.0000000,0.0000000,0.0000000,1.2707963,-0.0000000,0.0000000,0.0000000,0.0000000,1.2707963,-0.0000000,1.0000000,1.0000000
0.0000000,0.0303641,0.9687131,0.0000000,0.0000000,0.0000000,1.0000000,0.0036201,-0.0329084,-0.1095861,0.3503044,-0.2407778,0.0331068,0.0038002,-0.0343638,-0.1101605,0.3496878,-0.2395926,0.0345732,0.0000000,0.0000000,0.0000000,1.2707963,-0.0000000,0.0000000,0.0000000,0.0000000,1.2707963,-0.0000000,1.0000000,1.0000000
0.0000000,0.0296050,0.9687385,0.0000000,0.0000000,0.0000000,1.0000000,0.0035275,-0.0320675,-0.1095805,0.3502968,-0.2407729,0.0322608,0.0037072,-0.0335230,-0.1101601,0.3496956,-0.2395977,0.0337273,0.0000000,0.0000000,0.0000000,1.2707963,-0.0000000,0.0000000,0.0000000,0.0000000,1.2707963,-0.0000000,1.0000000,1.0000000
0.0000000,0.0288466,0.9687632,0.0000000,0.0000000,0.0000000,1.0000000,0.0034349,-0.0312272,-0.1095749,0.3502892,-0.2407679,0.0314154,0.0036143,-0.0326828,-0.1101597,0.3497034,-0.2396028,0.0328819,0.0000000,0.0000000,0.0000000,1.2707963,-0.0000000,0.0000000,0.0000000,0.0000000,1.2707963,-0.0000000,1.0000000,1.0000000
0.0000000,0.0280892,0.9687872,0.0000000,0.0000000,0.0000000,1.0000000,0.0033425,-0.0303881,-0.1095694,0.3502816,-0.2407629,0.0305713,0.0035215,-0.0318438,-0.1101594,0.3497112,-0.2396078,0.0320378,0.0000000,0.0000000,0.0000000,1.2707963,-0.0000000,0.0000000,0.0000000,0.0000000,1.2707963,-0.0000000,1.0000000,1.0000000
0.0000000,0.0273334,0.9688106,0.0000000,0.0000000,0.0000000,1.0000000,0.0032502,-0.0295508,-0.1095641,0.3502740,-0.2407580,0.0297289,0.0034290,-0.0310066,-0.1101592,0.3497190,-0.2396129,0.0311955,0.0000000,0.0000000,0.0000000,1.2707963,-0.0000000,0.0000000,0.0000000,0.0000000,1.2707963,-0.0000000,1.0000000,1.0000000
0.0000000,0.0265798,0.9688332,0.0000000,0.0000000,0.0000000,1.0000000,0.0031583,-0.0287159,-0.1095588,0.3502665,-0.2407531,0.0288890,0.0033367,-0.0301718,-0.1101591,0.3497267,-0.2396180,0.0303557,0.0000000,0.0000000,0.0000000,1.2707963,-0.0000000,0.0000000,0.0000000,0.0000000,1.2707963,-0.0000000,1.0000000,1.0000000
0.0000000,0.0258288,0.9688551,0.0000000,0.0000000,0.0000000,1.0000000,0.0030667,-0.0278840,-0.1095536,0.3502589,-0.2407481,0.0280521,0.0032447,-0.0293400,-0.1101590,0.3497344,-0.2396230,0.0295188,0.0000000,0.0000000,0.0000000,1.2707963,-0.0000000,0.0000000,0.0000000,0.0000000,1.2707963,-0.0000000,1.0000000,1.0000000
0.0000000,0.0250811,0.9688763,0.0000000,0.0000000,0.0000000,1.0000000,0.0029755,-0.0270558,-0.1095484,0.3502515,-0.2407433,0.0272188,0.0031532,-0.0285118,-0.1101591,0.3497421,-0.2396280,0.0286856,0.0000000,0.0000000,0.0000000,1.2707963,-0.0000000,0.0000000,0.0000000,0.0000000,1.2707963,-0.0000000,1.0000000,1.0000000
0.0000000,0.0243372,0.9688968,0.0000000,0.0000000,0.0000000,1.0000000,0.0028847,-0.0262316,-0.1095434,0.3502440,-0.2407384,0.0263897,0.0030621,-0.0276877,-0.1101592,0.3497498,-0.2396330,0.0278565,0.0000000,0.0000000,0.0000000,1.2707963,-0.0000000,0.0000000,0.0000000,0.0000000,1.2707963,-0.0000000,1.0000000,1.0000000
0.0000000,0.0235974,0.9689166,0.0000000,0.0000000,0.0000000,1.0000000,0.0027945,-0.0254123,-0.1095385,0.3502366,-0.2407336,0.0255654,0.0029715,-0.0268684,-0.1101593,0.3497574,-0.2396380,0.0270322,0.0000000,0.0000000,0.0000000,1.2707963,-0.0000000,0.0000000,0.0000000,0.0000000,1.2707963,-0.0000000,1.0000000,1.0000000
0.0000000,0.0228625,0.9689356,0.0000000,0.0000000,0.0000000,1.0000000,0.0027049,-0.0245982,-0.1095337,0.3502292,-0.2407287,0.0247465,0.0028815,-0.0260545,-0.1101596,0.3497650,-0.2396429,0.0262133,0.0000000,0.0000000,0.0000000,1.2707963,-0.0000000,0.0000000,0.0000000,0.0000000,1.2707963,-0.0000000,1.0000000,1.0000000
0.0000000,0.0221329,0.9689539,0.0000000,0.0000000,0.0000000,1.0000000,0.0026159,-0.0237900,-0.1095291,0.3502219,-0.2407240,0.0239334,0.0027921,-0.0252464,-0.1101599,0.3497725,-0.2396478,0.0254003,0.0000000,0.0000000,0.0000000,1.2707963,-0.0000000,0.0000000,0.0000000,0.0000000,1.2707963,-0.0000000,1.0000000,1.0000000
0.0000000,0.0214091,0.9689715,0.0000000,0.0000000,0.0000000,1.0000000,0.0025277,-0.0229883,-0.1095245,0.3502147,-0.2407192,0.0231269,0.0027035,-0.0244448,-0.1101603,0.3497799,-0.2396527,0.0245938,0.0000000,0.0000000,0.0000000,1.2707963,-0.0000000,0.0000000,0.0000000,0.0000000,1.2707963,-0.0000000,1.0000000,1.0000000
0.0000000,0.0206916,0.9689883,0.0000000,0.0000000,0.0000000,1.0000000,0.0024402,-0.0221936,-0.1095200,0.3502075,-0.2407145,0.0223274,0.0026157,-0.0236501,-0.1101607,0.3497873,-0.2396575,0.0237943,0.0000000,0.0000000,0.0000000,1.2707963,-0.0000000,0.0000000,0.0000000,0.0000000,1.2707963,-0.0000000,1.0000000,1.0000000
0.0000000,0.0199809,0.9690044,0.0000000,0.0000000,0.0000000,1.0000000,0.0023536,-0.0214065,-0.1095156,0.3502003,-0.2407099,0.0215354,0.0025286,-0.0228631,-0.1101612,0.3497946,-0.2396623,0.0230024,0.0000000,0.0000000,0.0000000,1.2707963,-0.0000000,0.0000000,0.0000000,0.0000000,1.2707963,-0.0000000,1.0000000,1.0000000
0.0000000,0.0192775,0.9690198,0.0000000,0.0000000,0.0000000,1.0000000,0.0022678,-0.0206274,-0.1095114,0.3501933,-0.2407053,0.0207517,0.0024425,-0.0220841,-0.1101618,0.3498018,-0.2396670,0.0222187,0.0000000,0.0000000,0.0000000,1.2707963,-0.0000000,0.0000000,0.0000000,0.0000000,1.2707963,-0.0000000,1.0000000,1.0000000
0.0000000,0.0185819,0.9690345,0.0000000,0.0000000,0.0000000,1.0000000,0.0021831,-0.0198570,-0.1095073,0.3501863,-0.2407007,0.0199766,0.0023573,-0.0213137,-0.1101624,0.3498090,-0.2396717,0.0214436,0.0000000,0.0000000,0.0000000,1.2707963,-0.0000000,0.0000000,0.0000000,0.0000000,1.2707963,-0.0000000,1.0000000,1.0000000
0.0000000,0.0178945,0.9690484,0.0000000,0.0000000,0.0000000,1.0000000,0.0020993,-0.0190957,-0.1095032,0.3501794,-0.2406962,0.0192107,0.0022732,-0.0205525,-0.1101631,0.3498160,-0.2396763,0.0206778,0.0000000,0.0000000,0.0000000,1.2707963,-0.0000000,0.0000000,0.0000000,0.0000000,1.2707963,-0.0000000,1.0000000,1.0000000
0.0000000,0.0172159,0.9690617,0.0000000,0.0000000,0.0000000,1.0000000,0.0020166,-0.0183440,-0.1094993,0.3501726,-0.2406918,0.0184545,0.0021901,-0.0198009,-0.1101639,0.3498230,-0.2396808,0.0199216,0.0000000,0.0000000,0.0000000,1.2707963,-0.0000000,0.0000000,0.0000000,0.0000000,1.2707963,-0.0000000,1.0000000,1.0000000
0.0000000,0.0165463,0.9690743,0.0000000,0.0000000,0.0000000,1.0000000,0.0019350,-0.0176025,-0.1094955,0.3501659,-0.2406874,0.0177086,0.0021081,-0.0190595,-0.1101647,0.3498299,-0.2396853,0.0191757,0.0000000,0.0000000,0.0000000,1.2707963,-0.0000000,0.0000000,0.0000000,0.0000000,1.2707963,-0.0000000,1.0000000,1.0000000
0.0000000,0.0158864,0.9690862,0.0000000,0.0000000,0.0000000,1.0000000,0.0018546,-0.0168717,-0.1094918,0.3501593,-0.2406831,0.0169733,0.0020273,-0.0183287,-0.1101655,0.3498367,-0.2396898,0.0184405,0.0000000,0.0000000,0.0000000,1.2707963,-0.0000000,0.0000000,0.0000000,0.0000000,1.2707963,-0.0000000,1.0000000,1.0000000
0.0000000,0.0152365,0.9690975,0.0000000,0.0000000,0.0000000,1.0000000,0.0017755,-0.0161519,-0.1094883,0.3501528,-0.2406788,0.0162492,0.0019477,-0.0176090,-0.1101664,0.3498434,-0.2396941,0.0177164,0.0000000,0.0000000,0.0000000,1.2707963,-0.0000000,0.0000000,0.0000000,0.0000000,1.2707963,-0.0000000,1.0000000,1.0000000
0.0000000,0.0145971,0.9691081,0.0000000,0.0000000,0.0000000,1.0000000,0.0016976,-0.0154438,-0.1094848,0.3501464,-0.2406747,0.0155368,0.0018694,-0.0169009,-0.1101673,0.3498499,-0.2396984,0.0170040,0.0000000,0.0000000,0.0000000,1.2707963,-0.0000000,0.0000000,0.0000000,0.0000000,1.2707963,-0.0000000,1.0000000,1.0000000
0.0000000,0.0139685,0.9691181,0.0000000,0.0000000,0.0000000,1.0000000,0.0016210,-0.0147476,-0.1094815,0.3501401,-0.2406705,0.0148364,0.0017924,-0.0162048,-0.1101683,0.3498564,-0.2397026,0.0163037,0.0000000,0.0000000,0.0000000,1.2707963,-0.0000000,0.0000000,0.0000000,0.0000000,1.2707963,-0.0000000,1.0000000,1.0000000
0.0000000,0.0133511,0.9691275,0.0000000,0.0000000,0.0000000,1.0000000,0.0015458,-0.0140639,-0.1094782,0.3501339,-0.2406665,0.0141486,0.0017168,-0.0155212,-0.1101693,0.3498628,-0.2397068,0.0156159,0.0000000,0.0000000,0.0000000,1.2707963,-0.0000000,0.0000000,0.0000000,0.0000000,1.2707963,-0.0000000,1.0000000,1.0000000
0.0000000,0.0127454,0.9691363,0.0000000,0.0000000,0.0000000,1.0000000,0.0014721,-0.0133931,-0.1094751,0.3501278,-0.2406625,0.0134738,0.0016427,-0.0148505,-0.1101703,0.3498690,-0.2397108,0.0149411,0.0000000,0.0000000,0.0000000,1.2707963,-0.0000000,0.0000000,0.0000000,0.0000000,1.2707963,-0.0000000,1.0000000,1.0000000
0.0000000,0.0121517,0.9691445,0.0000000,0.0000000,0.0000000,1.0000000,0.0013998,-0.0127356,-0.1094721,0.3501219,-0.2406587,0.0128123,0.0015700,-0.0141931,-0.1101714,0.3498751,-0.2397148,0.0142796,0.0000000,0.0000000,0.0000000,1.2707963,-0.0000000,0.0000000,0.0000000,0.0000000,1.2707963,-0.0000000,1.0000000,1.0000000
0.0000000,0.0115703,0.9691522,0.0000000,0.0000000,0.0000000,1.0000000,0.0013290,-0.0120918,-0.1094692,0.3501160,-0.2406548,0.0121646,0.0014988,-0.0135493,-0.1101725,0.3498811,-0.2397187,0.0136319,0.0000000,0.0000000,0.0000000,1.2707963,-0.0000000,0.0000000,0.0000000,0.0000000,1.2707963,-0.0000000,1.0000000,1.0000000
0.0000000,0.0110016,0.9691594,0.0000000,0.0000000,0.0000000,1.0000000,0.0012597,-0.0114620,-0.1094664,0.3501103,-0.2406511,0.0115311,0.0014291,-0.0129196,-0.1101736,0.3498869,-0.2397225,0.0129984,0.0000000,0.0000000,0.0000000,1.2707963,-0.0000000,0.0000000,0.0000000,0.0000000,1.2707963,-0.0000000,1.0000000,1.0000000
0.0000000,0.0104459,0.9691660,0.0000000,0.0000000,0.0000000,1.0000000,0.0011921,-0.0108467,-0.1094637,0.3501048,-0.2406475,0.0109120,0.0013611,-0.0123043,-0.1101747,0.3498926,-0.2397263,0.0123793,0.0000000,0.0000000,0.0000000,1.2707963,-0.0000000,0.0000000,0.0000000,0.0000000,1.2707963,-0.0000000,1.0000000,1.0000000
0.0000000,0.0099035,0.9691722,0.0000000,0.0000000,0.0000000,1.0000000,0.0011260,-0.0102461,-0.1094611,0.3500993,-0.2406439,0.0103077,0.0012947,-0.0117037,-0.1101759,0.3498982,-0.2397299,0.0117751,0.0000000,0.0000000,0.0000000,1.2707963,-0.0000000,0.0000000,0.0000000,0.0000000,1.2707963,-0.0000000,1.0000000,1.0000000
0.0000000,0.0093748,0.9691778,0.0000000,0.0000000,0.0000000,1.0000000,0.0010617,-0.0096605,-0.1094587,0.3500940,-0.2406405,0.0097187,0.0012299,-0.0111182,-0.1101770,0.3499036,-0.2397335,0.0111861,0.0000000,0.0000000,0.0000000,1.2707963,-0.0000000,0.0000000,0.0000000,0.0000000,1.2707963,-0.0000000,1.0000000,1.0000000
0.0000000,0.0088599,0.9691831,0.0000000,0.0000000,0.0000000,1.0000000,0.0009990,-0.0090903,-0.1094563,0.3500889,-0.2406371,0.0091450,0.0011669,-0.0105481,-0.1101782,0.3499089,-0.2397369,0.0106125,0.0000000,0.0000000,0.0000000,1.2707963,-0.0000000,0.0000000,0.0000000,0.0000000,1.2707963,-0.0000000,1.0000000,1.0000000
0.0000000,0.0083591,0.9691879,0.0000000,0.0000000,0.0000000,1.0000000,0.0009380,-0.0085358,-0.1094540,0.3500838,-0.2406338,0.0085872,0.0011055,-0.0099936,-0.1101793,0.3499141,-0.2397403,0.0100546,0.0000000,0.0000000,0.0000000,1.2707963,-0.0000000,0.0000000,0.0000000,0.0000000,1.2707963,-0.0000000,1.0000000,1.0000000
0.0000000,0.0078727,0.9691923,0.0000000,0.0000000,0.0000000,1.0000000,0.0008788,-0.0079972,-0.1094518,0.3500790,-0.2406306,0.0080453,0.0010460,-0.0094550,-0.1101805,0.3499191,-0.2397435,0.0095127,0.0000000,0.0000000,0.0000000,1.2707963,-0.0000000,0.0000000,0.0000000,0.0000000,1.2707963,-0.0000000,1.0000000,1.0000000
0.0000000,0.0074009,0.9691963,0.0000000,0.0000000,0.0000000,1.0000000,0.0008214,-0.0074747,-0.1094497,0.3500742,-0.2406276,0.0075197,0.0009882,-0.0089326,-0.1101816,0.3499239,-0.2397467,0.0089871,0.0000000,0.0000000,0.0000000,1.2707963,-0.0000000,0.0000000,0.0000000,0.0000000,1.2707963,-0.0000000,1.0000000,1.0000000
0.0000000,0.0069438,0.9691999,0.0000000,0.0000000,0.0000000,1.0000000,0.0007657,-0.0069686,-0.1094477,0.3500696,-0.2406246,0.0070105,0.0009322,-0.0084265,-0.1101828,0.3499286,-0.2397498,0.0084780,0.0000000,0.0000000,0.0000000,1.2707963,-0.0000000,0.0000000,0.0000000,0.0000000,1.2707963,-0.0000000,1.0000000,1.0000000
0.0000000,0.0065017,0.9692032,0.0000000,0.0000000,0.0000000,1.0000000,0.0007119,-0.0064790,-0.1094458,0.3500652,-0.2406217,0.0065180,0.0008781,-0.0079370,-0.1101839,0.3499332,-0.2397527,0.0079855,0.0000000,0.0000000,0.0000000,1.2707963,-0.0000000,0.0000000,0.0000000,0.0000000,1.2707963,-0.0000000,1.0000000,1.0000000
0.0000000,0.0060747,0.9692062,0.0000000,0.0000000,0.0000000,1.0000000,0.0006600,-0.0060062,-0.1094440,0.3500609,-0.2406189,0.0060423,0.0008258,-0.0074643,-0.1101850,0.3499376,-0.2397556,0.0075098,0.0000000,0.0000000,0.0000000,1.2707963,-0.0000000,0.0000000,0.0000000,0.0000000,1.2707963,-0.0000000,1.0000000,1.0000000
0.0000000,0.0056630,0.9692089,0.0000000,0.0000000,0.0000000,1.0000000,0.0006099,-0.0055502,-0.1094423,0.3500568,-0.2406162,0.0055836,0.0007754,-0.0070084,-0.1101861,0.3499418,-0.2397584,0.0070511,0.0000000,0.0000000,0.0000000,1.2707963,-0.0000000,0.0000000,0.0000000,0.0000000,1.2707963,-0.0000000,1.0000000,1.0000000
0.0000000,0.0052666,0.9692113,0.0000000,0.0000000,0.0000000,1.0000000,0.0005616,-0.0051113,-0.1094407,0.3500528,-0.2406136,0.0051421,0.0007268,-0.0065695,-0.1101872,0.3499459,-0.2397610,0.0066096,0.0000000,0.0000000,0.0000000,1.2707963,-0.0000000,0.0000000,0.0000000,0.0000000,1.2707963,-0.0000000,1.0000000,1.0000000
0.0000000,0.0048856,0.9692135,0.0000000,0.0000000,0.0000000,1.0000000,0.0005153,-0.0046895,-0.1094391,0.3500490,-0.2406111,0.0047177,0.0006802,-0.0061477,-0.1101883,0.3499498,-0.2397636,0.0061852,0.0000000,0.0000000,0.0000000,1.2707963,-0.0000000,0.0000000,0.0000000,0.0000000,1.2707963,-0.0000000,1.0000000,1.0000000
0.0000000,0.0045202,0.9692154,0.0000000,0.0000000,0.0000000,1.0000000,0.0004708,-0.0042848,-0.1094376,0.3500453,-0.2406087,0.0043106,0.0006354,-0.0057431,-0.1101893,0.3499535,-0.2397660,0.0057781,0.0000000,0.0000000,0.0000000,1.2707963,-0.0000000,0.0000000,0.0000000,0.0000000,1.2707963,-0.0000000,1.0000000,1.0000000
0.0000000,0.0041704,0.9692171,0.0000000,0.0000000,0.0000000,1.0000000,0.0004282,-0.0038974,-0.1094363,0.3500418,-0.2406064,0.0039209,0.0005925,-0.0053557,-0.1101903,0.3499571,-0.2397684,0.0053884,0.0000000,0.0000000,0.0000000,1.2707963,-0.0000000,0.0000000,0.0000000,0.0000000,1.2707963,-0.0000000,1.0000000,1.0000000
0.0000000,0.0038361,0.9692186,0.0000000,0.0000000,0.0000000,1.0000000,0.0003876,-0.0035273,-0.1094349,0.3500385,-0.2406042,0.0035485,0.0005516,-0.0049856,-0.1101913,0.3499606,-0.2397706,0.0050160,0.0000000,0.0000000,0.0000000,1.2707963,-0.0000000,0.0000000,0.0000000,0.0000000,1.2707963,-0.0000000,1.0000000,1.0000000
0.0000000,0.0035174,0.9692199,0.0000000,0.0000000,0.0000000,1.0000000,0.0003488,-0.0031744,-0.1094337,0.3500353,-0.2406021,0.0031935,0.0005126,-0.0046327,-0.1101923,0.3499638,-0.2397728,0.0046610,0.0000000,0.0000000,0.0000000,1.2707963,-0.0000000,0.0000000,0.0000000,0.0000000,1.2707963,-0.0000000,1.0000000,1.0000000
0.0000000,0.0032142,0.9692210,0.0000000,0.0000000,0.0000000,1.0000000,0.0003119,-0.0028387,-0.1094325,0.3500322,-0.2406001,0.0028557,0.0004754,-0.0042971,-0.1101932,0.3499670,-0.2397748,0.0043233,0.0000000,0.0000000,0.0000000,1.2707963,-0.0000000,0.0000000,0.0000000,0.0000000,1.2707963,-0.0000000,1.0000000,1.0000000
0.0000000,0.0029265,0.9692220,0.0000000,0.0000000,0.0000000,1.0000000,0.0002769,-0.0025201,-0.1094314,0.3500294,-0.2405983,0.0025353,0.0004402,-0.0039785,-0.1101941,0.3499699,-0.2397767,0.0040028,0.0000000,0.0000000,0.0000000,1.2707963,-0.0000000,0.0000000,0.0000000,0.0000000,1.2707963,-0.0000000,1.0000000,1.0000000
0.0000000,0.0026543,0.9692229,0.0000000,0.0000000,0.0000000,1.0000000,0.0002438,-0.0022186,-0.1094304,0.3500266,-0.2405965,0.0022320,0.0004068,-0.0036771,-0.1101949,0.3499727,-0.2397785,0.0036995,0.0000000,0.0000000,0.0000000,1.2707963,-0.0000000,0.0000000,0.0000000,0.0000000,1.2707963,-0.0000000,1.0000000,1.0000000
0.0000000,0.0023973,0.9692236,0.0000000,0.0000000,0.0000000,1.0000000,0.0002125,-0.0019341,-0.1094295,0.3500240,-0.2405948,0.0019457,0.0003754,-0.0033926,-0.1101957,0.3499754,-0.2397803,0.0034133,0.0000000,0.0000000,0.0000000,1.2707963,-0.0000000,0.0000000,0.0000000,0.0000000,1.2707963,-0.0000000,1.0000000,1.0000000
0.0000000,0.0021555,0.9692242,0.0000000,0.0000000,0.0000000,1.0000000,0.0001831,-0.0016663,-0.1094286,0.3500216,-0.2405932,0.0016763,0.0003457,-0.0031248,-0.1101965,0.3499778,-0.2397819,0.0031439,0.0000000,0.0000000,0.0000000,1.2707963,-0.0000000,0.0000000,0.0000000,0.0000000,1.2707963,-0.0000000,1.0000000,1.0000000
0.0000000,0.0019286,0.9692247,0.0000000,0.0000000,0.0000000,1.0000000,0.0001555,-0.0014151,-0.1094277,0.3500193,-0.2405917,0.0014237,0.0003180,-0.0028737,-0.1101972,0.3499802,-0.2397834,0.0028912,0.0000000,0.0000000,0.0000000,1.2707963,-0.0000000,0.0000000,0.0000000,0.0000000,1.2707963,-0.0000000,1.0000000,1.0000000
0.0000000,0.0017166,0.9692252,0.0000000,0.0000000,0.0000000,1.0000000,0.0001297,-0.0011804,-0.1094270,0.3500172,-0.2405903,0.0011875,0.0002920,-0.0026389,-0.1101979,0.3499824,-0.2397848,0.0026550,0.0000000,0.0000000,0.0000000,1.2707963,-0.0000000,0.0000000,0.0000000,0.0000000,1.2707963,-0.0000000,1.0000000,1.0000000
0.0000000,0.0015192,0.9692255,0.0000000,0.0000000,0.0000000,1.0000000,0.0001057,-0.0009617,-0.1094262,0.3500152,-0.2405890,0.0009675,0.0002678,-0.0024203,-0.1101985,0.3499844,-0.2397862,0.0024351,0.0000000,0.0000000,0.0000000,1.2707963,-0.0000000,0.0000000,0.0000000,0.0000000,1.2707963,-0.0000000,1.0000000,1.0000000
0.0000000,0.0013360,0.9692258,0.0000000,0.0000000,0.0000000,1.0000000,0.0000834,-0.0007589,-0.1094256,0.3500134,-0.2405878,0.0007635,0.0002454,-0.0022175,-0.1101991,0.3499863,-0.2397874,0.0022311,0.0000000,0.0000000,0.0000000,1.2707963,-0.0000000,0.0000000,0.0000000,0.0000000,1.2707963,-0.0000000,1.0000000,1.0000000
0.0000000,0.0011669,0.9692260,0.0000000,0.0000000,0.0000000,1.0000000,0.0000628,-0.0005717,-0.1094250,0.3500117,-0.2405867,0.0005751,0.0002246,-0.0020303,-0.1101997,0.3499880,-0.2397885,0.0020427,0.0000000,0.0000000,0.0000000,1.2707963,-0.0000000,0.0000000,0.0000000,0.0000000,1.2707963,-0.0000000,1.0000000,1.0000000
0.0000000,0.0010116,0.9692262,0.0000000,0.0000000,0.0000000,1.0000000,0.0000439,-0.0003996,-0.1094244,0.3500101,-0.2405857,0.0004020,0.0002056,-0.0018583,-0.1102002,0.3499896,-0.2397896,0.0018696,0.0000000,0.0000000,0.0000000,1.2707963,-0.0000000,0.0000000,0.0000000,0.0000000,1.2707963,-0.0000000,1.0000000,1.0000000
0.0000000,0.0008696,0.9692264,0.0000000,0.0000000,0.0000000,1.0000000,0.0000266,-0.0002424,-0.1094239,0.3500087,-0.2405848,0.0002439,0.0001882,-0.0017010,-0.1102007,0.3499911,-0.2397905,0.0017114,0.0000000,0.0000000,0.0000000,1.2707963,-0.0000000,0.0000000,0.0000000,0.0000000,1.2707963,-0.0000000,1.0000000,1.0000000
0.0000000,0.0007406,0.9692265,0.0000000,0.0000000,0.0000000,1.0000000,0.0000109,-0.0000995,-0.1094235,0.3500074,-0.2405840,0.0001001,0.0001724,-0.0015582,-0.1102011,0.3499924,-0.2397914,0.0015677,0.0000000,0.0000000,0.0000000,1.2707963,-0.0000000,0.0000000,0.0000000,0.0000000,1.2707963,-0.0000000,1.0000000,1.0000000
0.0000000,0.0006241,0.9692266,0.0000000,0.0000000,0.0000000,1.0000000,-0.0000032,0.0000294,-0.1094231,0.3500063,-0.2405832,-0.0000296,0.0001582,-0.0014293,-0.1102015,0.3499936,-0.2397922,0.0014380,0.0000000,0.0000000,0.0000000,1.2707963,-0.0000000,0.0000000,0.0000000,0.0000000,1.2707963,-0.0000000,1.0000000,1.0000000
0.0000000,0.0005198,0.9692266,0.0000000,0.0000000,0.0000000,1.0000000,-0.0000159,0.0001449,-0.1094227,0.3500052,-0.2405825,-0.0001457,0.0001454,-0.0013138,-0.1102019,0.3499947,-0.2397929,0.0013218,0.0000000,0.0000000,0.0000000,1.2707963,-0.0000000,0.0000000,0.0000000,0.0000000,1.2707963,-0.0000000,1.0000000,1.0000000
0.0000000,0.0004272,0.9692267,0.0000000,0.0000000,0.0000000,1.0000000,-0.0000272,0.0002474,-0.1094224,0.3500043,-0.2405819,-0.0002489,0.0001340,-0.0012113,-0.1102022,0.3499956,-0.2397935,0.0012186,0.0000000,0.0000000,0.0000000,1.2707963,-0.0000000,0.0000000,0.0000000,0.0000000,1.2707963,-0.0000000,1.0000000,1.0000000
0.0000000,0.0003457,0.9692267,0.0000000,0.0000000,0.0000000,1.0000000,-0.0000371,0.0003377,-0.1094221,0.3500035,-0.2405814,-0.0003397,0.0001240,-0.0011210,-0.1102025,0.3499964,-0.2397940,0.0011279,0.0000000,0.0000000,0.0000000,1.2707963,-0.0000000,0.0000000,0.0000000,0.0000000,1.2707963,-0.0000000,1.0000000,1.0000000
0.0000000,0.0002748,0.9692268,0.0000000,0.0000000,0.0000000,1.0000000,-0.0000457,0.0004162,-0.1094219,0.3500028,-0.2405809,-0.0004187,0.0001154,-0.0010425,-0.1102027,0.3499972,-0.2397945,0.0010489,0.0000000,0.0000000,0.0000000,1.2707963,-0.0000000,0.0000000,0.0000000,0.0000000,1.2707963,-0.0000000,1.0000000,1.0000000
0.0000000,0.0002139,0.9692268,0.0000000,0.0000000,0.0000000,1.0000000,-0.0000531,0.0004836,-0.1094217,0.3500021,-0.2405805,-0.0004865,0.0001079,-0.0009751,-0.1102029,0.3499978,-0.2397949,0.0009811,0.0000000,0.0000000,0.0000000,1.2707963,-0.0000000,0.0000000,0.0000000,0.0000000,1.2707963,-0.0000000,1.0000000,1.0000000
0.0000000,0.0001624,0.9692268,0.0000000,0.0000000,0.0000000,1.0000000,-0.0000594,0.0005406,-0.1094215,0.3500016,-0.2405802,-0.0005439,0.0001016,-0.0009181,-0.1102031,0.3499983,-0.2397953,0.0009237,0.0000000,0.0000000,0.0000000,1.2707963,-0.0000000,0.0000000,0.0000000,0.0000000,1.2707963,-0.0000000,1.0000000,1.0000000
0.0000000,0.0001197,0.9692268,0.0000000,0.0000000,0.0000000,1.0000000,-0.0000646,0.0005880,-0.1094213,0.3500012,-0.2405799,-0.0005915,0.0000963,-0.0008707,-0.1102033,0.3499988,-0.2397956,0.0008760,0.0000000,0.0000000,0.0000000,1.2707963,-0.0000000,0.0000000,0.0000000,0.0000000,1.2707963,-0.0000000,1.0000000,1.0000000
0.0000000,0.0000849,0.9692268,0.0000000,0.0000000,0.0000000,1.0000000,-0.0000688,0.0006265,-0.1094212,0.3500009,-0.2405797,-0.0006302,0.0000921,-0.0008323,-0.1102034,0.3499991,-0.2397958,0.0008374,0.0000000,0.0000000,0.0000000,1.2707963,-0.0000000,0.0000000,0.0000000,0.0000000,1.2707963,-0.0000000,1.0000000,1.0000000
0.0000000,0.0000575,0.9692268,0.0000000,0.0000000,0.0000000,1.0000000,-0.0000722,0.0006568,-0.1094211,0.3500006,-0.2405795,-0.0006608,0.0000887,-0.0008019,-0.1102035,0.3499994,-0.2397960,0.0008068,0.0000000,0.0000000,0.0000000,1.2707963,-0.0000000,0.0000000,0.0000000,0.0000000,1.2707963,-0.0000000,1.0000000,1.0000000
0.0000000,0.0000366,0.9692268,0.0000000,0.0000000,0.0000000,1.0000000,-0.0000747,0.0006800,-0.1094211,0.3500004,-0.2405793,-0.0006841,0.0000862,-0.0007787,-0.1102035,0.3499996,-0.2397961,0.0007835,0.0000000,0.0000000,0.0000000,1.2707963,-0.0000000,0.0000000,0.0000000,0.0000000,1.2707963,-0.0000000,1.0000000,1.0000000
0.0000000,0.0000214,0.9692268,0.0000000,0.0000000,0.0000000,1.0000000,-0.0000766,0.0006968,-0.1094210,0.3500002,-0.2405792,-0.0007010,0.0000843,-0.0007619,-0.1102036,0.3499998,-0.2397962,0.0007666,0.0000000,0.0000000,0.0000000,1.2707963,-0.0000000,0.0000000,0.0000000,0.0000000,1.2707963,-0.0000000,1.0000000,1.0000000
0.0000000,0.0000111,0.9692268,0.0000000,0.0000000,0.0000000,1.0000000,-0.0000778,0.0007082,-0.1094210,0.3500001,-0.2405792,-0.0007125,0.0000830,-0.0007505,-0.1102036,0.3499999,-0.2397963,0.0007551,0.0000000,0.0000000,0.0000000,1.2707963,-0.0000000,0.0000000,0.0000000,0.0000000,1.2707963,-0.0000000,1.0000000,1.0000000
0.0000000,0.0000047,0.9692268,0.0000000,0.0000000,0.0000000,1.0000000,-0.0000786,0.0007153,-0.1094209,0.3500000,-0.2405791,-0.0007196,0.0000823,-0.0007435,-0.1102037,0.3500000,-0.2397963,0.0007480,0.0000000,0.0000000,0.0000000,1.2707963,-0.0000000,0.0000000,0.0000000,0.0000000,1.2707963,-0.0000000,1.0000000,1.0000000
0.0000000,0.0000014,0.9692268,0.0000000,0.0000000,0.0000000,1.0000000,-0.0000790,0.0007189,-0.1094209,0.3500000,-0.2405791,-0.0007232,0.0000819,-0.0007398,-0.1102037,0.3500000,-0.2397963,0.0007443,0.0000000,0.0000000,0.0000000,1.2707963,-0.0000000,0.0000000,0.0000000,0.0000000,1.2707963,-0.0000000,1.0000000,1.0000000
0.0000000,0.0000002,0.9692268,0.0000000,0.0000000,0.0000000,1.0000000,-0.0000791,0.0007203,-0.1094209,0.3500000,-0.2405791,-0.0007246,0.0000817,-0.0007385,-0.1102037,0.3500000,-0.2397964,0.0007430,0.0000000,0.0000000,0.0000000,1.2707963,-0.0000000,0.0000000,0.0000000,0.0000000,1.2707963,-0.0000000,1.0000000,1.0000000
0.0000000,0.0000000,0.9692268,0.0000000,0.0000000,0.0000000,1.0000000,-0.0000792,0.0007205,-0.1094209,0.3500000,-0.2405791,-0.0007248,0.0000817,-0.0007383,-0.1102037,0.3500000,-0.2397964,0.0007428,0.0000000,0.0000000,0.0000000,1.2707963,-0.0000000,0.0000000,0.0000000,0.0000000,1.2707963,-0.0000000,1.0000000,1.0000000
0.0000000,-0.0000002,0.9692268,0.0000000,0.0000000,0.0000000,1.0000000,-0.0000792,0.0007207,-0.1094209,0.3500000,-0.2405791,-0.0007250,0.0000817,-0.0007381,-0.1102037,0.3500000,-0.2397964,0.0007426,0.0000000,0.0000000,0.0000000,1.2707963,-0.0000000,0.0000000,0.0000000,0.0000000,1.2707963,-0.0000000,1.0000000,1.0000000
0.0000000,-0.0000014,0.9692268,0.0000000,0.0000000,0.0000000,1.0000000,-0.0000793,0.0007220,-0.1094209,0.3500000,-0.2405791,-0.0007264,0.0000815,-0.0007367,-0.1102037,0.3500000,-0.2397964,0.0007412,0.0000000,0.0000000,0.0000000,1.2707963,-0.0000000,0.0000000,0.0000000,0.0000000,1.2707963,-0.0000000,1.0000000,1.0000000
0.0000000,-0.0000047,0.9692268,0.0000000,0.0000000,0.0000000,1.0000000,-0.0000797,0.0007257,-0.1094209,0.3500000,-0.2405791,-0.0007301,0.0000811,-0.0007330,-0.1102037,0.3500000,-0.2397964,0.0007375,0.0000000,0.0000000,0.0000000,1.2707963,-0.0000000,0.0000000,0.0000000,0.0000000,1.2707963,-0.0000000,1.0000000,1.0000000
0.0000000,-0.0000111,0.9692268,0.0000000,0.0000000,0.0000000,1.0000000,-0.0000805,0.0007327,-0.1094209,0.3499999,-0.2405790,-0.0007371,0.0000803,-0.0007260,-0.1102037,0.3500001,-0.2397964,0.0007304,0.0000000,0.0000000,0.0000000,1.2707963,-0.0000000,0.0000000,0.0000000,0.0000000,1.2707963,-0.0000000,1.0000000,1.0000000
0.0000000,-0.0000214,0.9692268,0.0000000,0.0000000,0.0000000,1.0000000,-0.0000818,0.0007442,-0.1094209,0.3499998,-0.2405790,-0.0007486,0.0000791,-0.0007146,-0.1102037,0.3500002,-0.2397965,0.0007189,0.0000000,0.0000000,0.0000000,1.2707963,-0.0000000,0.0000000,0.0000000,0.0000000,1.2707963,-0.0000000,1.0000000,1.0000000
0.0000000,-0.0000366,0.9692268,0.0000000,0.0000000,0.0000000,1.0000000,-0.0000836,0.0007610,-0.1094208,0.3499996,-0.2405789,-0.0007656,0.0000772,-0.0006978,-0.1102038,0.3500004,-0.2397966,0.0007020,0.0000000,0.0000000,0.0000000,1.2707963,-0.0000000,0.0000000,0.0000000,0.0000000,1.2707963,-0.0000000,1.0000000,1.0000000
0.0000000,-0.0000575,0.9692268,0.0000000,0.0000000,0.0000000,1.0000000,-0.0000861,0.0007841,-0.1094207,0.3499994,-0.2405787,-0.0007888,0.0000746,-0.0006746,-0.1102039,0.3500006,-0.2397967,0.0006787,0.0000000,0.0000000,0.0000000,1.2707963,-0.0000000,0.0000000,0.0000000,0.0000000,1.2707963,-0.0000000,1.0000000,1.0000000
0.0000000,-0.0000849,0.9692268,0.0000000,0.0000000,0.0000000,1.0000000,-0.0000895,0.0008145,-0.1094206,0.3499991,-0.2405785,-0.0008194,0.0000713,-0.0006442,-0.1102040,0.3500009,-0.2397969,0.0006482,0.0000000,0.0000000,0.0000000,1.2707963,-0.0000000,0.0000000,0.0000000,0.0000000,1.2707963,-0.0000000,1.0000000,1.0000000
0.0000000,-0.0001197,0.9692268,0.0000000,0.0000000,0.0000000,1.0000000,-0.0000937,0.0008530,-0.1094205,0.3499988,-0.2405783,-0.0008581,0.0000670,-0.0006058,-0.1102041,0.3500012,-0.2397972,0.0006095,0.0000000,0.0000000,0.0000000,1.2707963,-0.0000000,0.0000000,0.0000000,0.0000000,1.2707963,-0.0000000,1.0000000,1.0000000
0.0000000,-0.0001624,0.9692268,0.0000000,0.0000000,0.0000000,1.0000000,-0.0000989,0.0009003,-0.1094204,0.3499984,-0.2405780,-0.0009057,0.0000618,-0.0005584,-0.1102042,0.3500017,-0.2397974,0.0005618,0.0000000,0.0000000,0.0000000,1.2707963,-0.0000000,0.0000000,0.0000000,0.0000000,1.2707963,-0.0000000,1.0000000,1.0000000
0.0000000,-0.0002139,0.9692268,0.0000000,0.0000000,0.0000000,1.0000000,-0.0001052,0.0009574,-0.1094202,0.3499979,-0.2405777,-0.0009631,0.0000555,-0.0005014,-0.1102044,0.3500022,-0.2397978,0.0005045,0.0000000,0.0000000,0.0000000,1.2707963,-0.0000000,0.0000000,0.0000000,0.0000000,1.2707963,-0.0000000,1.0000000,1.0000000
0.0000000,-0.0002748,0.9692268,0.0000000,0.0000000,0.0000000,1.0000000,-0.0001126,0.0010248,-0.1094200,0.3499972,-0.2405773,-0.0010309,0.0000480,-0.0004340,-0.1102046,0.3500028,-0.2397982,0.0004366,0.0000000,0.0000000,0.0000000,1.2707963,-0.0000000,0.0000000,0.0000000,0.0000000,1.2707963,-0.0000000,1.0000000,1.0000000
0.0000000,-0.0003457,0.9692267,0.0000000,0.0000000,0.0000000,1.0000000,-0.0001212,0.0011033,-0.1094198,0.3499965,-0.2405768,-0.0011099,0.0000393,-0.0003555,-0.1102049,0.3500036,-0.2397987,0.0003577,0.0000000,0.0000000,0.0000000,1.2707963,-0.0000000,0.0000000,0.0000000,0.0000000,1.2707963,-0.0000000,1.0000000,1.0000000
0.0000000,-0.0004272,0.9692267,0.0000000,0.0000000,0.0000000,1.0000000,-0.0001311,0.0011935,-0.1094195,0.3499957,-0.2405763,-0.0012007,0.0000294,-0.0002653,-0.1102052,0.3500044,-0.2397992,0.0002669,0.0000000,0.0000000,0.0000000,1.2707963,-0.0000000,0.0000000,0.0000000,0.0000000,1.2707963,-0.0000000,1.0000000,1.0000000
0.0000000,-0.0005198,0.9692266,0.0000000,0.0000000,0.0000000,1.0000000,-0.0001424,0.0012961,-0.1094192,0.3499948,-0.2405757,-0.0013039,0.0000180,-0.0001627,-0.1102055,0.3500053,-0.2397998,0.0001637,0.0000000,0.0000000,0.0000000,1.2707963,-0.0000000,0.0000000,0.0000000,0.0000000,1.2707963,-0.0000000,1.0000000,1.0000000
0.0000000,-0.0006241,0.9692266,0.0000000,0.0000000,0.0000000,1.0000000,-0.0001551,0.0014116,-0.1094188,0.3499937,-0.2405750,-0.0014201,0.0000052,-0.0000472,-0.1102059,0.3500064,-0.2398005,0.0000475,0.0000000,0.0000000,0.0000000,1.2707963,-0.0000000,0.0000000,0.0000000,0.0000000,1.2707963,-0.0000000,1.0000000,1.0000000
0.0000000,-0.0007406,0.9692265,0.0000000,0.0000000,0.0000000,1.0000000,-0.0001692,0.0015405,-0.1094184,0.3499926,-0.2405743,-0.0015498,-0.0000090,0.0000817,-0.1102063,0.3500076,-0.2398013,-0.0000822,0.0000000,0.0000000,0.0000000,1.2707963,-0.0000000,0.0000000,0.0000000,0.0000000,1.2707963,-0.0000000,1.0000000,1.0000000
0.0000000,-0.0008696,0.9692264,0.0000000,0.0000000,0.0000000,1.0000000,-0.0001849,0.0016834,-0.1094180,0.3499913,-0.2405734,-0.0016935,-0.0000248,0.0002245,-0.1102068,0.3500089,-0.2398022,-0.0002259,0.0000000,0.0000000,0.0000000,1.2707963,-0.0000000,0.0000000,0.0000000,0.0000000,1.2707963,-0.0000000,1.0000000,1.0000000
0.0000000,-0.0010116,0.9692262,0.0000000,0.0000000,0.0000000,1.0000000,-0.0002022,0.0018406,-0.1094176,0.3499899,-0.2405725,-0.0018517,-0.0000422,0.0003818,-0.1102073,0.3500104,-0.2398031,-0.0003841,0.0000000,0.0000000,0.0000000,1.2707963,-0.0000000,0.0000000,0.0000000,0.0000000,1.2707963,-0.0000000,1.0000000,1.0000000
0.0000000,-0.0011669,0.9692260,0.0000000,0.0000000,0.0000000,1.0000000,-0.0002211,0.0020126,-0.1094171,0.3499883,-0.2405715,-0.0020248,-0.0000613,0.0005538,-0.1102078,0.3500120,-0.2398042,-0.0005572,0.0000000,0.0000000,0.0000000,1.2707963,-0.0000000,0.0000000,0.0000000,0.0000000,1.2707963,-0.0000000,1.0000000,1.0000000
0.0000000,-0.0013360,0.9692258,0.0000000,0.0000000,0.0000000,1.0000000,-0.0002417,0.0021999,-0.1094165,0.3499866,-0.2405704,-0.0022131,-0.0000820,0.0007410,-0.1102084,0.3500137,-0.2398053,-0.0007455,0.0000000,0.0000000,0.0000000,1.2707963,-0.0000000,0.0000000,0.0000000,0.0000000,1.2707963,-0.0000000,1.0000000,1.0000000
0.0000000,-0.0015192,0.9692255,0.0000000,0.0000000,0.0000000,1.0000000,-0.0002639,0.0024027,-0.1094159,0.3499848,-0.2405692,-0.0024171,-0.0001044,0.0009438,-0.1102091,0.3500156,-0.2398065,-0.0009495,0.0000000,0.0000000,0.0000000,1.2707963,-0.0000000,0.0000000,0.0000000,0.0000000,1.2707963,-0.0000000,1.0000000,1.0000000
0.0000000,-0.0017166,0.9692252,0.0000000,0.0000000,0.0000000,1.0000000,-0.0002880,0.0026213,-0.1094153,0.3499828,-0.2405679,-0.0026371,-0.0001286,0.0011624,-0.1102098,0.3500176,-0.2398079,-0.0011695,0.0000000,0.0000000,0.0000000,1.2707963,-0.0000000,0.0000000,0.0000000,0.0000000,1.2707963,-0.0000000,1.0000000,1.0000000
0.0000000,-0.0019286,0.9692247,0.0000000,0.0000000,0.0000000,1.0000000,-0.0003138,0.0028561,-0.1094146,0.3499807,-0.2405665,-0.0028733,-0.0001546,0.0013972,-0.1102106,0.3500198,-0.2398093,-0.0014057,0.0000000,0.0000000,0.0000000,1.2707963,-0.0000000,0.0000000,0.0000000,0.0000000,1.2707963,-0.0000000,1.0000000,1.0000000
0.0000000,-0.0021555,0.9692242,0.0000000,0.0000000,0.0000000,1.0000000,-0.0003413,0.0031073,-0.1094139,0.3499784,-0.2405650,-0.0031260,-0.0001824,0.0016483,-0.1102115,0.3500222,-0.2398108,-0.0016584,0.0000000,0.0000000,0.0000000,1.2707963,-0.0000000,0.0000000,0.0000000,0.0000000,1.2707963,-0.0000000,1.0000000,1.0000000
0.0000000,-0.0023973,0.9692236,0.0000000,0.0000000,0.0000000,1.0000000,-0.0003708,0.0033750,-0.1094132,0.3499760,-0.2405634,-0.0033953,-0.0002120,0.0019160,-0.1102124,0.3500246,-0.2398124,-0.0019277,0.0000000,0.0000000,0.0000000,1.2707963,-0.0000000,0.0000000,0.0000000,0.0000000,1.2707963,-0.0000000,1.0000000,1.0000000
0.0000000,-0.0026543,0.9692229,0.0000000,0.0000000,0.0000000,1.0000000,-0.0004020,0.0036596,-0.1094124,0.3499734,-0.2405617,-0.0036816,-0.0002435,0.0022006,-0.1102134,0.3500273,-0.2398142,-0.0022140,0.0000000,0.0000000,0.0000000,1.2707963,-0.0000000,0.0000000,0.0000000,0.0000000,1.2707963,-0.0000000,1.0000000,1.0000000
0.0000000,-0.0029265,0.9692220,0.0000000,0.0000000,0.0000000,1.0000000,-0.0004351,0.0039611,-0.1094116,0.3499706,-0.2405599,-0.0039849,-0.0002769,0.0025020,-0.1102144,0.3500301,-0.2398160,-0.0025173,0.0000000,0.0000000,0.0000000,1.2707963,-0.0000000,0.0000000,0.0000000,0.0000000,1.2707963,-0.0000000,1.0000000,1.0000000
0.0000000,-0.0032142,0.9692210,0.0000000,0.0000000,0.0000000,1.0000000,-0.0004701,0.0042796,-0.1094107,0.3499678,-0.2405581,-0.0043054,-0.0003121,0.0028205,-0.1102156,0.3500330,-0.2398179,-0.0028378,0.0000000,0.0000000,0.0000000,1.2707963,-0.0000000,0.0000000,0.0000000,0.0000000,1.2707963,-0.0000000,1.0000000,1.0000000
0.0000000,-0.0035174,0.9692199,0.0000000,0.0000000,0.0000000,1.0000000,-0.0005070,0.0046153,-0.1094098,0.3499647,-0.2405561,-0.0046431,-0.0003493,0.0031562,-0.1102167,0.3500362,-0.2398200,-0.0031755,0.0000000,0.0000000,0.0000000,1.2707963,-0.0000000,0.0000000,0.0000000,0.0000000,1.2707963,-0.0000000,1.0000000,1.0000000
0.0000000,-0.0038361,0.9692186,0.0000000,0.0000000,0.0000000,1.0000000,-0.0005457,0.0049682,-0.1094089,0.3499615,-0.2405540,-0.0049981,-0.0003883,0.0035091,-0.1102180,0.3500394,-0.2398221,-0.0035305,0.0000000,0.0000000,0.0000000,1.2707963,-0.0000000,0.0000000,0.0000000,0.0000000,1.2707963,-0.0000000,1.0000000,1.0000000
0.0000000,-0.0041704,0.9692171,0.0000000,0.0000000,0.0000000,1.0000000,-0.0005864,0.0053384,-0.1094079,0.3499582,-0.2405518,-0.0053705,-0.0004293,0.0038792,-0.1102194,0.3500429,-0.2398243,-0.0039029,0.0000000,0.0000000,0.0000000,1.2707963,-0.0000000,0.0000000,0.0000000,0.0000000,1.2707963,-0.0000000,1.0000000,1.0000000
0.0000000,-0.0045202,0.9692154,0.0000000,0.0000000,0.0000000,1.0000000,-0.0006290,0.0057258,-0.1094070,0.3499547,-0.2405495,-0.0057602,-0.0004722,0.0042666,-0.1102208,0.3500465,-0.2398267,-0.0042926,0.0000000,0.0000000,0.0000000,1.2707963,-0.0000000,0.0000000,0.0000000,0.0000000,1.2707963,-0.0000000,1.0000000,1.0000000
0.0000000,-0.0048856,0.9692135,0.0000000,0.0000000,0.0000000,1.0000000,-0.0006734,0.0061304,-0.1094059,0.3499510,-0.2405471,-0.0061673,-0.0005170,0.0046712,-0.1102223,0.3500502,-0.2398291,-0.0046997,0.0000000,0.0000000,0.0000000,1.2707963,-0.0000000,0.0000000,0.0000000,0.0000000,1.2707963,-0.0000000,1.0000000,1.0000000
0.0000000,-0.0052666,0.9692113,0.0000000,0.0000000,0.0000000,1.0000000,-0.0007197,0.0065523,-0.1094049,0.3499472,-0.2405446,-0.0065917,-0.0005636,0.0050930,-0.1102239,0.3500541,-0.2398317,-0.0051241,0.0000000,0.0000000,0.0000000,1.2707963,-0.0000000,0.0000000,0.0000000,0.0000000,1.2707963,-0.0000000,1.0000000,1.0000000
0.0000000,-0.0056630,0.9692089,0.0000000,0.0000000,0.0000000,1.0000000,-0.0007679,0.0069912,-0.1094039,0.3499432,-0.2405420,-0.0070332,-0.0006122,0.0055319,-0.1102255,0.3500582,-0.2398343,-0.0055656,0.0000000,0.0000000,0.0000000,1.2707963,-0.0000000,0.0000000,0.0000000,0.0000000,1.2707963,-0.0000000,1.0000000,1.0000000
0.0000000,-0.0060747,0.9692062,0.0000000,0.0000000,0.0000000,1.0000000,-0.0008180,0.0074471,-0.1094028,0.3499391,-0.2405393,-0.0074919,-0.0006627,0.0059878,-0.1102273,0.3500624,-0.2398371,-0.0060243,0.0000000,0.0000000,0.0000000,1.2707963,-0.0000000,0.0000000,0.0000000,0.0000000,1.2707963,-0.0000000,1.0000000,1.0000000
0.0000000,-0.0065017,0.9692032,0.0000000,0.0000000,0.0000000,1.0000000,-0.0008699,0.0079200,-0.1094017,0.3499348,-0.2405365,-0.0079676,-0.0007150,0.0064605,-0.1102292,0.3500668,-0.2398400,-0.0065000,0.0000000,0.0000000,0.0000000,1.2707963,-0.0000000,0.0000000,0.0000000,0.0000000,1.2707963,-0.0000000,1.0000000,1.0000000
0.0000000,-0.0069438,0.9691999,0.0000000,0.0000000,0.0000000,1.0000000,-0.0009237,0.0084095,-0.1094006,0.3499303,-0.2405336,-0.0084601,-0.0007692,0.0069500,-0.1102311,0.3500714,-0.2398429,-0.0069925,0.0000000,0.0000000,0.0000000,1.2707963,-0.0000000,0.0000000,0.0000000,0.0000000,1.2707963,-0.0000000,1.0000000,1.0000000
0.0000000,-0.0074009,0.9691963,0.0000000,0.0000000,0.0000000,1.0000000,-0.0009793,0.0089156,-0.1093995,0.3499258,-0.2405306,-0.0089692,-0.0008252,0.0074561,-0.1102331,0.3500761,-0.2398460,-0.0075016,0.0000000,0.0000000,0.0000000,1.2707963,-0.0000000,0.0000000,0.0000000,0.0000000,1.2707963,-0.0000000,1.0000000,1.0000000
0.0000000,-0.0078727,0.9691923,0.0000000,0.0000000,0.0000000,1.0000000,-0.0010366,0.0094381,-0.1093984,0.3499210,-0.2405275,-0.0094949,-0.0008831,0.0079785,-0.1102353,0.3500809,-0.2398492,-0.0080273,0.0000000,0.0000000,0.0000000,1.2707963,-0.0000000,0.0000000,0.0000000,0.0000000,1.2707963,-0.0000000,1.0000000,1.0000000
0.0000000,-0.0083591,0.9691879,0.0000000,0.0000000,0.0000000,1.0000000,-0.0010958,0.0099767,-0.1093973,0.3499161,-0.2405244,-0.0100367,-0.0009427,0.0085171,-0.1102375,0.3500859,-0.2398524,-0.0085691,0.0000000,0.0000000,0.0000000,1.2707963,-0.0000000,0.0000000,0.0000000,0.0000000,1.2707963,-0.0000000,1.0000000,1.0000000
0.0000000,-0.0088599,0.9691831,0.0000000,0.0000000,0.0000000,1.0000000,-0.0011567,0.0105313,-0.1093961,0.3499111,-0.2405211,-0.0105946,-0.0010041,0.0090716,-0.1102398,0.3500911,-0.2398558,-0.0091270,0.0000000,0.0000000,0.0000000,1.2707963,-0.0000000,0.0000000,0.0000000,0.0000000,1.2707963,-0.0000000,1.0000000,1.0000000
0.0000000,-0.0093748,0.9691778,0.0000000,0.0000000,0.0000000,1.0000000,-0.0012193,0.0111015,-0.1093950,0.3499060,-0.2405177,-0.0111682,-0.0010672,0.0096417,-0.1102422,0.3500963,-0.2398592,-0.0097006,0.0000000,0.0000000,0.0000000,1.2707963,-0.0000000,0.0000000,0.0000000,0.0000000,1.2707963,-0.0000000,1.0000000,1.0000000
0.0000000,-0.0099035,0.9691722,0.0000000,0.0000000,0.0000000,1.0000000,-0.0012836,0.0116870,-0.1093939,0.3499007,-0.2405142,-0.0117573,-0.0011321,0.0102272,-0.1102448,0.3501018,-0.2398628,-0.0102897,0.0000000,0.0000000,0.0000000,1.2707963,-0.0000000,0.0000000,0.0000000,0.0000000,1.2707963,-0.0000000,1.0000000,1.0000000
0.0000000,-0.0104459,0.9691660,0.0000000,0.0000000,0.0000000,1.0000000,-0.0013495,0.0122876,-0.1093928,0.3498952,-0.2405107,-0.0123615,-0.0011986,0.0108278,-0.1102474,0.3501074,-0.2398664,-0.0108939,0.0000000,0.0000000,0.0000000,1.2707963,-0.0000000,0.0000000,0.0000000,0.0000000,1.2707963,-0.0000000,1.0000000,1.0000000
0.0000000,-0.0110016,0.9691594,0.0000000,0.0000000,0.0000000,1.0000000,-0.0014171,0.0129030,-0.1093917,0.3498896,-0.2405071,-0.0129806,-0.0012667,0.0114431,-0.1102502,0.3501131,-0.2398702,-0.0115130,0.0000000,0.0000000,0.0000000,1.2707963,-0.0000000,0.0000000,0.0000000,0.0000000,1.2707963,-0.0000000,1.0000000,1.0000000
0.0000000,-0.0115703,0.9691522,0.0000000,0.0000000,0.0000000,1.0000000,-0.0014862,0.0135328,-0.1093907,0.3498839,-0.2405033,-0.0136141,-0.0013364,0.0120728,-0.1102530,0.3501189,-0.2398740,-0.0121465,0.0000000,0.0000000,0.0000000,1.2707963,-0.0000000,0.0000000,0.0000000,0.0000000,1.2707963,-0.0000000,1.0000000,1.0000000
0.0000000,-0.0121517,0.9691445,0.0000000,0.0000000,0.0000000,1.0000000,-0.0015569,0.0141766,-0.1093896,0.3498781,-0.2404995,-0.0142618,-0.0014077,0.0127166,-0.1102560,0.3501249,-0.2398779,-0.0127942,0.0000000,0.0000000,0.0000000,1.2707963,-0.0000000,0.0000000,0.0000000,0.0000000,1.2707963,-0.0000000,1.0000000,1.0000000
0.0000000,-0.0127454,0.9691363,0.0000000,0.0000000,0.0000000,1.0000000,-0.0016291,0.0148341,-0.1093886,0.3498721,-0.2404956,-0.0149233,-0.0014806,0.0133740,-0.1102590,0.3501310,-0.2398819,-0.0134557,0.0000000,0.0000000,0.0000000,1.2707963,-0.0000000,0.0000000,0.0000000,0.0000000,1.2707963,-0.0000000,1.0000000,1.0000000
0.0000000,-0.0133511,0.9691275,0.0000000,0.0000000,0.0000000,1.0000000,-0.0017028,0.0155049,-0.1093876,0.3498661,-0.2404917,-0.0155981,-0.0015549,0.0140447,-0.1102622,0.3501372,-0.2398859,-0.0141305,0.0000000,0.0000000,0.0000000,1.2707963,-0.0000000,0.0000000,0.0000000,0.0000000,1.2707963,-0.0000000,1.0000000,1.0000000
0.0000000,-0.0139685,0.9691181,0.0000000,0.0000000,0.0000000,1.0000000,-0.0017778,0.0161886,-0.1093866,0.3498599,-0.2404876,-0.0162859,-0.0016306,0.0147283,-0.1102655,0.3501436,-0.2398901,-0.0148183,0.0000000,0.0000000,0.0000000,1.2707963,-0.0000000,0.0000000,0.0000000,0.0000000,1.2707963,-0.0000000,1.0000000,1.0000000
0.0000000,-0.0145971,0.9691081,0.0000000,0.0000000,0.0000000,1.0000000,-0.0018543,0.0168847,-0.1093857,0.3498536,-0.2404835,-0.0169862,-0.0017077,0.0154244,-0.1102689,0.3501500,-0.2398943,-0.0155187,0.0000000,0.0000000,0.0000000,1.2707963,-0.0000000,0.0000000,0.0000000,0.0000000,1.2707963,-0.0000000,1.0000000,1.0000000
0.0000000,-0.0152365,0.9690975,0.0000000,0.0000000,0.0000000,1.0000000,-0.0019320,0.0175929,-0.1093848,0.3498471,-0.2404793,-0.0176986,-0.0017861,0.0161325,-0.1102724,0.3501566,-0.2398986,-0.0162311,0.0000000,0.0000000,0.0000000,1.2707963,-0.0000000,0.0000000,0.0000000,0.0000000,1.2707963,-0.0000000,1.0000000,1.0000000
0.0000000,-0.0158864,0.9690862,0.0000000,0.0000000,0.0000000,1.0000000,-0.0020110,0.0183126,-0.1093840,0.3498406,-0.2404751,-0.0184227,-0.0018659,0.0168522,-0.1102761,0.3501633,-0.2399029,-0.0169552,0.0000000,0.0000000,0.0000000,1.2707963,-0.0000000,0.0000000,0.0000000,0.0000000,1.2707963,-0.0000000,1.0000000,1.0000000
0.0000000,-0.0165463,0.9690743,0.0000000,0.0000000,0.0000000,1.0000000,-0.0020913,0.0190435,-0.1093832,0.3498340,-0.2404707,-0.0191579,-0.0019468,0.0175830,-0.1102798,0.3501700,-0.2399074,-0.0176904,0.0000000,0.0000000,0.0000000,1.2707963,-0.0000000,0.0000000,0.0000000,0.0000000,1.2707963,-0.0000000,1.0000000,1.0000000
0.0000000,-0.0172159,0.9690617,0.0000000,0.0000000,0.0000000,1.0000000,-0.0021727,0.0197850,-0.1093824,0.3498273,-0.2404663,-0.0199039,-0.0020290,0.0183244,-0.1102837,0.3501769,-0.2399118,-0.0184364,0.0000000,0.0000000,0.0000000,1.2707963,-0.0000000,0.0000000,0.0000000,0.0000000,1.2707963,-0.0000000,1.0000000,1.0000000
0.0000000,-0.0178945,0.9690484,0.0000000,0.0000000,0.0000000,1.0000000,-0.0022552,0.0205366,-0.1093817,0.3498205,-0.2404619,-0.0206600,-0.0021123,0.0190760,-0.1102876,0.3501839,-0.2399164,-0.0191926,0.0000000,0.0000000,0.0000000,1.2707963,-0.0000000,0.0000000,0.0000000,0.0000000,1.2707963,-0.0000000,1.0000000,1.0000000
0.0000000,-0.0185819,0.9690345,0.0000000,0.0000000,0.0000000,1.0000000,-0.0023387,0.0212979,-0.1093811,0.3498136,-0.2404574,-0.0214259,-0.0021966,0.0198372,-0.1102917,0.3501910,-0.2399210,-0.0199584,0.0000000,0.0000000,0.0000000,1.2707963,-0.0000000,0.0000000,0.0000000,0.0000000,1.2707963,-0.0000000,1.0000000,1.0000000
0.0000000,-0.0192775,0.9690198,0.0000000,0.0000000,0.0000000,1.0000000,-0.0024233,0.0220683,-0.1093805,0.3498066,-0.2404528,-0.0222010,-0.0022820,0.0206076,-0.1102959,0.3501981,-0.2399257,-0.0207335,0.0000000,0.0000000,0.0000000,1.2707963,-0.0000000,0.0000000,0.0000000,0.0000000,1.2707963,-0.0000000,1.0000000,1.0000000
0.0000000,-0.0199809,0.9690044,0.0000000,0.0000000,0.0000000,1.0000000,-0.0025088,0.0228474,-0.1093800,0.3497995,-0.2404482,-0.0229847,-0.0023684,0.0213866,-0.1103003,0.3502053,-0.2399304,-0.0215173,0.0000000,0.0000000,0.0000000,1.2707963,-0.0000000,0.0000000,0.0000000,0.0000000,1.2707963,-0.0000000,1.0000000,1.0000000
0.0000000,-0.0206916,0.9689883,0.0000000,0.0000000,0.0000000,1.0000000,-0.0025952,0.0236346,-0.1093795,0.3497924,-0.2404436,-0.0237766,-0.0024556,0.0221736,-0.1103047,0.3502126,-0.2399352,-0.0223092,0.0000000,0.0000000,0.0000000,1.2707963,-0.0000000,0.0000000,0.0000000,0.0000000,1.2707963,-0.0000000,1.0000000,1.0000000
0.0000000,-0.0214091,0.9689715,0.0000000,0.0000000,0.0000000,1.0000000,-0.0026825,0.0244293,-0.1093791,0.3497852,-0.2404389,-0.0245761,-0.0025437,0.0229683,-0.1103092,0.3502200,-0.2399400,-0.0231087,0.0000000,0.0000000,0.0000000,1.2707963,-0.0000000,0.0000000,0.0000000,0.0000000,1.2707963,-0.0000000,1.0000000,1.0000000
0.0000000,-0.0221329,0.9689539,0.0000000,0.0000000,0.0000000,1.0000000,-0.0027705,0.0252310,-0.1093788,0.3497779,-0.2404341,-0.0253826,-0.0026326,0.0237699,-0.1103139,0.3502274,-0.2399448,-0.0239152,0.0000000,0.0000000,0.0000000,1.2707963,-0.0000000,0.0000000,0.0000000,0.0000000,1.2707963,-0.0000000,1.0000000,1.0000000
0.0000000,-0.0228625,0.9689356,0.0000000,0.0000000,0.0000000,1.0000000,-0.0028592,0.0260391,-0.1093785,0.3497706,-0.2404293,-0.0261956,-0.0027222,0.0245780,-0.1103187,0.3502349,-0.2399497,-0.0247282,0.0000000,0.0000000,0.0000000,1.2707963,-0.0000000,0.0000000,0.0000000,0.0000000,1.2707963,-0.0000000,1.0000000,1.0000000
0.0000000,-0.0235974,0.9689166,0.0000000,0.0000000,0.0000000,1.0000000,-0.0029486,0.0268532,-0.1093783,0.3497632,-0.2404245,-0.0270145,-0.0028124,0.0253920,-0.1103236,0.3502425,-0.2399546,-0.0255472,0.0000000,0.0000000,0.0000000,1.2707963,-0.0000000,0.0000000,0.0000000,0.0000000,1.2707963,-0.0000000,1.0000000,1.0000000
0.0000000,-0.0243372,0.9688968,0.0000000,0.0000000,0.0000000,1.0000000,-0.0030385,0.0276726,-0.1093782,0.3497558,-0.2404197,-0.0278388,-0.0029033,0.0262113,-0.1103285,0.3502501,-0.2399596,-0.0263715,0.0000000,0.0000000,0.0000000,1.2707963,-0.0000000,0.0000000,0.0000000,0.0000000,1.2707963,-0.0000000,1.0000000,1.0000000
0.0000000,-0.0250811,0.9688763,0.0000000,0.0000000,0.0000000,1.0000000,-0.0031290,0.0284967,-0.1093781,0.3497483,-0.2404148,-0.0286679,-0.0029947,0.0270353,-0.1103336,0.3502577,-0.2399646,-0.0272006,0.0000000,0.0000000,0.0000000,1.2707963,-0.0000000,0.0000000,0.0000000,0.0000000,1.2707963,-0.0000000,1.0000000,1.0000000
0.0000000,-0.0258288,0.9688551,0.0000000,0.0000000,0.0000000,1.0000000,-0.0032199,0.0293250,-0.1093781,0.3497408,-0.2404099,-0.0295012,-0.0030866,0.0278635,-0.1103388,0.3502654,-0.2399696,-0.0280339,0.0000000,0.0000000,0.0000000,1.2707963,-0.0000000,0.0000000,0.0000000,0.0000000,1.2707963,-0.0000000,1.0000000,1.0000000
0.0000000,-0.0265798,0.9688332,0.0000000,0.0000000,0.0000000,1.0000000,-0.0033112,0.0301568,-0.1093782,0.3497333,-0.2404050,-0.0303380,-0.0031788,0.0286953,-0.1103441,0.3502731,-0.2399746,-0.0288708,0.0000000,0.0000000,0.0000000,1.2707963,-0.0000000,0.0000000,0.0000000,0.0000000,1.2707963,-0.0000000,1.0000000,1.0000000
0.0000000,-0.0273334,0.9688106,0.0000000,0.0000000,0.0000000,1.0000000,-0.0034028,0.0309917,-0.1093784,0.3497257,-0.2404000,-0.0311779,-0.0032714,0.0295301,-0.1103495,0.3502809,-0.2399797,-0.0297107,0.0000000,0.0000000,0.0000000,1.2707963,-0.0000000,0.0000000,0.0000000,0.0000000,1.2707963,-0.0000000,1.0000000,1.0000000
0.0000000,-0.0280892,0.9687872,0.0000000,0.0000000,0.0000000,1.0000000,-0.0034948,0.0318290,-0.1093787,0.3497181,-0.2403951,-0.0320202,-0.0033643,0.0303673,-0.1103550,0.3502886,-0.2399848,-0.0305530,0.0000000,0.0000000,0.0000000,1.2707963,-0.0000000,0.0000000,0.0000000,0.0000000,1.2707963,-0.0000000,1.0000000,1.0000000
0.0000000,-0.0288466,0.9687632,0.0000000,0.0000000,0.0000000,1.0000000,-0.0035869,0.0326681,-0.1093790,0.3497105,-0.2403901,-0.0328643,-0.0034574,0.0312063,-0.1103605,0.3502964,-0.2399898,-0.0313972,0.0000000,0.0000000,0.0000000,1.2707963,-0.0000000,0.0000000,0.0000000,0.0000000,1.2707963,-0.0000000,1.0000000,1.0000000
0.0000000,-0.0296050,0.9687385,0.0000000,0.0000000,0.0000000,1.0000000,-0.0036791,0.0335084,-0.1093794,0.3497029,-0.2403852,-0.0337097,-0.0035507,0.0320465,-0.1103662,0.3503042,-0.2399949,-0.0322426,0.0000000,0.0000000,0.0000000,1.2707963,-0.0000000,0.0000000,0.0000000,0.0000000,1.2707963,-0.0000000,1.0000000,1.0000000
0.0000000,-0.0303641,0.9687131,0.0000000,0.0000000,0.0000000,1.0000000,-0.0037714,0.0343493,-0.1093799,0.3496953,-0.2403802,-0.0345556,-0.0036440,0.0328874,-0.1103719,0.3503120,-0.2400000,-0.0330886,0.0000000,0.0000000,0.0000000,1.2707963,-0.0000000,0.0000000,0.0000000,0.0000000,1.2707963,-0.0000000,1.0000000,1.0000000
0.0000000,-0.0311231,0.9686871,0.0000000,0.0000000,0.0000000,1.0000000,-0.0038637,0.0351902,-0.1093805,0.3496877,-0.2403752,-0.0354016,-0.0037373,0.0337282,-0.1103777,0.3503198,-0.2400051,-0.0339346,0.0000000,0.0000000,0.0000000,1.2707963,-0.0000000,0.0000000,0.0000000,0.0000000,1.2707963,-0.0000000,1.0000000,1.0000000
0.0000000,-0.0318815,0.9686605,0.0000000,0.0000000,0.0000000,1.0000000,-0.0039560,0.0360306,-0.1093811,0.3496800,-0.2403702,-0.0362471,-0.0038306,0.0345685,-0.1103836,0.3503276,-0.2400102,-0.0347800,0.0000000,0.0000000,0.0000000,1.2707963,-0.0000000,0.0000000,0.0000000,0.0000000,1.2707963,-0.0000000,1.0000000,1.0000000
0.0000000,-0.0326389,0.9686332,0.0000000,0.0000000,0.0000000,1.0000000,-0.0040481,0.0368698,-0.1093818,0.3496724,-0.2403653,-0.0370913,-0.0039238,0.0354077,-0.1103896,0.3503354,-0.2400153,-0.0356243,0.0000000,0.0000000,0.0000000,1.2707963,-0.0000000,0.0000000,0.0000000,0.0000000,1.2707963,-0.0000000,1.0000000,1.0000000
0.0000000,-0.0333947,0.9686054,0.0000000,0.0000000,0.0000000,1.0000000,-0.0041400,0.0377073,-0.1093826,0.3496649,-0.2403603,-0.0379338,-0.0040167,0.0362450,-0.1103956,0.3503431,-0.2400203,-0.0364668,0.0000000,0.0000000,0.0000000,1.2707963,-0.0000000,0.0000000,0.0000000,0.0000000,1.2707963,-0.0000000,1.0000000,1.0000000
0.0000000,-0.0341483,0.9685771,0.0000000,0.0000000,0.0000000,1.0000000,-0.0042317,0.0385423,-0.1093835,0.3496573,-0.2403554,-0.0387738,-0.0041094,0.0370800,-0.1104017,0.3503509,-0.2400254,-0.0373069,0.0000000,0.0000000,0.0000000,1.2707963,-0.0000000,0.0000000,0.0000000,0.0000000,1.2707963,-0.0000000,1.0000000,1.0000000
0.0000000,-0.0348993,0.9685482,0.0000000,0.0000000,0.0000000,1.0000000,-0.0043231,0.0393745,-0.1093844,0.3496497,-0.2403504,-0.0396110,-0.0042018,0.0379121,-0.1104078,0.3503586,-0.2400304,-0.0381441,0.0000000,0.0000000,0.0000000,1.2707963,-0.0000000,0.0000000,0.0000000,0.0000000,1.2707963,-0.0000000,1.0000000,1.0000000
0.0000000,-0.0356470,0.9685187,0.0000000,0.0000000,0.0000000,1.0000000,-0.0044140,0.0402031,-0.1093854,0.3496422,-0.2403455,-0.0404445,-0.0042939,0.0387406,-0.1104140,0.3503663,-0.2400354,-0.0389777,0.0000000,0.0000000,0.0000000,1.2707963,-0.0000000,0.0000000,0.0000000,0.0000000,1.2707963,-0.0000000,1.0000000,1.0000000
0.0000000,-0.0363910,0.9684889,0.0000000,0.0000000,0.0000000,1.0000000,-0.0045046,0.0410275,-0.1093865,0.3496348,-0.2403407,-0.0412739,-0.0043854,0.0395650,-0.1104202,0.3503739,-0.2400404,-0.0398072,0.0000000,0.0000000,0.0000000,1.2707963,-0.0000000,0.0000000,0.0000000,0.0000000,1.2707963,-0.0000000,1.0000000,1.0000000
0.0000000,-0.0371307,0.9684586,0.0000000,0.0000000,0.0000000,1.0000000,-0.0045946,0.0418473,-0.1093877,0.3496273,-0.2403358,-0.0420986,-0.0044765,0.0403847,-0.1104265,0.3503815,-0.2400454,-0.0406319,0.0000000,0.0000000,0.0000000,1.2707963,-0.0000000,0.0000000,0.0000000,0.0000000,1.2707963,-0.0000000,1.0000000,1.0000000
0.0000000,-0.0378656,0.9684278,0.0000000,0.0000000,0.0000000,1.0000000,-0.0046840,0.0426618,-0.1093889,0.3496200,-0.2403310,-0.0429180,-0.0045670,0.0411991,-0.1104328,0.3503890,-0.2400503,-0.0414513,0.0000000,0.0000000,0.0000000,1.2707963,-0.0000000,0.0000000,0.0000000,0.0000000,1.2707963,-0.0000000,1.0000000,1.0000000
0.0000000,-0.0385952,0.9683967,0.0000000,0.0000000,0.0000000,1.0000000,-0.0047728,0.0434704,-0.1093902,0.3496126,-0.2403262,-0.0437315,-0.0046568,0.0420076,-0.1104392,0.3503965,-0.2400552,-0.0422648,0.0000000,0.0000000,0.0000000,1.2707963,-0.0000000,0.0000000,0.0000000,0.0000000,1.2707963,-0.0000000,1.0000000,1.0000000
0.0000000,-0.0393190,0.9683653,0.0000000,0.0000000,0.0000000,1.0000000,-0.0048608,0.0442726,-0.1093915,0.3496054,-0.2403215,-0.0445385,-0.0047460,0.0428098,-0.1104455,0.3504040,-0.2400601,-0.0430719,0.0000000,0.0000000,0.0000000,1.2707963,-0.0000000,0.0000000,0.0000000,0.0000000,1.2707963,-0.0000000,1.0000000,1.0000000
0.0000000,-0.0400365,0.9683335,0.0000000,0.0000000,0.0000000,1.0000000,-0.0049482,0.0450679,-0.1093929,0.3495982,-0.2403168,-0.0453385,-0.0048344,0.0436050,-0.1104519,0.3504113,-0.2400649,-0.0438720,0.0000000,0.0000000,0.0000000,1.2707963,-0.0000000,0.0000000,0.0000000,0.0000000,1.2707963,-0.0000000,1.0000000,1.0000000
0.0000000,-0.0407472,0.9683015,0.0000000,0.0000000,0.0000000,1.0000000,-0.0050346,0.0458556,-0.1093944,0.3495910,-0.2403121,-0.0461310,-0.0049219,0.0443926,-0.1104583,0.3504186,-0.2400696,-0.0446645,0.0000000,0.0000000,0.0000000,1.2707963,-0.0000000,0.0000000,0.0000000,0.0000000,1.2707963,-0.0000000,1.0000000,1.0000000
0.0000000,-0.0414506,0.9682693,0.0000000,0.0000000,0.0000000,1.0000000,-0.0051203,0.0466353,-0.1093959,0.3495839,-0.2403075,-0.0469154,-0.0050086,0.0451722,-0.1104647,0.3504259,-0.2400743,-0.0454489,0.0000000,0.0000000,0.0000000,1.2707963,-0.0000000,0.0000000,0.0000000,0.0000000,1.2707963,-0.0000000,1.0000000,1.0000000
0.0000000,-0.0421462,0.9682369,0.0000000,0.0000000,0.0000000,1.0000000,-0.0052049,0.0474064,-0.1093974,0.3495770,-0.2403029,-0.0476911,-0.0050943,0.0459433,-0.1104710,0.3504330,-0.2400790,-0.0462246,0.0000000,0.0000000,0.0000000,1.2707963,-0.0000000,0.0000000,0.0000000,0.0000000,1.2707963,-0.0000000,1.0000000,1.0000000
0.0000000,-0.0428336,0.9682043,0.0000000,0.0000000,0.0000000,1.0000000,-0.0052886,0.0481684,-0.1093990,0.3495701,-0.2402984,-0.0484576,-0.0051790,0.0467052,-0.1104774,0.3504401,-0.2400836,-0.0469912,0.0000000,0.0000000,0.0000000,1.2707963,-0.0000000,0.0000000,0.0000000,0.0000000,1.2707963,-0.0000000,1.0000000,1.0000000
0.0000000,-0.0435123,0.9681716,0.0000000,0.0000000,0.0000000,1.0000000,-0.0053712,0.0489208,-0.1094007,0.3495632,-0.2402940,-0.0492145,-0.0052627,0.0474575,-0.1104838,0.3504470,-0.2400882,-0.0477482,0.0000000,0.0000000,0.0000000,1.2707963,-0.0000000,0.0000000,0.0000000,0.0000000,1.2707963,-0.0000000,1.0000000,1.0000000
0.0000000,-0.0441818,0.9681389,0.0000000,0.0000000,0.0000000,1.0000000,-0.0054527,0.0496630,-0.1094024,0.3495565,-0.2402896,-0.0499612,-0.0053452,0.0481996,-0.1104901,0.3504539,-0.2400927,-0.0484949,0.0000000,0.0000000,0.0000000,1.2707963,-0.0000000,0.0000000,0.0000000,0.0000000,1.2707963,-0.0000000,1.0000000,1.0000000
0.0000000,-0.0448417,0.9681061,0.0000000,0.0000000,0.0000000,1.0000000,-0.0055331,0.0503946,-0.1094041,0.3495499,-0.2402853,-0.0506972,-0.0054266,0.0489312,-0.1104964,0.3504607,-0.2400971,-0.0492310,0.0000000,0.0000000,0.0000000,1.2707963,-0.0000000,0.0000000,0.0000000,0.0000000,1.2707963,-0.0000000,1.0000000,1.0000000
0.0000000,-0.0454916,0.9680734,0.0000000,0.0000000,0.0000000,1.0000000,-0.0056122,0.0511152,-0.1094058,0.3495434,-0.2402810,-0.0514221,-0.0055068,0.0496517,-0.1105027,0.3504674,-0.2401014,-0.0499559,0.0000000,0.0000000,0.0000000,1.2707963,-0.0000000,0.0000000,0.0000000,0.0000000,1.2707963,-0.0000000,1.0000000,1.0000000
0.0000000,-0.0461310,0.9680407,0.0000000,0.0000000,0.0000000,1.0000000,-0.0056901,0.0518242,-0.1094076,0.3495369,-0.2402768,-0.0521353,-0.0055856,0.0503606,-0.1105089,0.3504739,-0.2401057,-0.0506691,0.0000000,0.0000000,0.0000000,1.2707963,-0.0000000,0.0000000,0.0000000,0.0000000,1.2707963,-0.0000000,1.0000000,1.0000000
0.0000000,-0.0467596,0.9680081,0.0000000,0.0000000,0.0000000,1.0000000,-0.0057666,0.0525211,-0.1094094,0.3495306,-0.2402727,-0.0528365,-0.0056632,0.0510575,-0.1105151,0.3504804,-0.2401099,-0.0513703,0.0000000,0.0000000,0.0000000,1.2707963,-0.0000000,0.0000000,0.0000000,0.0000000,1.2707963,-0.0000000,1.0000000,1.0000000
0.0000000,-0.0473770,0.9679757,0.0000000,0.0000000,0.0000000,1.0000000,-0.0058418,0.0532057,-0.1094112,0.3495244,-0.2402686,-0.0535251,-0.0057394,0.0517420,-0.1105212,0.3504867,-0.2401141,-0.0520590,0.0000000,0.0000000,0.0000000,1.2707963,-0.0000000,0.0000000,0.0000000,0.0000000,1.2707963,-0.0000000,1.0000000,1.0000000
0.0000000,-0.0479827,0.9679435,0.0000000,0.0000000,0.0000000,1.0000000,-0.0059156,0.0538773,-0.1094131,0.3495183,-0.2402647,-0.0542008,-0.0058141,0.0524136,-0.1105272,0.3504929,-0.2401181,-0.0527348,0.0000000,0.0000000,0.0000000,1.2707963,-0.0000000,0.0000000,0.0000000,0.0000000,1.2707963,-0.0000000,1.0000000,1.0000000
0.0000000,-0.0485764,0.9679115,0.0000000,0.0000000,0.0000000,1.0000000,-0.0059879,0.0545357,-0.1094149,0.3495124,-0.2402608,-0.0548631,-0.0058874,0.0530719,-0.1105332,0.3504990,-0.2401221,-0.0533971,0.0000000,0.0000000,0.0000000,1.2707963,-0.0000000,0.0000000,0.0000000,0.0000000,1.2707963,-0.0000000,1.0000000,1.0000000
0.0000000,-0.0491578,0.9678798,0.0000000,0.0000000,0.0000000,1.0000000,-0.0060587,0.0551804,-0.1094168,0.3495065,-0.2402569,-0.0555117,-0.0059591,0.0537165,-0.1105391,0.3505050,-0.2401260,-0.0540458,0.0000000,0.0000000,0.0000000,1.2707963,-0.0000000,0.0000000,0.0000000,0.0000000,1.2707963,-0.0000000,1.0000000,1.0000000
0.0000000,-0.0497265,0.9678485,0.0000000,0.0000000,0.0000000,1.0000000,-0.0061280,0.0558111,-0.1094186,0.3495008,-0.2402532,-0.0561461,-0.0060294,0.0543471,-0.1105449,0.3505108,-0.2401298,-0.0546802,0.0000000,0.0000000,0.0000000,1.2707963,-0.0000000,0.0000000,0.0000000,0.0000000,1.2707963,-0.0000000,1.0000000,1.0000000
0.0000000,-0.0502822,0.9678175,0.0000000,0.0000000,0.0000000,1.0000000,-0.0061957,0.0564273,-0.1094205,0.3494952,-0.2402496,-0.0567661,-0.0060980,0.0549634,-0.1105506,0.3505166,-0.2401335,-0.0553003,0.0000000,0.0000000,0.0000000,1.2707963,-0.0000000,0.0000000,0.0000000,0.0000000,1.2707963,-0.0000000,1.0000000,1.0000000
0.0000000,-0.0508246,0.9677869,0.0000000,0.0000000,0.0000000,1.0000000,-0.0062618,0.0570289,-0.1094224,0.3494898,-0.2402460,-0.0573712,-0.0061649,0.0555648,-0.1105563,0.3505221,-0.2401372,-0.0559054,0.0000000,0.0000000,0.0000000,1.2707963,-0.0000000,0.0000000,0.0000000,0.0000000,1.2707963,-0.0000000,1.0000000,1.0000000
0.0000000,-0.0513533,0.9677567,0.0000000,0.0000000,0.0000000,1.0000000,-0.0063262,0.0576153,-0.1094242,0.3494845,-0.2402425,-0.0579612,-0.0062302,0.0561512,-0.1105618,0.3505276,-0.2401407,-0.0564954,0.0000000,0.0000000,0.0000000,1.2707963,-0.0000000,0.0000000,0.0000000,0.0000000,1.2707963,-0.0000000,1.0000000,1.0000000
0.0000000,-0.0518682,0.9677271,0.0000000,0.0000000,0.0000000,1.0000000,-0.0063889,0.0581864,-0.1094260,0.3494793,-0.2402392,-0.0585357,-0.0062938,0.0567223,-0.1105672,0.3505328,-0.2401442,-0.0570700,0.0000000,0.0000000,0.0000000,1.2707963,-0.0000000,0.0000000,0.0000000,0.0000000,1.2707963,-0.0000000,1.0000000,1.0000000
0.0000000,-0.0523690,0.9676980,0.0000000,0.0000000,0.0000000,1.0000000,-0.0064500,0.0587418,-0.1094279,0.3494743,-0.2402359,-0.0590945,-0.0063557,0.0572776,-0.1105725,0.3505380,-0.2401475,-0.0576288,0.0000000,0.0000000,0.0000000,1.2707963,-0.0000000,0.0000000,0.0000000,0.0000000,1.2707963,-0.0000000,1.0000000,1.0000000
0.0000000,-0.0528554,0.9676694,0.0000000,0.0000000,0.0000000,1.0000000,-0.0065093,0.0592814,-0.1094297,0.3494694,-0.2402327,-0.0596372,-0.0064158,0.0578171,-0.1105777,0.3505430,-0.2401508,-0.0581716,0.0000000,0.0000000,0.0000000,1.2707963,-0.0000000,0.0000000,0.0000000,0.0000000,1.2707963,-0.0000000,1.0000000,1.0000000
0.0000000,-0.0533273,0.9676414,0.0000000,0.0000000,0.0000000,1.0000000,-0.0065668,0.0598047,-0.1094314,0.3494646,-0.2402296,-0.0601637,-0.0064741,0.0583404,-0.1105828,0.3505478,-0.2401540,-0.0586982,0.0000000,0.0000000,0.0000000,1.2707963,-0.0000000,0.0000000,0.0000000,0.0000000,1.2707963,-0.0000000,1.0000000,1.0000000
0.0000000,-0.0537843,0.9676141,0.0000000,0.0000000,0.0000000,1.0000000,-0.0066225,0.0603117,-0.1094332,0.3494600,-0.2402266,-0.0606738,-0.0065306,0.0588474,-0.1105877,0.3505525,-0.2401570,-0.0592082,0.0000000,0.0000000,0.0000000,1.2707963,-0.0000000,0.0000000,0.0000000,0.0000000,1.2707963,-0.0000000,1.0000000,1.0000000
0.0000000,-0.0542264,0.9675875,0.0000000,0.0000000,0.0000000,1.0000000,-0.0066764,0.0608021,-0.1094349,0.3494556,-0.2402237,-0.0611671,-0.0065852,0.0593378,-0.1105925,0.3505571,-0.2401600,-0.0597016,0.0000000,0.0000000,0.0000000,1.2707963,-0.0000000,0.0000000,0.0000000,0.0000000,1.2707963,-0.0000000,1.0000000,1.0000000
0.0000000,-0.0546534,0.9675615,0.0000000,0.0000000,0.0000000,1.0000000,-0.0067284,0.0612758,-0.1094366,0.3494513,-0.2402209,-0.0616436,-0.0066380,0.0598114,-0.1105972,0.3505614,-0.2401628,-0.0601782,0.0000000,0.0000000,0.0000000,1.2707963,-0.0000000,0.0000000,0.0000000,0.0000000,1.2707963,-0.0000000,1.0000000,1.0000000
0.0000000,-0.0550651,0.9675363,0.0000000,0.0000000,0.0000000,1.0000000,-0.0067786,0.0617326,-0.1094383,0.3494472,-0.2402182,-0.0621032,-0.0066889,0.0602681,-0.1106017,0.3505657,-0.2401656,-0.0606377,0.0000000,0.0000000,0.0000000,1.2707963,-0.0000000,0.0000000,0.0000000,0.0000000,1.2707963,-0.0000000,1.0000000,1.0000000
0.0000000,-0.0554615,0.9675119,0.0000000,0.0000000,0.0000000,1.0000000,-0.0068269,0.0621723,-0.1094399,0.3494432,-0.2402156,-0.0625455,-0.0067379,0.0607078,-0.1106061,0.3505697,-0.2401683,-0.0610801,0.0000000,0.0000000,0.0000000,1.2707963,-0.0000000,0.0000000,0.0000000,0.0000000,1.2707963,-0.0000000,1.0000000,1.0000000
0.0000000,-0.0558425,0.9674882,0.0000000,0.0000000,0.0000000,1.0000000,-0.0068734,0.0625949,-0.1094414,0.3494394,-0.2402131,-0.0629707,-0.0067850,0.0611304,-0.1106103,0.3505736,-0.2401708,-0.0615053,0.0000000,0.0000000,0.0000000,1.2707963,-0.0000000,0.0000000,0.0000000,0.0000000,1.2707963,-0.0000000,1.0000000,1.0000000
0.0000000,-0.0562079,0.9674654,0.0000000,0.0000000,0.0000000,1.0000000,-0.0069179,0.0630004,-0.1094430,0.3494357,-0.2402107,-0.0633785,-0.0068302,0.0615358,-0.1106143,0.3505774,-0.2401733,-0.0619132,0.0000000,0.0000000,0.0000000,1.2707963,-0.0000000,0.0000000,0.0000000,0.0000000,1.2707963,-0.0000000,1.0000000,1.0000000
0.0000000,-0.0565577,0.9674434,0.0000000,0.0000000,0.0000000,1.0000000,-0.0069606,0.0633885,-0.1094444,0.3494322,-0.2402084,-0.0637690,-0.0068735,0.0619239,-0.1106183,0.3505810,-0.2401756,-0.0623037,0.0000000,0.0000000,0.0000000,1.2707963,-0.0000000,0.0000000,0.0000000,0.0000000,1.2707963,-0.0000000,1.0000000,1.0000000
0.0000000,-0.0568920,0.9674222,0.0000000,0.0000000,0.0000000,1.0000000,-0.0070013,0.0637594,-0.1094459,0.3494288,-0.2402062,-0.0641421,-0.0069148,0.0622948,-0.1106220,0.3505844,-0.2401779,-0.0626769,0.0000000,0.0000000,0.0000000,1.2707963,-0.0000000,0.0000000,0.0000000,0.0000000,1.2707963,-0.0000000,1.0000000,1.0000000
0.0000000,-0.0572107,0.9674019,0.0000000,0.0000000,0.0000000,1.0000000,-0.0070402,0.0641130,-0.1094472,0.3494256,-0.2402041,-0.0644979,-0.0069543,0.0626483,-0.1106256,0.3505877,-0.2401800,-0.0630326,0.0000000,0.0000000,0.0000000,1.2707963,-0.0000000,0.0000000,0.0000000,0.0000000,1.2707963,-0.0000000,1.0000000,1.0000000
0.0000000,-0.0575139,0.9673825,0.0000000,0.0000000,0.0000000,1.0000000,-0.0070772,0.0644494,-0.1094486,0.3494226,-0.2402021,-0.0648363,-0.0069918,0.0629847,-0.1106290,0.3505908,-0.2401820,-0.0633711,0.0000000,0.0000000,0.0000000,1.2707963,-0.0000000,0.0000000,0.0000000,0.0000000,1.2707963,-0.0000000,1.0000000,1.0000000
0.0000000,-0.0578016,0.9673640,0.0000000,0.0000000,0.0000000,1.0000000,-0.0071123,0.0647686,-0.1094498,0.3494197,-0.2402002,-0.0651574,-0.0070274,0.0633038,-0.1106323,0.3505938,-0.2401839,-0.0636922,0.0000000,0.0000000,0.0000000,1.2707963,-0.0000000,0.0000000,0.0000000,0.0000000,1.2707963,-0.0000000,1.0000000,1.0000000
0.0000000,-0.0580738,0.9673464,0.0000000,0.0000000,0.0000000,1.0000000,-0.0071455,0.0650707,-0.1094510,0.3494169,-0.2401985,-0.0654613,-0.0070610,0.0636059,-0.1106354,0.3505966,-0.2401858,-0.0639961,0.0000000,0.0000000,0.0000000,1.2707963,-0.0000000,0.0000000,0.0000000,0.0000000,1.2707963,-0.0000000,1.0000000,1.0000000
0.0000000,-0.0583308,0.9673297,0.0000000,0.0000000,0.0000000,1.0000000,-0.0071768,0.0653558,-0.1094522,0.3494143,-0.2401968,-0.0657482,-0.0070928,0.0638910,-0.1106384,0.3505992,-0.2401875,-0.0642830,0.0000000,0.0000000,0.0000000,1.2707963,-0.0000000,0.0000000,0.0000000,0.0000000,1.2707963,-0.0000000,1.0000000,1.0000000
0.0000000,-0.0585726,0.9673139,0.0000000,0.0000000,0.0000000,1.0000000,-0.0072063,0.0656242,-0.1094533,0.3494119,-0.2401952,-0.0660181,-0.0071228,0.0641594,-0.1106411,0.3506017,-0.2401891,-0.0645530,0.0000000,0.0000000,0.0000000,1.2707963,-0.0000000,0.0000000,0.0000000,0.0000000,1.2707963,-0.0000000,1.0000000,1.0000000
0.0000000,-0.0587995,0.9672990,0.0000000,0.0000000,0.0000000,1.0000000,-0.0072340,0.0658759,-0.1094543,0.3494096,-0.2401937,-0.0662713,-0.0071508,0.0644110,-0.1106437,0.3506040,-0.2401906,-0.0648062,0.0000000,0.0000000,0.0000000,1.2707963,-0.0000000,0.0000000,0.0000000,0.0000000,1.2707963,-0.0000000,1.0000000,1.0000000
0.0000000,-0.0590115,0.9672851,0.0000000,0.0000000,0.0000000,1.0000000,-0.0072598,0.0661112,-0.1094553,0.3494075,-0.2401923,-0.0665080,-0.0071771,0.0646463,-0.1106462,0.3506062,-0.2401921,-0.0650429,0.0000000,0.0000000,0.0000000,1.2707963,-0.0000000,0.0000000,0.0000000,0.0000000,1.2707963,-0.0000000,1.0000000,1.0000000
0.0000000,-0.0592089,0.9672720,0.0000000,0.0000000,0.0000000,1.0000000,-0.0072839,0.0663303,-0.1094562,0.3494055,-0.2401910,-0.0667284,-0.0072015,0.0648654,-0.1106485,0.3506082,-0.2401934,-0.0652634,0.0000000,0.0000000,0.0000000,1.2707963,-0.0000000,0.0000000,0.0000000,0.0000000,1.2707963,-0.0000000,1.0000000,1.0000000
0.0000000,-0.0593921,0.9672599,0.0000000,0.0000000,0.0000000,1.0000000,-0.0073063,0.0665335,-0.1094570,0.3494037,-0.2401898,-0.0669329,-0.0072242,0.0650686,-0.1106506,0.3506101,-0.2401946,-0.0654678,0.0000000,0.0000000,0.0000000,1.2707963,-0.0000000,0.0000000,0.0000000,0.0000000,1.2707963,-0.0000000,1.0000000,1.0000000
0.0000000,-0.0595612,0.9672487,0.0000000,0.0000000,0.0000000,1.0000000,-0.0073269,0.0667211,-0.1094578,0.3494020,-0.2401887,-0.0671216,-0.0072451,0.0652562,-0.1106526,0.3506118,-0.2401957,-0.0656566,0.0000000,0.0000000,0.0000000,1.2707963,-0.0000000,0.0000000,0.0000000,0.0000000,1.2707963,-0.0000000,1.0000000,1.0000000
0.0000000,-0.0597165,0.9672383,0.0000000,0.0000000,0.0000000,1.0000000,-0.0073458,0.0668936,-0.1094585,0.3494004,-0.2401877,-0.0672951,-0.0072643,0.0654286,-0.1106544,0.3506134,-0.2401968,-0.0658301,0.0000000,0.0000000,0.0000000,1.2707963,-0.0000000,0.0000000,0.0000000,0.0000000,1.2707963,-0.0000000,1.0000000,1.0000000
0.0000000,-0.0598586,0.9672289,0.0000000,0.0000000,0.0000000,1.0000000,-0.0073632,0.0670511,-0.1094592,0.3493990,-0.2401867,-0.0674536,-0.0072819,0.0655862,-0.1106560,0.3506149,-0.2401977,-0.0659886,0.0000000,0.0000000,0.0000000,1.2707963,-0.0000000,0.0000000,0.0000000,0.0000000,1.2707963,-0.0000000,1.0000000,1.0000000
0.0000000,-0.0599876,0.9672202,0.0000000,0.0000000,0.0000000,1.0000000,-0.0073789,0.0671943,-0.1094598,0.3493977,-0.2401859,-0.0675977,-0.0072979,0.0657294,-0.1106575,0.3506162,-0.2401986,-0.0661327,0.0000000,0.0000000,0.0000000,1.2707963,-0.0000000,0.0000000,0.0000000,0.0000000,1.2707963,-0.0000000,1.0000000,1.0000000
0.0000000,-0.0601040,0.9672124,0.0000000,0.0000000,0.0000000,1.0000000,-0.0073931,0.0673235,-0.1094603,0.3493965,-0.2401851,-0.0677276,-0.0073123,0.0658585,-0.1106589,0.3506174,-0.2401994,-0.0662627,0.0000000,0.0000000,0.0000000,1.2707963,-0.0000000,0.0000000,0.0000000,0.0000000,1.2707963,-0.0000000,1.0000000,1.0000000
0.0000000,-0.0602083,0.9672054,0.0000000,0.0000000,0.0000000,1.0000000,-0.0074058,0.0674393,-0.1094608,0.3493955,-0.2401845,-0.0678441,-0.0073252,0.0659743,-0.1106601,0.3506185,-0.2402001,-0.0663791,0.0000000,0.0000000,0.0000000,1.2707963,-0.0000000,0.0000000,0.0000000,0.0000000,1.2707963,-0.0000000,1.0000000,1.0000000
0.0000000,-0.0603009,0.9671992,0.0000000,0.0000000,0.0000000,1.0000000,-0.0074171,0.0675421,-0.1094613,0.3493945,-0.2401838,-0.0679475,-0.0073367,0.0660771,-0.1106612,0.3506194,-0.2402007,-0.0664825,0.0000000,0.0000000,0.0000000,1.2707963,-0.0000000,0.0000000,0.0000000,0.0000000,1.2707963,-0.0000000,1.0000000,1.0000000
0.0000000,-0.0603824,0.9671937,0.0000000,0.0000000,0.0000000,1.0000000,-0.0074271,0.0676325,-0.1094617,0.3493937,-0.2401833,-0.0680385,-0.0073468,0.0661675,-0.1106622,0.3506203,-0.2402012,-0.0665735,0.0000000,0.0000000,0.0000000,1.2707963,-0.0000000,0.0000000,0.0000000,0.0000000,1.2707963,-0.0000000,1.0000000,1.0000000
0.0000000,-0.0604533,0.9671889,0.0000000,0.0000000,0.0000000,1.0000000,-0.0074357,0.0677112,-0.1094620,0.3493930,-0.2401828,-0.0681176,-0.0073556,0.0662462,-0.1106630,0.3506210,-0.2402017,-0.0666527,0.0000000,0.0000000,0.0000000,1.2707963,-0.0000000,0.0000000,0.0000000,0.0000000,1.2707963,-0.0000000,1.0000000,1.0000000
0.0000000,-0.0605142,0.9671848,0.0000000,0.0000000,0.0000000,1.0000000,-0.0074432,0.0677788,-0.1094623,0.3493924,-0.2401824,-0.0681856,-0.0073631,0.0663137,-0.1106637,0.3506216,-0.2402021,-0.0667207,0.0000000,0.0000000,0.0000000,1.2707963,-0.0000000,0.0000000,0.0000000,0.0000000,1.2707963,-0.0000000,1.0000000,1.0000000
0.0000000,-0.0605657,0.9671813,0.0000000,0.0000000,0.0000000,1.0000000,-0.0074494,0.0678359,-0.1094625,0.3493919,-0.2401821,-0.0682431,-0.0073695,0.0663709,-0.1106643,0.3506221,-0.2402025,-0.0667782,0.0000000,0.0000000,0.0000000,1.2707963,-0.0000000,0.0000000,0.0000000,0.0000000,1.2707963,-0.0000000,1.0000000,1.0000000
0.0000000,-0.0606085,0.9671784,0.0000000,0.0000000,0.0000000,1.0000000,-0.0074547,0.0678834,-0.1094627,0.3493914,-0.2401818,-0.0682909,-0.0073748,0.0664184,-0.1106648,0.3506226,-0.2402028,-0.0668259,0.0000000,0.0000000,0.0000000,1.2707963,-0.0000000,0.0000000,0.0000000,0.0000000,1.2707963,-0.0000000,1.0000000,1.0000000
0.0000000,-0.0606432,0.9671761,0.0000000,0.0000000,0.0000000,1.0000000,-0.0074589,0.0679219,-0.1094629,0.3493911,-0.2401816,-0.0683296,-0.0073791,0.0664569,-0.1106652,0.3506229,-0.2402030,-0.0668647,0.0000000,0.0000000,0.0000000,1.2707963,-0.0000000,0.0000000,0.0000000,0.0000000,1.2707963,-0.0000000,1.0000000,1.0000000
0.0000000,-0.0606706,0.9671742,0.0000000,0.0000000,0.0000000,1.0000000,-0.0074622,0.0679524,-0.1094630,0.3493908,-0.2401814,-0.0683603,-0.0073825,0.0664873,-0.1106656,0.3506232,-0.2402032,-0.0668954,0.0000000,0.0000000,0.0000000,1.2707963,-0.0000000,0.0000000,0.0000000,0.0000000,1.2707963,-0.0000000,1.0000000,1.0000000
0.0000000,-0.0606915,0.9671728,0.0000000,0.0000000,0.0000000,1.0000000,-0.0074648,0.0679756,-0.1094631,0.3493906,-0.2401813,-0.0683836,-0.0073851,0.0665105,-0.1106658,0.3506234,-0.2402033,-0.0669187,0.0000000,0.0000000,0.0000000,1.2707963,-0.0000000,0.0000000,0.0000000,0.0000000,1.2707963,-0.0000000,1.0000000,1.0000000
0.0000000,-0.0607067,0.9671718,0.0000000,0.0000000,0.0000000,1.0000000,-0.0074666,0.0679924,-0.1094632,0.3493905,-0.2401812,-0.0684006,-0.0073869,0.0665274,-0.1106660,0.3506236,-0.2402034,-0.0669357,0.0000000,0.0000000,0.0000000,1.2707963,-0.0000000,0.0000000,0.0000000,0.0000000,1.2707963,-0.0000000,1.0000000,1.0000000
0.0000000,-0.0607171,0.9671711,0.0000000,0.0000000,0.0000000,1.0000000,-0.0074679,0.0680039,-0.1094633,0.3493904,-0.2401811,-0.0684121,-0.0073882,0.0665389,-0.1106661,0.3506237,-0.2402035,-0.0669472,0.0000000,0.0000000,0.0000000,1.2707963,-0.0000000,0.0000000,0.0000000,0.0000000,1.2707963,-0.0000000,1.0000000,1.0000000
0.0000000,-0.0607234,0.9671707,0.0000000,0.0000000,0.0000000,1.0000000,-0.0074687,0.0680109,-0.1094633,0.3493903,-0.2401811,-0.0684192,-0.0073890,0.0665459,-0.1106662,0.3506238,-0.2402035,-0.0669543,0.0000000,0.0000000,0.0000000,1.2707963,-0.0000000,0.0000000,0.0000000,0.0000000,1.2707963,-0.0000000,1.0000000,1.0000000
0.0000000,-0.0607267,0.9671704,0.0000000,0.0000000,0.0000000,1.0000000,-0.0074691,0.0680146,-0.1094633,0.3493903,-0.2401811,-0.0684229,-0.0073894,0.0665496,-0.1106662,0.3506238,-0.2402035,-0.0669580,0.0000000,0.0000000,0.0000000,1.2707963,-0.0000000,0.0000000,0.0000000,0.0000000,1.2707963,-0.0000000,1.0000000,1.0000000
0.0000000,-0.0607279,0.9671703,0.0000000,0.0000000,0.0000000,1.0000000,-0.0074692,0.0680160,-0.1094633,0.3493902,-0.2401810,-0.0684242,-0.0073896,0.0665509,-0.1106662,0.3506238,-0.2402036,-0.0669593,0.0000000,0.0000000,0.0000000,1.2707963,-0.0000000,0.0000000,0.0000000,0.0000000,1.2707963,-0.0000000,1.0000000,1.0000000
0.0000000,-0.0607281,0.9671703,0.0000000,0.0000000,0.0000000,1.0000000,-0.0074693,0.0680162,-0.1094633,0.3493902,-0.2401810,-0.0684244,-0.0073896,0.0665511,-0.1106662,0.3506238,-0.2402036,-0.0669595,0.0000000,0.0000000,0.0000000,1.2707963,-0.0000000,0.0000000,0.0000000,0.0000000,1.2707963,-0.0000000,1.0000000,1.0000000
0.0000000,-0.0607279,0.9671703,0.0000000,0.0000000,0.0000000,1.0000000,-0.0074692,0.0680160,-0.1094633,0.3493902,-0.2401810,-0.0684242,-0.0073896,0.0665509,-0.1106662,0.3506238,-0.2402036,-0.0669593,0.0000000,0.0000000,0.0000000,1.2707963,-0.0000000,0.0000000,0.0000000,0.0000000,1.2707963,-0.0000000,1.0000000,1.0000000
0.0000000,-0.0607267,0.9671704,0.0000000,0.0000000,0.0000000,1.0000000,-0.0074691,0.0680146,-0.1094633,0.3493903,-0.2401811,-0.0684229,-0.0073894,0.0665496,-0.1106662,0.3506238,-0.2402035,-0.0669580,0.0000000,0.0000000,0.0000000,1.2707963,-0.0000000,0.0000000,0.0000000,0.0000000,1.2707963,-0.0000000,1.0000000,1.0000000
0.0000000,-0.0607234,0.9671707,0.0000000,0.0000000,0.0000000,1.0000000,-0.0074687,0.0680109,-0.1094633,0.3493903,-0.2401811,-0.0684192,-0.0073890,0.0665459,-0.1106662,0.3506238,-0.2402035,-0.0669543,0.0000000,0.0000000,0.0000000,1.2707963,-0.0000000,0.0000000,0.0000000,0.0000000,1.2707963,-0.0000000,1.0000000,1.0000000
0.0000000,-0.0607171,0.9671711,0.0000000,0.0000000,0.0000000,1.0000000,-0.0074679,0.0680039,-0.1094633,0.3493904,-0.2401811,-0.0684121,-0.0073882,0.0665389,-0.1106661,0.3506237,-0.2402035,-0.0669472,0.0000000,0.0000000,0.0000000,1.2707963,-0.0000000,0.0000000,0.0000000,0.0000000,1.2707963,-0.0000000,1.0000000,1.0000000
0.0000000,-0.0607067,0.9671718,0.0000000,0.0000000,0.0000000,1.0000000,-0.0074666,0.0679924,-0.1094632,0.3493905,-0.2401812,-0.0684006,-0.0073869,0.0665274,-0.1106660,0.3506236,-0.2402034,-0.0669357,0.0000000,0.0000000,0.0000000,1.2707963,-0.0000000,0.0000000,0.0000000,0.0000000,1.2707963,-0.0000000,1.0000000,1.0000000
0.0000000,-0.0606915,0.9671728,0.0000000,0.0000000,0.0000000,1.0000000,-0.0074648,0.0679756,-0.1094631,0.3493906,-0.2401813,-0.0683836,-0.0073851,0.0665105,-0.1106658,0.3506234,-0.2402033,-0.0669187,0.0000000,0.0000000,0.0000000,1.2707963,-0.0000000,0.0000000,0.0000000,0.0000000,1.2707963,-0.0000000,1.0000000,1.0000000
0.0000000,-0.0606706,0.9671742,0.0000000,0.0000000,0.0000000,1.0000000,-0.0074622,0.0679524,-0.1094630,0.3493908,-0.2401814,-0.0683603,-0.0073825,0.0664873,-0.1106656,0.3506232,-0.2402032,-0.0668954,0.0000000,0.0000000,0.0000000,1.2707963,-0.0000000,0.0000000,0.0000000,0.0000000,1.2707963,-0.0000000,1.0000000,1.0000000
0.0000000,-0.0606432,0.9671761,0.0000000,0.0000000,0.0000000,1.0000000,-0.0074589,0.0679219,-0.1094629,0.3493911,-0.2401816,-0.0683296,-0.0073791,0.0664569,-0.1106652,0.3506229,-0.2402030,-0.0668647,0.0000000,0.0000000,0.0000000,1.2707963,-0.0000000,0.0000000,0.0000000,0.0000000,1.2707963,-0.0000000,1.0000000,1.0000000
0.0000000,-0.0606085,0.9671784,0.0000000,0.0000000,0.0000000,1.0000000,-0.0074547,0.0678834,-0.1094627,0.3493914,-0.2401818,-0.0682909,-0.0073748,0.0664184,-0.1106648,0.3506226,-0.2402028,-0.0668259,0.0000000,0.0000000,0.0000000,1.2707963,-0.0000000,0.0000000,0.0000000,0.0000000,1.2707963,-0.0000000,1.0000000,1.0000000
0.0000000,-0.0605657,0.9671813,0.0000000,0.0000000,0.0000000,1.0000000,-0.0074494,0.0678359,-0.1094625,0.3493919,-0.2401821,-0.0682431,-0.0073695,0.0663709,-0.1106643,0.3506221,-0.2402025,-0.0667782,0.0000000,0.0000000,0.0000000,1.2707963,-0.0000000,0.0000000,0.0000000,0.0000000,1.2707963,-0.0000000,1.0000000,1.0000000
0.0000000,-0.0605142,0.9671848,0.0000000,0.0000000,0.0000000,1.0000000,-0.0074432,0.0677788,-0.1094623,0.3493924,-0.2401824,-0.0681856,-0.0073631,0.0663137,-0.1106637,0.3506216,-0.2402021,-0.0667207,0.0000000,0.0000000,0.0000000,1.2707963,-0.0000000,0.0000000,0.0000000,0.0000000,1.2707963,-0.0000000,1.0000000,1.0000000
0.0000000,-0.0604533,0.9671889,0.0000000,0.0000000,0.0000000,1.0000000,-0.0074357,0.0677112,-0.1094620,0.3493930,-0.2401828,-0.0681176,-0.0073556,0.0662462,-0.1106630,0.3506210,-0.2402017,-0.0666527,0.0000000,0.0000000,0.0000000,1.2707963,-0.0000000,0.0000000,0.0000000,0.0000000,1.2707963,-0.0000000,1.0000000,1.0000000
0.0000000,-0.0603824,0.9671937,0.0000000,0.0000000,0.0000000,1.0000000,-0.0074271,0.0676325,-0.1094617,0.3493937,-0.2401833,-0.0680385,-0.0073468,0.0661675,-0.1106622,0.3506203,-0.2402012,-0.0665735,0.0000000,0.0000000,0.0000000,1.2707963,-0.0000000,0.0000000,0.0000000,0.0000000,1.2707963,-0.0000000,1.0000000,1.0000000
0.0000000,-0.0603009,0.9671992,0.0000000,0.0000000,0.0000000,1.0000000,-0.0074171,0.0675421,-0.1094613,0.3493945,-0.2401838,-0.0679475,-0.0073367,0.0660771,-0.1106612,0.3506194,-0.2402007,-0.0664825,0.0000000,0.0000000,0.0000000,1.2707963,-0.0000000,0.0000000,0.0000000,0.0000000,1.2707963,-0.0000000,1.0000000,1.0000000
0.0000000,-0.0602083,0.9672054,0.0000000,0.0000000,0.0000000,1.0000000,-0.0074058,0.0674393,-0.1094608,0.3493955,-0.2401845,-0.0678441,-0.0073252,0.0659743,-0.1106601,0.3506185,-0.2402001,-0.0663791,0.0000000,0.0000000,0.0000000,1.2707963,-0.0000000,0.0000000,0.0000000,0.0000000,1.2707963,-0.0000000,1.0000000,1.0000000
0.0000000,-0.0601040,0.9672124,0.0000000,0.0000000,0.0000000,1.0000000,-0.0073931,0.0673235,-0.1094603,0.3493965,-0.2401851,-0.0677276,-0.0073123,0.0658585,-0.1106589,0.3506174,-0.2401994,-0.0662627,0.0000000,0.0000000,0.0000000,1.2707963,-0.0000000,0.0000000,0.0000000,0.0000000,1.2707963,-0.0000000,1.0000000,1.0000000
0.0000000,-0.0599876,0.9672202,0.0000000,0.0000000,0.0000000,1.0000000,-0.0073789,0.0671943,-0.1094598,0.3493977,-0.2401859,-0.0675977,-0.0072979,0.0657294,-0.1106575,0.3506162,-0.2401986,-0.0661327,0.0000000,0.0000000,0.0000000,1.2707963,-0.0000000,0.0000000,0.0000000,0.0000000,1.2707963,-0.0000000,1.0000000,1.0000000
0.0000000,-0.0598586,0.9672289,0.0000000,0.0000000,0.0000000,1.0000000,-0.0073632,0.0670511,-0.1094592,0.3493990,-0.2401867,-0.0674536,-0.0072819,0.0655862,-0.1106560,0.3506149,-0.2401977,-0.0659886,0.0000000,0.0000000,0.0000000,1.2707963,-0.0000000,0.0000000,0.0000000,0.0000000,1.2707963,-0.0000000,1.0000000,1.0000000
0.0000000,-0.0597165,0.9672383,0.0000000,0.0000000,0.0000000,1.0000000,-0.0073458,0.0668936,-0.1094585,0.3494004,-0.2401877,-0.0672951,-0.0072643,0.0654286,-0.1106544,0.3506134,-0.2401968,-0.0658301,0.0000000,0.0000000,0.0000000,1.2707963,-0.0000000,0.0000000,0.0000000,0.0000000,1.2707963,-0.0000000,1.0000000,1.0000000
0.0000000,-0.0595612,0.9672487,0.0000000,0.0000000,0.0000000,1.0000000,-0.0073269,0.0667211,-0.1094578,0.3494020,-0.2401887,-0.0671216,-0.0072451,0.0652562,-0.1106526,0.3506118,-0.2401957,-0.0656566,0.0000000,0.0000000,0.0000000,1.2707963,-0.0000000,0.0000000,0.0000000,0.0000000,1.2707963,-0.0000000,1.0000000,1.0000000
0.0000000,-0.0593921,0.9672599,0.0000000,0.0000000,0.0000000,1.0000000,-0.0073063,0.0665335,-0.1094570,0.3494037,-0.2401898,-0.0669329,-0.0072242,0.0650686,-0.1106506,0.3506101,-0.2401946,-0.0654678,0.0000000,0.0000000,0.0000000,1.2707963,-0.0000000,0.0000000,0.0000000,0.0000000,1.2707963,-0.0000000,1.0000000,1.0000000
0.0000000,-0.0592089,0.9672720,0.0000000,0.0000000,0.0000000,1.0000000,-0.0072839,0.0663303,-0.1094562,0.3494055,-0.2401910,-0.0667284,-0.0072015,0.0648654,-0.1106485,0.3506082,-0.2401934,-0.0652634,0.0000000,0.0000000,0.0000000,1.2707963,-0.0000000,0.0000000,0.0000000,0.0000000,1.2707963,-0.0000000,1.0000000,1.0000000
0.0000000,-0.0590115,0.9672851,0.0000000,0.0000000,0.0000000,1.0000000,-0.0072598,0.0661112,-0.1094553,0.3494075,-0.2401923,-0.0665080,-0.0071771,0.0646463,-0.1106462,0.3506062,-0.2401921,-0.0650429,0.0000000,0.0000000,0.0000000,1.2707963,-0.0000000,0.0000000,0.0000000,0.0000000,1.2707963,-0.0000000,1.0000000,1.0000000
0.0000000,-0.0587995,0.9672990,0.0000000,0.0000000,0.0000000,1.0000000,-0.0072340,0.0658759,-0.1094543,0.3494096,-0.2401937,-0.0662713,-0.0071508,0.0644110,-0.1106437,0.3506040,-0.2401906,-0.0648062,0.0000000,0.0000000,0.0000000,1.2707963,-0.0000000,0.0000000,0.0000000,0.0000000,1.2707963,-0.0000000,1.0000000,1.0000000
0.0000000,-0.0585726,0.9673139,0.0000000,0.0000000,0.0000000,1.0000000,-0.0072063,0.0656242,-0.1094533,0.3494119,-0.2401952,-0.0660181,-0.0071228,0.0641594,-0.1106411,0.3506017,-0.2401891,-0.0645530,0.0000000,0.0000000,0.0000000,1.2707963,-0.0000000,0.0000000,0.0000000,0.0000000,1.2707963,-0.0000000,1.0000000,1.0000000
0.0000000,-0.0583308,0.9673297,0.0000000,0.0000000,0.0000000,1.0000000,-0.0071768,0.0653558,-0.1094522,0.3494143,-0.2401968,-0.0657482,-0.0070928,0.0638910,-0.1106384,0.3505992,-0.2401875,-0.0642830,0.0000000,0.0000000,0.0000000,1.2707963,-0.0000000,0.0000000,0.0000000,0.0000000,1.2707963,-0.0000000,1.0000000,1.0000000
0.0000000,-0.0580738,0.9673464,0.0000000,0.0000000,0.0000000,1.0000000,-0.0071455,0.0650707,-0.1094510,0.3494169,-0.2401985,-0.0654613,-0.0070610,0.0636059,-0.1106354,0.3505966,-0.2401858,-0.0639961,0.0000000,0.0000000,0.0000000,1.2707963,-0.0000000,0.0000000,0.0000000,0.0000000,1.2707963,-0.0000000,1.0000000,1.0000000
0.0000000,-0.0578016,0.9673640,0.0000000,0.0000000,0.0000000,1.0000000,-0.0071123,0.0647686,-0.1094498,0.3494197,-0.2402002,-0.0651574,-0.0070274,0.0633038,-0.1106323,0.3505938,-0.2401839,-0.0636922,0.0000000,0.0000000,0.0000000,1.2707963,-0.0000000,0.0000000,0.0000000,0.0000000,1.2707963,-0.0000000,1.0000000,1.0000000
0.0000000,-0.0575139,0.9673825,0.0000000,0.0000000,0.0000000,1.0000000,-0.0070772,0.0644494,-0.1094486,0.3494226,-0.2402021,-0.0648363,-0.0069918,0.0629847,-0.1106290,0.3505908,-0.2401820,-0.0633711,0.0000000,0.0000000,0.0000000,1.2707963,-0.0000000,0.0000000,0.0000000,0.0000000,1.2707963,-0.0000000,1.0000000,1.0000000
0.0000000,-0.0572107,0.9674019,0.0000000,0.0000000,0.0000000,1.0000000,-0.0070402,0.0641130,-0.1094472,0.3494256,-0.2402041,-0.0644979,-0.0069543,0.0626483,-0.1106256,0.3505877,-0.2401800,-0.0630326,0.0000000,0.0000000,0.0000000,1.2707963,-0.0000000,0.0000000,0.0000000,0.0000000,1.2707963,-0.0000000,1.0000000,1.0000000
0.0000000,-0.0568920,0.9674222,0.0000000,0.0000000,0.0000000,1.0000000,-0.0070013,0.0637594,-0.1094459,0.3494288,-0.2402062,-0.0641421,-0.0069148,0.0622948,-0.1106220,0.3505844,-0.2401779,-0.0626769,0.0000000,0.0000000,0.0000000,1.2707963,-0.0000000,0.0000000,0.0000000,0.0000000,1.2707963,-0.0000000,1.0000000,1.0000000
0.0000000,-0.0565577,0.9674434,0.0000000,0.0000000,0.0000000,1.0000000,-0.0069606,0.0633885,-0.1094444,0.3494322,-0.2402084,-0.0637690,-0.0068735,0.0619239,-0.1106183,0.3505810,-0.2401756,-0.0623037,0.0000000,0.0000000,0.0000000,1.2707963,-0.0000000,0.0000000,0.0000000,0.0000000,1.2707963,-0.0000000,1.0000000,1.0000000
0.0000000,-0.0562079,0.9674654,0.0000000,0.0000000,0.0000000,1.0000000,-0.0069179,0.0630004,-0.1094430,0.3494357,-0.2402107,-0.0633785,-0.0068302,0.0615358,-0.1106143,0.3505774,-0.2401733,-0.0619132,0.0000000,0.0000000,0.0000000,1.2707963,-0.0000000,0.0000000,0.0000000,0.0000000,1.2707963,-0.0000000,1.0000000,1.0000000
0.0000000,-0.0558425,0.9674882,0.0000000,0.0000000,0.0000000,1.0000000,-0.0068734,0.0625949,-0.1094414,0.3494394,-0.2402131,-0.0629707,-0.0067850,0.0611304,-0.1106103,0.3505736,-0.2401708,-0.0615053,0.0000000,0.0000000,0.0000000,1.2707963,-0.0000000,0.0000000,0.0000000,0.0000000,1.2707963,-0.0000000,1.0000000,1.0000000
0.0000000,-0.0554615,0.9675119,0.0000000,0.0000000,0.0000000,1.0000000,-0.0068269,0.0621723,-0.1094399,0.3494432,-0.2402156,-0.0625455,-0.0067379,0.0607078,-0.1106061,0.3505697,-0.2401683,-0.0610801,0.0000000,0.0000000,0.0000000,1.2707963,-0.0000000,0.0000000,0.0000000,0.0000000,1.2707963,-0.0000000,1.0000000,1.0000000
0.0000000,-0.0550651,0.9675363,0.0000000,0.0000000,0.0000000,1.0000000,-0.0067786,0.0617326,-0.1094383,0.3494472,-0.2402182,-0.0621032,-0.0066889,0.0602681,-0.1106017,0.3505657,-0.2401656,-0.0606377,0.0000000,0.0000000,0.0000000,1.2707963,-0.0000000,0.0000000,0.0000000,0.0000000,1.2707963,-0.0000000,1.0000000,1.0000000
0.0000000,-0.0546534,0.9675615,0.0000000,0.0000000,0.0000000,1.0000000,-0.0067284,0.0612758,-0.1094366,0.3494513,-0.2402209,-0.0616436,-0.0066380,0.0598114,-0.1105972,0.3505614,-0.2401628,-0.0601782,0.0000000,0.0000000,0.0000000,1.2707963,-0.0000000,0.0000000,0.0000000,0.0000000,1.2707963,-0.0000000,1.0000000,1.0000000
0.0000000,-0.0542264,0.9675875,0.0000000,0.0000000,0.0000000,1.0000000,-0.0066764,0.0608021,-0.1094349,0.3494556,-0.2402237,-0.0611671,-0.0065852,0.0593378,-0.1105925,0.3505571,-0.2401600,-0.0597016,0.0000000,0.0000000,0.0000000,1.2707963,-0.0000000,0.0000000,0.0000000,0.0000000,1.2707963,-0.0000000,1.0000000,1.0000000
0.0000000,-0.0537843,0.9676141,0.0000000,0.0000000,0.0000000,1.0000000,-0.0066225,0.0603117,-0.1094332,0.3494600,-0.2402266,-0.0606738,-0.0065306,0.0588474,-0.1105877,0.3505525,-0.2401570,-0.0592082,0.0000000,0.0000000,0.0000000,1.2707963,-0.0000000,0.0000000,0.0000000,0.0000000,1.2707963,-0.0000000,1.0000000,1.0000000
0.0000000,-0.0533273,0.9676414,0.0000000,0.0000000,0.0000000,1.0000000,-0.0065668,0.0598047,-0.1094314,0.3494646,-0.2402296,-0.0601637,-0.0064741,0.0583404,-0.1105828,0.3505478,-0.2401540,-0.0586982,0.0000000,0.0000000,0.0000000,1.2707963,-0.0000000,0.0000000,0.0000000,0.0000000,1.2707963,-0.0000000,1.0000000,1.0000000
0.0000000,-0.0528554,0.9676694,0.0000000,0.0000000,0.0000000,1.0000000,-0.0065093,0.0592814,-0.1094297,0.3494694,-0.2402327,-0.0596372,-0.0064158,0.0578171,-0.1105777,0.3505430,-0.2401508,-0.0581716,0.0000000,0.0000000,0.0000000,1.2707963,-0.0000000,0.0000000,0.0000000,0.0000000,1.2707963,-0.0000000,1.0000000,1.0000000
0.0000000,-0.0523690,0.9676980,0.0000000,0.0000000,0.0000000,1.0000000,-0.0064500,0.0587418,-0.1094279,0.3494743,-0.2402359,-0.0590945,-0.0063557,0.0572776,-0.1105725,0.3505380,-0.2401475,-0.0576288,0.0000000,0.0000000,0.0000000,1.2707963,-0.0000000,0.0000000,0.0000000,0.0000000,1.2707963,-0.0000000,1.0000000,1.0000000
0.0000000,-0.0518682,0.9677271,0.0000000,0.0000000,0.0000000,1.0000000,-0.0063889,0.0581864,-0.1094260,0.3494793,-0.2402392,-0.0585357,-0.0062938,0.0567223,-0.1105672,0.3505328,-0.2401442,-0.0570700,0.0000000,0.0000000,0.0000000,1.2707963,-0.0000000,0.0000000,0.0000000,0.0000000,1.2707963,-0.0000000,1.0000000,1.0000000
0.0000000,-0.0513533,0.9677567,0.0000000,0.0000000,0.0000000,1.0000000,-0.0063262,0.0576153,-0.1094242,0.3494845,-0.2402425,-0.0579612,-0.0062302,0.0561512,-0.1105618,0.3505276,-0.2401407,-0.0564954,0.0000000,0.0000000,0.0000000,1.2707963,-0.0000000,0.0000000,0.0000000,0.0000000,1.2707963,-0.0000000,1.0000000,1.0000000
0.0000000,-0.0508246,0.9677869,0.0000000,0.0000000,0.0000000,1.0000000,-0.0062618,0.0570289,-0.1094224,0.3494898,-0.2402460,-0.0573712,-0.0061649,0.0555648,-0.1105563,0.3505221,-0.2401372,-0.0559054,0.0000000,0.0000000,0.0000000,1.2707963,-0.0000000,0.0000000,0.0000000,0.0000000,1.2707963,-0.0000000,1.0000000,1.0000000
0.0000000,-0.0502822,0.9678175,0.0000000,0.0000000,0.0000000,1.0000000,-0.0061957,0.0564273,-0.1094205,0.3494952,-0.2402496,-0.0567661,-0.0060980,0.0549634,-0.1105506,0.3505166,-0.2401335,-0.0553003,0.0000000,0.0000000,0.0000000,1.2707963,-0.0000000,0.0000000,0.0000000,0.0000000,1.2707963,-0.0000000,1.0000000,1.0000000
0.0000000,-0.0497265,0.9678485,0.0000000,0.0000000,0.0000000,1.0000000,-0.0061280,0.0558111,-0.1094186,0.3495008,-0.2402532,-0.0561461,-0.0060294,0.0543471,-0.1105449,0.3505108,-0.2401298,-0.0546802,0.0000000,0.0000000,0.0000000,1.2707963,-0.0000000,0.0000000,0.0000000,0.0000000,1.2707963,-0.0000000,1.0000000,1.0000000
0.0000000,-0.0491578,0.9678798,0.0000000,0.0000000,0.0000000,1.0000000,-0.0060587,0.0551804,-0.1094168,0.3495065,-0.2402569,-0.0555117,-0.0059591,0.0537165,-0.1105391,0.3505050,-0.2401260,-0.0540458,0.0000000,0.0000000,0.0000000,1.2707963,-0.0000000,0.0000000,0.0000000,0.0000000,1.2707963,-0.0000000,1.0000000,1.0000000
0.0000000,-0.0485764,0.9679115,0.0000000,0.0000000,0.0000000,1.0000000,-0.0059879,0.0545357,-0.1094149,0.3495124,-0.2402608,-0.0548631,-0.0058874,0.0530719,-0.1105332,0.3504990,-0.2401221,-0.0533971,0.0000000,0.0000000,0.0000000,1.2707963,-0.0000000,0.0000000,0.0000000,0.0000000,1.2707963,-0.0000000,1.0000000,1.0000000
0.0000000,-0.0479827,0.9679435,0.0000000,0.0000000,0.0000000,1.0000000,-0.0059156,0.0538773,-0.1094131,0.3495183,-0.2402647,-0.0542008,-0.0058141,0.0524136,-0.1105272,0.3504929,-0.2401181,-0.0527348,0.0000000,0.0000000,0.0000000,1.2707963,-0.0000000,0.0000000,0.0000000,0.0000000,1.2707963,-0.0000000,1.0000000,1.0000000
0.0000000,-0.0473770,0.9679757,0.0000000,0.0000000,0.0000000,1.0000000,-0.0058418,0.0532057,-0.1094112,0.3495244,-0.2402686,-0.0535251,-0.0057394,0.0517420,-0.1105212,0.3504867,-0.2401141,-0.0520590,0.0000000,0.0000000,0.0000000,1.2707963,-0.0000000,0.0000000,0.0000000,0.0000000,1.2707963,-0.0000000,1.0000000,1.0000000
0.0000000,-0.0467596,0.9680081,0.0000000,0.0000000,0.0000000,1.0000000,-0.0057666,0.0525211,-0.1094094,0.3495306,-0.2402727,-0.0528365,-0.0056632,0.0510575,-0.1105151,0.3504804,-0.2401099,-0.0513703,0.0000000,0.0000000,0.0000000,1.2707963,-0.0000000,0.0000000,0.0000000,0.0000000,1.2707963,-0.0000000,1.0000000,1.0000000
0.0000000,-0.0461310,0.9680407,0.0000000,0.0000000,0.0000000,1.0000000,-0.0056901,0.0518242,-0.1094076,0.3495369,-0.2402768,-0.0521353,-0.0055856,0.0503606,-0.1105089,0.3504739,-0.2401057,-0.0506691,0.0000000,0.0000000,0.0000000,1.2707963,-0.0000000,0.0000000,0.0000000,0.0000000,1.2707963,-0.0000000,1.0000000,1.0000000
0.0000000,-0.0454916,0.9680734,0.0000000,0.0000000,0.0000000,1.0000000,-0.0056122,0.0511152,-0.1094058,0.3495434,-0.2402810,-0.0514221,-0.0055068,0.0496517,-0.1105027,0.3504674,-0.2401014,-0.0499559,0.0000000,0.0000000,0.0000000,1.2707963,-0.0000000,0.0000000,0.0000000,0.0000000,1.2707963,-0.0000000,1.0000000,1.0000000
0.0000000,-0.0448417,0.9681061,0.0000000,0.0000000,0.0000000,1.0000000,-0.0055331,0.0503946,-0.1094041,0.3495499,-0.2402853,-0.0506972,-0.0054266,0.0489312,-0.1104964,0.3504607,-0.2400971,-0.0492310,0.0000000,0.0000000,0.0000000,1.2707963,-0.0000000,0.0000000,0.0000000,0.0000000,1.2707963,-0.0000000,1.0000000,1.0000000
0.0000000,-0.0441818,0.9681389,0.0000000,0.0000000,0.0000000,1.0000000,-0.0054527,0.0496630,-0.1094024,0.3495565,-0.2402896,-0.0499612,-0.0053452,0.0481996,-0.1104901,0.3504539,-0.2400927,-0.0484949,0.0000000,0.0000000,0.0000000,1.2707963,-0.0000000,0.0000000,0.0000000,0.0000000,1.2707963,-0.0000000,1.0000000,1.0000000
0.0000000,-0.0435123,0.9681716,0.0000000,0.0000000,0.0000000,1.0000000,-0.0053712,0.0489208,-0.1094007,0.3495632,-0.2402940,-0.0492145,-0.0052627,0.0474575,-0.1104838,0.3504470,-0.2400882,-0.0477482,0.0000000,0.0000000,0.0000000,1.2707963,-0.0000000,0.0000000,0.0000000,0.0000000,1.2707963,-0.0000000,1.0000000,1.0000000
0.0000000,-0.0428336,0.9682043,0.0000000,0.0000000,0.0000000,1.0000000,-0.0052886,0.0481684,-0.1093990,0.3495701,-0.2402984,-0.0484576,-0.0051790,0.0467052,-0.1104774,0.3504401,-0.2400836,-0.0469912,0.0000000,0.0000000,0.0000000,1.2707963,-0.0000000,0.0000000,0.0000000,0.0000000,1.2707963,-0.0000000,1.0000000,1.0000000
0.0000000,-0.0421462,0.9682369,0.0000000,0.0000000,0.0000000,1.0000000,-0.0052049,0.0474064,-0.1093974,0.3495770,-0.2403029,-0.0476911,-0.0050943,0.0459433,-0.1104710,0.3504330,-0.2400790,-0.0462246,0.0000000,0.0000000,0.0000000,1.2707963,-0.0000000,0.0000000,0.0000000,0.0000000,1.2707963,-0.0000000,1.0000000,1.0000000
0.0000000,-0.0414506,0.9682693,0.0000000,0.0000000,0.0000000,1.0000000,-0.0051203,0.0466353,-0.1093959,0.3495839,-0.2403075,-0.0469154,-0.0050086,0.0451722,-0.1104647,0.3504259,-0.2400743,-0.0454489,0.0000000,0.0000000,0.0000000,1.2707963,-0.0000000,0.0000000,0.0000000,0.0000000,1.2707963,-0.0000000,1.0000000,1.0000000
0.0000000,-0.0407472,0.9683015,0.0000000,0.0000000,0.0000000,1.0000000,-0.0050346,0.0458556,-0.1093944,0.3495910,-0.2403121,-0.0461310,-0.0049219,0.0443926,-0.1104583,0.3504186,-0.2400696,-0.0446645,0.0000000,0.0000000,0.0000000,1.2707963,-0.0000000,0.0000000,0.0000000,0.0000000,1.2707963,-0.0000000,1.0000000,1.0000000
0.0000000,-0.0400365,0.9683335,0.0000000,0.0000000,0.0000000,1.0000000,-0.0049482,0.0450679,-0.1093929,0.3495982,-0.2403168,-0.0453385,-0.0048344,0.0436050,-0.1104519,0.3504113,-0.2400649,-0.0438720,0.0000000,0.0000000,0.0000000,1.2707963,-0.0000000,0.0000000,0.0000000,0.0000000,1.2707963,-0.0000000,1.0000000,1.0000000
0.0000000,-0.0393190,0.9683653,0.0000000,0.0000000,0.0000000,1.0000000,-0.0048608,0.0442726,-0.1093915,0.3496054,-0.2403215,-0.0445385,-0.0047460,0.0428098,-0.1104455,0.3504040,-0.2400601,-0.0430719,0.0000000,0.0000000,0.0000000,1.2707963,-0.0000000,0.0000000,0.0000000,0.0000000,1.2707963,-0.0000000,1.0000000,1.0000000
0.0000000,-0.0385952,0.9683967,0.0000000,0.0000000,0.0000000,1.0000000,-0.0047728,0.0434704,-0.1093902,0.3496126,-0.2403262,-0.0437315,-0.0046568,0.0420076,-0.1104392,0.3503965,-0.2400552,-0.0422648,0.0000000,0.0000000,0.0000000,1.2707963,-0.0000000,0.0000000,0.0000000,0.0000000,1.2707963,-0.0000000,1.0000000,1.0000000
0.0000000,-0.0378656,0.9684278,0.0000000,0.0000000,0.0000000,1.0000000,-0.0046840,0.0426618,-0.1093889,0.3496200,-0.2403310,-0.0429180,-0.0045670,0.0411991,-0.1104328,0.3503890,-0.2400503,-0.0414513,0.0000000,0.0000000,0.0000000,1.2707963,-0.0000000,0.0000000,0.0000000,0.0000000,1.2707963,-0.0000000,1.0000000,1.0000000
0.0000000,-0.0371307,0.9684586,0.0000000,0.0000000,0.0000000,1.0000000,-0.0045946,0.0418473,-0.1093877,0.3496273,-0.2403358,-0.0420986,-0.0044765,0.0403847,-0.1104265,0.3503815,-0.2400454,-0.0406319,0.0000000,0.0000000,0.0000000,1.2707963,-0.0000000,0.0000000,0.0000000,0.0000000,1.2707963,-0.0000000,1.0000000,1.0000000
0.0000000,-0.0363910,0.9684889,0.0000000,0.0000000,0.0000000,1.0000000,-0.0045046,0.0410275,-0.1093865,0.3496348,-0.2403407,-0.0412739,-0.0043854,0.0395650,-0.1104202,0.3503739,-0.2400404,-0.0398072,0.0000000,0.0000000,0.0000000,1.2707963,-0.0000000,0.0000000,0.0000000,0.0000000,1.2707963,-0.0000000,1.0000000,1.0000000
0.0000000,-0.0356470,0.9685187,0.0000000,0.0000000,0.0000000,1.0000000,-0.0044140,0.0402031,-0.1093854,0.3496422,-0.2403455,-0.0404445,-0.0042939,0.0387406,-0.1104140,0.3503663,-0.2400354,-0.0389777,0.0000000,0.0000000,0.0000000,1.2707963,-0.0000000,0.0000000,0.0000000,0.0000000,1.2707963,-0.0000000,1.0000000,1.0000000
0.0000000,-0.0348993,0.9685482,0.0000000,0.0000000,0.0000000,1.0000000,-0.0043231,0.0393745,-0.1093844,0.3496497,-0.2403504,-0.0396110,-0.0042018,0.0379121,-0.1104078,0.3503586,-0.2400304,-0.0381441,0.0000000,0.0000000,0.0000000,1.2707963,-0.0000000,0.0000000,0.0000000,0.0000000,1.2707963,-0.0000000,1.0000000,1.0000000
0.0000000,-0.0341483,0.9685771,0.0000000,0.0000000,0.0000000,1.0000000,-0.0042317,0.0385423,-0.1093835,0.3496573,-0.2403554,-0.0387738,-0.0041094,0.0370800,-0.1104017,0.3503509,-0.2400254,-0.0373069,0.0000000,0.0000000,0.0000000,1.2707963,-0.0000000,0.0000000,0.0000000,0.0000000,1.2707963,-0.0000000,1.0000000,1.0000000
0.0000000,-0.0333947,0.9686054,0.0000000,0.0000000,0.0000000,1.0000000,-0.0041400,0.0377073,-0.1093826,0.3496649,-0.2403603,-0.0379338,-0.0040167,0.0362450,-0.1103956,0.3503431,-0.2400203,-0.0364668,0.0000000,0.0000000,0.0000000,1.2707963,-0.0000000,0.0000000,0.0000000,0.0000000,1.2707963,-0.0000000,1.0000000,1.0000000
0.0000000,-0.0326389,0.9686332,0.0000000,0.0000000,0.0000000,1.0000000,-0.0040481,0.0368698,-0.1093818,0.3496724,-0.2403653,-0.0370913,-0.0039238,0.0354077,-0.1103896,0.3503354,-0.2400153,-0.0356243,0.0000000,0.0000000,0.0000000,1.2707963,-0.0000000,0.0000000,0.0000000,0.0000000,1.2707963,-0.0000000,1.0000000,1.0000000
0.0000000,-0.0318815,0.9686605,0.0000000,0.0000000,0.0000000,1.0000000,-0.0039560,0.0360306,-0.1093811,0.3496800,-0.2403702,-0.0362471,-0.0038306,0.0345685,-0.1103836,0.3503276,-0.2400102,-0.0347800,0.0000000,0.0000000,0.0000000,1.2707963,-0.0000000,0.0000000,0.0000000,0.0000000,1.2707963,-0.0000000,1.0000000,1.0000000
0.0000000,-0.0311231,0.9686871,0.0000000,0.0000000,0.0000000,1.0000000,-0.0038637,0.0351902,-0.1093805,0.3496877,-0.2403752,-0.0354016,-0.0037373,0.0337282,-0.1103777,0.3503198,-0.2400051,-0.0339346,0.0000000,0.0000000,0.0000000,1.2707963,-0.0000000,0.0000000,0.0000000,0.0000000,1.2707963,-0.0000000,1.0000000,1.0000000
0.0000000,-0.0303641,0.9687131,0.0000000,0.0000000,0.0000000,1.0000000,-0.0037714,0.0343493,-0.1093799,0.3496953,-0.2403802,-0.0345556,-0.0036440,0.0328874,-0.1103719,0.3503120,-0.2400000,-0.0330886,0.0000000,0.0000000,0.0000000,1.2707963,-0.0000000,0.0000000,0.0000000,0.0000000,1.2707963,-0.0000000,1.0000000,1.0000000
0.0000000,-0.0296050,0.9687385,0.0000000,0.0000000,0.0000000,1.0000000,-0.0036791,0.0335084,-0.1093794,0.3497029,-0.2403852,-0.0337097,-0.0035507,0.0320465,-0.1103662,0.3503042,-0.2399949,-0.0322426,0.0000000,0.0000000,0.0000000,1.2707963,-0.0000000,0.0000000,0.0000000,0.0000000,1.2707963,-0.0000000,1.0000000,1.0000000
0.0000000,-0.0288466,0.9687632,0.0000000,0.0000000,0.0000000,1.0000000,-0.0035869,0.0326681,-0.1093790,0.3497105,-0.2403901,-0.0328643,-0.0034574,0.0312063,-0.1103605,0.3502964,-0.2399898,-0.0313972,0.0000000,0.0000000,0.0000000,1.2707963,-0.0000000,0.0000000,0.0000000,0.0000000,1.2707963,-0.0000000,1.0000000,1.0000000
0.0000000,-0.0280892,0.9687872,0.0000000,0.0000000,0.0000000,1.0000000,-0.0034948,0.0318290,-0.1093787,0.3497181,-0.2403951,-0.0320202,-0.0033643,0.0303673,-0.1103550,0.3502886,-0.2399848,-0.0305530,0.0000000,0.0000000,0.0000000,1.2707963,-0.0000000,0.0000000,0.0000000,0.0000000,1.2707963,-0.0000000,1.0000000,1.0000000
0.0000000,-0.0273334,0.9688106,0.0000000,0.0000000,0.0000000,1.0000000,-0.0034028,0.0309917,-0.1093784,0.3497257,-0.2404000,-0.0311779,-0.0032714,0.0295301,-0.1103495,0.3502809,-0.2399797,-0.0297107,0.0000000,0.0000000,0.0000000,1.2707963,-0.0000000,0.0000000,0.0000000,0.0000000,1.2707963,-0.0000000,1.0000000,1.0000000
0.0000000,-0.0265798,0.9688332,0.0000000,0.0000000,0.0000000,1.0000000,-0.0033112,0.0301568,-0.1093782,0.3497333,-0.2404050,-0.0303380,-0.0031788,0.0286953,-0.1103441,0.3502731,-0.2399746,-0.0288708,0.0000000,0.0000000,0.0000000,1.2707963,-0.0000000,0.0000000,0.0000000,0.0000000,1.2707963,-0.0000000,1.0000000,1.0000000
0.0000000,-0.0258288,0.9688551,0.0000000,0.0000000,0.0000000,1.0000000,-0.0032199,0.0293250,-0.1093781,0.3497408,-0.2404099,-0.0295012,-0.0030866,0.0278635,-0.1103388,0.3502654,-0.2399696,-0.0280339,0.0000000,0.0000000,0.0000000,1.2707963,-0.0000000,0.0000000,0.0000000,0.0000000,1.2707963,-0.0000000,1.0000000,1.0000000
0.0000000,-0.0250811,0.9688763,0.0000000,0.0000000,0.0000000,1.0000000,-0.0031290,0.0284967,-0.1093781,0.3497483,-0.2404148,-0.0286679,-0.0029947,0.0270353,-0.1103336,0.3502577,-0.2399646,-0.0272006,0.0000000,0.0000000,0.0000000,1.2707963,-0.0000000,0.0000000,0.0000000,0.0000000,1.2707963,-0.0000000,1.0000000,1.0000000
0.0000000,-0.0243372,0.9688968,0.0000000,0.0000000,0.0000000,1.0000000,-0.0030385,0.0276726,-0.1093782,0.3497558,-0.2404197,-0.0278388,-0.0029033,0.0262113,-0.1103285,0.3502501,-0.2399596,-0.0263715,0.0000000,0.0000000,0.0000000,1.2707963,-0.0000000,0.0000000,0.0000000,0.0000000,1.2707963,-0.0000000,1.0000000,1.0000000
0.0000000,-0.0235974,0.9689166,0.0000000,0.0000000,0.0000000,1.0000000,-0.0029486,0.0268532,-0.1093783,0.3497632,-0.2404245,-0.0270145,-0.0028124,0.0253920,-0.1103236,0.3502425,-0.2399546,-0.0255472,0.0000000,0.0000000,0.0000000,1.2707963,-0.0000000,0.0000000,0.0000000,0.0000000,1.2707963,-0.0000000,1.0000000,1.0000000
0.0000000,-0.0228625,0.9689356,0.0000000,0.0000000,0.0000000,1.0000000,-0.0028592,0.0260391,-0.1093785,0.3497706,-0.2404293,-0.0261956,-0.0027222,0.0245780,-0.1103187,0.3502349,-0.2399497,-0.0247282,0.0000000,0.0000000,0.0000000,1.2707963,-0.0000000,0.0000000,0.0000000,0.0000000,1.2707963,-0.0000000,1.0000000,1.0000000
0.0000000,-0.0221329,0.9689539,0.0000000,0.0000000,0.0000000,1.0000000,-0.0027705,0.0252310,-0.1093788,0.3497779,-0.2404341,-0.0253826,-0.0026326,0.0237699,-0.1103139,0.3502274,-0.2399448,-0.0239152,0.0000000,0.0000000,0.0000000,1.2707963,-0.0000000,0.0000000,0.0000000,0.0000000,1.2707963,-0.0000000,1.0000000,1.0000000
0.0000000,-0.0214091,0.9689715,0.0000000,0.0000000,0.0000000,1.0000000,-0.0026825,0.0244293,-0.1093791,0.3497852,-0.2404389,-0.0245761,-0.0025437,0.0229683,-0.1103092,0.3502200,-0.2399400,-0.0231087,0.0000000,0.0000000,0.0000000,1.2707963,-0.0000000,0.0000000,0.0000000,0.0000000,1.2707963,-0.0000000,1.0000000,1.0000000
0.0000000,-0.0206916,0.9689883,0.0000000,0.0000000,0.0000000,1.0000000,-0.0025952,0.0236346,-0.1093795,0.3497924,-0.2404436,-0.0237766,-0.0024556,0.0221736,-0.1103047,0.3502126,-0.2399352,-0.0223092,0.0000000,0.0000000,0.0000000,1.2707963,-0.0000000,0.0000000,0.0000000,0.0000000,1.2707963,-0.0000000,1.0000000,1.0000000
0.0000000,-0.0199809,0.9690044,0.0000000,0.0000000,0.0000000,1.0000000,-0.0025088,0.0228474,-0.1093800,0.3497995,-0.2404482,-0.0229847,-0.0023684,0.0213866,-0.1103003,0.3502053,-0.2399304,-0.0215173,0.0000000,0.0000000,0.0000000,1.2707963,-0.0000000,0.0000000,0.0000000,0.0000000,1.2707963,-0.0000000,1.0000000,1.0000000
0.0000000,-0.0192775,0.9690198,0.0000000,0.0000000,0.0000000,1.0000000,-0.0024233,0.0220683,-0.1093805,0.3498066,-0.2404528,-0.0222010,-0.0022820,0.0206076,-0.1102959,0.3501981,-0.2399257,-0.0207335,0.0000000,0.0000000,0.0000000,1.2707963,-0.0000000,0.0000000,0.0000000,0.0000000,1.2707963,-0.0000000,1.0000000,1.0000000
0.0000000,-0.0185819,0.9690345,0.0000000,0.0000000,0.0000000,1.0000000,-0.0023387,0.0212979,-0.1093811,0.3498136,-0.2404574,-0.0214259,-0.0021966,0.0198372,-0.1102917,0.3501910,-0.2399210,-0.0199584,0.0000000,0.0000000,0.0000000,1.2707963,-0.0000000,0.0000000,0.0000000,0.0000000,1.2707963,-0.0000000,1.0000000,1.0000000
0.0000000,-0.0178945,0.9690484,0.0000000,0.0000000,0.0000000,1.0000000,-0.0022552,0.0205366,-0.1093817,0.3498205,-0.2404619,-0.0206600,-0.0021123,0.0190760,-0.1102876,0.3501839,-0.2399164,-0.0191926,0.0000000,0.0000000,0.0000000,1.2707963,-0.0000000,0.0000000,0.0000000,0.0000000,1.2707963,-0.0000000,1.0000000,1.0000000
0.0000000,-0.0172159,0.9690617,0.0000000,0.0000000,0.0000000,1.0000000,-0.0021727,0.0197850,-0.1093824,0.3498273,-0.2404663,-0.0199039,-0.0020290,0.0183244,-0.1102837,0.3501769,-0.2399118,-0.0184364,0.0000000,0.0000000,0.0000000,1.2707963,-0.0000000,0.0000000,0.0000000,0.0000000,1.2707963,-0.0000000,1.0000000,1.0000000
0.0000000,-0.0165463,0.9690743,0.0000000,0.0000000,0.0000000,1.0000000,-0.0020913,0.0190435,-0.1093832,0.3498340,-0.2404707,-0.0191579,-0.0019468,0.0175830,-0.1102798,0.3501700,-0.2399074,-0.0176904,0.0000000,0.0000000,0.0000000,1.2707963,-0.0000000,0.0000000,0.0000000,0.0000000,1.2707963,-0.0000000,1.0000000,1.0000000
0.0000000,-0.0158864,0.9690862,0.0000000,0.0000000,0.0000000,1.0000000,-0.0020110,0.0183126,-0.1093840,0.3498406,-0.2404751,-0.0184227,-0.0018659,0.0168522,-0.1102761,0.3501633,-0.2399029,-0.0169552,0.0000000,0.0000000,0.0000000,1.2707963,-0.0000000,0.0000000,0.0000000,0.0000000,1.2707963,-0.0000000,1.0000000,1.0000000
0.0000000,-0.0152365,0.9690975,0.0000000,0.0000000,0.0000000,1.0000000,-0.0019320,0.0175929,-0.1093848,0.3498471,-0.2404793,-0.0176986,-0.0017861,0.0161325,-0.1102724,0.3501566,-0.2398986,-0.0162311,0.0000000,0.0000000,0.0000000,1.2707963,-0.0000000,0.0000000,0.0000000,0.0000000,1.2707963,-0.0000000,1.0000000,1.0000000
0.0000000,-0.0145971,0.9691081,0.0000000,0.0000000,0.0000000,1.0000000,-0.0018543,0.0168847,-0.1093857,0.3498536,-0.2404835,-0.0169862,-0.0017077,0.0154244,-0.1102689,0.3501500,-0.2398943,-0.0155187,0.0000000,0.0000000,0.0000000,1.2707963,-0.0000000,0.0000000,0.0000000,0.0000000,1.2707963,-0.0000000,1.0000000,1.0000000
0.0000000,-0.0139685,0.9691181,0.0000000,0.0000000,0.0000000,1.0000000,-0.0017778,0.0161886,-0.1093866,0.3498599,-0.2404876,-0.0162859,-0.0016306,0.0147283,-0.1102655,0.3501436,-0.2398901,-0.0148183,0.0000000,0.0000000,0.0000000,1.2707963,-0.0000000,0.0000000,0.0000000,0.0000000,1.2707963,-0.0000000,1.0000000,1.0000000
0.0000000,-0.0133511,0.9691275,0.0000000,0.0000000,0.0000000,1.0000000,-0.0017028,0.0155049,-0.1093876,0.3498661,-0.2404917,-0.0155981,-0.0015549,0.0140447,-0.1102622,0.3501372,-0.2398859,-0.0141305,0.0000000,0.0000000,0.0000000,1.2707963,-0.0000000,0.0000000,0.0000000,0.0000000,1.2707963,-0.0000000,1.0000000,1.0000000
0.0000000,-0.0127454,0.9691363,0.0000000,0.0000000,0.0000000,1.0000000,-0.0016291,0.0148341,-0.1093886,0.3498721,-0.2404956,-0.0149233,-0.0014806,0.0133740,-0.1102590,0.3501310,-0.2398819,-0.0134557,0.0000000,0.0000000,0.0000000,1.2707963,-0.0000000,0.0000000,0.0000000,0.0000000,1.2707963,-0.0000000,1.0000000,1.0000000
0.0000000,-0.0121517,0.9691445,0.0000000,0.0000000,0.0000000,1.0000000,-0.0015569,0.0141766,-0.1093896,0.3498781,-0.2404995,-0.0142618,-0.0014077,0.0127166,-0.1102560,0.3501249,-0.2398779,-0.0127942,0.0000000,0.0000000,0.0000000,1.2707963,-0.0000000,0.0000000,0.0000000,0.0000000,1.2707963,-0.0000000,1.0000000,1.0000000
0.0000000,-0.0115703,0.9691522,0.0000000,0.0000000,0.0000000,1.0000000,-0.0014862,0.0135328,-0.1093907,0.3498839,-0.2405033,-0.0136141,-0.0013364,0.0120728,-0.1102530,0.3501189,-0.2398740,-0.0121465,0.0000000,0.0000000,0.0000000,1.2707963,-0.0000000,0.0000000,0.0000000,0.0000000,1.2707963,-0.0000000,1.0000000,1.0000000
0.0000000,-0.0110016,0.9691594,0.0000000,0.0000000,0.0000000,1.0000000,-0.0014171,0.0129030,-0.1093917,0.3498896,-0.2405071,-0.0129806,-0.0012667,0.0114431,-0.1102502,0.3501131,-0.2398702,-0.0115130,0.0000000,0.0000000,0.0000000,1.2707963,-0.0000000,0.0000000,0.0000000,0.0000000,1.2707963,-0.0000000,1.0000000,1.0000000
0.0000000,-0.0104459,0.9691660,0.0000000,0.0000000,0.0000000,1.0000000,-0.0013495,0.0122876,-0.1093928,0.3498952,-0.2405107,-0.0123615,-0.0011986,0.0108278,-0.1102474,0.3501074,-0.2398664,-0.0108939,0.0000000,0.0000000,0.0000000,1.2707963,-0.0000000,0.0000000,0.0000000,0.0000000,1.2707963,-0.0000000,1.0000000,1.0000000
0.0000000,-0.0099035,0.9691722,0.0000000,0.0000000,0.0000000,1.0000000,-0.0012836,0.0116870,-0.1093939,0.3499007,-0.2405142,-0.0117573,-0.0011321,0.0102272,-0.1102448,0.3501018,-0.2398628,-0.0102897,0.0000000,0.0000000,0.0000000,1.2707963,-0.0000000,0.0000000,0.0000000,0.0000000,1.2707963,-0.0000000,1.0000000,1.0000000
0.0000000,-0.0093748,0.9691778,0.0000000,0.0000000,0.0000000,1.0000000,-0.0012193,0.0111015,-0.1093950,0.3499060,-0.2405177,-0.0111682,-0.0010672,0.0096417,-0.1102422,0.3500963,-0.2398592,-0.0097006,0.0000000,0.0000000,0.0000000,1.2707963,-0.0000000,0.0000000,0.0000000,0.0000000,1.2707963,-0.0000000,1.0000000,1.0000000
0.0000000,-0.0088599,0.9691831,0.0000000,0.0000000,0.0000000,1.0000000,-0.0011567,0.0105313,-0.1093961,0.3499111,-0.2405211,-0.0105946,-0.0010041,0.0090716,-0.1102398,0.3500911,-0.2398558,-0.0091270,0.0000000,0.0000000,0.0000000,1.2707963,-0.0000000,0.0000000,0.0000000,0.0000000,1.2707963,-0.0000000,1.0000000,1.0000000
0.0000000,-0.0083591,0.9691879,0.0000000,0.0000000,0.0000000,1.0000000,-0.0010958,0.0099767,-0.1093973,0.3499161,-0.2405244,-0.0100367,-0.0009427,0.0085171,-0.1102375,0.3500859,-0.2398524,-0.0085691,0.0000000,0.0000000,0.0000000,1.2707963,-0.0000000,0.0000000,0.0000000,0.0000000,1.2707963,-0.0000000,1.0000000,1.0000000
0.0000000,-0.0078727,0.9691923,0.0000000,0.0000000,0.0000000,1.0000000,-0.0010366,0.0094381,-0.1093984,0.3499210,-0.2405275,-0.0094949,-0.0008831,0.0079785,-0.1102353,0.3500809,-0.2398492,-0.0080273,0.0000000,0.0000000,0.0000000,1.2707963,-0.0000000,0.0000000,0.0000000,0.0000000,1.2707963,-0.0000000,1.0000000,1.0000000
0.0000000,-0.0074009,0.9691963,0.0000000,0.0000000,0.0000000,1.0000000,-0.0009793,0.0089156,-0.1093995,0.3499258,-0.2405306,-0.0089692,-0.0008252,0.0074561,-0.1102331,0.3500761,-0.2398460,-0.0075016,0.0000000,0.0000000,0.0000000,1.2707963,-0.0000000,0.0000000,0.0000000,0.0000000,1.2707963,-0.0000000,1.0000000,1.0000000
0.0000000,-0.0069438,0.9691999,0.0000000,0.0000000,0.0000000,1.0000000,-0.0009237,0.0084095,-0.1094006,0.3499303,-0.2405336,-0.0084601,-0.0007692,0.0069500,-0.1102311,0.3500714,-0.2398429,-0.0069925,0.0000000,0.0000000,0.0000000,1.2707963,-0.0000000,0.0000000,0.0000000,0.0000000,1.2707963,-0.0000000,1.0000000,1.0000000
0.0000000,-0.0065017,0.9692032,0.0000000,0.0000000,0.0000000,1.0000000,-0.0008699,0.0079200,-0.1094017,0.3499348,-0.2405365,-0.0079676,-0.0007150,0.0064605,-0.1102292,0.3500668,-0.2398400,-0.0065000,0.0000000,0.0000000,0.0000000,1.2707963,-0.0000000,0.0000000,0.0000000,0.0000000,1.2707963,-0.0000000,1.0000000,1.0000000
0.0000000,-0.0060747,0.9692062,0.0000000,0.0000000,0.0000000,1.0000000,-0.0008180,0.0074471,-0.1094028,0.3499391,-0.2405393,-0.0074919,-0.0006627,0.0059878,-0.1102273,0.3500624,-0.2398371,-0.0060243,0.0000000,0.0000000,0.0000000,1.2707963,-0.0000000,0.0000000,0.0000000,0.0000000,1.2707963,-0.0000000,1.0000000,1.0000000
0.0000000,-0.0056630,0.9692089,0.0000000,0.0000000,0.0000000,1.0000000,-0.0007679,0.0069912,-0.1094039,0.3499432,-0.2405420,-0.0070332,-0.0006122,0.0055319,-0.1102255,0.3500582,-0.2398343,-0.0055656,0.0000000,0.0000000,0.0000000,1.2707963,-0.0000000,0.0000000,0.0000000,0.0000000,1.2707963,-0.0000000,1.0000000,1.0000000
0.0000000,-0.0052666,0.9692113,0.0000000,0.0000000,0.0000000,1.0000000,-0.0007197,0.0065523,-0.1094049,0.3499472,-0.2405446,-0.0065917,-0.0005636,0.0050930,-0.1102239,0.3500541,-0.2398317,-0.0051241,0.0000000,0.0000000,0.0000000,1.2707963,-0.0000000,0.0000000,0.0000000,0.0000000,1.2707963,-0.0000000,1.0000000,1.0000000
0.0000000,-0.0048856,0.9692135,0.0000000,0.0000000,0.0000000,1.0000000,-0.0006734,0.0061304,-0.1094059,0.3499510,-0.2405471,-0.0061673,-0.0005170,0.0046712,-0.1102223,0.3500502,-0.2398291,-0.0046997,0.0000000,0.0000000,0.0000000,1.2707963,-0.0000000,0.0000000,0.0000000,0.0000000,1.2707963,-0.0000000,1.0000000,1.0000000
0.0000000,-0.0045202,0.9692154,0.0000000,0.0000000,0.0000000,1.0000000,-0.0006290,0.0057258,-0.1094070,0.3499547,-0.2405495,-0.0057602,-0.0004722,0.0042666,-0.1102208,0.3500465,-0.2398267,-0.0042926,0.0000000,0.0000000,0.0000000,1.2707963,-0.0000000,0.0000000,0.0000000,0.0000000,1.2707963,-0.0000000,1.0000000,1.0000000
0.0000000,-0.0041704,0.9692171,0.0000000,0.0000000,0.0000000,1.0000000,-0.0005864,0.0053384,-0.1094079,0.3499582,-0.2405518,-0.0053705,-0.0004293,0.0038792,-0.1102194,0.3500429,-0.2398243,-0.0039029,0.0000000,0.0000000,0.0000000,1.2707963,-0.0000000,0.0000000,0.0000000,0.0000000,1.2707963,-0.0000000,1.0000000,1.0000000
0.0000000,-0.0038361,0.9692186,0.0000000,0.0000000,0.0000000,1.0000000,-0.0005457,0.0049682,-0.1094089,0.3499615,-0.2405540,-0.0049981,-0.0003883,0.0035091,-0.1102180,0.3500394,-0.2398221,-0.0035305,0.0000000,0.0000000,0.0000000,1.2707963,-0.0000000,0.0000000,0.0000000,0.0000000,1.2707963,-0.0000000,1.0000000,1.0000000
0.0000000,-0.0035174,0.9692199,0.0000000,0.0000000,0.0000000,1.0000000,-0.0005070,0.0046153,-0.1094098,0.3499647,-0.2405561,-0.0046431,-0.0003493,0.0031562,-0.1102167,0.3500362,-0.2398200,-0.0031755,0.0000000,0.0000000,0.0000000,1.2707963,-0.0000000,0.0000000,0.0000000,0.0000000,1.2707963,-0.0000000,1.0000000,1.0000000
0.0000000,-0.0032142,0.9692210,0.0000000,0.0000000,0.0000000,1.0000000,-0.0004701,0.0042796,-0.1094107,0.3499678,-0.2405581,-0.0043054,-0.0003121,0.0028205,-0.1102156,0.3500330,-0.2398179,-0.0028378,0.0000000,0.0000000,0.0000000,1.2707963,-0.0000000,0.0000000,0.0000000,0.0000000,1.2707963,-0.0000000,1.0000000,1.0000000
0.0000000,-0.0029265,0.9692220,0.0000000,0.0000000,0.0000000,1.0000000,-0.0004351,0.0039611,-0.1094116,0.3499706,-0.2405599,-0.0039849,-0.0002769,0.0025020,-0.1102144,0.3500301,-0.2398160,-0.0025173,0.0000000,0.0000000,0.0000000,1.2707963,-0.0000000,0.0000000,0.0000000,0.0000000,1.2707963,-0.0000000,1.0000000,1.0000000
0.0000000,-0.0026543,0.9692229,0.0000000,0.0000000,0.0000000,1.0000000,-0.0004020,0.0036596,-0.1094124,0.3499734,-0.2405617,-0.0036816,-0.0002435,0.0022006,-0.1102134,0.3500273,-0.2398142,-0.0022140,0.0000000,0.0000000,0.0000000,1.2707963,-0.0000000,0.0000000,0.0000000,0.0000000,1.2707963,-0.0000000,1.0000000,1.0000000
0.0000000,-0.0023973,0.9692236,0.0000000,0.0000000,0.0000000,1.0000000,-0.0003708,0.0033750,-0.1094132,0.3499760,-0.2405634,-0.0033953,-0.0002120,0.0019160,-0.1102124,0.3500246,-0.2398124,-0.0019277,0.0000000,0.0000000,0.0000000,1.2707963,-0.0000000,0.0000000,0.0000000,0.0000000,1.2707963,-0.0000000,1.0000000,1.0000000
0.0000000,-0.0021555,0.9692242,0.0000000,0.0000000,0.0000000,1.0000000,-0.0003413,0.0031073,-0.1094139,0.3499784,-0.2405650,-0.0031260,-0.0001824,0.0016483,-0.1102115,0.3500222,-0.2398108,-0.0016584,0.0000000,0.0000000,0.0000000,1.2707963,-0.0000000,0.0000000,0.0000000,0.0000000,1.2707963,-0.0000000,1.0000000,1.0000000
0.0000000,-0.0019286,0.9692247,0.0000000,0.0000000,0.0000000,1.0000000,-0.0003138,0.0028561,-0.1094146,0.3499807,-0.2405665,-0.0028733,-0.0001546,0.0013972,-0.1102106,0.3500198,-0.2398093,-0.0014057,0.0000000,0.0000000,0.0000000,1.2707963,-0.0000000,0.0000000,0.0000000,0.0000000,1.2707963,-0.0000000,1.0000000,1.0000000
0.0000000,-0.0017166,0.9692252,0.0000000,0.0000000,0.0000000,1.0000000,-0.0002880,0.0026213,-0.1094153,0.3499828,-0.2405679,-0.0026371,-0.0001286,0.0011624,-0.1102098,0.3500176,-0.2398079,-0.0011695,0.0000000,0.0000000,0.0000000,1.2707963,-0.0000000,0.0000000,0.0000000,0.0000000,1.2707963,-0.0000000,1.0000000,1.0000000
0.0000000,-0.0015192,0.9692255,0.0000000,0.0000000,0.0000000,1.0000000,-0.0002639,0.0024027,-0.1094159,0.3499848,-0.2405692,-0.0024171,-0.0001044,0.0009438,-0.1102091,0.3500156,-0.2398065,-0.0009495,0.0000000,0.0000000,0.0000000,1.2707963,-0.0000000,0.0000000,0.0000000,0.0000000,1.2707963,-0.0000000,1.0000000,1.0000000
0.0000000,-0.0013360,0.9692258,0.0000000,0.0000000,0.0000000,1.0000000,-0.0002417,0.0021999,-0.1094165,0.3499866,-0.2405704,-0.0022131,-0.0000820,0.0007410,-0.1102084,0.3500137,-0.2398053,-0.0007455,0.0000000,0.0000000,0.0000000,1.2707963,-0.0000000,0.0000000,0.0000000,0.0000000,1.2707963,-0.0000000,1.0000000,1.0000000
0.0000000,-0.0011669,0.9692260,0.0000000,0.0000000,0.0000000,1.0000000,-0.0002211,0.0020126,-0.1094171,0.3499883,-0.2405715,-0.0020248,-0.0000613,0.0005538,-0.1102078,0.3500120,-0.2398042,-0.0005572,0.0000000,0.0000000,0.0000000,1.2707963,-0.0000000,0.0000000,0.0000000,0.0000000,1.2707963,-0.0000000,1.0000000,1.0000000
0.0000000,-0.0010116,0.9692262,0.0000000,0.0000000,0.0000000,1.0000000,-0.0002022,0.0018406,-0.1094176,0.3499899,-0.2405725,-0.0018517,-0.0000422,0.0003818,-0.1102073,0.3500104,-0.2398031,-0.0003841,0.0000000,0.0000000,0.0000000,1.2707963,-0.0000000,0.0000000,0.0000000,0.0000000,1.2707963,-0.0000000,1.0000000,1.0000000
0.0000000,-0.0008696,0.9692264,0.0000000,0.0000000,0.0000000,1.0000000,-0.0001849,0.0016834,-0.1094180,0.3499913,-0.2405734,-0.0016935,-0.0000248,0.0002245,-0.1102068,0.3500089,-0.2398022,-0.0002259,0.0000000,0.0000000,0.0000000,1.2707963,-0.0000000,0.0000000,0.0000000,0.0000000,1.2707963,-0.0000000,1.0000000,1.0000000
0.0000000,-0.0007406,0.9692265,0.0000000,0.0000000,0.0000000,1.0000000,-0.0001692,0.0015405,-0.1094184,0.3499926,-0.2405743,-0.0015498,-0.0000090,0.0000817,-0.1102063,0.3500076,-0.2398013,-0.0000822,0.0000000,0.0000000,0.0000000,1.2707963,-0.0000000,0.0000000,0.0000000,0.0000000,1.2707963,-0.0000000,1.0000000,1.0000000
0.0000000,-0.0006241,0.9692266,0.0000000,0.0000000,0.0000000,1.0000000,-0.0001551,0.0014116,-0.1094188,0.3499937,-0.2405750,-0.0014201,0.0000052,-0.0000472,-0.1102059,0.3500064,-0.2398005,0.0000475,0.0000000,0.0000000,0.0000000,1.2707963,-0.0000000,0.0000000,0.0000000,0.0000000,1.2707963,-0.0000000,1.0000000,1.0000000
0.0000000,-0.0005198,0.9692266,0.0000000,0.0000000,0.0000000,1.0000000,-0.0001424,0.0012961,-0.1094192,0.3499948,-0.2405757,-0.0013039,0.0000180,-0.0001627,-0.1102055,0.3500053,-0.2397998,0.0001637,0.0000000,0.0000000,0.0000000,1.2707963,-0.0000000,0.0000000,0.0000000,0.0000000,1.2707963,-0.0000000,1.0000000,1.0000000
0.0000000,-0.0004272,0.9692267,0.0000000,0.0000000,0.0000000,1.0000000,-0.0001311,0.0011935,-0.1094195,0.3499957,-0.2405763,-0.0012007,0.0000294,-0.0002653,-0.1102052,0.3500044,-0.2397992,0.0002669,0.0000000,0.0000000,0.0000000,1.2707963,-0.0000000,0.0000000,0.0000000,0.0000000,1.2707963,-0.0000000,1.0000000,1.0000000
0.0000000,-0.0003457,0.9692267,0.0000000,0.0000000,0.0000000,1.0000000,-0.0001212,0.0011033,-0.1094198,0.3499965,-0.2405768,-0.0011099,0.0000393,-0.0003555,-0.1102049,0.3500036,-0.2397987,0.0003577,0.0000000,0.0000000,0.0000000,1.2707963,-0.0000000,0.0000000,0.0000000,0.0000000,1.2707963,-0.0000000,1.0000000,1.0000000
0.0000000,-0.0002748,0.9692268,0.0000000,0.0000000,0.0000000,1.0000000,-0.0001126,0.0010248,-0.1094200,0.3499972,-0.2405773,-0.0010309,0.0000480,-0.0004340,-0.1102046,0.3500028,-0.2397982,0.0004366,0.0000000,0.0000000,0.0000000,1.2707963,-0.0000000,0.0000000,0.0000000,0.0000000,1.2707963,-0.0000000,1.0000000,1.0000000
0.0000000,-0.0002139,0.9692268,0.0000000,0.0000000,0.0000000,1.0000000,-0.0001052,0.0009574,-0.1094202,0.3499979,-0.2405777,-0.0009631,0.0000555,-0.0005014,-0.1102044,0.3500022,-0.2397978,0.0005045,0.0000000,0.0000000,0.0000000,1.2707963,-0.0000000,0.0000000,0.0000000,0.0000000,1.2707963,-0.0000000,1.0000000,1.0000000
0.0000000,-0.0001624,0.9692268,0.0000000,0.0000000,0.0000000,1.0000000,-0.0000989,0.0009003,-0.1094204,0.3499984,-0.2405780,-0.0009057,0.0000618,-0.0005584,-0.1102042,0.3500017,-0.2397974,0.0005618,0.0000000,0.0000000,0.0000000,1.2707963,-0.0000000,0.0000000,0.0000000,0.0000000,1.2707963,-0.0000000,1.0000000,1.0000000
0.0000000,-0.0001197,0.9692268,0.0000000,0.0000000,0.0000000,1.0000000,-0.0000937,0.0008530,-0.1094205,0.3499988,-0.2405783,-0.0008581,0.0000670,-0.0006058,-0.1102041,0.3500012,-0.2397972,0.0006095,0.0000000,0.0000000,0.0000000,1.2707963,-0.0000000,0.0000000,0.0000000,0.0000000,1.2707963,-0.0000000,1.0000000,1.0000000
0.0000000,-0.0000849,0.9692268,0.0000000,0.0000000,0.0000000,1.0000000,-0.0000895,0.0008145,-0.1094206,0.3499991,-0.2405785,-0.0008194,0.0000713,-0.0006442,-0.1102040,0.3500009,-0.2397969,0.0006482,0.0000000,0.0000000,0.0000000,1.2707963,-0.0000000,0.0000000,0.0000000,0.0000000,1.2707963,-0.0000000,1.0000000,1.0000000
0.0000000,-0.0000575,0.9692268,0.0000000,0.0000000,0.0000000,1.0000000,-0.0000861,0.0007841,-0.1094207,0.3499994,-0.2405787,-0.0007888,0.0000746,-0.0006746,-0.1102039,0.3500006,-0.2397967,0.0006787,0.0000000,0.0000000,0.0000000,1.2707963,-0.0000000,0.0000000,0.0000000,0.0000000,1.2707963,-0.0000000,1.0000000,1.0000000
0.0000000,-0.0000366,0.9692268,0.0000000,0.0000000,0.0000000,1.0000000,-0.0000836,0.0007610,-0.1094208,0.3499996,-0.2405789,-0.0007656,0.0000772,-0.0006978,-0.1102038,0.3500004,-0.2397966,0.0007020,0.0000000,0.0000000,0.0000000,1.2707963,-0.0000000,0.0000000,0.0000000,0.0000000,1.2707963,-0.0000000,1.0000000,1.0000000
0.0000000,-0.0000214,0.9692268,0.0000000,0.0000000,0.0000000,1.0000000,-0.0000818,0.0007442,-0.1094209,0.3499998,-0.2405790,-0.0007486,0.0000791,-0.0007146,-0.1102037,0.3500002,-0.2397965,0.0007189,0.0000000,0.0000000,0.0000000,1.2707963,-0.0000000,0.0000000,0.0000000,0.0000000,1.2707963,-0.0000000,1.0000000,1.0000000
0.0000000,-0.0000111,0.9692268,0.0000000,0.0000000,0.0000000,1.0000000,-0.0000805,0.0007327,-0.1094209,0.3499999,-0.2405790,-0.0007371,0.0000803,-0.0007260,-0.1102037,0.3500001,-0.2397964,0.0007304,0.0000000,0.0000000,0.0000000,1.2707963,-0.0000000,0.0000000,0.0000000,0.0000000,1.2707963,-0.0000000,1.0000000,1.0000000
0.0000000,-0.0000047,0.9692268,0.0000000,0.0000000,0.0000000,1.0000000,-0.0000797,0.0007257,-0.1094209,0.3500000,-0.2405791,-0.0007301,0.0000811,-0.0007330,-0.1102037,0.3500000,-0.2397964,0.0007375,0.0000000,0.0000000,0.0000000,1.2707963,-0.0000000,0.0000000,0.0000000,0.0000000,1.2707963,-0.0000000,1.0000000,1.0000000
0.0000000,-0.0000014,0.9692268,0.0000000,0.0000000,0.0000000,1.0000000,-0.0000793,0.0007220,-0.1094209,0.3500000,-0.2405791,-0.0007264,0.0000815,-0.0007367,-0.1102037,0.3500000,-0.2397964,0.0007412,0.0000000,0.0000000,0.0000000,1.2707963,-0.0000000,0.0000000,0.0000000,0.0000000,1.2707963,-0.0000000,1.0000000,1.0000000
0.0000000,-0.0000002,0.9692268,0.0000000,0.0000000,0.0000000,1.0000000,-0.0000792,0.0007207,-0.1094209,0.3500000,-0.2405791,-0.0007250,0.0000817,-0.0007381,-0.1102037,0.3500000,-0.2397964,0.0007426,0.0000000,0.0000000,0.0000000,1.2707963,-0.0000000,0.0000000,0.0000000,0.0000000,1.2707963,-0.0000000,1.0000000,1.0000000
0.0000000,0.0000000,0.9692268,0.0000000,0.0000000,0.0000000,1.0000000,-0.0000792,0.0007205,-0.1094209,0.3500000,-0.2405791,-0.0007248,0.0000817,-0.0007383,-0.1102037,0.3500000,-0.2397964,0.0007428,0.0000000,0.0000000,0.0000000,1.2707963,-0.0000000,0.0000000,0.0000000,0.0000000,1.2707963,-0.0000000,1.0000000,1.0000000
0.0000000,0.0000000,0.9692268,0.0000000,0.0000000,0.0000000,1.0000000,-0.0000792,0.0007205,-0.1094209,0.3500000,-0.2405791,-0.0007248,0.0000817,-0.0007383,-0.1102037,0.3500000,-0.2397964,0.0007428,0.0000000,0.0000000,0.0000000,1.2707963,-0.0000000,0.0000000,0.0000000,0.0000000,1.2707963,-0.0000000,1.0000000,1.0000000
0.0000000,0.0000000,0.9692268,0.0000000,0.0000000,0.0000000,1.0000000,-0.0000792,0.0007205,-0.1094209,0.3500000,-0.2405791,-0.0007248,0.0000817,-0.0007383,-0.1102037,0.3500000,-0.2397964,0.0007428,0.0000000,0.0000000,0.0000000,1.2707963,-0.0000000,0.0000000,0.0000000,0.0000000,1.2707963,-0.0000000,1.0000000,1.0000000
0.0000000,0.0000000,0.9692268,0.0000000,0.0000000,0.0000000,1.0000000,-0.0000792,0.0007205,-0.1094209,0.3500000,-0.2405791,-0.0007248,0.0000817,-0.0007383,-0.1102037,0.3500000,-0.2397964,0.0007428,0.0000000,0.0000000,0.0000000,1.2707963,-0.0000000,0.0000000,0.0000000,0.0000000,1.2707963,-0.0000000,1.0000000,1.0000000
0.0000000,0.0000000,0.9692268,0.0000000,0.0000000,0.0000000,1.0000000,-0.0000792,0.0007205,-0.1094209,0.3500000,-0.2405791,-0.0007248,0.0000817,-0.0007383,-0.1102037,0.3500000,-0.2397964,0.0007428,0.0000000,0.0000000,0.0000000,1.2707963,-0.0000000,0.0000000,0.0000000,0.0000000,1.2707963,-0.0000000,1.0000000,1.0000000
0.0000000,0.0000000,0.9692268,0.0000000,0.0000000,0.0000000,1.0000000,-0.0000792,0.0007205,-0.1094209,0.3500000,-0.2405791,-0.0007248,0.0000817,-0.0007383,-0.1102037,0.3500000,-0.2397964,0.0007428,0.0000000,0.0000000,0.0000000,1.2707963,-0.0000000,0.0000000,0.0000000,0.0000000,1.2707963,-0.0000000,1.0000000,1.0000000
0.0000000,0.0000000,0.9692268,0.0000000,0.0000000,0.0000000,1.0000000,-0.0000792,0.0007205,-0.1094209,0.3500000,-0.2405791,-0.0007248,0.0000817,-0.0007383,-0.1102037,0.3500000,-0.2397964,0.0007428,0.0000000,0.0000000,0.0000000,1.2707963,-0.0000000,0.0000000,0.0000000,0.0000000,1.2707963,-0.0000000,1.0000000,1.0000000
0.0000000,0.0000000,0.9692268,0.0000000,0.0000000,0.0000000,1.0000000,-0.0000792,0.0007205,-0.1094209,0.3500000,-0.2405791,-0.0007248,0.0000817,-0.0007383,-0.1102037,0.3500000,-0.2397964,0.0007428,0.0000000,0.0000000,0.0000000,1.2707963,-0.0000000,0.0000000,0.0000000,0.0000000,1.2707963,-0.0000000,1.0000000,1.0000000
0.0000000,0.0000000,0.9692268,0.0000000,0.0000000,0.0000000,1.0000000,-0.0000792,0.0007205,-0.1094209,0.3500000,-0.2405791,-0.0007248,0.0000817,-0.0007383,-0.1102037,0.3500000,-0.2397964,0.0007428,0.0000000,0.0000000,0.0000000,1.2707963,-0.0000000,0.0000000,0.0000000,0.0000000,1.2707963,-0.0000000,1.0000000,1.0000000
0.0000000,0.0000000,0.9692268,0.0000000,0.0000000,0.0000000,1.0000000,-0.0000792,0.0007205,-0.1094209,0.3500000,-0.2405791,-0.0007248,0.0000817,-0.0007383,-0.1102037,0.3500000,-0.2397964,0.0007428,0.0000000,0.0000000,0.0000000,1.2707963,-0.0000000,0.0000000,0.0000000,0.0000000,1.2707963,-0.0000000,1.0000000,1.0000000
0.0000000,0.0000000,0.9692268,0.0000000,0.0000000,0.0000000,1.0000000,-0.0000792,0.0007205,-0.1094209,0.3500000,-0.2405791,-0.0007248,0.0000817,-0.0007383,-0.1102037,0.3500000,-0.2397964,0.0007428,0.0000000,0.0000000,0.0000000,1.2707963,-0.0000000,0.0000000,0.0000000,0.0000000,1.2707963,-0.0000000,1.0000000,1.0000000
0.0000000,0.0000000,0.9692268,0.0000000,0.0000000,0.0000000,1.0000000,-0.0000792,0.0007205,-0.1094209,0.3500000,-0.2405791,-0.0007248,0.0000817,-0.0007383,-0.1102037,0.3500000,-0.2397964,0.0007428,0.0000000,0.0000000,0.0000000,1.2707963,-0.0000000,0.0000000,0.0000000,0.0000000,1.2707963,-0.0000000,1.0000000,1.0000000
0.0000000,0.0000000,0.9692268,0.0000000,0.0000000,0.0000000,1.0000000,-0.0000792,0.0007205,-0.1094209,0.3500000,-0.2405791,-0.0007248,0.0000817,-0.0007383,-0.1102037,0.3500000,-0.2397964,0.0007428,0.0000000,0.0000000,0.0000000,1.2707963,-0.0000000,0.0000000,0.0000000,0.0000000,1.2707963,-0.0000000,1.0000000,1.0000000
0.0000000,0.0000000,0.9692268,0.0000000,0.0000000,0.0000000,1.0000000,-0.0000792,0.0007205,-0.1094209,0.3500000,-0.2405791,-0.0007248,0.0000817,-0.0007383,-0.1102037,0.3500000,-0.2397964,0.0007428,0.0000000,0.0000000,0.0000000,1.2707963,-0.0000000,0.0000000,0.0000000,0.0000000,1.2707963,-0.0000000,1.0000000,1.0000000
0.0000000,0.0000000,0.9692268,0.0000000,0.0000000,0.0000000,1.0000000,-0.0000792,0.0007205,-0.1094209,0.3500000,-0.2405791,-0.0007248,0.0000817,-0.0007383,-0.1102037,0.3500000,-0.2397964,0.0007428,0.0000000,0.0000000,0.0000000,1.2707963,-0.0000000,0.0000000,0.0000000,0.0000000,1.2707963,-0.0000000,1.0000000,1.0000000
0.0000000,0.0000000,0.9692268,0.0000000,0.0000000,0.0000000,1.0000000,-0.0000792,0.0007205,-0.1094209,0.3500000,-0.2405791,-0.0007248,0.0000817,-0.0007383,-0.1102037,0.3500000,-0.2397964,0.0007428,0.0000000,0.0000000,0.0000000,1.2707963,-0.0000000,0.0000000,0.0000000,0.0000000,1.2707963,-0.0000000,1.0000000,1.0000000
0.0000000,0.0000000,0.9692268,0.0000000,0.0000000,0.0000000,1.0000000,-0.0000792,0.0007205,-0.1094209,0.3500000,-0.2405791,-0.0007248,0.0000817,-0.0007383,-0.1102037,0.3500000,-0.2397964,0.0007428,0.0000000,0.0000000,0.0000000,1.2707963,-0.0000000,0.0000000,0.0000000,0.0000000,1.2707963,-0.0000000,1.0000000,1.0000000
0.0000000,0.0000000,0.9692268,0.0000000,0.0000000,0.0000000,1.0000000,-0.0000792,0.0007205,-0.1094209,0.3500000,-0.2405791,-0.0007248,0.0000817,-0.0007383,-0.1102037,0.3500000,-0.2397964,0.0007428,0.0000000,0.0000000,0.0000000,1.2707963,-0.0000000,0.0000000,0.0000000,0.0000000,1.2707963,-0.0000000,1.0000000,1.0000000
0.0000000,0.0000000,0.9692268,0.0000000,0.0000000,0.0000000,1.0000000,-0.0000792,0.0007205,-0.1094209,0.3500000,-0.2405791,-0.0007248,0.0000817,-0.0007383,-0.1102037,0.3500000,-0.2397964,0.0007428,0.0000000,0.0000000,0.0000000,1.2707963,-0.0000000,0.0000000,0.0000000,0.0000000,1.2707963,-0.0000000,1.0000000,1.0000000
0.0000000,0.0000000,0.9692268,0.0000000,0.0000000,0.0000000,1.0000000,-0.0000792,0.0007205,-0.1094209,0.3500000,-0.2405791,-0.0007248,0.0000817,-0.0007383,-0.1102037,0.3500000,-0.2397964,0.0007428,0.0000000,0.0000000,0.0000000,1.2707963,-0.0000000,0.0000000,0.0000000,0.0000000,1.2707963,-0.0000000,1.0000000,1.0000000
0.0000000,0.0000000,0.9692268,0.0000000,0.0000000,0.0000000,1.0000000,-0.0000792,0.0007205,-0.1094209,0.3500000,-0.2405791,-0.0007248,0.0000817,-0.0007383,-0.1102037,0.3500000,-0.2397964,0.0007428,0.0000000,0.0000000,0.0000000,1.2707963,-0.0000000,0.0000000,0.0000000,0.0000000,1.2707963,-0.0000000,1.0000000,1.0000000
0.0000000,0.0000000,0.9692268,0.0000000,0.0000000,0.0000000,1.0000000,-0.0000792,0.0007205,-0.1094209,0.3500000,-0.2405791,-0.0007248,0.0000817,-0.0007383,-0.1102037,0.3500000,-0.2397964,0.0007428,0.0000000,0.0000000,0.0000000,1.2707963,-0.0000000,0.0000000,0.0000000,0.0000000,1.2707963,-0.0000000,1.0000000,1.0000000
0.0000000,0.0000000,0.9692268,0.0000000,0.0000000,0.0000000,1.0000000,-0.0000792,0.0007205,-0.1094209,0.3500000,-0.2405791,-0.0007248,0.0000817,-0.0007383,-0.1102037,0.3500000,-0.2397964,0.0007428,0.0000000,0.0000000,0.0000000,1.2707963,-0.0000000,0.0000000,0.0000000,0.0000000,1.2707963,-0.0000000,1.0000000,1.0000000
0.0000000,0.0000000,0.9692268,0.0000000,0.0000000,0.0000000,1.0000000,-0.0000792,0.0007205,-0.1094209,0.3500000,-0.2405791,-0.0007248,0.0000817,-0.0007383,-0.1102037,0.3500000,-0.2397964,0.0007428,0.0000000,0.0000000,0.0000000,1.2707963,-0.0000000,0.0000000,0.0000000,0.0000000,1.2707963,-0.0000000,1.0000000,1.0000000
0.0000000,0.0000000,0.9692268,0.0000000,0.0000000,0.0000000,1.0000000,-0.0000792,0.0007205,-0.1094209,0.3500000,-0.2405791,-0.0007248,0.0000817,-0.0007383,-0.1102037,0.3500000,-0.2397964,0.0007428,0.0000000,0.0000000,0.0000000,1.2707963,-0.0000000,0.0000000,0.0000000,0.0000000,1.2707963,-0.0000000,1.0000000,1.0000000
0.0000000,0.0000000,0.9692268,0.0000000,0.0000000,0.0000000,1.0000000,-0.0000792,0.0007205,-0.1094209,0.3500000,-0.2405791,-0.0007248,0.0000817,-0.0007383,-0.1102037,0.3500000,-0.2397964,0.0007428,0.0000000,0.0000000,0.0000000,1.2707963,-0.0000000,0.0000000,0.0000000,0.0000000,1.2707963,-0.0000000,1.0000000,1.0000000
0.0000000,0.0000000,0.9692268,0.0000000,0.0000000,0.0000000,1.0000000,-0.0000792,0.0007205,-0.1094209,0.3500000,-0.2405791,-0.0007248,0.0000817,-0.0007383,-0.1102037,0.3500000,-0.2397964,0.0007428,0.0000000,0.0000000,0.0000000,1.2707963,-0.0000000,0.0000000,0.0000000,0.0000000,1.2707963,-0.0000000,1.0000000,1.0000000
0.0000000,0.0000000,0.9692268,0.0000000,0.0000000,0.0000000,1.0000000,-0.0000792,0.0007205,-0.1094209,0.3500000,-0.2405791,-0.0007248,0.0000817,-0.0007383,-0.1102037,0.3500000,-0.2397964,0.0007428,0.0000000,0.0000000,0.0000000,1.2707963,-0.0000000,0.0000000,0.0000000,0.0000000,1.2707963,-0.0000000,1.0000000,1.0000000
0.0000000,0.0000000,0.9692268,0.0000000,0.0000000,0.0000000,1.0000000,-0.0000792,0.0007205,-0.1094209,0.3500000,-0.2405791,-0.0007248,0.0000817,-0.0007383,-0.1102037,0.3500000,-0.2397964,0.0007428,0.0000000,0.0000000,0.0000000,1.2707963,-0.0000000,0.0000000,0.0000000,0.0000000,1.2707963,-0.0000000,1.0000000,1.0000000
0.0000000,0.0000000,0.9692268,0.0000000,0.0000000,0.0000000,1.0000000,-0.0000792,0.0007205,-0.1094209,0.3500000,-0.2405791,-0.0007248,0.0000817,-0.0007383,-0.1102037,0.3500000,-0.2397964,0.0007428,0.0000000,0.0000000,0.0000000,1.2707963,-0.0000000,0.0000000,0.0000000,0.0000000,1.2707963,-0.0000000,1.0000000,1.0000000
0.0000000,0.0000000,0.9692268,0.0000000,0.0000000,0.0000000,1.0000000,-0.0000792,0.0007205,-0.1094209,0.3500000,-0.2405791,-0.0007248,0.0000817,-0.0007383,-0.1102037,0.3500000,-0.2397964,0.0007428,0.0000000,0.0000000,0.0000000,1.2707963,-0.0000000,0.0000000,0.0000000,0.0000000,1.2707963,-0.0000000,1.0000000,1.0000000
0.0000000,0.0000000,0.9692268,0.0000000,0.0000000,0.0000000,1.0000000,-0.0000792,0.0007205,-0.1094209,0.3500000,-0.2405791,-0.0007248,0.0000817,-0.0007383,-0.1102037,0.3500000,-0.2397964,0.0007428,0.0000000,0.0000000,0.0000000,1.2707963,-0.0000000,0.0000000,0.0000000,0.0000000,1.2707963,-0.0000000,1.0000000,1.0000000
0.0000000,0.0000000,0.9692268,0.0000000,0.0000000,0.0000000,1.0000000,-0.0000792,0.0007205,-0.1094209,0.3500000,-0.2405791,-0.0007248,0.0000817,-0.0007383,-0.1102037,0.3500000,-0.2397964,0.0007428,0.0000000,0.0000000,0.0000000,1.2707963,-0.0000000,0.0000000,0.0000000,0.0000000,1.2707963,-0.0000000,1.0000000,1.0000000
0.0000000,0.0000000,0.9692268,0.0000000,0.0000000,0.0000000,1.0000000,-0.0000792,0.0007205,-0.1094209,0.3500000,-0.2405791,-0.0007248,0.0000817,-0.0007383,-0.1102037,0.3500000,-0.2397964,0.0007428,0.0000000,0.0000000,0.0000000,1.2707963,-0.0000000,0.0000000,0.0000000,0.0000000,1.2707963,-0.0000000,1.0000000,1.0000000
0.0000000,0.0000000,0.9692268,0.0000000,0.0000000,0.0000000,1.0000000,-0.0000792,0.0007205,-0.1094209,0.3500000,-0.2405791,-0.0007248,0.0000817,-0.0007383,-0.1102037,0.3500000,-0.2397964,0.0007428,0.0000000,0.0000000,0.0000000,1.2707963,-0.0000000,0.0000000,0.0000000,0.0000000,1.2707963,-0.0000000,1.0000000,1.0000000
0.0000000,0.0000000,0.9692268,0.0000000,0.0000000,0.0000000,1.0000000,-0.0000792,0.0007205,-0.1094209,0.3500000,-0.2405791,-0.0007248,0.0000817,-0.0007383,-0.1102037,0.3500000,-0.2397964,0.0007428,0.0000000,0.0000000,0.0000000,1.2707963,-0.0000000,0.0000000,0.0000000,0.0000000,1.2707963,-0.0000000,1.0000000,1.0000000
0.0000000,0.0000000,0.9692268,0.0000000,0.0000000,0.0000000,1.0000000,-0.0000792,0.0007205,-0.1094209,0.3500000,-0.2405791,-0.0007248,0.0000817,-0.0007383,-0.1102037,0.3500000,-0.2397964,0.0007428,0.0000000,0.0000000,0.0000000,1.2707963,-0.0000000,0.0000000,0.0000000,0.0000000,1.2707963,-0.0000000,1.0000000,1.0000000
0.0000000,0.0000000,0.9692268,0.0000000,0.0000000,0.0000000,1.0000000,-0.0000792,0.0007205,-0.1094209,0.3500000,-0.2405791,-0.0007248,0.0000817,-0.0007383,-0.1102037,0.3500000,-0.2397964,0.0007428,0.0000000,0.0000000,0.0000000,1.2707963,-0.0000000,0.0000000,0.0000000,0.0000000,1.2707963,-0.0000000,1.0000000,1.0000000
0.0000000,0.0000000,0.9692268,0.0000000,0.0000000,0.0000000,1.0000000,-0.0000792,0.0007205,-0.1094209,0.3500000,-0.2405791,-0.0007248,0.0000817,-0.0007383,-0.1102037,0.3500000,-0.2397964,0.0007428,0.0000000,0.0000000,0.0000000,1.2707963,-0.0000000,0.0000000,0.0000000,0.0000000,1.2707963,-0.0000000,1.0000000,1.0000000
0.0000000,0.0000000,0.9692268,0.0000000,0.0000000,0.0000000,1.0000000,-0.0000792,0.0007205,-0.1094209,0.3500000,-0.2405791,-0.0007248,0.0000817,-0.0007383,-0.1102037,0.3500000,-0.2397964,0.0007428,0.0000000,0.0000000,0.0000000,1.2707963,-0.0000000,0.0000000,0.0000000,0.0000000,1.2707963,-0.0000000,1.0000000,1.0000000
0.0000000,0.0000000,0.9692268,0.0000000,0.0000000,0.0000000,1.0000000,-0.0000792,0.0007205,-0.1094209,0.3500000,-0.2405791,-0.0007248,0.0000817,-0.0007383,-0.1102037,0.3500000,-0.2397964,0.0007428,0.0000000,0.0000000,0.0000000,1.2707963,-0.0000000,0.0000000,0.0000000,0.0000000,1.2707963,-0.0000000,1.0000000,1.0000000
0.0000000,0.0000000,0.9692268,0.0000000,0.0000000,0.0000000,1.0000000,-0.0000792,0.0007205,-0.1094209,0.3500000,-0.2405791,-0.0007248,0.0000817,-0.0007383,-0.1102037,0.3500000,-0.2397964,0.0007428,0.0000000,0.0000000,0.0000000,1.2707963,-0.0000000,0.0000000,0.0000000,0.0000000,1.2707963,-0.0000000,1.0000000,1.0000000
0.0000000,0.0000000,0.9692268,0.0000000,0.0000000,0.0000000,1.0000000,-0.0000792,0.0007205,-0.1094209,0.3500000,-0.2405791,-0.0007248,0.0000817,-0.0007383,-0.1102037,0.3500000,-0.2397964,0.0007428,0.0000000,0.0000000,0.0000000,1.2707963,-0.0000000,0.0000000,0.0000000,0.0000000,1.2707963,-0.0000000,1.0000000,1.0000000
0.0000000,0.0000000,0.9692268,0.0000000,0.0000000,0.0000000,1.0000000,-0.0000792,0.0007205,-0.1094209,0.3500000,-0.2405791,-0.0007248,0.0000817,-0.0007383,-0.1102037,0.3500000,-0.2397964,0.0007428,0.0000000,0.0000000,0.0000000,1.2707963,-0.0000000,0.0000000,0.0000000,0.0000000,1.2707963,-0.0000000,1.0000000,1.0000000
0.0000000,0.0000000,0.9692268,0.0000000,0.0000000,0.0000000,1.0000000,-0.0000792,0.0007205,-0.1094209,0.3500000,-0.2405791,-0.0007248,0.0000817,-0.0007383,-0.1102037,0.3500000,-0.2397964,0.0007428,0.0000000,0.0000000,0.0000000,1.2707963,-0.0000000,0.0000000,0.0000000,0.0000000,1.2707963,-0.0000000,1.0000000,1.0000000
0.0000000,0.0000000,0.9692268,0.0000000,0.0000000,0.0000000,1.0000000,-0.0000792,0.0007205,-0.1094209,0.3500000,-0.2405791,-0.0007248,0.0000817,-0.0007383,-0.1102037,0.3500000,-0.2397964,0.0007428,0.0000000,0.0000000,0.0000000,1.2707963,-0.0000000,0.0000000,0.0000000,0.0000000,1.2707963,-0.0000000,1.0000000,1.0000000
0.0000000,0.0000000,0.9692268,0.0000000,0.0000000,0.0000000,1.0000000,-0.0000792,0.0007205,-0.1094209,0.3500000,-0.2405791,-0.0007248,0.0000817,-0.0007383,-0.1102037,0.3500000,-0.2397964,0.0007428,0.0000000,0.0000000,0.0000000,1.2707963,-0.0000000,0.0000000,0.0000000,0.0000000,1.2707963,-0.0000000,1.0000000,1.0000000
0.0000000,0.0000000,0.9692268,0.0000000,0.0000000,0.0000000,1.0000000,-0.0000792,0.0007205,-0.1094209,0.3500000,-0.2405791,-0.0007248,0.0000817,-0.0007383,-0.1102037,0.3500000,-0.2397964,0.0007428,0.0000000,0.0000000,0.0000000,1.2707963,-0.0000000,0.0000000,0.0000000,0.0000000,1.2707963,-0.0000000,1.0000000,1.0000000
0.0000000,0.0000000,0.9692268,0.0000000,0.0000000,0.0000000,1.0000000,-0.0000792,0.0007205,-0.1094209,0.3500000,-0.2405791,-0.0007248,0.0000817,-0.0007383,-0.1102037,0.3500000,-0.2397964,0.0007428,0.0000000,0.0000000,0.0000000,1.2707963,-0.0000000,0.0000000,0.0000000,0.0000000,1.2707963,-0.0000000,1.0000000,1.0000000
0.0000000,0.0000000,0.9692268,0.0000000,0.0000000,0.0000000,1.0000000,-0.0000792,0.0007205,-0.1094209,0.3500000,-0.2405791,-0.0007248,0.0000817,-0.0007383,-0.1102037,0.3500000,-0.2397964,0.0007428,0.0000000,0.0000000,0.0000000,1.2707963,-0.0000000,0.0000000,0.0000000,0.0000000,1.2707963,-0.0000000,1.0000000,1.0000000
0.0000000,0.0000000,0.9692268,0.0000000,0.0000000,0.0000000,1.0000000,-0.0000792,0.0007205,-0.1094209,0.3500000,-0.2405791,-0.0007248,0.0000817,-0.0007383,-0.1102037,0.3500000,-0.2397964,0.0007428,0.0000000,0.0000000,0.0000000,1.2707963,-0.0000000,0.0000000,0.0000000,0.0000000,1.2707963,-0.0000000,1.0000000,1.0000000
